invoice_id,customer_id,invoice_date,due_date,payment_date,invoice_amount,paid_amount,outstanding_amount,days_overdue,aging_bucket,invoice_status,product_category,region
INV-00001,CUS-0362,2023-09-10,2023-10-10,2023-10-08,2986.37,2986.37,0.0,0,PAID,PAID,SOFTWARE,WEST
INV-00002,CUS-0195,2022-08-24,2022-10-08,2022-10-31,28450.91,28450.91,0.0,0,PAID,PAID,SERVICES,SOUTH
INV-00003,CUS-0277,2023-12-23,2024-02-21,2024-02-20,1268.13,1268.13,0.0,0,PAID,PAID,HARDWARE,SOUTH
INV-00004,CUS-0152,2024-02-11,2024-03-27,2024-03-27,16540.61,16540.61,0.0,0,PAID,PAID,MAINTENANCE,NORTH
INV-00005,CUS-0177,2023-11-17,2024-01-01,2023-12-30,4033.74,4033.74,0.0,0,PAID,PAID,SOFTWARE,SOUTH
INV-00006,CUS-0009,2023-08-30,2023-09-29,2023-09-26,7130.04,7130.04,0.0,0,PAID,PAID,SOFTWARE,NORTH
INV-00007,CUS-0446,2023-05-31,2023-07-30,2023-08-19,1326.63,1326.63,0.0,0,PAID,PAID,HARDWARE,EAST
INV-00008,CUS-0227,2023-02-26,2023-03-28,2023-03-24,4555.37,4555.37,0.0,0,PAID,PAID,SERVICES,NORTH
INV-00009,CUS-0166,2022-08-01,2022-09-15,2022-09-14,5548.14,5548.14,0.0,0,PAID,PAID,HARDWARE,SOUTH
INV-00010,CUS-0306,2022-09-14,2022-10-14,2022-10-11,11351.67,11351.67,0.0,0,PAID,PAID,HARDWARE,EAST
INV-00011,CUS-0262,2024-01-05,2024-03-05,2024-03-27,354.18,354.18,0.0,0,PAID,PAID,SERVICES,EAST
INV-00012,CUS-0302,2022-09-25,2022-10-25,2022-10-21,33245.57,33245.57,0.0,0,PAID,PAID,MAINTENANCE,NORTH
INV-00013,CUS-0461,2023-04-26,2023-06-25,2023-06-22,6219.99,6219.99,0.0,0,PAID,PAID,SOFTWARE,SOUTH
INV-00014,CUS-0311,2022-11-22,2023-01-21,,70156.59,30053.32,40103.27,435,90+,PARTIAL,HARDWARE,WEST
INV-00015,CUS-0373,2023-10-19,2023-12-03,2023-11-28,12036.0,12036.0,0.0,0,PAID,PAID,SERVICES,NORTH
INV-00016,CUS-0478,2023-02-26,2023-03-28,2023-03-24,4417.4,4417.4,0.0,0,PAID,PAID,MAINTENANCE,WEST
INV-00017,CUS-0071,2023-07-03,2023-08-17,2023-08-12,1780.8,1780.8,0.0,0,PAID,PAID,SOFTWARE,EAST
INV-00018,CUS-0202,2023-05-03,2023-06-17,,1547.85,0.0,1547.85,288,90+,OVERDUE,SOFTWARE,NORTH
INV-00019,CUS-0102,2022-06-29,2022-08-28,2022-09-04,3083.69,3083.69,0.0,0,PAID,PAID,SOFTWARE,WEST
INV-00020,CUS-0281,2022-07-02,2022-08-31,2022-08-26,8888.73,8888.73,0.0,0,PAID,PAID,MAINTENANCE,NORTH
INV-00021,CUS-0098,2023-07-17,2023-08-16,2023-08-11,5114.04,5114.04,0.0,0,PAID,PAID,SERVICES,NORTH
INV-00022,CUS-0424,2023-10-01,2023-10-31,2023-10-30,762.72,762.72,0.0,0,PAID,PAID,SERVICES,NORTH
INV-00023,CUS-0134,2023-02-23,2023-04-24,2023-05-08,1045.03,1045.03,0.0,0,PAID,PAID,MAINTENANCE,WEST
INV-00024,CUS-0462,2023-04-17,2023-06-16,2023-06-16,1381.03,1381.03,0.0,0,PAID,PAID,MAINTENANCE,NORTH
INV-00025,CUS-0100,2022-10-05,2022-11-04,2022-10-31,6766.5,6766.5,0.0,0,PAID,PAID,HARDWARE,NORTH
INV-00026,CUS-0182,2022-11-14,2023-01-13,2023-01-09,10987.65,10987.65,0.0,0,PAID,PAID,HARDWARE,EAST
INV-00027,CUS-0022,2022-11-29,2023-01-28,2023-01-26,6806.9,6806.9,0.0,0,PAID,PAID,MAINTENANCE,WEST
INV-00028,CUS-0098,2023-06-28,2023-07-28,2023-07-28,2473.96,2473.96,0.0,0,PAID,PAID,MAINTENANCE,SOUTH
INV-00029,CUS-0326,2023-09-04,2023-11-03,2023-10-31,4696.11,4696.11,0.0,0,PAID,PAID,SERVICES,SOUTH
INV-00030,CUS-0188,2022-07-18,2022-09-01,,507.86,338.07,169.79,577,90+,PARTIAL,SERVICES,NORTH
INV-00031,CUS-0004,2023-07-24,2023-09-07,2023-09-03,7066.74,7066.74,0.0,0,PAID,PAID,SOFTWARE,NORTH
INV-00032,CUS-0498,2023-10-08,2023-12-07,2023-12-03,2300.81,2300.81,0.0,0,PAID,PAID,MAINTENANCE,NORTH
INV-00033,CUS-0159,2024-03-05,2024-04-04,2024-03-30,2379.51,2379.51,0.0,0,PAID,PAID,SERVICES,SOUTH
INV-00034,CUS-0005,2022-10-03,2022-12-02,2022-12-30,5806.09,5806.09,0.0,0,PAID,PAID,SOFTWARE,SOUTH
INV-00035,CUS-0472,2024-02-02,2024-03-03,2024-03-01,1183.67,1183.67,0.0,0,PAID,PAID,SOFTWARE,NORTH
INV-00036,CUS-0028,2023-08-20,2023-10-04,2023-10-23,17615.22,17615.22,0.0,0,PAID,PAID,HARDWARE,WEST
INV-00037,CUS-0102,2023-11-10,2024-01-09,2024-01-09,1725.32,1725.32,0.0,0,PAID,PAID,SERVICES,NORTH
INV-00038,CUS-0433,2023-07-05,2023-08-04,2023-08-20,1684.15,1684.15,0.0,0,PAID,PAID,SERVICES,EAST
INV-00039,CUS-0428,2023-09-17,2023-11-01,2023-10-31,4927.01,4927.01,0.0,0,PAID,PAID,HARDWARE,EAST
INV-00040,CUS-0387,2022-11-14,2022-12-14,,19807.36,8460.01,11347.35,473,90+,PARTIAL,MAINTENANCE,EAST
INV-00041,CUS-0351,2023-08-28,2023-10-27,2023-10-25,2279.53,2279.53,0.0,0,PAID,PAID,SOFTWARE,EAST
INV-00042,CUS-0106,2023-10-02,2023-12-01,,860.38,316.15,544.23,121,90+,PARTIAL,SERVICES,SOUTH
INV-00043,CUS-0095,2022-04-29,2022-05-29,2022-05-24,808.79,808.79,0.0,0,PAID,PAID,MAINTENANCE,EAST
INV-00044,CUS-0253,2022-09-09,2022-10-24,2022-10-19,11016.35,11016.35,0.0,0,PAID,PAID,SERVICES,WEST
INV-00045,CUS-0478,2023-08-08,2023-09-07,2023-09-05,3972.54,3972.54,0.0,0,PAID,PAID,MAINTENANCE,NORTH
INV-00046,CUS-0442,2022-05-24,2022-07-08,2022-07-11,2086.75,2086.75,0.0,0,PAID,PAID,SERVICES,SOUTH
INV-00047,CUS-0084,2023-07-08,2023-09-06,2023-09-01,1141.31,1141.31,0.0,0,PAID,PAID,HARDWARE,NORTH
INV-00048,CUS-0373,2022-10-18,2022-12-02,,17358.45,9593.16,7765.29,485,90+,PARTIAL,MAINTENANCE,SOUTH
INV-00049,CUS-0103,2022-06-17,2022-08-01,,1880.0,978.8,901.2,608,90+,PARTIAL,MAINTENANCE,SOUTH
INV-00050,CUS-0449,2022-12-02,2023-01-01,2022-12-31,3196.82,3196.82,0.0,0,PAID,PAID,SERVICES,SOUTH
INV-00051,CUS-0068,2023-02-01,2023-03-18,2023-03-18,5053.39,5053.39,0.0,0,PAID,PAID,MAINTENANCE,EAST
INV-00052,CUS-0466,2022-08-29,2022-10-28,2022-10-24,1276.65,1276.65,0.0,0,PAID,PAID,SOFTWARE,SOUTH
INV-00053,CUS-0361,2023-04-16,2023-05-16,2023-05-12,5847.08,5847.08,0.0,0,PAID,PAID,SOFTWARE,WEST
INV-00054,CUS-0477,2023-09-27,2023-11-11,2023-11-08,1442.18,1442.18,0.0,0,PAID,PAID,SOFTWARE,NORTH
INV-00055,CUS-0113,2023-09-25,2023-11-09,2023-11-09,10780.53,10780.53,0.0,0,PAID,PAID,SOFTWARE,EAST
INV-00056,CUS-0476,2023-11-19,2024-01-18,2024-01-15,23181.89,23181.89,0.0,0,PAID,PAID,HARDWARE,NORTH
INV-00057,CUS-0364,2024-01-11,2024-03-11,2024-03-07,171.35,171.35,0.0,0,PAID,PAID,SERVICES,EAST
INV-00058,CUS-0464,2024-03-06,2024-04-20,2024-04-17,10001.7,10001.7,0.0,0,PAID,PAID,SERVICES,NORTH
INV-00059,CUS-0071,2023-01-06,2023-02-20,2023-02-19,14275.14,14275.14,0.0,0,PAID,PAID,MAINTENANCE,EAST
INV-00060,CUS-0466,2024-03-25,2024-05-24,2024-05-21,6534.75,6534.75,0.0,0,PAID,PAID,HARDWARE,SOUTH
INV-00061,CUS-0451,2023-05-19,2023-07-03,2023-07-03,124429.72,124429.72,0.0,0,PAID,PAID,SERVICES,SOUTH
INV-00062,CUS-0163,2023-02-07,2023-04-08,2023-04-06,2095.44,2095.44,0.0,0,PAID,PAID,HARDWARE,SOUTH
INV-00063,CUS-0320,2022-11-15,2023-01-14,2023-01-09,3964.06,3964.06,0.0,0,PAID,PAID,HARDWARE,WEST
INV-00064,CUS-0426,2022-05-09,2022-06-23,2022-06-19,1973.02,1973.02,0.0,0,PAID,PAID,SOFTWARE,WEST
INV-00065,CUS-0415,2022-04-06,2022-05-06,2022-05-05,7024.8,7024.8,0.0,0,PAID,PAID,SOFTWARE,SOUTH
INV-00066,CUS-0148,2023-03-11,2023-05-10,,30718.49,11020.14,19698.35,326,90+,PARTIAL,SOFTWARE,EAST
INV-00067,CUS-0356,2023-07-02,2023-08-16,,1782.16,0.0,1782.16,228,90+,OVERDUE,MAINTENANCE,NORTH
INV-00068,CUS-0007,2023-03-07,2023-04-21,,2725.73,1611.42,1114.31,345,90+,PARTIAL,SERVICES,NORTH
INV-00069,CUS-0277,2023-04-01,2023-05-31,2023-05-27,3385.46,3385.46,0.0,0,PAID,PAID,MAINTENANCE,WEST
INV-00070,CUS-0160,2022-08-19,2022-10-03,2022-09-30,4246.32,4246.32,0.0,0,PAID,PAID,SOFTWARE,SOUTH
INV-00071,CUS-0065,2022-11-19,2022-12-19,2022-12-14,412.93,412.93,0.0,0,PAID,PAID,SERVICES,WEST
INV-00072,CUS-0230,2024-02-17,2024-04-02,2024-03-30,1677.84,1677.84,0.0,0,PAID,PAID,SOFTWARE,NORTH
INV-00073,CUS-0312,2023-11-17,2024-01-01,2023-12-28,23695.16,23695.16,0.0,0,PAID,PAID,MAINTENANCE,SOUTH
INV-00074,CUS-0364,2023-05-09,2023-07-08,2023-07-04,2602.05,2602.05,0.0,0,PAID,PAID,HARDWARE,NORTH
INV-00075,CUS-0250,2023-12-16,2024-01-15,2024-01-14,17633.3,17633.3,0.0,0,PAID,PAID,HARDWARE,WEST
INV-00076,CUS-0297,2023-01-09,2023-02-23,2023-02-23,1971.2,1971.2,0.0,0,PAID,PAID,MAINTENANCE,SOUTH
INV-00077,CUS-0192,2023-02-02,2023-03-04,2023-03-17,14158.25,14158.25,0.0,0,PAID,PAID,SERVICES,NORTH
INV-00078,CUS-0318,2022-09-30,2022-11-29,2022-11-26,3688.76,3688.76,0.0,0,PAID,PAID,SOFTWARE,NORTH
INV-00079,CUS-0037,2023-12-29,2024-01-28,2024-02-15,1374.93,1374.93,0.0,0,PAID,PAID,MAINTENANCE,EAST
INV-00080,CUS-0433,2024-02-03,2024-03-04,2024-02-28,292.13,292.13,0.0,0,PAID,PAID,HARDWARE,NORTH
INV-00081,CUS-0381,2023-11-27,2023-12-27,2023-12-26,1854.36,1854.36,0.0,0,PAID,PAID,SERVICES,WEST
INV-00082,CUS-0340,2023-05-25,2023-07-24,2023-07-21,3627.2,3627.2,0.0,0,PAID,PAID,SERVICES,EAST
INV-00083,CUS-0457,2023-12-09,2024-02-07,2024-02-03,2383.02,2383.02,0.0,0,PAID,PAID,SERVICES,WEST
INV-00084,CUS-0270,2023-04-04,2023-06-03,2023-05-30,2114.43,2114.43,0.0,0,PAID,PAID,MAINTENANCE,SOUTH
INV-00085,CUS-0045,2024-02-26,2024-04-26,2024-04-23,1065.2,1065.2,0.0,0,PAID,PAID,SERVICES,EAST
INV-00086,CUS-0103,2023-12-03,2024-01-17,2024-01-30,1197.84,1197.84,0.0,0,PAID,PAID,SOFTWARE,NORTH
INV-00087,CUS-0412,2023-09-22,2023-10-22,2023-10-17,3301.06,3301.06,0.0,0,PAID,PAID,SOFTWARE,NORTH
INV-00088,CUS-0394,2022-05-14,2022-06-28,2022-06-26,305.02,305.02,0.0,0,PAID,PAID,HARDWARE,SOUTH
INV-00089,CUS-0402,2023-02-11,2023-03-13,,2434.7,0.0,2434.7,384,90+,OVERDUE,HARDWARE,NORTH
INV-00090,CUS-0200,2022-04-27,2022-05-27,,10938.35,5345.22,5593.13,674,90+,PARTIAL,MAINTENANCE,NORTH
INV-00091,CUS-0315,2023-03-19,2023-05-18,2023-05-17,1884.32,1884.32,0.0,0,PAID,PAID,SERVICES,NORTH
INV-00092,CUS-0420,2024-03-19,2024-05-03,2024-04-30,1577.86,1577.86,0.0,0,PAID,PAID,SERVICES,NORTH
INV-00093,CUS-0491,2023-07-25,2023-09-08,2023-09-05,3644.01,3644.01,0.0,0,PAID,PAID,HARDWARE,SOUTH
INV-00094,CUS-0403,2022-10-28,2022-12-12,2022-12-08,13194.68,13194.68,0.0,0,PAID,PAID,SOFTWARE,SOUTH
INV-00095,CUS-0226,2022-10-23,2022-11-22,2022-11-17,1778.3,1778.3,0.0,0,PAID,PAID,HARDWARE,SOUTH
INV-00096,CUS-0209,2022-05-03,2022-06-02,,2454.33,0.0,2454.33,668,90+,OVERDUE,MAINTENANCE,EAST
INV-00097,CUS-0094,2022-04-13,2022-06-12,2022-06-09,1437.5,1437.5,0.0,0,PAID,PAID,SOFTWARE,NORTH
INV-00098,CUS-0146,2023-01-07,2023-02-21,2023-03-11,8315.28,8315.28,0.0,0,PAID,PAID,SERVICES,EAST
INV-00099,CUS-0135,2023-08-03,2023-09-02,,7771.18,3190.87,4580.31,211,90+,PARTIAL,SOFTWARE,WEST
INV-00100,CUS-0022,2023-06-01,2023-07-31,2023-08-19,9500.13,9500.13,0.0,0,PAID,PAID,HARDWARE,EAST
INV-00101,CUS-0235,2023-09-23,2023-11-07,2023-11-07,7805.53,7805.53,0.0,0,PAID,PAID,HARDWARE,EAST
INV-00102,CUS-0275,2023-08-31,2023-10-15,,6501.65,0.0,6501.65,168,90+,OVERDUE,SERVICES,EAST
INV-00103,CUS-0460,2023-03-28,2023-05-12,2023-05-09,27672.2,27672.2,0.0,0,PAID,PAID,MAINTENANCE,SOUTH
INV-00104,CUS-0199,2022-04-25,2022-06-09,,7628.33,3688.6,3939.73,661,90+,PARTIAL,MAINTENANCE,NORTH
INV-00105,CUS-0458,2023-06-23,2023-07-23,2023-07-21,8215.09,8215.09,0.0,0,PAID,PAID,HARDWARE,WEST
INV-00106,CUS-0217,2022-10-03,2022-12-02,2022-12-01,2619.2,2619.2,0.0,0,PAID,PAID,SERVICES,WEST
INV-00107,CUS-0200,2022-09-27,2022-10-27,2022-10-27,1971.57,1971.57,0.0,0,PAID,PAID,SERVICES,SOUTH
INV-00108,CUS-0211,2023-07-03,2023-09-01,2023-08-27,3504.05,3504.05,0.0,0,PAID,PAID,SERVICES,NORTH
INV-00109,CUS-0100,2022-12-28,2023-01-27,2023-01-25,6669.74,6669.74,0.0,0,PAID,PAID,SOFTWARE,EAST
INV-00110,CUS-0143,2023-03-05,2023-04-19,,577.65,0.0,577.65,347,90+,OVERDUE,SOFTWARE,WEST
INV-00111,CUS-0180,2023-01-20,2023-02-19,2023-02-18,3552.34,3552.34,0.0,0,PAID,PAID,SOFTWARE,EAST
INV-00112,CUS-0236,2023-09-05,2023-11-04,2023-11-03,11101.9,11101.9,0.0,0,PAID,PAID,SERVICES,SOUTH
INV-00113,CUS-0106,2023-03-18,2023-05-17,2023-05-17,1314.87,1314.87,0.0,0,PAID,PAID,MAINTENANCE,NORTH
INV-00114,CUS-0237,2024-01-10,2024-02-24,2024-02-22,534.86,534.86,0.0,0,PAID,PAID,SERVICES,WEST
INV-00115,CUS-0372,2022-04-14,2022-05-14,2022-05-10,894.73,894.73,0.0,0,PAID,PAID,SERVICES,WEST
INV-00116,CUS-0013,2024-03-20,2024-04-19,2024-04-24,29072.14,29072.14,0.0,0,PAID,PAID,HARDWARE,WEST
INV-00117,CUS-0299,2022-08-19,2022-10-18,,1375.13,0.0,1375.13,530,90+,OVERDUE,HARDWARE,EAST
INV-00118,CUS-0104,2023-04-11,2023-06-10,2023-06-05,2235.46,2235.46,0.0,0,PAID,PAID,SOFTWARE,WEST
INV-00119,CUS-0195,2023-03-21,2023-05-05,2023-05-02,8146.4,8146.4,0.0,0,PAID,PAID,SERVICES,NORTH
INV-00120,CUS-0012,2022-06-20,2022-08-04,2022-08-01,28502.62,28502.62,0.0,0,PAID,PAID,HARDWARE,EAST
INV-00121,CUS-0288,2022-09-25,2022-11-24,2022-11-22,4550.97,4550.97,0.0,0,PAID,PAID,SOFTWARE,EAST
INV-00122,CUS-0081,2023-04-22,2023-05-22,2023-06-11,1750.07,1750.07,0.0,0,PAID,PAID,SERVICES,EAST
INV-00123,CUS-0286,2023-01-21,2023-03-07,2023-03-06,1643.63,1643.63,0.0,0,PAID,PAID,MAINTENANCE,EAST
INV-00124,CUS-0328,2022-04-28,2022-06-12,2022-06-21,1596.07,1596.07,0.0,0,PAID,PAID,MAINTENANCE,SOUTH
INV-00125,CUS-0393,2024-02-05,2024-03-21,,10421.94,5986.41,4435.53,10,CURRENT,PARTIAL,HARDWARE,EAST
INV-00126,CUS-0084,2024-03-28,2024-05-27,2024-05-23,5912.59,5912.59,0.0,0,PAID,PAID,MAINTENANCE,WEST
INV-00127,CUS-0165,2023-11-29,2023-12-29,2023-12-24,826.65,826.65,0.0,0,PAID,PAID,SOFTWARE,WEST
INV-00128,CUS-0310,2023-07-06,2023-08-20,2023-08-17,6351.04,6351.04,0.0,0,PAID,PAID,SOFTWARE,EAST
INV-00129,CUS-0348,2024-02-08,2024-03-09,2024-03-05,917.59,917.59,0.0,0,PAID,PAID,HARDWARE,WEST
INV-00130,CUS-0011,2023-12-18,2024-02-16,2024-02-16,1415.32,1415.32,0.0,0,PAID,PAID,SOFTWARE,EAST
INV-00131,CUS-0230,2023-09-03,2023-10-18,2023-10-18,37165.36,37165.36,0.0,0,PAID,PAID,MAINTENANCE,EAST
INV-00132,CUS-0420,2024-02-28,2024-04-13,2024-04-09,2433.51,2433.51,0.0,0,PAID,PAID,SERVICES,EAST
INV-00133,CUS-0396,2023-07-07,2023-08-21,2023-08-19,7980.77,7980.77,0.0,0,PAID,PAID,SOFTWARE,SOUTH
INV-00134,CUS-0172,2023-04-02,2023-05-17,2023-05-12,17003.45,17003.45,0.0,0,PAID,PAID,MAINTENANCE,WEST
INV-00135,CUS-0045,2023-05-29,2023-07-28,2023-07-26,1612.54,1612.54,0.0,0,PAID,PAID,MAINTENANCE,SOUTH
INV-00136,CUS-0049,2023-12-06,2024-01-20,,1346.88,904.33,442.55,71,61-90,PARTIAL,MAINTENANCE,WEST
INV-00137,CUS-0268,2022-09-20,2022-10-20,2022-10-20,1312.57,1312.57,0.0,0,PAID,PAID,HARDWARE,SOUTH
INV-00138,CUS-0285,2024-02-12,2024-03-28,2024-03-26,627.3,627.3,0.0,0,PAID,PAID,SERVICES,EAST
INV-00139,CUS-0372,2023-10-25,2023-11-24,2023-11-21,10057.23,10057.23,0.0,0,PAID,PAID,SERVICES,WEST
INV-00140,CUS-0119,2023-01-14,2023-02-13,2023-02-13,3727.99,3727.99,0.0,0,PAID,PAID,SOFTWARE,SOUTH
INV-00141,CUS-0115,2022-07-04,2022-09-02,,1788.09,0.0,1788.09,576,90+,OVERDUE,HARDWARE,SOUTH
INV-00142,CUS-0056,2023-08-19,2023-09-18,2023-09-18,3412.6,3412.6,0.0,0,PAID,PAID,HARDWARE,NORTH
INV-00143,CUS-0300,2023-08-01,2023-08-31,2023-08-31,2811.52,2811.52,0.0,0,PAID,PAID,MAINTENANCE,NORTH
INV-00144,CUS-0495,2023-11-21,2024-01-20,2024-01-19,18073.31,18073.31,0.0,0,PAID,PAID,HARDWARE,WEST
INV-00145,CUS-0372,2023-12-29,2024-01-28,2024-01-23,4111.26,4111.26,0.0,0,PAID,PAID,SERVICES,WEST
INV-00146,CUS-0407,2023-06-25,2023-08-24,2023-08-23,1037.47,1037.47,0.0,0,PAID,PAID,HARDWARE,NORTH
INV-00147,CUS-0219,2023-06-01,2023-07-31,,4926.61,0.0,4926.61,244,90+,OVERDUE,SERVICES,WEST
INV-00148,CUS-0153,2022-06-16,2022-08-15,2022-08-11,459.35,459.35,0.0,0,PAID,PAID,SERVICES,WEST
INV-00149,CUS-0058,2023-02-02,2023-04-03,,882.17,0.0,882.17,363,90+,OVERDUE,SOFTWARE,WEST
INV-00150,CUS-0409,2022-05-23,2022-06-22,2022-07-13,4828.95,4828.95,0.0,0,PAID,PAID,MAINTENANCE,EAST
INV-00151,CUS-0494,2022-04-11,2022-06-10,2022-06-18,885.26,885.26,0.0,0,PAID,PAID,HARDWARE,WEST
INV-00152,CUS-0122,2023-02-22,2023-04-08,2023-04-06,33834.15,33834.15,0.0,0,PAID,PAID,SOFTWARE,EAST
INV-00153,CUS-0206,2023-02-14,2023-03-31,2023-03-30,7533.24,7533.24,0.0,0,PAID,PAID,SERVICES,EAST
INV-00154,CUS-0025,2024-01-16,2024-02-15,2024-02-10,5222.67,5222.67,0.0,0,PAID,PAID,MAINTENANCE,WEST
INV-00155,CUS-0451,2023-03-06,2023-04-20,2023-04-17,30453.03,30453.03,0.0,0,PAID,PAID,SERVICES,SOUTH
INV-00156,CUS-0032,2022-10-12,2022-12-11,2022-12-10,4856.89,4856.89,0.0,0,PAID,PAID,MAINTENANCE,WEST
INV-00157,CUS-0450,2022-08-23,2022-10-22,2022-10-17,15950.9,15950.9,0.0,0,PAID,PAID,MAINTENANCE,WEST
INV-00158,CUS-0121,2022-07-29,2022-09-12,2022-09-09,140663.16,140663.16,0.0,0,PAID,PAID,SOFTWARE,EAST
INV-00159,CUS-0329,2023-06-09,2023-08-08,2023-08-26,22373.03,22373.03,0.0,0,PAID,PAID,SERVICES,WEST
INV-00160,CUS-0470,2024-01-12,2024-03-12,2024-03-18,498.88,498.88,0.0,0,PAID,PAID,SOFTWARE,EAST
INV-00161,CUS-0331,2023-07-30,2023-09-28,2023-09-24,19223.13,19223.13,0.0,0,PAID,PAID,MAINTENANCE,EAST
INV-00162,CUS-0153,2023-06-27,2023-08-26,2023-08-26,1927.12,1927.12,0.0,0,PAID,PAID,SOFTWARE,NORTH
INV-00163,CUS-0474,2023-05-19,2023-07-18,2023-07-18,7504.49,7504.49,0.0,0,PAID,PAID,SERVICES,EAST
INV-00164,CUS-0471,2023-09-26,2023-11-10,2023-11-05,10532.97,10532.97,0.0,0,PAID,PAID,HARDWARE,SOUTH
INV-00165,CUS-0069,2023-11-23,2024-01-22,2024-01-19,36421.06,36421.06,0.0,0,PAID,PAID,SOFTWARE,EAST
INV-00166,CUS-0450,2022-11-05,2023-01-04,2023-01-01,7347.09,7347.09,0.0,0,PAID,PAID,SERVICES,WEST
INV-00167,CUS-0142,2023-04-03,2023-05-03,2023-05-30,25045.74,25045.74,0.0,0,PAID,PAID,SOFTWARE,NORTH
INV-00168,CUS-0073,2023-01-14,2023-02-13,2023-02-13,18204.03,18204.03,0.0,0,PAID,PAID,MAINTENANCE,SOUTH
INV-00169,CUS-0325,2022-06-03,2022-07-03,2022-07-12,1559.12,1559.12,0.0,0,PAID,PAID,MAINTENANCE,NORTH
INV-00170,CUS-0143,2023-07-07,2023-08-21,,7217.36,0.0,7217.36,223,90+,OVERDUE,SOFTWARE,WEST
INV-00171,CUS-0267,2023-10-26,2023-12-10,2023-12-25,3183.34,3183.34,0.0,0,PAID,PAID,SOFTWARE,NORTH
INV-00172,CUS-0016,2024-03-29,2024-05-28,2024-05-28,853.4,853.4,0.0,0,PAID,PAID,SOFTWARE,WEST
INV-00173,CUS-0497,2022-07-10,2022-08-09,2022-08-19,955.02,955.02,0.0,0,PAID,PAID,SERVICES,SOUTH
INV-00174,CUS-0129,2022-04-25,2022-05-25,2022-05-21,6505.74,6505.74,0.0,0,PAID,PAID,HARDWARE,EAST
INV-00175,CUS-0169,2022-07-18,2022-08-17,2022-08-16,315.76,315.76,0.0,0,PAID,PAID,SERVICES,NORTH
INV-00176,CUS-0049,2022-09-09,2022-10-24,,3557.55,0.0,3557.55,524,90+,OVERDUE,SOFTWARE,WEST
INV-00177,CUS-0419,2023-03-21,2023-05-20,2023-05-19,7114.15,7114.15,0.0,0,PAID,PAID,SERVICES,NORTH
INV-00178,CUS-0251,2023-09-28,2023-11-27,2023-11-27,7804.45,7804.45,0.0,0,PAID,PAID,HARDWARE,WEST
INV-00179,CUS-0267,2022-11-26,2023-01-10,2023-01-10,399.98,399.98,0.0,0,PAID,PAID,SOFTWARE,SOUTH
INV-00180,CUS-0234,2022-06-05,2022-07-05,2022-07-01,96820.53,96820.53,0.0,0,PAID,PAID,SERVICES,NORTH
INV-00181,CUS-0462,2022-06-30,2022-08-29,2022-08-28,2416.35,2416.35,0.0,0,PAID,PAID,HARDWARE,SOUTH
INV-00182,CUS-0078,2022-10-02,2022-11-16,2022-11-12,6374.05,6374.05,0.0,0,PAID,PAID,SERVICES,WEST
INV-00183,CUS-0462,2023-12-14,2024-02-12,2024-02-09,616.12,616.12,0.0,0,PAID,PAID,SERVICES,SOUTH
INV-00184,CUS-0146,2022-09-27,2022-11-11,2022-11-27,21452.51,21452.51,0.0,0,PAID,PAID,MAINTENANCE,EAST
INV-00185,CUS-0091,2023-05-13,2023-06-12,2023-06-11,13689.87,13689.87,0.0,0,PAID,PAID,SERVICES,EAST
INV-00186,CUS-0254,2023-04-02,2023-05-17,2023-05-13,637.94,637.94,0.0,0,PAID,PAID,SOFTWARE,NORTH
INV-00187,CUS-0361,2022-11-08,2022-12-08,2023-01-04,4754.54,4754.54,0.0,0,PAID,PAID,SERVICES,EAST
INV-00188,CUS-0186,2023-04-28,2023-06-12,2023-06-07,68795.74,68795.74,0.0,0,PAID,PAID,MAINTENANCE,SOUTH
INV-00189,CUS-0353,2022-07-09,2022-08-08,2022-08-06,43037.07,43037.07,0.0,0,PAID,PAID,SOFTWARE,EAST
INV-00190,CUS-0383,2023-06-26,2023-07-26,,1232.04,635.22,596.82,249,90+,PARTIAL,MAINTENANCE,SOUTH
INV-00191,CUS-0162,2024-01-18,2024-02-17,2024-02-14,505.31,505.31,0.0,0,PAID,PAID,SOFTWARE,EAST
INV-00192,CUS-0201,2024-01-31,2024-03-16,2024-03-14,1354.11,1354.11,0.0,0,PAID,PAID,HARDWARE,NORTH
INV-00193,CUS-0224,2023-07-31,2023-08-30,2023-08-29,805.53,805.53,0.0,0,PAID,PAID,SOFTWARE,NORTH
INV-00194,CUS-0315,2022-07-15,2022-09-13,2022-09-12,1977.56,1977.56,0.0,0,PAID,PAID,HARDWARE,NORTH
INV-00195,CUS-0061,2022-10-28,2022-12-27,,134.95,68.87,66.08,460,90+,PARTIAL,SERVICES,NORTH
INV-00196,CUS-0252,2023-06-25,2023-07-25,2023-08-14,29183.99,29183.99,0.0,0,PAID,PAID,HARDWARE,NORTH
INV-00197,CUS-0207,2023-10-01,2023-11-30,2023-11-30,3538.96,3538.96,0.0,0,PAID,PAID,MAINTENANCE,NORTH
INV-00198,CUS-0050,2023-05-29,2023-07-13,2023-07-10,11165.44,11165.44,0.0,0,PAID,PAID,SERVICES,NORTH
INV-00199,CUS-0160,2024-02-16,2024-04-01,2024-03-27,4636.65,4636.65,0.0,0,PAID,PAID,HARDWARE,EAST
INV-00200,CUS-0271,2023-07-26,2023-08-25,2023-09-11,6870.49,6870.49,0.0,0,PAID,PAID,HARDWARE,NORTH
INV-00201,CUS-0197,2023-06-03,2023-07-03,2023-07-02,2890.7,2890.7,0.0,0,PAID,PAID,SOFTWARE,SOUTH
INV-00202,CUS-0108,2023-07-02,2023-08-16,2023-09-03,1390.71,1390.71,0.0,0,PAID,PAID,MAINTENANCE,NORTH
INV-00203,CUS-0232,2022-06-09,2022-07-09,2022-07-04,366.12,366.12,0.0,0,PAID,PAID,MAINTENANCE,NORTH
INV-00204,CUS-0419,2022-08-11,2022-10-10,2022-10-28,852.98,852.98,0.0,0,PAID,PAID,MAINTENANCE,EAST
INV-00205,CUS-0467,2023-06-21,2023-08-05,2023-08-01,5266.76,5266.76,0.0,0,PAID,PAID,MAINTENANCE,EAST
INV-00206,CUS-0393,2023-01-11,2023-02-25,2023-02-23,3432.15,3432.15,0.0,0,PAID,PAID,SERVICES,WEST
INV-00207,CUS-0025,2023-06-30,2023-07-30,2023-07-28,5508.16,5508.16,0.0,0,PAID,PAID,SOFTWARE,SOUTH
INV-00208,CUS-0472,2022-07-05,2022-08-04,2022-07-30,386.09,386.09,0.0,0,PAID,PAID,SERVICES,EAST
INV-00209,CUS-0297,2023-08-10,2023-09-24,2023-09-21,1144.47,1144.47,0.0,0,PAID,PAID,HARDWARE,NORTH
INV-00210,CUS-0270,2022-06-11,2022-08-10,2022-08-06,407.63,407.63,0.0,0,PAID,PAID,SOFTWARE,EAST
INV-00211,CUS-0469,2023-11-03,2023-12-18,2023-12-17,2646.08,2646.08,0.0,0,PAID,PAID,SOFTWARE,EAST
INV-00212,CUS-0167,2022-06-15,2022-07-15,2022-07-10,2753.14,2753.14,0.0,0,PAID,PAID,SERVICES,SOUTH
INV-00213,CUS-0262,2023-04-12,2023-06-11,2023-06-09,6027.62,6027.62,0.0,0,PAID,PAID,SOFTWARE,SOUTH
INV-00214,CUS-0187,2022-04-22,2022-05-22,2022-05-18,4546.12,4546.12,0.0,0,PAID,PAID,SOFTWARE,SOUTH
INV-00215,CUS-0387,2022-12-15,2023-01-14,,14517.71,4889.01,9628.7,442,90+,PARTIAL,MAINTENANCE,SOUTH
INV-00216,CUS-0268,2023-05-23,2023-06-22,2023-06-17,1444.04,1444.04,0.0,0,PAID,PAID,SERVICES,WEST
INV-00217,CUS-0325,2023-10-06,2023-11-05,2023-10-31,2449.86,2449.86,0.0,0,PAID,PAID,HARDWARE,EAST
INV-00218,CUS-0355,2022-08-05,2022-09-04,2022-09-23,312.54,312.54,0.0,0,PAID,PAID,MAINTENANCE,NORTH
INV-00219,CUS-0100,2022-10-02,2022-11-01,2022-11-12,2563.77,2563.77,0.0,0,PAID,PAID,SERVICES,WEST
INV-00220,CUS-0132,2022-07-05,2022-08-19,,1516.71,0.0,1516.71,590,90+,OVERDUE,HARDWARE,SOUTH
INV-00221,CUS-0251,2023-06-12,2023-08-11,2023-08-07,9353.17,9353.17,0.0,0,PAID,PAID,HARDWARE,WEST
INV-00222,CUS-0420,2023-10-23,2023-12-07,2023-12-07,841.99,841.99,0.0,0,PAID,PAID,SERVICES,SOUTH
INV-00223,CUS-0422,2023-04-20,2023-06-04,2023-06-03,19152.13,19152.13,0.0,0,PAID,PAID,SOFTWARE,NORTH
INV-00224,CUS-0034,2023-12-08,2024-01-07,,5983.84,0.0,5983.84,84,61-90,OVERDUE,HARDWARE,SOUTH
INV-00225,CUS-0018,2022-05-01,2022-05-31,2022-05-28,1923.93,1923.93,0.0,0,PAID,PAID,SOFTWARE,SOUTH
INV-00226,CUS-0478,2022-12-16,2023-01-15,2023-01-11,2003.08,2003.08,0.0,0,PAID,PAID,HARDWARE,WEST
INV-00227,CUS-0047,2022-04-17,2022-06-16,2022-06-12,10522.27,10522.27,0.0,0,PAID,PAID,MAINTENANCE,SOUTH
INV-00228,CUS-0298,2022-09-02,2022-10-02,2022-10-01,2135.74,2135.74,0.0,0,PAID,PAID,MAINTENANCE,WEST
INV-00229,CUS-0474,2023-05-01,2023-06-30,2023-06-25,5050.02,5050.02,0.0,0,PAID,PAID,SOFTWARE,SOUTH
INV-00230,CUS-0379,2023-05-17,2023-07-01,2023-06-28,1348.25,1348.25,0.0,0,PAID,PAID,SERVICES,NORTH
INV-00231,CUS-0274,2022-06-05,2022-08-04,2022-08-18,49048.8,49048.8,0.0,0,PAID,PAID,SERVICES,EAST
INV-00232,CUS-0267,2023-08-02,2023-09-16,2023-09-12,2887.27,2887.27,0.0,0,PAID,PAID,HARDWARE,EAST
INV-00233,CUS-0381,2023-11-15,2023-12-15,,7133.12,0.0,7133.12,107,90+,OVERDUE,MAINTENANCE,SOUTH
INV-00234,CUS-0289,2022-08-05,2022-09-04,2022-10-04,5317.31,5317.31,0.0,0,PAID,PAID,SOFTWARE,SOUTH
INV-00235,CUS-0393,2023-05-24,2023-07-08,2023-07-03,11112.01,11112.01,0.0,0,PAID,PAID,HARDWARE,NORTH
INV-00236,CUS-0413,2022-12-05,2023-01-19,2023-01-15,4446.73,4446.73,0.0,0,PAID,PAID,SOFTWARE,EAST
INV-00237,CUS-0488,2022-10-07,2022-12-06,2022-12-06,753.05,753.05,0.0,0,PAID,PAID,SERVICES,WEST
INV-00238,CUS-0434,2023-11-18,2023-12-18,2023-12-17,8780.15,8780.15,0.0,0,PAID,PAID,SOFTWARE,SOUTH
INV-00239,CUS-0312,2022-07-31,2022-09-14,2022-09-10,16708.54,16708.54,0.0,0,PAID,PAID,SOFTWARE,NORTH
INV-00240,CUS-0249,2023-11-05,2023-12-05,2023-11-30,3363.84,3363.84,0.0,0,PAID,PAID,HARDWARE,EAST
INV-00241,CUS-0048,2023-12-18,2024-02-16,2024-02-15,31463.04,31463.04,0.0,0,PAID,PAID,SERVICES,NORTH
INV-00242,CUS-0346,2022-08-13,2022-10-12,2022-10-12,5046.53,5046.53,0.0,0,PAID,PAID,HARDWARE,WEST
INV-00243,CUS-0217,2023-03-08,2023-05-07,2023-05-02,192.6,192.6,0.0,0,PAID,PAID,SERVICES,NORTH
INV-00244,CUS-0030,2022-08-31,2022-09-30,2022-09-25,78527.66,78527.66,0.0,0,PAID,PAID,MAINTENANCE,SOUTH
INV-00245,CUS-0291,2023-07-16,2023-09-14,2023-09-09,49503.75,49503.75,0.0,0,PAID,PAID,HARDWARE,EAST
INV-00246,CUS-0331,2023-08-05,2023-10-04,2023-10-22,752.77,752.77,0.0,0,PAID,PAID,HARDWARE,SOUTH
INV-00247,CUS-0308,2022-04-28,2022-06-12,2022-06-09,8446.85,8446.85,0.0,0,PAID,PAID,HARDWARE,NORTH
INV-00248,CUS-0118,2023-11-01,2023-12-16,,1845.18,0.0,1845.18,106,90+,OVERDUE,SERVICES,EAST
INV-00249,CUS-0254,2022-04-10,2022-05-25,2022-05-20,3982.07,3982.07,0.0,0,PAID,PAID,SOFTWARE,NORTH
INV-00250,CUS-0191,2024-03-21,2024-04-20,2024-04-18,9427.4,9427.4,0.0,0,PAID,PAID,SERVICES,SOUTH
INV-00251,CUS-0162,2022-07-25,2022-08-24,2022-08-19,7864.01,7864.01,0.0,0,PAID,PAID,SERVICES,WEST
INV-00252,CUS-0298,2022-06-27,2022-07-27,,622.55,0.0,622.55,613,90+,OVERDUE,SERVICES,SOUTH
INV-00253,CUS-0151,2022-04-25,2022-05-25,2022-05-22,1169.26,1169.26,0.0,0,PAID,PAID,SOFTWARE,NORTH
INV-00254,CUS-0097,2022-11-20,2023-01-19,2023-01-14,9888.32,9888.32,0.0,0,PAID,PAID,SOFTWARE,WEST
INV-00255,CUS-0157,2022-05-19,2022-06-18,2022-06-15,1999.41,1999.41,0.0,0,PAID,PAID,SERVICES,EAST
INV-00256,CUS-0143,2022-12-20,2023-02-03,2023-02-02,1676.91,1676.91,0.0,0,PAID,PAID,SOFTWARE,SOUTH
INV-00257,CUS-0235,2022-08-06,2022-09-20,2022-09-15,58941.75,58941.75,0.0,0,PAID,PAID,SOFTWARE,WEST
INV-00258,CUS-0477,2022-06-12,2022-07-27,2022-07-23,1414.14,1414.14,0.0,0,PAID,PAID,SOFTWARE,EAST
INV-00259,CUS-0388,2024-01-13,2024-02-12,2024-02-07,8389.35,8389.35,0.0,0,PAID,PAID,HARDWARE,SOUTH
INV-00260,CUS-0260,2022-05-16,2022-06-30,,7031.08,2518.6,4512.48,640,90+,PARTIAL,HARDWARE,EAST
INV-00261,CUS-0379,2023-12-29,2024-02-12,2024-02-26,584.99,584.99,0.0,0,PAID,PAID,MAINTENANCE,EAST
INV-00262,CUS-0056,2024-01-08,2024-02-07,2024-02-02,1924.8,1924.8,0.0,0,PAID,PAID,SERVICES,SOUTH
INV-00263,CUS-0255,2023-05-05,2023-06-19,2023-06-18,8177.4,8177.4,0.0,0,PAID,PAID,HARDWARE,EAST
INV-00264,CUS-0113,2022-09-30,2022-11-14,2022-11-13,6359.09,6359.09,0.0,0,PAID,PAID,HARDWARE,EAST
INV-00265,CUS-0109,2023-12-24,2024-02-22,,2305.7,1131.27,1174.43,38,31-60,PARTIAL,MAINTENANCE,EAST
INV-00266,CUS-0434,2024-03-27,2024-04-26,2024-04-23,1830.82,1830.82,0.0,0,PAID,PAID,MAINTENANCE,WEST
INV-00267,CUS-0129,2023-04-29,2023-05-29,2023-05-28,28858.36,28858.36,0.0,0,PAID,PAID,HARDWARE,WEST
INV-00268,CUS-0116,2023-04-04,2023-05-04,2023-05-18,3006.84,3006.84,0.0,0,PAID,PAID,SOFTWARE,SOUTH
INV-00269,CUS-0279,2023-02-18,2023-04-04,2023-04-01,1351.58,1351.58,0.0,0,PAID,PAID,MAINTENANCE,EAST
INV-00270,CUS-0170,2023-04-02,2023-05-17,2023-05-31,6181.78,6181.78,0.0,0,PAID,PAID,MAINTENANCE,NORTH
INV-00271,CUS-0326,2024-03-06,2024-05-05,2024-05-18,8464.83,8464.83,0.0,0,PAID,PAID,HARDWARE,NORTH
INV-00272,CUS-0341,2023-07-20,2023-08-19,2023-08-19,870.56,870.56,0.0,0,PAID,PAID,SOFTWARE,WEST
INV-00273,CUS-0393,2023-12-14,2024-01-28,2024-01-24,1175.62,1175.62,0.0,0,PAID,PAID,HARDWARE,SOUTH
INV-00274,CUS-0144,2023-04-18,2023-05-18,2023-05-16,2346.31,2346.31,0.0,0,PAID,PAID,SERVICES,WEST
INV-00275,CUS-0447,2024-03-29,2024-05-13,2024-05-09,534.31,534.31,0.0,0,PAID,PAID,HARDWARE,SOUTH
INV-00276,CUS-0178,2022-04-13,2022-05-28,,17721.52,8518.37,9203.15,673,90+,PARTIAL,HARDWARE,SOUTH
INV-00277,CUS-0024,2022-09-12,2022-10-27,2022-10-22,2584.39,2584.39,0.0,0,PAID,PAID,SOFTWARE,WEST
INV-00278,CUS-0496,2024-02-25,2024-03-26,2024-03-26,1408.87,1408.87,0.0,0,PAID,PAID,SOFTWARE,WEST
INV-00279,CUS-0449,2023-03-05,2023-04-04,2023-04-07,598.43,598.43,0.0,0,PAID,PAID,SERVICES,EAST
INV-00280,CUS-0110,2023-11-06,2023-12-06,2023-12-06,805.54,805.54,0.0,0,PAID,PAID,HARDWARE,NORTH
INV-00281,CUS-0483,2023-04-15,2023-05-15,2023-05-15,3118.7,3118.7,0.0,0,PAID,PAID,MAINTENANCE,SOUTH
INV-00282,CUS-0491,2022-08-03,2022-09-17,2022-09-17,12004.38,12004.38,0.0,0,PAID,PAID,SOFTWARE,EAST
INV-00283,CUS-0394,2022-08-25,2022-10-09,2022-10-08,943.02,943.02,0.0,0,PAID,PAID,SOFTWARE,NORTH
INV-00284,CUS-0082,2022-12-03,2023-01-17,2023-01-12,3206.5,3206.5,0.0,0,PAID,PAID,MAINTENANCE,EAST
INV-00285,CUS-0448,2022-06-20,2022-08-19,2022-08-18,8139.52,8139.52,0.0,0,PAID,PAID,SOFTWARE,NORTH
INV-00286,CUS-0117,2023-08-12,2023-09-11,2023-09-08,3909.86,3909.86,0.0,0,PAID,PAID,MAINTENANCE,NORTH
INV-00287,CUS-0241,2023-11-27,2024-01-26,2024-01-22,1185.9,1185.9,0.0,0,PAID,PAID,MAINTENANCE,WEST
INV-00288,CUS-0019,2023-04-09,2023-05-09,2023-05-05,25034.15,25034.15,0.0,0,PAID,PAID,HARDWARE,SOUTH
INV-00289,CUS-0266,2024-01-17,2024-02-16,2024-02-12,4394.25,4394.25,0.0,0,PAID,PAID,SOFTWARE,NORTH
INV-00290,CUS-0067,2022-09-08,2022-11-07,2022-11-02,57432.97,57432.97,0.0,0,PAID,PAID,SERVICES,NORTH
INV-00291,CUS-0023,2023-07-25,2023-09-23,2023-10-15,825.17,825.17,0.0,0,PAID,PAID,SERVICES,EAST
INV-00292,CUS-0414,2023-12-02,2024-01-31,2024-01-28,13207.45,13207.45,0.0,0,PAID,PAID,SOFTWARE,SOUTH
INV-00293,CUS-0085,2024-03-06,2024-05-05,2024-04-30,6325.37,6325.37,0.0,0,PAID,PAID,SOFTWARE,WEST
INV-00294,CUS-0019,2023-05-19,2023-06-18,,14999.45,0.0,14999.45,287,90+,OVERDUE,HARDWARE,EAST
INV-00295,CUS-0157,2023-12-03,2024-01-02,2023-12-30,977.74,977.74,0.0,0,PAID,PAID,HARDWARE,WEST
INV-00296,CUS-0122,2023-05-08,2023-06-22,2023-06-21,8871.23,8871.23,0.0,0,PAID,PAID,HARDWARE,EAST
INV-00297,CUS-0039,2023-05-27,2023-07-11,2023-07-07,906.65,906.65,0.0,0,PAID,PAID,SOFTWARE,SOUTH
INV-00298,CUS-0029,2022-11-17,2023-01-01,2022-12-27,1921.04,1921.04,0.0,0,PAID,PAID,HARDWARE,WEST
INV-00299,CUS-0192,2023-02-19,2023-03-21,2023-03-19,17265.06,17265.06,0.0,0,PAID,PAID,SERVICES,EAST
INV-00300,CUS-0294,2023-06-02,2023-08-01,,13445.34,6703.29,6742.05,243,90+,PARTIAL,MAINTENANCE,WEST
INV-00301,CUS-0201,2022-10-18,2022-12-02,,6606.57,4317.17,2289.4,485,90+,PARTIAL,SOFTWARE,EAST
INV-00302,CUS-0277,2023-01-26,2023-03-27,,1088.78,327.32,761.46,370,90+,PARTIAL,HARDWARE,WEST
INV-00303,CUS-0099,2023-08-25,2023-10-09,,4062.5,1410.38,2652.12,174,90+,PARTIAL,SOFTWARE,WEST
INV-00304,CUS-0152,2022-08-28,2022-10-12,2022-10-10,1671.02,1671.02,0.0,0,PAID,PAID,SERVICES,SOUTH
INV-00305,CUS-0017,2022-04-09,2022-06-08,,3075.75,1771.65,1304.1,662,90+,PARTIAL,SERVICES,NORTH
INV-00306,CUS-0183,2023-06-29,2023-07-29,2023-07-25,681.0,681.0,0.0,0,PAID,PAID,SERVICES,NORTH
INV-00307,CUS-0148,2024-02-22,2024-04-22,2024-05-03,5738.58,5738.58,0.0,0,PAID,PAID,MAINTENANCE,NORTH
INV-00308,CUS-0399,2023-10-31,2023-12-30,2023-12-28,8703.21,8703.21,0.0,0,PAID,PAID,MAINTENANCE,WEST
INV-00309,CUS-0409,2024-01-03,2024-02-02,2024-02-18,29618.55,29618.55,0.0,0,PAID,PAID,SOFTWARE,WEST
INV-00310,CUS-0336,2023-08-21,2023-10-05,2023-10-02,1047.79,1047.79,0.0,0,PAID,PAID,HARDWARE,EAST
INV-00311,CUS-0369,2023-10-29,2023-12-13,2023-12-14,13255.67,13255.67,0.0,0,PAID,PAID,SOFTWARE,EAST
INV-00312,CUS-0124,2022-07-25,2022-09-08,2022-09-07,5827.8,5827.8,0.0,0,PAID,PAID,SERVICES,NORTH
INV-00313,CUS-0058,2022-10-13,2022-12-12,,802.07,0.0,802.07,475,90+,OVERDUE,SOFTWARE,WEST
INV-00314,CUS-0095,2024-02-28,2024-03-29,2024-03-29,4555.15,4555.15,0.0,0,PAID,PAID,SERVICES,EAST
INV-00315,CUS-0484,2022-05-04,2022-06-03,2022-06-03,2638.88,2638.88,0.0,0,PAID,PAID,MAINTENANCE,SOUTH
INV-00316,CUS-0278,2023-02-07,2023-03-24,2023-04-03,332.82,332.82,0.0,0,PAID,PAID,SOFTWARE,EAST
INV-00317,CUS-0187,2023-12-11,2024-01-10,2024-01-10,2231.91,2231.91,0.0,0,PAID,PAID,SOFTWARE,NORTH
INV-00318,CUS-0282,2023-10-07,2023-12-06,2023-12-03,3579.84,3579.84,0.0,0,PAID,PAID,SOFTWARE,SOUTH
INV-00319,CUS-0337,2022-05-15,2022-07-14,,9682.09,0.0,9682.09,626,90+,OVERDUE,SERVICES,EAST
INV-00320,CUS-0276,2023-09-15,2023-10-30,2023-10-30,10591.08,10591.08,0.0,0,PAID,PAID,SOFTWARE,SOUTH
INV-00321,CUS-0146,2022-11-09,2022-12-24,2022-12-19,51374.43,51374.43,0.0,0,PAID,PAID,HARDWARE,NORTH
INV-00322,CUS-0267,2023-10-22,2023-12-06,,656.86,0.0,656.86,116,90+,OVERDUE,HARDWARE,EAST
INV-00323,CUS-0470,2023-03-25,2023-05-24,2023-05-24,3730.37,3730.37,0.0,0,PAID,PAID,HARDWARE,EAST
INV-00324,CUS-0217,2022-05-20,2022-07-19,2022-07-17,2251.13,2251.13,0.0,0,PAID,PAID,SOFTWARE,EAST
INV-00325,CUS-0036,2022-11-05,2022-12-05,2022-12-03,6130.46,6130.46,0.0,0,PAID,PAID,SERVICES,WEST
INV-00326,CUS-0424,2022-12-10,2023-01-09,2023-01-08,462.04,462.04,0.0,0,PAID,PAID,SERVICES,NORTH
INV-00327,CUS-0384,2023-01-02,2023-02-16,,6424.52,3365.49,3059.03,409,90+,PARTIAL,HARDWARE,SOUTH
INV-00328,CUS-0135,2022-05-09,2022-06-08,2022-06-04,7648.36,7648.36,0.0,0,PAID,PAID,SERVICES,EAST
INV-00329,CUS-0451,2022-12-06,2023-01-20,,2091.47,0.0,2091.47,436,90+,OVERDUE,SERVICES,SOUTH
INV-00330,CUS-0355,2022-12-07,2023-01-06,2023-01-04,2779.04,2779.04,0.0,0,PAID,PAID,SERVICES,WEST
INV-00331,CUS-0460,2023-05-23,2023-07-07,2023-07-04,25519.66,25519.66,0.0,0,PAID,PAID,HARDWARE,NORTH
INV-00332,CUS-0032,2022-06-19,2022-08-18,2022-08-15,7015.14,7015.14,0.0,0,PAID,PAID,MAINTENANCE,SOUTH
INV-00333,CUS-0006,2022-10-29,2022-11-28,2022-11-26,3736.69,3736.69,0.0,0,PAID,PAID,SERVICES,SOUTH
INV-00334,CUS-0026,2024-02-21,2024-04-06,,550.97,331.85,219.12,0,CURRENT,PARTIAL,MAINTENANCE,SOUTH
INV-00335,CUS-0219,2022-04-12,2022-06-11,2022-06-06,5471.55,5471.55,0.0,0,PAID,PAID,MAINTENANCE,NORTH
INV-00336,CUS-0314,2023-08-25,2023-10-24,2023-11-14,1759.87,1759.87,0.0,0,PAID,PAID,MAINTENANCE,WEST
INV-00337,CUS-0208,2022-12-10,2023-02-08,,4046.93,0.0,4046.93,417,90+,OVERDUE,SOFTWARE,EAST
INV-00338,CUS-0214,2023-12-09,2024-01-08,2024-01-21,2274.46,2274.46,0.0,0,PAID,PAID,SOFTWARE,EAST
INV-00339,CUS-0336,2022-06-14,2022-07-29,2022-07-29,2406.07,2406.07,0.0,0,PAID,PAID,HARDWARE,WEST
INV-00340,CUS-0053,2023-10-19,2023-12-18,2023-12-15,2380.54,2380.54,0.0,0,PAID,PAID,SOFTWARE,EAST
INV-00341,CUS-0477,2022-06-20,2022-08-04,2022-08-03,2062.69,2062.69,0.0,0,PAID,PAID,HARDWARE,WEST
INV-00342,CUS-0137,2022-09-18,2022-11-17,2022-11-12,2202.1,2202.1,0.0,0,PAID,PAID,HARDWARE,EAST
INV-00343,CUS-0422,2024-02-02,2024-03-18,2024-03-15,4856.85,4856.85,0.0,0,PAID,PAID,SOFTWARE,SOUTH
INV-00344,CUS-0321,2023-10-19,2023-11-18,,1754.79,0.0,1754.79,134,90+,OVERDUE,MAINTENANCE,NORTH
INV-00345,CUS-0209,2022-05-18,2022-06-17,2022-06-12,1457.55,1457.55,0.0,0,PAID,PAID,MAINTENANCE,WEST
INV-00346,CUS-0148,2022-11-11,2023-01-10,2023-01-09,14201.27,14201.27,0.0,0,PAID,PAID,SOFTWARE,NORTH
INV-00347,CUS-0081,2023-10-07,2023-11-06,2023-11-02,8293.95,8293.95,0.0,0,PAID,PAID,MAINTENANCE,EAST
INV-00348,CUS-0492,2023-11-26,2024-01-10,2024-01-09,2039.63,2039.63,0.0,0,PAID,PAID,SERVICES,WEST
INV-00349,CUS-0484,2022-11-26,2022-12-26,2022-12-21,335.15,335.15,0.0,0,PAID,PAID,MAINTENANCE,EAST
INV-00350,CUS-0089,2022-12-01,2023-01-30,2023-01-30,26378.88,26378.88,0.0,0,PAID,PAID,HARDWARE,SOUTH
INV-00351,CUS-0064,2023-09-19,2023-10-19,2023-11-17,8318.99,8318.99,0.0,0,PAID,PAID,HARDWARE,SOUTH
INV-00352,CUS-0448,2023-02-12,2023-04-13,2023-04-11,2977.95,2977.95,0.0,0,PAID,PAID,MAINTENANCE,WEST
INV-00353,CUS-0022,2022-07-18,2022-09-16,2022-09-14,50225.49,50225.49,0.0,0,PAID,PAID,SERVICES,EAST
INV-00354,CUS-0479,2024-01-24,2024-03-09,2024-03-07,20956.72,20956.72,0.0,0,PAID,PAID,HARDWARE,NORTH
INV-00355,CUS-0084,2022-08-18,2022-10-17,2022-10-15,24681.12,24681.12,0.0,0,PAID,PAID,HARDWARE,EAST
INV-00356,CUS-0292,2022-06-22,2022-08-06,2022-08-02,1915.46,1915.46,0.0,0,PAID,PAID,SERVICES,NORTH
INV-00357,CUS-0402,2022-08-18,2022-09-17,,575.47,0.0,575.47,561,90+,OVERDUE,SOFTWARE,WEST
INV-00358,CUS-0269,2023-08-01,2023-09-15,2023-09-12,1198.59,1198.59,0.0,0,PAID,PAID,SERVICES,WEST
INV-00359,CUS-0465,2022-06-05,2022-08-04,2022-07-31,1550.44,1550.44,0.0,0,PAID,PAID,SOFTWARE,SOUTH
INV-00360,CUS-0369,2022-06-25,2022-08-09,2022-08-05,5309.43,5309.43,0.0,0,PAID,PAID,MAINTENANCE,EAST
INV-00361,CUS-0358,2024-02-18,2024-04-03,2024-03-29,51353.63,51353.63,0.0,0,PAID,PAID,SOFTWARE,SOUTH
INV-00362,CUS-0315,2023-06-16,2023-08-15,2023-08-15,9984.87,9984.87,0.0,0,PAID,PAID,SOFTWARE,WEST
INV-00363,CUS-0032,2024-02-06,2024-04-06,,816.99,289.47,527.52,0,CURRENT,PARTIAL,SOFTWARE,WEST
INV-00364,CUS-0260,2023-07-31,2023-09-14,,945.13,621.36,323.77,199,90+,PARTIAL,MAINTENANCE,SOUTH
INV-00365,CUS-0183,2023-07-03,2023-08-02,2023-07-30,230.43,230.43,0.0,0,PAID,PAID,MAINTENANCE,WEST
INV-00366,CUS-0380,2023-09-17,2023-11-01,2023-10-29,343.23,343.23,0.0,0,PAID,PAID,HARDWARE,WEST
INV-00367,CUS-0444,2022-04-14,2022-06-13,2022-06-22,5043.74,5043.74,0.0,0,PAID,PAID,MAINTENANCE,EAST
INV-00368,CUS-0043,2022-09-02,2022-10-02,,23106.46,0.0,23106.46,546,90+,OVERDUE,MAINTENANCE,EAST
INV-00369,CUS-0244,2022-11-12,2022-12-27,2022-12-24,4606.95,4606.95,0.0,0,PAID,PAID,HARDWARE,SOUTH
INV-00370,CUS-0020,2022-09-26,2022-11-25,2022-11-25,2238.9,2238.9,0.0,0,PAID,PAID,HARDWARE,SOUTH
INV-00371,CUS-0349,2023-11-10,2023-12-10,2023-12-05,1410.97,1410.97,0.0,0,PAID,PAID,HARDWARE,EAST
INV-00372,CUS-0186,2023-01-19,2023-03-05,2023-03-23,13359.44,13359.44,0.0,0,PAID,PAID,HARDWARE,WEST
INV-00373,CUS-0137,2023-07-09,2023-09-07,2023-09-04,1881.15,1881.15,0.0,0,PAID,PAID,SERVICES,WEST
INV-00374,CUS-0193,2024-01-11,2024-02-25,,1937.38,0.0,1937.38,35,31-60,OVERDUE,SERVICES,EAST
INV-00375,CUS-0084,2022-11-20,2023-01-19,2023-01-14,1196.86,1196.86,0.0,0,PAID,PAID,SERVICES,EAST
INV-00376,CUS-0150,2022-09-04,2022-10-19,2022-10-15,2370.54,2370.54,0.0,0,PAID,PAID,SOFTWARE,NORTH
INV-00377,CUS-0123,2024-02-03,2024-03-19,2024-03-15,1385.47,1385.47,0.0,0,PAID,PAID,HARDWARE,EAST
INV-00378,CUS-0215,2024-01-14,2024-02-13,2024-02-09,905.28,905.28,0.0,0,PAID,PAID,HARDWARE,EAST
INV-00379,CUS-0272,2023-06-24,2023-08-08,2023-08-06,192.43,192.43,0.0,0,PAID,PAID,SERVICES,EAST
INV-00380,CUS-0335,2023-05-19,2023-07-18,2023-07-14,2031.04,2031.04,0.0,0,PAID,PAID,SOFTWARE,SOUTH
INV-00381,CUS-0033,2022-10-23,2022-11-22,2022-11-21,11704.65,11704.65,0.0,0,PAID,PAID,SERVICES,SOUTH
INV-00382,CUS-0104,2023-02-08,2023-04-09,2023-04-05,603.13,603.13,0.0,0,PAID,PAID,HARDWARE,EAST
INV-00383,CUS-0221,2023-12-17,2024-02-15,,5355.15,2882.24,2472.91,45,31-60,PARTIAL,SOFTWARE,WEST
INV-00384,CUS-0078,2022-05-17,2022-07-01,2022-06-28,1783.66,1783.66,0.0,0,PAID,PAID,MAINTENANCE,SOUTH
INV-00385,CUS-0221,2023-07-02,2023-08-31,2023-08-30,35049.86,35049.86,0.0,0,PAID,PAID,SOFTWARE,EAST
INV-00386,CUS-0353,2023-02-23,2023-03-25,2023-03-25,11707.4,11707.4,0.0,0,PAID,PAID,HARDWARE,SOUTH
INV-00387,CUS-0292,2023-06-05,2023-07-20,2023-07-18,32968.33,32968.33,0.0,0,PAID,PAID,MAINTENANCE,SOUTH
INV-00388,CUS-0227,2023-05-06,2023-06-05,2023-06-02,1867.47,1867.47,0.0,0,PAID,PAID,MAINTENANCE,EAST
INV-00389,CUS-0480,2022-08-17,2022-09-16,2022-09-13,8968.83,8968.83,0.0,0,PAID,PAID,HARDWARE,EAST
INV-00390,CUS-0291,2022-11-11,2023-01-10,2023-01-08,37117.73,37117.73,0.0,0,PAID,PAID,HARDWARE,NORTH
INV-00391,CUS-0431,2022-04-27,2022-06-11,,1590.41,0.0,1590.41,659,90+,OVERDUE,MAINTENANCE,EAST
INV-00392,CUS-0379,2022-12-06,2023-01-20,2023-01-18,3907.94,3907.94,0.0,0,PAID,PAID,HARDWARE,EAST
INV-00393,CUS-0045,2022-11-22,2023-01-21,2023-01-16,395.38,395.38,0.0,0,PAID,PAID,SOFTWARE,SOUTH
INV-00394,CUS-0454,2023-10-17,2023-12-01,,4872.94,3397.83,1475.11,121,90+,PARTIAL,SERVICES,NORTH
INV-00395,CUS-0047,2023-09-19,2023-11-18,2023-12-15,5814.51,5814.51,0.0,0,PAID,PAID,HARDWARE,NORTH
INV-00396,CUS-0090,2023-07-23,2023-09-06,2023-09-06,4535.41,4535.41,0.0,0,PAID,PAID,MAINTENANCE,EAST
INV-00397,CUS-0099,2024-01-10,2024-02-24,,4554.87,1825.4,2729.47,36,31-60,PARTIAL,HARDWARE,NORTH
INV-00398,CUS-0279,2024-03-26,2024-05-10,2024-05-10,709.78,709.78,0.0,0,PAID,PAID,SOFTWARE,NORTH
INV-00399,CUS-0115,2023-12-12,2024-02-10,2024-02-06,8930.9,8930.9,0.0,0,PAID,PAID,SOFTWARE,WEST
INV-00400,CUS-0392,2022-11-06,2023-01-05,2023-01-28,5477.99,5477.99,0.0,0,PAID,PAID,SOFTWARE,EAST
INV-00401,CUS-0030,2022-12-07,2023-01-06,2023-01-06,18129.67,18129.67,0.0,0,PAID,PAID,MAINTENANCE,EAST
INV-00402,CUS-0071,2024-01-15,2024-02-29,2024-03-22,15528.58,15528.58,0.0,0,PAID,PAID,SERVICES,EAST
INV-00403,CUS-0422,2022-12-06,2023-01-20,2023-01-18,826.46,826.46,0.0,0,PAID,PAID,HARDWARE,WEST
INV-00404,CUS-0303,2023-07-29,2023-08-28,2023-08-30,2069.48,2069.48,0.0,0,PAID,PAID,SERVICES,EAST
INV-00405,CUS-0233,2022-11-26,2022-12-26,2022-12-23,21668.5,21668.5,0.0,0,PAID,PAID,SOFTWARE,WEST
INV-00406,CUS-0362,2023-06-08,2023-07-08,2023-07-08,2138.8,2138.8,0.0,0,PAID,PAID,SOFTWARE,WEST
INV-00407,CUS-0467,2023-06-28,2023-08-12,2023-08-12,3775.95,3775.95,0.0,0,PAID,PAID,MAINTENANCE,EAST
INV-00408,CUS-0106,2023-01-22,2023-03-23,2023-03-23,1523.87,1523.87,0.0,0,PAID,PAID,SERVICES,WEST
INV-00409,CUS-0039,2022-07-07,2022-08-21,2022-08-26,6038.96,6038.96,0.0,0,PAID,PAID,HARDWARE,NORTH
INV-00410,CUS-0074,2024-01-11,2024-02-10,2024-02-05,24281.29,24281.29,0.0,0,PAID,PAID,SERVICES,WEST
INV-00411,CUS-0182,2024-02-26,2024-04-26,2024-04-23,9714.32,9714.32,0.0,0,PAID,PAID,MAINTENANCE,WEST
INV-00412,CUS-0318,2022-08-25,2022-10-24,2022-10-24,19193.24,19193.24,0.0,0,PAID,PAID,SOFTWARE,NORTH
INV-00413,CUS-0131,2023-04-30,2023-05-30,,3517.51,2206.15,1311.36,306,90+,PARTIAL,MAINTENANCE,NORTH
INV-00414,CUS-0428,2023-08-20,2023-10-04,2023-10-02,2294.0,2294.0,0.0,0,PAID,PAID,SERVICES,EAST
INV-00415,CUS-0296,2022-12-10,2023-01-09,2023-01-04,5248.23,5248.23,0.0,0,PAID,PAID,HARDWARE,EAST
INV-00416,CUS-0135,2023-10-21,2023-11-20,2023-11-17,18836.53,18836.53,0.0,0,PAID,PAID,SERVICES,SOUTH
INV-00417,CUS-0499,2023-12-24,2024-02-22,2024-02-19,872.71,872.71,0.0,0,PAID,PAID,SOFTWARE,EAST
INV-00418,CUS-0359,2023-07-08,2023-08-07,2023-08-28,988.95,988.95,0.0,0,PAID,PAID,SERVICES,WEST
INV-00419,CUS-0185,2022-09-09,2022-11-08,,11212.98,5328.34,5884.64,509,90+,PARTIAL,SOFTWARE,SOUTH
INV-00420,CUS-0312,2023-05-13,2023-06-27,2023-06-27,13676.69,13676.69,0.0,0,PAID,PAID,SOFTWARE,WEST
INV-00421,CUS-0199,2023-09-13,2023-10-28,2023-10-24,863.43,863.43,0.0,0,PAID,PAID,SERVICES,WEST
INV-00422,CUS-0368,2024-01-20,2024-03-05,,5624.34,1724.24,3900.1,26,CURRENT,PARTIAL,SERVICES,NORTH
INV-00423,CUS-0297,2022-06-17,2022-08-01,2022-07-27,2725.42,2725.42,0.0,0,PAID,PAID,HARDWARE,WEST
INV-00424,CUS-0482,2024-02-13,2024-04-13,2024-04-08,2383.27,2383.27,0.0,0,PAID,PAID,MAINTENANCE,SOUTH
INV-00425,CUS-0395,2024-02-06,2024-03-22,,25601.88,0.0,25601.88,9,CURRENT,OVERDUE,HARDWARE,SOUTH
INV-00426,CUS-0442,2024-01-16,2024-03-01,2024-03-01,1057.77,1057.77,0.0,0,PAID,PAID,MAINTENANCE,NORTH
INV-00427,CUS-0455,2023-10-25,2023-11-24,,936.94,330.0,606.94,128,90+,PARTIAL,SOFTWARE,NORTH
INV-00428,CUS-0368,2022-12-03,2023-01-17,2023-02-13,2796.03,2796.03,0.0,0,PAID,PAID,HARDWARE,WEST
INV-00429,CUS-0384,2022-06-21,2022-08-05,2022-08-05,16892.73,16892.73,0.0,0,PAID,PAID,HARDWARE,NORTH
INV-00430,CUS-0296,2022-10-12,2022-11-11,2022-11-07,402.75,402.75,0.0,0,PAID,PAID,SOFTWARE,NORTH
INV-00431,CUS-0358,2023-11-08,2023-12-23,2023-12-18,22542.87,22542.87,0.0,0,PAID,PAID,MAINTENANCE,EAST
INV-00432,CUS-0191,2022-05-03,2022-06-02,,52465.04,27826.76,24638.28,668,90+,PARTIAL,SOFTWARE,EAST
INV-00433,CUS-0420,2023-07-28,2023-09-11,2023-09-10,788.33,788.33,0.0,0,PAID,PAID,HARDWARE,SOUTH
INV-00434,CUS-0313,2022-04-03,2022-06-02,2022-05-31,1133.5,1133.5,0.0,0,PAID,PAID,SOFTWARE,WEST
INV-00435,CUS-0104,2023-09-16,2023-11-15,2023-11-11,7991.62,7991.62,0.0,0,PAID,PAID,SOFTWARE,WEST
INV-00436,CUS-0151,2022-10-25,2022-11-24,2022-11-26,8460.1,8460.1,0.0,0,PAID,PAID,SOFTWARE,NORTH
INV-00437,CUS-0236,2023-02-15,2023-04-16,2023-04-16,3225.31,3225.31,0.0,0,PAID,PAID,MAINTENANCE,NORTH
INV-00438,CUS-0263,2022-04-26,2022-06-25,2022-06-25,1144.81,1144.81,0.0,0,PAID,PAID,SERVICES,WEST
INV-00439,CUS-0063,2023-01-08,2023-02-22,2023-02-21,10417.35,10417.35,0.0,0,PAID,PAID,SOFTWARE,EAST
INV-00440,CUS-0246,2022-07-11,2022-08-10,2022-08-16,4768.93,4768.93,0.0,0,PAID,PAID,HARDWARE,SOUTH
INV-00441,CUS-0126,2022-06-18,2022-08-17,2022-08-17,1060.04,1060.04,0.0,0,PAID,PAID,SERVICES,EAST
INV-00442,CUS-0420,2023-02-26,2023-04-12,2023-04-11,8035.83,8035.83,0.0,0,PAID,PAID,SOFTWARE,NORTH
INV-00443,CUS-0048,2022-10-11,2022-12-10,2022-12-06,6418.1,6418.1,0.0,0,PAID,PAID,SOFTWARE,WEST
INV-00444,CUS-0365,2023-05-29,2023-07-13,2023-07-20,8561.39,8561.39,0.0,0,PAID,PAID,HARDWARE,SOUTH
INV-00445,CUS-0365,2023-04-03,2023-05-18,2023-05-24,3754.87,3754.87,0.0,0,PAID,PAID,HARDWARE,NORTH
INV-00446,CUS-0460,2023-01-25,2023-03-11,2023-03-08,63117.04,63117.04,0.0,0,PAID,PAID,SERVICES,EAST
INV-00447,CUS-0003,2022-08-01,2022-09-15,2022-09-10,7490.92,7490.92,0.0,0,PAID,PAID,HARDWARE,SOUTH
INV-00448,CUS-0456,2023-12-15,2024-02-13,2024-02-10,1762.99,1762.99,0.0,0,PAID,PAID,HARDWARE,NORTH
INV-00449,CUS-0224,2022-10-03,2022-11-02,2022-10-29,4227.02,4227.02,0.0,0,PAID,PAID,SERVICES,WEST
INV-00450,CUS-0313,2023-12-03,2024-02-01,2024-01-30,2000.75,2000.75,0.0,0,PAID,PAID,SOFTWARE,NORTH
INV-00451,CUS-0278,2023-03-12,2023-04-26,2023-04-25,8932.57,8932.57,0.0,0,PAID,PAID,MAINTENANCE,SOUTH
INV-00452,CUS-0116,2023-05-26,2023-06-25,2023-06-28,4301.48,4301.48,0.0,0,PAID,PAID,MAINTENANCE,WEST
INV-00453,CUS-0383,2023-10-14,2023-11-13,,2803.96,0.0,2803.96,139,90+,OVERDUE,SOFTWARE,SOUTH
INV-00454,CUS-0330,2022-09-16,2022-11-15,,7857.19,0.0,7857.19,502,90+,OVERDUE,MAINTENANCE,SOUTH
INV-00455,CUS-0168,2022-11-23,2023-01-22,2023-01-21,2980.21,2980.21,0.0,0,PAID,PAID,MAINTENANCE,SOUTH
INV-00456,CUS-0100,2022-06-22,2022-07-22,,1368.45,521.22,847.23,618,90+,PARTIAL,SOFTWARE,NORTH
INV-00457,CUS-0399,2023-06-19,2023-08-18,,27626.3,8947.07,18679.23,226,90+,PARTIAL,SOFTWARE,NORTH
INV-00458,CUS-0349,2023-12-13,2024-01-12,2024-01-27,932.17,932.17,0.0,0,PAID,PAID,MAINTENANCE,SOUTH
INV-00459,CUS-0157,2023-10-23,2023-11-22,2023-11-20,2498.14,2498.14,0.0,0,PAID,PAID,SOFTWARE,SOUTH
INV-00460,CUS-0300,2023-06-22,2023-07-22,2023-07-18,1705.66,1705.66,0.0,0,PAID,PAID,MAINTENANCE,SOUTH
INV-00461,CUS-0386,2022-09-19,2022-11-18,2022-11-16,2124.59,2124.59,0.0,0,PAID,PAID,HARDWARE,WEST
INV-00462,CUS-0464,2023-02-15,2023-04-01,2023-03-29,8411.04,8411.04,0.0,0,PAID,PAID,SOFTWARE,SOUTH
INV-00463,CUS-0437,2022-12-24,2023-02-22,2023-02-22,2382.88,2382.88,0.0,0,PAID,PAID,HARDWARE,WEST
INV-00464,CUS-0431,2023-06-22,2023-08-06,2023-08-03,894.78,894.78,0.0,0,PAID,PAID,MAINTENANCE,NORTH
INV-00465,CUS-0037,2023-02-11,2023-03-13,2023-03-13,587.28,587.28,0.0,0,PAID,PAID,HARDWARE,WEST
INV-00466,CUS-0042,2023-12-11,2024-02-09,2024-02-07,25411.33,25411.33,0.0,0,PAID,PAID,SOFTWARE,NORTH
INV-00467,CUS-0178,2023-02-28,2023-04-14,2023-04-12,95216.57,95216.57,0.0,0,PAID,PAID,SOFTWARE,WEST
INV-00468,CUS-0474,2023-04-27,2023-06-26,,5847.93,2839.19,3008.74,279,90+,PARTIAL,SOFTWARE,WEST
INV-00469,CUS-0014,2022-08-01,2022-09-30,2022-09-28,3290.93,3290.93,0.0,0,PAID,PAID,MAINTENANCE,NORTH
INV-00470,CUS-0420,2023-09-14,2023-10-29,2023-10-24,2879.79,2879.79,0.0,0,PAID,PAID,SERVICES,NORTH
INV-00471,CUS-0134,2024-02-04,2024-04-04,2024-04-02,3355.38,3355.38,0.0,0,PAID,PAID,SOFTWARE,NORTH
INV-00472,CUS-0246,2023-01-07,2023-02-06,,19077.19,6141.42,12935.77,419,90+,PARTIAL,SERVICES,NORTH
INV-00473,CUS-0090,2023-02-02,2023-03-19,2023-03-17,5719.67,5719.67,0.0,0,PAID,PAID,MAINTENANCE,NORTH
INV-00474,CUS-0243,2022-10-27,2022-12-11,2023-01-01,4430.95,4430.95,0.0,0,PAID,PAID,HARDWARE,SOUTH
INV-00475,CUS-0114,2023-03-28,2023-05-12,,2732.61,0.0,2732.61,324,90+,OVERDUE,SOFTWARE,NORTH
INV-00476,CUS-0371,2022-05-03,2022-06-02,2022-06-26,2600.76,2600.76,0.0,0,PAID,PAID,SOFTWARE,SOUTH
INV-00477,CUS-0216,2023-06-19,2023-08-18,2023-08-16,26874.55,26874.55,0.0,0,PAID,PAID,MAINTENANCE,EAST
INV-00478,CUS-0445,2022-12-21,2023-02-04,2023-02-02,8021.5,8021.5,0.0,0,PAID,PAID,MAINTENANCE,WEST
INV-00479,CUS-0132,2022-07-03,2022-08-17,2022-08-13,871.85,871.85,0.0,0,PAID,PAID,SERVICES,WEST
INV-00480,CUS-0349,2024-01-15,2024-02-14,2024-02-09,3289.0,3289.0,0.0,0,PAID,PAID,HARDWARE,SOUTH
INV-00481,CUS-0120,2024-02-22,2024-04-07,2024-04-04,1306.85,1306.85,0.0,0,PAID,PAID,SOFTWARE,EAST
INV-00482,CUS-0153,2023-11-09,2024-01-08,2024-01-06,1745.98,1745.98,0.0,0,PAID,PAID,HARDWARE,SOUTH
INV-00483,CUS-0364,2023-06-11,2023-08-10,2023-08-09,4778.93,4778.93,0.0,0,PAID,PAID,HARDWARE,EAST
INV-00484,CUS-0379,2023-05-28,2023-07-12,,10811.13,5584.75,5226.38,263,90+,PARTIAL,SOFTWARE,WEST
INV-00485,CUS-0485,2023-06-12,2023-08-11,2023-08-08,90425.53,90425.53,0.0,0,PAID,PAID,HARDWARE,EAST
INV-00486,CUS-0021,2023-04-21,2023-05-21,2023-05-20,2820.32,2820.32,0.0,0,PAID,PAID,SERVICES,WEST
INV-00487,CUS-0111,2022-09-03,2022-10-18,2022-11-13,11150.46,11150.46,0.0,0,PAID,PAID,SERVICES,WEST
INV-00488,CUS-0351,2022-06-24,2022-08-23,2022-08-19,2507.52,2507.52,0.0,0,PAID,PAID,SOFTWARE,EAST
INV-00489,CUS-0008,2023-09-01,2023-10-31,2023-11-08,3461.48,3461.48,0.0,0,PAID,PAID,MAINTENANCE,EAST
INV-00490,CUS-0357,2022-04-24,2022-05-24,2022-05-26,1137.48,1137.48,0.0,0,PAID,PAID,SOFTWARE,EAST
INV-00491,CUS-0286,2023-10-02,2023-11-16,2023-11-15,1152.01,1152.01,0.0,0,PAID,PAID,SOFTWARE,EAST
INV-00492,CUS-0398,2022-08-17,2022-09-16,,717.91,456.4,261.51,562,90+,PARTIAL,SOFTWARE,SOUTH
INV-00493,CUS-0145,2023-08-29,2023-10-28,2023-10-28,2920.9,2920.9,0.0,0,PAID,PAID,SERVICES,SOUTH
INV-00494,CUS-0487,2022-12-07,2023-01-06,2023-01-05,334.69,334.69,0.0,0,PAID,PAID,SOFTWARE,NORTH
INV-00495,CUS-0409,2022-10-17,2022-11-16,,3751.52,0.0,3751.52,501,90+,OVERDUE,SOFTWARE,EAST
INV-00496,CUS-0375,2023-11-29,2024-01-13,2024-01-19,1761.9,1761.9,0.0,0,PAID,PAID,SERVICES,NORTH
INV-00497,CUS-0420,2022-07-16,2022-08-30,2022-08-27,15732.1,15732.1,0.0,0,PAID,PAID,SOFTWARE,WEST
INV-00498,CUS-0099,2022-10-06,2022-11-20,2022-11-15,9881.67,9881.67,0.0,0,PAID,PAID,SERVICES,EAST
INV-00499,CUS-0012,2023-08-18,2023-10-02,2023-10-27,2791.35,2791.35,0.0,0,PAID,PAID,SOFTWARE,WEST
INV-00500,CUS-0472,2022-05-26,2022-06-25,2022-06-20,1924.25,1924.25,0.0,0,PAID,PAID,MAINTENANCE,NORTH
INV-00501,CUS-0025,2022-11-01,2022-12-01,2022-12-01,48514.16,48514.16,0.0,0,PAID,PAID,SERVICES,NORTH
INV-00502,CUS-0129,2022-11-10,2022-12-10,2022-12-09,9695.57,9695.57,0.0,0,PAID,PAID,MAINTENANCE,EAST
INV-00503,CUS-0447,2024-02-23,2024-04-08,2024-04-04,654.78,654.78,0.0,0,PAID,PAID,SOFTWARE,SOUTH
INV-00504,CUS-0457,2023-12-07,2024-02-05,2024-02-05,921.77,921.77,0.0,0,PAID,PAID,MAINTENANCE,NORTH
INV-00505,CUS-0165,2022-09-18,2022-10-18,2022-10-16,4786.07,4786.07,0.0,0,PAID,PAID,HARDWARE,EAST
INV-00506,CUS-0236,2023-11-13,2024-01-12,2024-01-09,30911.42,30911.42,0.0,0,PAID,PAID,SERVICES,WEST
INV-00507,CUS-0155,2022-05-24,2022-07-23,2022-07-21,4965.04,4965.04,0.0,0,PAID,PAID,SERVICES,EAST
INV-00508,CUS-0254,2023-08-04,2023-09-18,2023-09-21,7488.84,7488.84,0.0,0,PAID,PAID,SOFTWARE,WEST
INV-00509,CUS-0342,2022-05-12,2022-07-11,2022-07-09,1626.36,1626.36,0.0,0,PAID,PAID,SOFTWARE,WEST
INV-00510,CUS-0078,2023-12-12,2024-01-26,2024-01-22,6776.06,6776.06,0.0,0,PAID,PAID,HARDWARE,SOUTH
INV-00511,CUS-0104,2023-11-25,2024-01-24,2024-01-20,2081.63,2081.63,0.0,0,PAID,PAID,SERVICES,NORTH
INV-00512,CUS-0076,2024-01-24,2024-03-24,2024-03-21,52159.82,52159.82,0.0,0,PAID,PAID,SERVICES,WEST
INV-00513,CUS-0426,2023-04-15,2023-05-30,2023-06-22,2169.63,2169.63,0.0,0,PAID,PAID,SOFTWARE,SOUTH
INV-00514,CUS-0024,2023-09-19,2023-11-03,2023-11-01,2416.4,2416.4,0.0,0,PAID,PAID,MAINTENANCE,NORTH
INV-00515,CUS-0287,2022-09-17,2022-11-16,2022-11-14,1193.66,1193.66,0.0,0,PAID,PAID,MAINTENANCE,WEST
INV-00516,CUS-0078,2023-05-29,2023-07-13,2023-07-13,1668.89,1668.89,0.0,0,PAID,PAID,SOFTWARE,EAST
INV-00517,CUS-0218,2022-08-28,2022-10-27,,13271.19,0.0,13271.19,521,90+,OVERDUE,MAINTENANCE,NORTH
INV-00518,CUS-0279,2022-11-29,2023-01-13,2023-01-11,15693.17,15693.17,0.0,0,PAID,PAID,MAINTENANCE,SOUTH
INV-00519,CUS-0371,2023-01-03,2023-02-02,,31310.94,17468.82,13842.12,423,90+,PARTIAL,HARDWARE,NORTH
INV-00520,CUS-0082,2022-05-17,2022-07-01,2022-06-28,1546.38,1546.38,0.0,0,PAID,PAID,HARDWARE,EAST
INV-00521,CUS-0355,2022-08-17,2022-09-16,2022-10-14,1827.04,1827.04,0.0,0,PAID,PAID,SERVICES,WEST
INV-00522,CUS-0467,2022-10-25,2022-12-09,2022-12-04,3669.6,3669.6,0.0,0,PAID,PAID,HARDWARE,EAST
INV-00523,CUS-0404,2023-11-23,2024-01-22,2024-01-21,1940.34,1940.34,0.0,0,PAID,PAID,SERVICES,WEST
INV-00524,CUS-0078,2022-04-20,2022-06-04,2022-06-04,4085.77,4085.77,0.0,0,PAID,PAID,SERVICES,EAST
INV-00525,CUS-0297,2022-10-02,2022-11-16,2022-11-28,1875.55,1875.55,0.0,0,PAID,PAID,HARDWARE,EAST
INV-00526,CUS-0120,2023-01-23,2023-03-09,2023-03-09,2283.89,2283.89,0.0,0,PAID,PAID,SOFTWARE,SOUTH
INV-00527,CUS-0389,2022-04-01,2022-05-01,2022-04-30,2219.22,2219.22,0.0,0,PAID,PAID,SERVICES,EAST
INV-00528,CUS-0439,2023-04-22,2023-06-06,2023-06-01,3687.09,3687.09,0.0,0,PAID,PAID,SERVICES,NORTH
INV-00529,CUS-0090,2023-02-01,2023-03-18,2023-03-18,6490.57,6490.57,0.0,0,PAID,PAID,SOFTWARE,EAST
INV-00530,CUS-0115,2023-03-31,2023-05-30,2023-06-13,15207.42,15207.42,0.0,0,PAID,PAID,SERVICES,SOUTH
INV-00531,CUS-0293,2023-10-06,2023-11-20,2023-11-16,6346.9,6346.9,0.0,0,PAID,PAID,SOFTWARE,SOUTH
INV-00532,CUS-0411,2022-10-09,2022-11-23,2022-11-23,670.29,670.29,0.0,0,PAID,PAID,HARDWARE,SOUTH
INV-00533,CUS-0216,2024-02-25,2024-04-25,2024-04-23,23888.95,23888.95,0.0,0,PAID,PAID,SERVICES,SOUTH
INV-00534,CUS-0171,2023-07-07,2023-08-21,2023-09-10,4461.76,4461.76,0.0,0,PAID,PAID,SERVICES,SOUTH
INV-00535,CUS-0381,2022-12-10,2023-01-09,2023-01-09,1938.88,1938.88,0.0,0,PAID,PAID,SOFTWARE,SOUTH
INV-00536,CUS-0430,2023-06-25,2023-08-24,2023-08-22,8352.92,8352.92,0.0,0,PAID,PAID,SOFTWARE,SOUTH
INV-00537,CUS-0144,2023-12-15,2024-01-14,,623.17,0.0,623.17,77,61-90,OVERDUE,MAINTENANCE,NORTH
INV-00538,CUS-0140,2023-02-06,2023-03-08,2023-03-05,36384.23,36384.23,0.0,0,PAID,PAID,MAINTENANCE,NORTH
INV-00539,CUS-0453,2023-10-12,2023-11-11,2023-11-06,1244.34,1244.34,0.0,0,PAID,PAID,HARDWARE,WEST
INV-00540,CUS-0343,2023-05-10,2023-06-24,2023-06-26,47458.94,47458.94,0.0,0,PAID,PAID,HARDWARE,EAST
INV-00541,CUS-0182,2023-08-09,2023-10-08,2023-11-03,9922.94,9922.94,0.0,0,PAID,PAID,HARDWARE,SOUTH
INV-00542,CUS-0138,2023-09-30,2023-11-14,2023-11-12,5164.97,5164.97,0.0,0,PAID,PAID,HARDWARE,NORTH
INV-00543,CUS-0240,2023-10-13,2023-12-12,2023-12-10,25837.42,25837.42,0.0,0,PAID,PAID,SERVICES,EAST
INV-00544,CUS-0452,2022-07-13,2022-08-12,,692.08,423.78,268.3,597,90+,PARTIAL,SOFTWARE,NORTH
INV-00545,CUS-0187,2024-01-11,2024-02-10,2024-02-06,6255.16,6255.16,0.0,0,PAID,PAID,HARDWARE,SOUTH
INV-00546,CUS-0102,2023-01-15,2023-03-16,,1110.4,0.0,1110.4,381,90+,OVERDUE,SOFTWARE,NORTH
INV-00547,CUS-0055,2024-01-08,2024-02-22,,2944.48,999.58,1944.9,38,31-60,PARTIAL,SOFTWARE,WEST
INV-00548,CUS-0036,2023-02-08,2023-03-10,2023-03-06,1644.33,1644.33,0.0,0,PAID,PAID,SOFTWARE,WEST
INV-00549,CUS-0309,2023-08-20,2023-10-19,2023-10-17,4131.33,4131.33,0.0,0,PAID,PAID,MAINTENANCE,WEST
INV-00550,CUS-0398,2023-12-07,2024-01-06,2024-01-03,901.7,901.7,0.0,0,PAID,PAID,HARDWARE,EAST
INV-00551,CUS-0192,2023-05-31,2023-06-30,2023-06-26,3092.23,3092.23,0.0,0,PAID,PAID,SOFTWARE,WEST
INV-00552,CUS-0280,2023-04-06,2023-06-05,2023-06-01,1612.63,1612.63,0.0,0,PAID,PAID,HARDWARE,NORTH
INV-00553,CUS-0461,2022-10-13,2022-12-12,2022-12-09,25584.26,25584.26,0.0,0,PAID,PAID,SERVICES,WEST
INV-00554,CUS-0469,2023-10-14,2023-11-28,2023-12-25,3755.79,3755.79,0.0,0,PAID,PAID,MAINTENANCE,SOUTH
INV-00555,CUS-0440,2023-12-03,2024-01-02,2023-12-30,1260.72,1260.72,0.0,0,PAID,PAID,SOFTWARE,NORTH
INV-00556,CUS-0250,2022-04-21,2022-05-21,2022-06-02,20010.78,20010.78,0.0,0,PAID,PAID,SOFTWARE,NORTH
INV-00557,CUS-0174,2023-11-20,2024-01-19,2024-02-01,5589.31,5589.31,0.0,0,PAID,PAID,MAINTENANCE,NORTH
INV-00558,CUS-0201,2024-02-07,2024-03-23,2024-03-20,2454.21,2454.21,0.0,0,PAID,PAID,HARDWARE,SOUTH
INV-00559,CUS-0184,2022-08-27,2022-10-11,2022-10-10,46289.32,46289.32,0.0,0,PAID,PAID,SERVICES,SOUTH
INV-00560,CUS-0261,2023-03-13,2023-05-12,2023-05-09,2706.84,2706.84,0.0,0,PAID,PAID,MAINTENANCE,EAST
INV-00561,CUS-0261,2023-06-26,2023-08-25,2023-09-20,1562.43,1562.43,0.0,0,PAID,PAID,MAINTENANCE,EAST
INV-00562,CUS-0338,2024-02-17,2024-04-17,2024-04-14,17339.55,17339.55,0.0,0,PAID,PAID,MAINTENANCE,EAST
INV-00563,CUS-0290,2023-03-22,2023-05-21,2023-05-21,631.91,631.91,0.0,0,PAID,PAID,HARDWARE,EAST
INV-00564,CUS-0102,2024-03-04,2024-05-03,2024-04-28,614.19,614.19,0.0,0,PAID,PAID,SOFTWARE,NORTH
INV-00565,CUS-0372,2023-05-16,2023-06-15,2023-06-15,512.05,512.05,0.0,0,PAID,PAID,MAINTENANCE,NORTH
INV-00566,CUS-0275,2023-09-02,2023-10-17,2023-10-12,4545.65,4545.65,0.0,0,PAID,PAID,SERVICES,SOUTH
INV-00567,CUS-0255,2022-07-21,2022-09-04,,2271.32,768.92,1502.4,574,90+,PARTIAL,HARDWARE,WEST
INV-00568,CUS-0303,2022-08-30,2022-09-29,,1242.68,473.18,769.5,549,90+,PARTIAL,MAINTENANCE,WEST
INV-00569,CUS-0287,2022-10-04,2022-12-03,2022-11-29,728.69,728.69,0.0,0,PAID,PAID,SERVICES,NORTH
INV-00570,CUS-0224,2022-04-17,2022-05-17,,2682.43,0.0,2682.43,684,90+,OVERDUE,HARDWARE,WEST
INV-00571,CUS-0213,2023-09-22,2023-11-21,2023-11-18,2921.72,2921.72,0.0,0,PAID,PAID,MAINTENANCE,WEST
INV-00572,CUS-0351,2022-06-24,2022-08-23,2022-08-19,3571.28,3571.28,0.0,0,PAID,PAID,SERVICES,SOUTH
INV-00573,CUS-0423,2022-12-11,2023-01-25,2023-01-23,811.31,811.31,0.0,0,PAID,PAID,MAINTENANCE,WEST
INV-00574,CUS-0479,2022-09-18,2022-11-02,2022-10-30,14490.65,14490.65,0.0,0,PAID,PAID,MAINTENANCE,WEST
INV-00575,CUS-0289,2023-07-04,2023-08-03,2023-08-16,7165.62,7165.62,0.0,0,PAID,PAID,SERVICES,WEST
INV-00576,CUS-0228,2022-05-25,2022-07-24,2022-07-22,4651.11,4651.11,0.0,0,PAID,PAID,SERVICES,EAST
INV-00577,CUS-0008,2022-12-08,2023-02-06,2023-02-06,29421.47,29421.47,0.0,0,PAID,PAID,SOFTWARE,EAST
INV-00578,CUS-0470,2024-02-25,2024-04-25,2024-04-21,4692.78,4692.78,0.0,0,PAID,PAID,HARDWARE,EAST
INV-00579,CUS-0109,2022-06-22,2022-08-21,2022-08-19,2518.79,2518.79,0.0,0,PAID,PAID,SERVICES,WEST
INV-00580,CUS-0306,2023-12-29,2024-01-28,2024-01-27,5715.06,5715.06,0.0,0,PAID,PAID,SOFTWARE,SOUTH
INV-00581,CUS-0054,2024-01-21,2024-02-20,2024-03-21,2614.88,2614.88,0.0,0,PAID,PAID,HARDWARE,EAST
INV-00582,CUS-0432,2024-02-13,2024-03-29,2024-03-30,482.31,482.31,0.0,0,PAID,PAID,SERVICES,NORTH
INV-00583,CUS-0499,2023-12-08,2024-02-06,2024-02-03,814.31,814.31,0.0,0,PAID,PAID,MAINTENANCE,EAST
INV-00584,CUS-0089,2023-12-24,2024-02-22,2024-02-18,17486.18,17486.18,0.0,0,PAID,PAID,HARDWARE,EAST
INV-00585,CUS-0369,2022-08-18,2022-10-02,2022-10-13,30068.49,30068.49,0.0,0,PAID,PAID,HARDWARE,WEST
INV-00586,CUS-0468,2022-11-12,2022-12-12,2022-12-11,4873.26,4873.26,0.0,0,PAID,PAID,SERVICES,WEST
INV-00587,CUS-0138,2023-11-23,2024-01-07,2024-01-05,20349.39,20349.39,0.0,0,PAID,PAID,SERVICES,WEST
INV-00588,CUS-0172,2022-06-04,2022-07-19,2022-07-19,58540.66,58540.66,0.0,0,PAID,PAID,SOFTWARE,EAST
INV-00589,CUS-0220,2023-03-18,2023-04-17,2023-04-13,9524.71,9524.71,0.0,0,PAID,PAID,MAINTENANCE,SOUTH
INV-00590,CUS-0262,2024-01-19,2024-03-19,2024-03-15,169.28,169.28,0.0,0,PAID,PAID,HARDWARE,EAST
INV-00591,CUS-0043,2022-09-26,2022-10-26,2022-10-22,37572.02,37572.02,0.0,0,PAID,PAID,MAINTENANCE,WEST
INV-00592,CUS-0033,2023-12-20,2024-01-19,2024-01-19,7226.99,7226.99,0.0,0,PAID,PAID,SERVICES,EAST
INV-00593,CUS-0072,2022-09-04,2022-11-03,,4006.51,1704.13,2302.38,514,90+,PARTIAL,MAINTENANCE,WEST
INV-00594,CUS-0075,2023-06-06,2023-08-05,2023-08-01,7101.12,7101.12,0.0,0,PAID,PAID,MAINTENANCE,SOUTH
INV-00595,CUS-0313,2022-11-05,2023-01-04,2022-12-31,7933.27,7933.27,0.0,0,PAID,PAID,SOFTWARE,WEST
INV-00596,CUS-0088,2023-05-10,2023-06-09,2023-06-04,7428.36,7428.36,0.0,0,PAID,PAID,MAINTENANCE,EAST
INV-00597,CUS-0374,2022-04-01,2022-05-31,2022-06-24,5733.31,5733.31,0.0,0,PAID,PAID,HARDWARE,SOUTH
INV-00598,CUS-0043,2022-09-18,2022-10-18,2022-10-17,4034.65,4034.65,0.0,0,PAID,PAID,SOFTWARE,EAST
INV-00599,CUS-0398,2022-08-27,2022-09-26,2022-09-26,397.0,397.0,0.0,0,PAID,PAID,SOFTWARE,WEST
INV-00600,CUS-0060,2023-06-03,2023-07-03,2023-06-28,25219.61,25219.61,0.0,0,PAID,PAID,SOFTWARE,EAST
INV-00601,CUS-0207,2023-02-26,2023-04-27,2023-04-27,4430.61,4430.61,0.0,0,PAID,PAID,SOFTWARE,SOUTH
INV-00602,CUS-0312,2023-04-20,2023-06-04,2023-06-02,47172.19,47172.19,0.0,0,PAID,PAID,MAINTENANCE,WEST
INV-00603,CUS-0427,2024-03-12,2024-05-11,2024-05-11,1111.81,1111.81,0.0,0,PAID,PAID,SOFTWARE,SOUTH
INV-00604,CUS-0367,2023-07-18,2023-08-17,2023-08-15,33373.68,33373.68,0.0,0,PAID,PAID,SERVICES,SOUTH
INV-00605,CUS-0214,2022-05-04,2022-06-03,,3302.0,1632.3,1669.7,667,90+,PARTIAL,HARDWARE,NORTH
INV-00606,CUS-0099,2022-05-03,2022-06-17,,7666.29,0.0,7666.29,653,90+,OVERDUE,HARDWARE,EAST
INV-00607,CUS-0180,2023-03-25,2023-04-24,2023-04-24,3100.97,3100.97,0.0,0,PAID,PAID,MAINTENANCE,EAST
INV-00608,CUS-0208,2022-12-25,2023-02-23,2023-03-22,5555.7,5555.7,0.0,0,PAID,PAID,SOFTWARE,SOUTH
INV-00609,CUS-0235,2023-11-07,2023-12-22,2024-01-08,1586.35,1586.35,0.0,0,PAID,PAID,HARDWARE,EAST
INV-00610,CUS-0203,2022-06-01,2022-07-31,,732.35,289.45,442.9,609,90+,PARTIAL,HARDWARE,EAST
INV-00611,CUS-0429,2023-08-30,2023-09-29,2023-09-25,26296.04,26296.04,0.0,0,PAID,PAID,MAINTENANCE,SOUTH
INV-00612,CUS-0291,2022-08-26,2022-10-25,2022-10-25,7611.45,7611.45,0.0,0,PAID,PAID,SOFTWARE,SOUTH
INV-00613,CUS-0495,2023-10-21,2023-12-20,2023-12-18,664.81,664.81,0.0,0,PAID,PAID,HARDWARE,WEST
INV-00614,CUS-0013,2023-12-08,2024-01-07,2024-01-11,29798.69,29798.69,0.0,0,PAID,PAID,SERVICES,WEST
INV-00615,CUS-0492,2023-08-08,2023-09-22,2023-09-20,3396.93,3396.93,0.0,0,PAID,PAID,SOFTWARE,EAST
INV-00616,CUS-0144,2022-05-18,2022-06-17,2022-06-15,1883.9,1883.9,0.0,0,PAID,PAID,HARDWARE,NORTH
INV-00617,CUS-0167,2022-09-11,2022-10-11,2022-10-06,1945.7,1945.7,0.0,0,PAID,PAID,SOFTWARE,EAST
INV-00618,CUS-0184,2023-03-24,2023-05-08,2023-05-03,1512.56,1512.56,0.0,0,PAID,PAID,SERVICES,NORTH
INV-00619,CUS-0017,2023-04-27,2023-06-26,,2355.45,0.0,2355.45,279,90+,OVERDUE,MAINTENANCE,NORTH
INV-00620,CUS-0195,2022-11-17,2023-01-01,2023-01-14,15562.23,15562.23,0.0,0,PAID,PAID,SERVICES,EAST
INV-00621,CUS-0031,2023-05-05,2023-07-04,,15903.69,0.0,15903.69,271,90+,OVERDUE,SOFTWARE,EAST
INV-00622,CUS-0290,2022-04-04,2022-06-03,2022-06-02,1986.8,1986.8,0.0,0,PAID,PAID,MAINTENANCE,EAST
INV-00623,CUS-0131,2024-02-23,2024-03-24,2024-03-22,1234.88,1234.88,0.0,0,PAID,PAID,HARDWARE,WEST
INV-00624,CUS-0098,2023-06-11,2023-07-11,2023-07-09,417.01,417.01,0.0,0,PAID,PAID,MAINTENANCE,NORTH
INV-00625,CUS-0069,2022-06-22,2022-08-21,2022-08-17,8854.11,8854.11,0.0,0,PAID,PAID,HARDWARE,EAST
INV-00626,CUS-0114,2023-04-20,2023-06-04,2023-07-01,2487.6,2487.6,0.0,0,PAID,PAID,SERVICES,WEST
INV-00627,CUS-0393,2023-06-02,2023-07-17,2023-07-12,740.79,740.79,0.0,0,PAID,PAID,SOFTWARE,WEST
INV-00628,CUS-0127,2022-09-14,2022-10-29,2022-10-28,2339.43,2339.43,0.0,0,PAID,PAID,SERVICES,EAST
INV-00629,CUS-0128,2022-12-16,2023-02-14,2023-02-13,2264.39,2264.39,0.0,0,PAID,PAID,SOFTWARE,WEST
INV-00630,CUS-0178,2024-02-07,2024-03-23,2024-03-18,19206.64,19206.64,0.0,0,PAID,PAID,SOFTWARE,EAST
INV-00631,CUS-0398,2022-12-12,2023-01-11,2023-01-09,400.23,400.23,0.0,0,PAID,PAID,SERVICES,SOUTH
INV-00632,CUS-0357,2023-06-16,2023-07-16,2023-07-15,1580.83,1580.83,0.0,0,PAID,PAID,MAINTENANCE,WEST
INV-00633,CUS-0183,2024-03-18,2024-04-17,2024-04-17,1577.62,1577.62,0.0,0,PAID,PAID,SOFTWARE,NORTH
INV-00634,CUS-0387,2023-08-15,2023-09-14,2023-09-09,49811.7,49811.7,0.0,0,PAID,PAID,SOFTWARE,NORTH
INV-00635,CUS-0028,2022-04-08,2022-05-23,2022-06-12,9240.14,9240.14,0.0,0,PAID,PAID,SERVICES,SOUTH
INV-00636,CUS-0251,2024-01-26,2024-03-26,,1840.13,677.26,1162.87,5,CURRENT,PARTIAL,HARDWARE,NORTH
INV-00637,CUS-0258,2023-03-23,2023-04-22,2023-04-19,1061.89,1061.89,0.0,0,PAID,PAID,MAINTENANCE,WEST
INV-00638,CUS-0027,2022-12-09,2023-01-08,2023-01-07,18458.97,18458.97,0.0,0,PAID,PAID,SOFTWARE,EAST
INV-00639,CUS-0325,2023-02-02,2023-03-04,2023-03-01,1140.29,1140.29,0.0,0,PAID,PAID,SOFTWARE,WEST
INV-00640,CUS-0489,2022-04-13,2022-06-12,2022-07-09,1083.29,1083.29,0.0,0,PAID,PAID,SERVICES,SOUTH
INV-00641,CUS-0164,2023-03-05,2023-04-04,2023-04-03,2085.21,2085.21,0.0,0,PAID,PAID,HARDWARE,EAST
INV-00642,CUS-0034,2022-07-28,2022-08-27,2022-08-24,3807.68,3807.68,0.0,0,PAID,PAID,SOFTWARE,EAST
INV-00643,CUS-0197,2024-03-06,2024-04-05,2024-04-02,49678.47,49678.47,0.0,0,PAID,PAID,SOFTWARE,EAST
INV-00644,CUS-0232,2024-02-15,2024-03-16,2024-03-11,595.69,595.69,0.0,0,PAID,PAID,MAINTENANCE,WEST
INV-00645,CUS-0314,2022-08-16,2022-10-15,2022-10-11,660.72,660.72,0.0,0,PAID,PAID,HARDWARE,NORTH
INV-00646,CUS-0180,2023-08-13,2023-09-12,2023-09-28,9608.44,9608.44,0.0,0,PAID,PAID,SERVICES,NORTH
INV-00647,CUS-0052,2023-05-09,2023-07-08,2023-07-04,6273.16,6273.16,0.0,0,PAID,PAID,MAINTENANCE,EAST
INV-00648,CUS-0069,2023-03-05,2023-05-04,2023-05-03,2219.62,2219.62,0.0,0,PAID,PAID,HARDWARE,SOUTH
INV-00649,CUS-0358,2022-04-29,2022-06-13,2022-06-10,23468.95,23468.95,0.0,0,PAID,PAID,SERVICES,WEST
INV-00650,CUS-0346,2023-12-09,2024-02-07,2024-02-02,1168.44,1168.44,0.0,0,PAID,PAID,MAINTENANCE,SOUTH
INV-00651,CUS-0136,2023-08-27,2023-10-11,2023-10-11,17889.95,17889.95,0.0,0,PAID,PAID,SOFTWARE,WEST
INV-00652,CUS-0346,2022-06-29,2022-08-28,2022-08-25,1345.09,1345.09,0.0,0,PAID,PAID,SERVICES,EAST
INV-00653,CUS-0261,2022-04-03,2022-06-02,2022-05-30,3575.03,3575.03,0.0,0,PAID,PAID,SOFTWARE,EAST
INV-00654,CUS-0339,2022-06-14,2022-07-29,2022-07-28,11084.03,11084.03,0.0,0,PAID,PAID,MAINTENANCE,NORTH
INV-00655,CUS-0059,2024-01-14,2024-02-13,2024-02-12,4227.49,4227.49,0.0,0,PAID,PAID,SOFTWARE,NORTH
INV-00656,CUS-0286,2023-02-09,2023-03-26,2023-03-21,5987.37,5987.37,0.0,0,PAID,PAID,MAINTENANCE,WEST
INV-00657,CUS-0119,2022-09-21,2022-10-21,,828.15,0.0,828.15,527,90+,OVERDUE,MAINTENANCE,NORTH
INV-00658,CUS-0359,2022-06-24,2022-07-24,2022-07-19,5908.68,5908.68,0.0,0,PAID,PAID,MAINTENANCE,WEST
INV-00659,CUS-0335,2023-10-16,2023-12-15,2023-12-10,76188.49,76188.49,0.0,0,PAID,PAID,SOFTWARE,NORTH
INV-00660,CUS-0145,2022-12-23,2023-02-21,2023-02-19,3469.89,3469.89,0.0,0,PAID,PAID,SOFTWARE,SOUTH
INV-00661,CUS-0189,2023-12-14,2024-01-28,2024-02-19,4952.78,4952.78,0.0,0,PAID,PAID,SOFTWARE,NORTH
INV-00662,CUS-0005,2023-12-11,2024-02-09,2024-02-09,236.38,236.38,0.0,0,PAID,PAID,SOFTWARE,WEST
INV-00663,CUS-0199,2022-05-03,2022-06-17,2022-06-18,6581.73,6581.73,0.0,0,PAID,PAID,SERVICES,NORTH
INV-00664,CUS-0096,2022-04-14,2022-05-14,2022-05-14,7756.34,7756.34,0.0,0,PAID,PAID,SERVICES,SOUTH
INV-00665,CUS-0122,2023-03-02,2023-04-16,2023-04-11,6209.54,6209.54,0.0,0,PAID,PAID,MAINTENANCE,WEST
INV-00666,CUS-0421,2023-03-01,2023-04-30,2023-05-01,8986.33,8986.33,0.0,0,PAID,PAID,SERVICES,NORTH
INV-00667,CUS-0058,2022-08-13,2022-10-12,2022-10-07,238.46,238.46,0.0,0,PAID,PAID,SOFTWARE,SOUTH
INV-00668,CUS-0247,2023-04-14,2023-05-14,2023-05-12,2776.91,2776.91,0.0,0,PAID,PAID,SERVICES,NORTH
INV-00669,CUS-0270,2022-11-12,2023-01-11,2023-01-07,756.28,756.28,0.0,0,PAID,PAID,MAINTENANCE,NORTH
INV-00670,CUS-0318,2023-07-12,2023-09-10,2023-09-09,11045.77,11045.77,0.0,0,PAID,PAID,MAINTENANCE,NORTH
INV-00671,CUS-0136,2022-08-18,2022-10-02,2022-10-08,36436.33,36436.33,0.0,0,PAID,PAID,MAINTENANCE,WEST
INV-00672,CUS-0406,2023-08-06,2023-10-05,2023-09-30,3681.68,3681.68,0.0,0,PAID,PAID,SOFTWARE,NORTH
INV-00673,CUS-0032,2024-02-11,2024-04-11,2024-04-08,1641.05,1641.05,0.0,0,PAID,PAID,SERVICES,SOUTH
INV-00674,CUS-0017,2023-12-25,2024-02-23,,4541.28,2873.82,1667.46,37,31-60,PARTIAL,SOFTWARE,WEST
INV-00675,CUS-0479,2022-07-02,2022-08-16,2022-08-13,1536.48,1536.48,0.0,0,PAID,PAID,MAINTENANCE,EAST
INV-00676,CUS-0492,2023-12-23,2024-02-06,2024-02-03,1947.03,1947.03,0.0,0,PAID,PAID,SERVICES,SOUTH
INV-00677,CUS-0104,2023-02-23,2023-04-24,2023-04-24,735.97,735.97,0.0,0,PAID,PAID,HARDWARE,EAST
INV-00678,CUS-0264,2024-01-08,2024-02-07,2024-02-28,625.24,625.24,0.0,0,PAID,PAID,SOFTWARE,WEST
INV-00679,CUS-0163,2023-04-12,2023-06-11,2023-06-08,4364.6,4364.6,0.0,0,PAID,PAID,HARDWARE,WEST
INV-00680,CUS-0247,2024-02-26,2024-03-27,2024-03-26,7197.26,7197.26,0.0,0,PAID,PAID,SERVICES,SOUTH
INV-00681,CUS-0153,2023-05-27,2023-07-26,2023-07-26,14455.0,14455.0,0.0,0,PAID,PAID,HARDWARE,NORTH
INV-00682,CUS-0359,2023-06-20,2023-07-20,2023-07-17,1942.24,1942.24,0.0,0,PAID,PAID,HARDWARE,WEST
INV-00683,CUS-0086,2023-08-17,2023-10-16,2023-10-12,592.68,592.68,0.0,0,PAID,PAID,HARDWARE,NORTH
INV-00684,CUS-0172,2022-09-04,2022-10-19,2022-10-16,31962.93,31962.93,0.0,0,PAID,PAID,SOFTWARE,SOUTH
INV-00685,CUS-0059,2023-04-26,2023-05-26,2023-05-23,1904.64,1904.64,0.0,0,PAID,PAID,SERVICES,EAST
INV-00686,CUS-0463,2022-06-23,2022-08-22,2022-09-06,10177.21,10177.21,0.0,0,PAID,PAID,SERVICES,EAST
INV-00687,CUS-0334,2022-08-17,2022-10-01,2022-10-01,6697.5,6697.5,0.0,0,PAID,PAID,SERVICES,NORTH
INV-00688,CUS-0471,2022-06-17,2022-08-01,2022-08-01,7365.38,7365.38,0.0,0,PAID,PAID,MAINTENANCE,NORTH
INV-00689,CUS-0457,2022-05-23,2022-07-22,2022-07-19,7114.4,7114.4,0.0,0,PAID,PAID,MAINTENANCE,WEST
INV-00690,CUS-0381,2023-09-12,2023-10-12,2023-10-08,4618.9,4618.9,0.0,0,PAID,PAID,SERVICES,WEST
INV-00691,CUS-0460,2022-11-19,2023-01-03,2023-01-02,4006.62,4006.62,0.0,0,PAID,PAID,HARDWARE,SOUTH
INV-00692,CUS-0065,2023-03-04,2023-04-03,2023-03-29,932.85,932.85,0.0,0,PAID,PAID,SOFTWARE,NORTH
INV-00693,CUS-0041,2022-07-18,2022-08-17,2022-08-16,8468.2,8468.2,0.0,0,PAID,PAID,SOFTWARE,WEST
INV-00694,CUS-0190,2024-03-13,2024-04-27,2024-04-24,937.06,937.06,0.0,0,PAID,PAID,SOFTWARE,WEST
INV-00695,CUS-0040,2022-07-29,2022-09-12,2022-09-11,10730.24,10730.24,0.0,0,PAID,PAID,SOFTWARE,WEST
INV-00696,CUS-0162,2023-05-18,2023-06-17,2023-06-14,3692.08,3692.08,0.0,0,PAID,PAID,SOFTWARE,SOUTH
INV-00697,CUS-0393,2024-03-21,2024-05-05,2024-05-02,960.66,960.66,0.0,0,PAID,PAID,HARDWARE,EAST
INV-00698,CUS-0168,2022-06-08,2022-08-07,2022-08-02,996.34,996.34,0.0,0,PAID,PAID,MAINTENANCE,WEST
INV-00699,CUS-0371,2022-06-13,2022-07-13,2022-08-02,26255.63,26255.63,0.0,0,PAID,PAID,SERVICES,NORTH
INV-00700,CUS-0108,2024-01-13,2024-02-27,2024-02-23,6137.38,6137.38,0.0,0,PAID,PAID,MAINTENANCE,SOUTH
INV-00701,CUS-0085,2023-02-09,2023-04-10,2023-04-07,3380.21,3380.21,0.0,0,PAID,PAID,SERVICES,NORTH
INV-00702,CUS-0060,2022-10-16,2022-11-15,2022-11-29,34015.2,34015.2,0.0,0,PAID,PAID,MAINTENANCE,NORTH
INV-00703,CUS-0285,2022-04-19,2022-06-03,2022-05-29,916.33,916.33,0.0,0,PAID,PAID,SERVICES,WEST
INV-00704,CUS-0022,2022-08-12,2022-10-11,2022-10-09,5606.22,5606.22,0.0,0,PAID,PAID,SOFTWARE,WEST
INV-00705,CUS-0037,2023-02-14,2023-03-16,2023-03-12,3219.83,3219.83,0.0,0,PAID,PAID,SOFTWARE,EAST
INV-00706,CUS-0349,2022-06-12,2022-07-12,2022-07-10,7368.05,7368.05,0.0,0,PAID,PAID,MAINTENANCE,WEST
INV-00707,CUS-0189,2022-11-01,2022-12-16,2023-01-11,72226.3,72226.3,0.0,0,PAID,PAID,SOFTWARE,SOUTH
INV-00708,CUS-0081,2022-11-01,2022-12-01,,2200.83,736.13,1464.7,486,90+,PARTIAL,MAINTENANCE,SOUTH
INV-00709,CUS-0296,2022-08-05,2022-09-04,2022-09-03,139.95,139.95,0.0,0,PAID,PAID,MAINTENANCE,NORTH
INV-00710,CUS-0115,2024-02-19,2024-04-19,,3891.89,0.0,3891.89,0,CURRENT,OVERDUE,MAINTENANCE,EAST
INV-00711,CUS-0083,2024-03-04,2024-04-03,2024-03-30,17070.73,17070.73,0.0,0,PAID,PAID,HARDWARE,NORTH
INV-00712,CUS-0300,2023-08-23,2023-09-22,2023-10-04,23522.04,23522.04,0.0,0,PAID,PAID,SOFTWARE,SOUTH
INV-00713,CUS-0292,2022-10-15,2022-11-29,2022-11-27,38373.06,38373.06,0.0,0,PAID,PAID,MAINTENANCE,NORTH
INV-00714,CUS-0287,2022-10-04,2022-12-03,2022-12-02,2881.83,2881.83,0.0,0,PAID,PAID,MAINTENANCE,EAST
INV-00715,CUS-0112,2023-11-07,2024-01-06,2024-01-06,2933.24,2933.24,0.0,0,PAID,PAID,SERVICES,SOUTH
INV-00716,CUS-0132,2023-10-05,2023-11-19,2023-12-19,2899.03,2899.03,0.0,0,PAID,PAID,MAINTENANCE,WEST
INV-00717,CUS-0020,2024-03-02,2024-05-01,,5629.44,0.0,5629.44,0,CURRENT,OVERDUE,HARDWARE,NORTH
INV-00718,CUS-0008,2023-12-06,2024-02-04,2024-02-03,30015.98,30015.98,0.0,0,PAID,PAID,HARDWARE,SOUTH
INV-00719,CUS-0021,2024-01-28,2024-02-27,2024-02-25,1923.17,1923.17,0.0,0,PAID,PAID,MAINTENANCE,WEST
INV-00720,CUS-0267,2023-08-29,2023-10-13,2023-10-11,5360.6,5360.6,0.0,0,PAID,PAID,SERVICES,SOUTH
INV-00721,CUS-0405,2024-03-12,2024-04-11,,819.08,389.59,429.49,0,CURRENT,PARTIAL,MAINTENANCE,NORTH
INV-00722,CUS-0343,2022-12-17,2023-01-31,2023-01-28,6196.64,6196.64,0.0,0,PAID,PAID,SERVICES,EAST
INV-00723,CUS-0218,2023-08-16,2023-10-15,2023-10-13,24320.99,24320.99,0.0,0,PAID,PAID,MAINTENANCE,EAST
INV-00724,CUS-0482,2022-06-05,2022-08-04,2022-07-31,3198.86,3198.86,0.0,0,PAID,PAID,MAINTENANCE,SOUTH
INV-00725,CUS-0250,2023-06-25,2023-07-25,2023-07-22,15585.09,15585.09,0.0,0,PAID,PAID,MAINTENANCE,WEST
INV-00726,CUS-0112,2022-11-28,2023-01-27,2023-02-11,10143.5,10143.5,0.0,0,PAID,PAID,SOFTWARE,NORTH
INV-00727,CUS-0358,2022-04-27,2022-06-11,2022-06-09,2172.99,2172.99,0.0,0,PAID,PAID,MAINTENANCE,SOUTH
INV-00728,CUS-0482,2023-03-19,2023-05-18,2023-05-18,1391.9,1391.9,0.0,0,PAID,PAID,SOFTWARE,NORTH
INV-00729,CUS-0135,2022-05-22,2022-06-21,2022-06-16,5415.84,5415.84,0.0,0,PAID,PAID,SERVICES,EAST
INV-00730,CUS-0035,2022-10-26,2022-12-10,2022-12-08,1129.58,1129.58,0.0,0,PAID,PAID,SOFTWARE,WEST
INV-00731,CUS-0354,2023-04-26,2023-05-26,2023-06-24,6734.38,6734.38,0.0,0,PAID,PAID,MAINTENANCE,EAST
INV-00732,CUS-0231,2023-05-05,2023-06-04,2023-06-02,2514.85,2514.85,0.0,0,PAID,PAID,HARDWARE,NORTH
INV-00733,CUS-0490,2022-09-13,2022-10-28,2022-10-23,2959.82,2959.82,0.0,0,PAID,PAID,SOFTWARE,EAST
INV-00734,CUS-0263,2022-05-31,2022-07-30,2022-07-26,850.42,850.42,0.0,0,PAID,PAID,SERVICES,EAST
INV-00735,CUS-0074,2023-07-01,2023-07-31,2023-07-27,8782.91,8782.91,0.0,0,PAID,PAID,SERVICES,SOUTH
INV-00736,CUS-0214,2022-12-01,2022-12-31,2022-12-27,2331.35,2331.35,0.0,0,PAID,PAID,HARDWARE,NORTH
INV-00737,CUS-0064,2023-07-13,2023-08-12,2023-08-08,12355.76,12355.76,0.0,0,PAID,PAID,SERVICES,NORTH
INV-00738,CUS-0414,2023-01-06,2023-03-07,2023-03-07,78415.41,78415.41,0.0,0,PAID,PAID,MAINTENANCE,EAST
INV-00739,CUS-0083,2023-11-14,2023-12-14,2023-12-13,77482.5,77482.5,0.0,0,PAID,PAID,SOFTWARE,EAST
INV-00740,CUS-0232,2023-02-01,2023-03-03,2023-02-26,9545.65,9545.65,0.0,0,PAID,PAID,SOFTWARE,WEST
INV-00741,CUS-0402,2023-07-11,2023-08-10,2023-08-06,239.62,239.62,0.0,0,PAID,PAID,SOFTWARE,EAST
INV-00742,CUS-0337,2024-03-18,2024-05-17,2024-05-12,21606.34,21606.34,0.0,0,PAID,PAID,MAINTENANCE,WEST
INV-00743,CUS-0157,2023-10-14,2023-11-13,2023-11-10,4946.53,4946.53,0.0,0,PAID,PAID,SOFTWARE,WEST
INV-00744,CUS-0013,2022-06-22,2022-07-22,2022-07-20,4881.01,4881.01,0.0,0,PAID,PAID,MAINTENANCE,WEST
INV-00745,CUS-0441,2023-10-09,2023-11-08,2023-11-03,7552.94,7552.94,0.0,0,PAID,PAID,MAINTENANCE,WEST
INV-00746,CUS-0298,2022-12-29,2023-01-28,2023-02-11,2957.58,2957.58,0.0,0,PAID,PAID,SOFTWARE,SOUTH
INV-00747,CUS-0030,2022-12-02,2023-01-01,2022-12-29,3970.71,3970.71,0.0,0,PAID,PAID,SOFTWARE,NORTH
INV-00748,CUS-0256,2023-05-02,2023-07-01,2023-07-01,2240.25,2240.25,0.0,0,PAID,PAID,SOFTWARE,EAST
INV-00749,CUS-0243,2023-05-29,2023-07-13,,2935.58,1360.49,1575.09,262,90+,PARTIAL,HARDWARE,EAST
INV-00750,CUS-0082,2022-09-20,2022-11-04,2022-11-04,14329.94,14329.94,0.0,0,PAID,PAID,SOFTWARE,NORTH
INV-00751,CUS-0016,2022-05-16,2022-07-15,2022-07-13,1094.62,1094.62,0.0,0,PAID,PAID,SERVICES,EAST
INV-00752,CUS-0474,2024-01-10,2024-03-10,2024-03-09,56280.61,56280.61,0.0,0,PAID,PAID,SOFTWARE,WEST
INV-00753,CUS-0322,2023-10-31,2023-12-15,,28710.53,0.0,28710.53,107,90+,OVERDUE,SERVICES,EAST
INV-00754,CUS-0031,2022-11-27,2023-01-26,2023-01-21,19759.42,19759.42,0.0,0,PAID,PAID,MAINTENANCE,NORTH
INV-00755,CUS-0464,2022-04-24,2022-06-08,2022-06-08,7880.87,7880.87,0.0,0,PAID,PAID,HARDWARE,WEST
INV-00756,CUS-0194,2023-12-08,2024-01-07,2024-01-03,576.37,576.37,0.0,0,PAID,PAID,MAINTENANCE,EAST
INV-00757,CUS-0098,2022-06-02,2022-07-02,2022-06-27,937.31,937.31,0.0,0,PAID,PAID,SOFTWARE,SOUTH
INV-00758,CUS-0321,2023-12-24,2024-01-23,,399.78,226.63,173.15,68,61-90,PARTIAL,SOFTWARE,EAST
INV-00759,CUS-0320,2022-10-13,2022-12-12,2022-12-08,3094.21,3094.21,0.0,0,PAID,PAID,MAINTENANCE,WEST
INV-00760,CUS-0111,2022-11-14,2022-12-29,,3682.97,1604.3,2078.67,458,90+,PARTIAL,HARDWARE,WEST
INV-00761,CUS-0070,2022-10-29,2022-11-28,2022-12-19,7002.91,7002.91,0.0,0,PAID,PAID,HARDWARE,SOUTH
INV-00762,CUS-0018,2023-07-12,2023-08-11,2023-09-06,1811.33,1811.33,0.0,0,PAID,PAID,SERVICES,NORTH
INV-00763,CUS-0135,2023-06-20,2023-07-20,2023-07-16,47207.03,47207.03,0.0,0,PAID,PAID,HARDWARE,SOUTH
INV-00764,CUS-0191,2022-08-07,2022-09-06,2022-09-06,45537.17,45537.17,0.0,0,PAID,PAID,HARDWARE,SOUTH
INV-00765,CUS-0287,2023-04-08,2023-06-07,2023-06-06,474.52,474.52,0.0,0,PAID,PAID,SOFTWARE,WEST
INV-00766,CUS-0090,2023-03-09,2023-04-23,2023-04-19,2049.79,2049.79,0.0,0,PAID,PAID,SERVICES,WEST
INV-00767,CUS-0111,2024-03-20,2024-05-04,2024-05-04,5376.93,5376.93,0.0,0,PAID,PAID,SERVICES,WEST
INV-00768,CUS-0462,2024-01-14,2024-03-14,2024-03-10,1419.52,1419.52,0.0,0,PAID,PAID,SERVICES,WEST
INV-00769,CUS-0089,2023-11-05,2024-01-04,2024-01-04,9537.79,9537.79,0.0,0,PAID,PAID,SOFTWARE,EAST
INV-00770,CUS-0273,2022-08-15,2022-09-14,2022-09-14,2494.53,2494.53,0.0,0,PAID,PAID,SOFTWARE,EAST
INV-00771,CUS-0360,2024-01-03,2024-02-17,2024-02-17,1605.7,1605.7,0.0,0,PAID,PAID,SERVICES,SOUTH
INV-00772,CUS-0061,2022-07-06,2022-09-04,,498.07,208.8,289.27,574,90+,PARTIAL,HARDWARE,EAST
INV-00773,CUS-0369,2023-03-05,2023-04-19,2023-04-17,22618.25,22618.25,0.0,0,PAID,PAID,SERVICES,WEST
INV-00774,CUS-0444,2024-01-12,2024-03-12,2024-03-11,15625.28,15625.28,0.0,0,PAID,PAID,SOFTWARE,WEST
INV-00775,CUS-0005,2022-05-14,2022-07-13,2022-07-22,1112.9,1112.9,0.0,0,PAID,PAID,HARDWARE,EAST
INV-00776,CUS-0449,2023-03-12,2023-04-11,2023-04-11,1042.13,1042.13,0.0,0,PAID,PAID,MAINTENANCE,NORTH
INV-00777,CUS-0053,2023-04-13,2023-06-12,2023-06-12,1278.62,1278.62,0.0,0,PAID,PAID,SERVICES,NORTH
INV-00778,CUS-0068,2023-06-21,2023-08-05,2023-07-31,674.39,674.39,0.0,0,PAID,PAID,SOFTWARE,EAST
INV-00779,CUS-0151,2023-03-15,2023-04-14,2023-04-09,23315.53,23315.53,0.0,0,PAID,PAID,SOFTWARE,SOUTH
INV-00780,CUS-0131,2023-06-16,2023-07-16,2023-07-15,1282.68,1282.68,0.0,0,PAID,PAID,SOFTWARE,WEST
INV-00781,CUS-0399,2023-10-02,2023-12-01,2023-11-28,48077.58,48077.58,0.0,0,PAID,PAID,SERVICES,SOUTH
INV-00782,CUS-0190,2022-06-03,2022-07-18,2022-07-15,1803.71,1803.71,0.0,0,PAID,PAID,SERVICES,EAST
INV-00783,CUS-0458,2024-03-15,2024-04-14,,1349.56,0.0,1349.56,0,CURRENT,OVERDUE,SOFTWARE,EAST
INV-00784,CUS-0368,2023-11-09,2023-12-24,2023-12-19,4274.03,4274.03,0.0,0,PAID,PAID,HARDWARE,EAST
INV-00785,CUS-0251,2022-09-23,2022-11-22,2022-11-22,2325.61,2325.61,0.0,0,PAID,PAID,SOFTWARE,EAST
INV-00786,CUS-0235,2023-06-09,2023-07-24,2023-07-20,4726.33,4726.33,0.0,0,PAID,PAID,SERVICES,EAST
INV-00787,CUS-0122,2022-06-13,2022-07-28,,10050.17,5860.27,4189.9,612,90+,PARTIAL,SERVICES,SOUTH
INV-00788,CUS-0026,2024-02-07,2024-03-23,2024-03-21,14025.46,14025.46,0.0,0,PAID,PAID,SERVICES,SOUTH
INV-00789,CUS-0262,2023-11-30,2024-01-29,,1164.97,502.55,662.42,62,61-90,PARTIAL,SOFTWARE,NORTH
INV-00790,CUS-0285,2024-01-04,2024-02-18,2024-02-18,248.7,248.7,0.0,0,PAID,PAID,HARDWARE,SOUTH
INV-00791,CUS-0405,2023-06-06,2023-07-06,2023-07-29,1058.46,1058.46,0.0,0,PAID,PAID,MAINTENANCE,WEST
INV-00792,CUS-0463,2022-10-30,2022-12-29,2023-01-19,1237.85,1237.85,0.0,0,PAID,PAID,HARDWARE,NORTH
INV-00793,CUS-0010,2023-07-07,2023-08-06,2023-08-04,4772.92,4772.92,0.0,0,PAID,PAID,MAINTENANCE,EAST
INV-00794,CUS-0110,2022-09-01,2022-10-01,2022-09-26,597.92,597.92,0.0,0,PAID,PAID,HARDWARE,NORTH
INV-00795,CUS-0309,2023-08-03,2023-10-02,2023-10-01,2180.77,2180.77,0.0,0,PAID,PAID,MAINTENANCE,NORTH
INV-00796,CUS-0355,2022-08-10,2022-09-09,2022-10-04,2791.03,2791.03,0.0,0,PAID,PAID,SERVICES,EAST
INV-00797,CUS-0433,2023-09-18,2023-10-18,2023-10-14,1526.02,1526.02,0.0,0,PAID,PAID,SERVICES,SOUTH
INV-00798,CUS-0424,2022-06-23,2022-07-23,,2127.86,0.0,2127.86,617,90+,OVERDUE,SERVICES,NORTH
INV-00799,CUS-0393,2022-08-20,2022-10-04,2022-09-29,2230.53,2230.53,0.0,0,PAID,PAID,SOFTWARE,NORTH
INV-00800,CUS-0078,2024-02-07,2024-03-23,,3387.32,0.0,3387.32,8,CURRENT,OVERDUE,MAINTENANCE,NORTH
INV-00801,CUS-0127,2023-01-13,2023-02-27,,7667.76,0.0,7667.76,398,90+,OVERDUE,MAINTENANCE,SOUTH
INV-00802,CUS-0028,2023-05-16,2023-06-30,2023-07-22,1199.94,1199.94,0.0,0,PAID,PAID,SOFTWARE,NORTH
INV-00803,CUS-0288,2024-02-09,2024-04-09,2024-04-08,2210.84,2210.84,0.0,0,PAID,PAID,SERVICES,SOUTH
INV-00804,CUS-0147,2022-04-04,2022-06-03,2022-05-29,903.37,903.37,0.0,0,PAID,PAID,HARDWARE,EAST
INV-00805,CUS-0115,2023-06-06,2023-08-05,2023-08-02,25444.9,25444.9,0.0,0,PAID,PAID,HARDWARE,EAST
INV-00806,CUS-0004,2022-08-15,2022-09-29,2022-09-26,9307.78,9307.78,0.0,0,PAID,PAID,SERVICES,NORTH
INV-00807,CUS-0229,2024-03-21,2024-04-20,2024-04-16,1752.94,1752.94,0.0,0,PAID,PAID,HARDWARE,SOUTH
INV-00808,CUS-0477,2024-01-08,2024-02-22,2024-02-19,4399.89,4399.89,0.0,0,PAID,PAID,MAINTENANCE,EAST
INV-00809,CUS-0139,2022-12-16,2023-01-30,2023-01-28,1622.01,1622.01,0.0,0,PAID,PAID,HARDWARE,NORTH
INV-00810,CUS-0225,2023-05-03,2023-06-17,,1123.92,527.71,596.21,288,90+,PARTIAL,HARDWARE,SOUTH
INV-00811,CUS-0118,2024-01-30,2024-03-15,2024-03-13,658.72,658.72,0.0,0,PAID,PAID,SERVICES,NORTH
INV-00812,CUS-0044,2022-11-18,2022-12-18,2022-12-15,1473.66,1473.66,0.0,0,PAID,PAID,HARDWARE,EAST
INV-00813,CUS-0201,2022-10-06,2022-11-20,2022-11-17,5437.27,5437.27,0.0,0,PAID,PAID,SOFTWARE,EAST
INV-00814,CUS-0349,2022-10-13,2022-11-12,2022-11-08,1538.81,1538.81,0.0,0,PAID,PAID,SOFTWARE,NORTH
INV-00815,CUS-0121,2023-09-02,2023-10-17,2023-10-12,15448.55,15448.55,0.0,0,PAID,PAID,MAINTENANCE,NORTH
INV-00816,CUS-0158,2024-03-18,2024-04-17,,5946.34,3964.34,1982.0,0,CURRENT,PARTIAL,MAINTENANCE,EAST
INV-00817,CUS-0178,2023-04-15,2023-05-30,,7415.33,4281.21,3134.12,306,90+,PARTIAL,SOFTWARE,NORTH
INV-00818,CUS-0182,2023-09-18,2023-11-17,,9314.63,4440.91,4873.72,135,90+,PARTIAL,SERVICES,WEST
INV-00819,CUS-0239,2023-10-27,2023-12-11,2023-12-06,19643.84,19643.84,0.0,0,PAID,PAID,HARDWARE,NORTH
INV-00820,CUS-0223,2023-03-30,2023-05-29,,3263.88,1503.58,1760.3,307,90+,PARTIAL,MAINTENANCE,SOUTH
INV-00821,CUS-0009,2022-08-05,2022-09-04,,1575.5,968.92,606.58,574,90+,PARTIAL,HARDWARE,WEST
INV-00822,CUS-0014,2022-04-23,2022-06-22,2022-06-19,9311.64,9311.64,0.0,0,PAID,PAID,HARDWARE,EAST
INV-00823,CUS-0482,2023-09-18,2023-11-17,2023-11-15,5632.49,5632.49,0.0,0,PAID,PAID,SOFTWARE,NORTH
INV-00824,CUS-0466,2022-09-01,2022-10-31,2022-10-26,1405.4,1405.4,0.0,0,PAID,PAID,HARDWARE,SOUTH
INV-00825,CUS-0350,2023-08-26,2023-10-25,,26766.99,10774.1,15992.89,158,90+,PARTIAL,MAINTENANCE,WEST
INV-00826,CUS-0497,2022-05-11,2022-06-10,2022-06-25,7939.23,7939.23,0.0,0,PAID,PAID,SOFTWARE,SOUTH
INV-00827,CUS-0440,2023-07-15,2023-08-14,2023-08-14,7758.82,7758.82,0.0,0,PAID,PAID,SOFTWARE,EAST
INV-00828,CUS-0336,2023-06-12,2023-07-27,2023-07-22,1549.48,1549.48,0.0,0,PAID,PAID,SERVICES,EAST
INV-00829,CUS-0200,2022-12-29,2023-01-28,2023-01-26,4883.53,4883.53,0.0,0,PAID,PAID,SERVICES,EAST
INV-00830,CUS-0077,2023-05-09,2023-07-08,,564.51,0.0,564.51,267,90+,OVERDUE,SOFTWARE,NORTH
INV-00831,CUS-0213,2022-09-02,2022-11-01,2022-10-28,1112.47,1112.47,0.0,0,PAID,PAID,HARDWARE,WEST
INV-00832,CUS-0220,2023-02-04,2023-03-06,2023-03-05,6079.54,6079.54,0.0,0,PAID,PAID,SOFTWARE,NORTH
INV-00833,CUS-0423,2024-02-01,2024-03-17,2024-03-14,3145.01,3145.01,0.0,0,PAID,PAID,MAINTENANCE,EAST
INV-00834,CUS-0233,2022-10-26,2022-11-25,2022-11-22,6020.27,6020.27,0.0,0,PAID,PAID,SERVICES,SOUTH
INV-00835,CUS-0047,2023-08-30,2023-10-29,2023-10-29,4860.8,4860.8,0.0,0,PAID,PAID,MAINTENANCE,SOUTH
INV-00836,CUS-0181,2023-06-07,2023-07-22,2023-07-17,1358.31,1358.31,0.0,0,PAID,PAID,SOFTWARE,WEST
INV-00837,CUS-0045,2024-03-22,2024-05-21,2024-05-16,664.73,664.73,0.0,0,PAID,PAID,SERVICES,WEST
INV-00838,CUS-0050,2022-08-01,2022-09-15,2022-09-15,13494.66,13494.66,0.0,0,PAID,PAID,SERVICES,NORTH
INV-00839,CUS-0361,2022-06-23,2022-07-23,2022-08-10,49799.08,49799.08,0.0,0,PAID,PAID,HARDWARE,SOUTH
INV-00840,CUS-0168,2022-09-22,2022-11-21,2022-11-16,321.42,321.42,0.0,0,PAID,PAID,SERVICES,NORTH
INV-00841,CUS-0119,2022-10-28,2022-11-27,2022-11-25,271.59,271.59,0.0,0,PAID,PAID,SOFTWARE,SOUTH
INV-00842,CUS-0014,2023-07-24,2023-09-22,2023-09-20,1802.67,1802.67,0.0,0,PAID,PAID,SOFTWARE,SOUTH
INV-00843,CUS-0345,2022-12-02,2023-01-31,2023-01-29,278395.0,278395.0,0.0,0,PAID,PAID,HARDWARE,NORTH
INV-00844,CUS-0483,2024-02-06,2024-03-07,2024-03-07,2659.4,2659.4,0.0,0,PAID,PAID,SERVICES,SOUTH
INV-00845,CUS-0146,2023-08-03,2023-09-17,2023-09-15,26881.56,26881.56,0.0,0,PAID,PAID,SERVICES,SOUTH
INV-00846,CUS-0218,2022-09-25,2022-11-24,,20551.87,6703.01,13848.86,493,90+,PARTIAL,SOFTWARE,SOUTH
INV-00847,CUS-0278,2023-12-27,2024-02-10,,311.79,117.44,194.35,50,31-60,PARTIAL,MAINTENANCE,EAST
INV-00848,CUS-0068,2023-05-26,2023-07-10,2023-07-07,3466.27,3466.27,0.0,0,PAID,PAID,SOFTWARE,NORTH
INV-00849,CUS-0358,2024-02-16,2024-04-01,2024-04-11,20587.32,20587.32,0.0,0,PAID,PAID,SOFTWARE,EAST
INV-00850,CUS-0383,2022-12-07,2023-01-06,2023-01-04,1686.42,1686.42,0.0,0,PAID,PAID,SOFTWARE,WEST
INV-00851,CUS-0376,2022-04-06,2022-05-21,2022-05-18,11237.06,11237.06,0.0,0,PAID,PAID,HARDWARE,SOUTH
INV-00852,CUS-0363,2022-04-30,2022-06-14,,22190.75,12383.07,9807.68,656,90+,PARTIAL,SERVICES,WEST
INV-00853,CUS-0122,2022-11-30,2023-01-14,2023-01-13,7986.0,7986.0,0.0,0,PAID,PAID,SERVICES,EAST
INV-00854,CUS-0361,2022-06-05,2022-07-05,,17534.09,8730.52,8803.57,635,90+,PARTIAL,SERVICES,WEST
INV-00855,CUS-0213,2023-05-25,2023-07-24,2023-07-20,805.94,805.94,0.0,0,PAID,PAID,HARDWARE,SOUTH
INV-00856,CUS-0225,2023-09-10,2023-10-25,2023-11-09,1230.33,1230.33,0.0,0,PAID,PAID,SOFTWARE,WEST
INV-00857,CUS-0107,2023-01-02,2023-02-16,2023-02-13,4649.41,4649.41,0.0,0,PAID,PAID,SOFTWARE,EAST
INV-00858,CUS-0300,2022-09-15,2022-10-15,2022-10-14,2988.01,2988.01,0.0,0,PAID,PAID,HARDWARE,EAST
INV-00859,CUS-0011,2023-04-16,2023-06-15,2023-06-14,259.41,259.41,0.0,0,PAID,PAID,HARDWARE,WEST
INV-00860,CUS-0032,2024-02-04,2024-04-04,2024-04-01,1354.05,1354.05,0.0,0,PAID,PAID,MAINTENANCE,WEST
INV-00861,CUS-0328,2023-06-15,2023-07-30,2023-07-28,601.84,601.84,0.0,0,PAID,PAID,SERVICES,WEST
INV-00862,CUS-0023,2023-07-12,2023-09-10,2023-09-09,13848.98,13848.98,0.0,0,PAID,PAID,SERVICES,NORTH
INV-00863,CUS-0246,2023-08-08,2023-09-07,,3920.02,0.0,3920.02,206,90+,OVERDUE,SERVICES,NORTH
INV-00864,CUS-0320,2023-04-25,2023-06-24,2023-06-23,1978.96,1978.96,0.0,0,PAID,PAID,HARDWARE,NORTH
INV-00865,CUS-0405,2022-04-08,2022-05-08,2022-05-04,2090.71,2090.71,0.0,0,PAID,PAID,SOFTWARE,EAST
INV-00866,CUS-0020,2023-09-18,2023-11-17,2023-11-26,14339.81,14339.81,0.0,0,PAID,PAID,SERVICES,EAST
INV-00867,CUS-0427,2023-11-05,2024-01-04,2024-01-03,1697.45,1697.45,0.0,0,PAID,PAID,SERVICES,NORTH
INV-00868,CUS-0301,2023-01-03,2023-02-17,2023-02-15,35462.29,35462.29,0.0,0,PAID,PAID,MAINTENANCE,WEST
INV-00869,CUS-0293,2022-11-07,2022-12-22,2022-12-18,1508.27,1508.27,0.0,0,PAID,PAID,SOFTWARE,WEST
INV-00870,CUS-0453,2023-06-24,2023-07-24,2023-07-19,2439.09,2439.09,0.0,0,PAID,PAID,SOFTWARE,WEST
INV-00871,CUS-0092,2022-05-29,2022-06-28,2022-06-24,10143.39,10143.39,0.0,0,PAID,PAID,MAINTENANCE,WEST
INV-00872,CUS-0475,2022-09-12,2022-10-27,2022-10-25,1157.03,1157.03,0.0,0,PAID,PAID,SOFTWARE,WEST
INV-00873,CUS-0368,2024-02-13,2024-03-29,2024-03-26,777.75,777.75,0.0,0,PAID,PAID,HARDWARE,EAST
INV-00874,CUS-0384,2024-03-23,2024-05-07,2024-05-06,74767.25,74767.25,0.0,0,PAID,PAID,SERVICES,NORTH
INV-00875,CUS-0201,2023-12-29,2024-02-12,,463.53,293.75,169.78,48,31-60,PARTIAL,SERVICES,SOUTH
INV-00876,CUS-0028,2022-08-27,2022-10-11,2022-10-06,929.88,929.88,0.0,0,PAID,PAID,MAINTENANCE,EAST
INV-00877,CUS-0059,2023-11-28,2023-12-28,2023-12-24,9726.95,9726.95,0.0,0,PAID,PAID,HARDWARE,SOUTH
INV-00878,CUS-0149,2022-05-15,2022-06-29,,7791.34,5436.04,2355.3,641,90+,PARTIAL,MAINTENANCE,WEST
INV-00879,CUS-0050,2023-08-07,2023-09-21,2023-09-18,9091.1,9091.1,0.0,0,PAID,PAID,HARDWARE,WEST
INV-00880,CUS-0162,2022-04-07,2022-05-07,2022-05-05,6119.74,6119.74,0.0,0,PAID,PAID,MAINTENANCE,EAST
INV-00881,CUS-0137,2022-10-19,2022-12-18,2022-12-13,2747.22,2747.22,0.0,0,PAID,PAID,SOFTWARE,NORTH
INV-00882,CUS-0318,2023-06-18,2023-08-17,2023-08-16,9134.63,9134.63,0.0,0,PAID,PAID,HARDWARE,WEST
INV-00883,CUS-0190,2023-11-17,2024-01-01,2023-12-30,208.27,208.27,0.0,0,PAID,PAID,HARDWARE,WEST
INV-00884,CUS-0275,2022-12-08,2023-01-22,2023-01-22,21494.36,21494.36,0.0,0,PAID,PAID,SOFTWARE,EAST
INV-00885,CUS-0457,2024-01-03,2024-03-03,2024-03-03,715.72,715.72,0.0,0,PAID,PAID,SOFTWARE,WEST
INV-00886,CUS-0018,2024-03-26,2024-04-25,2024-05-08,19257.15,19257.15,0.0,0,PAID,PAID,SOFTWARE,SOUTH
INV-00887,CUS-0059,2024-02-28,2024-03-29,2024-03-24,7221.58,7221.58,0.0,0,PAID,PAID,MAINTENANCE,SOUTH
INV-00888,CUS-0401,2024-03-23,2024-05-07,2024-05-03,13915.96,13915.96,0.0,0,PAID,PAID,MAINTENANCE,EAST
INV-00889,CUS-0097,2023-01-13,2023-03-14,2023-03-13,15503.65,15503.65,0.0,0,PAID,PAID,MAINTENANCE,NORTH
INV-00890,CUS-0284,2023-05-29,2023-07-13,2023-07-12,4689.09,4689.09,0.0,0,PAID,PAID,SERVICES,WEST
INV-00891,CUS-0094,2023-07-10,2023-09-08,2023-09-08,2329.09,2329.09,0.0,0,PAID,PAID,HARDWARE,EAST
INV-00892,CUS-0371,2024-02-09,2024-03-10,2024-03-05,22293.72,22293.72,0.0,0,PAID,PAID,SERVICES,WEST
INV-00893,CUS-0458,2023-11-20,2023-12-20,2023-12-19,1093.48,1093.48,0.0,0,PAID,PAID,MAINTENANCE,WEST
INV-00894,CUS-0215,2023-12-17,2024-01-16,2024-01-22,9584.98,9584.98,0.0,0,PAID,PAID,HARDWARE,WEST
INV-00895,CUS-0383,2024-01-24,2024-02-23,2024-02-22,6551.38,6551.38,0.0,0,PAID,PAID,SERVICES,EAST
INV-00896,CUS-0305,2022-05-25,2022-07-09,2022-08-02,607.92,607.92,0.0,0,PAID,PAID,SOFTWARE,WEST
INV-00897,CUS-0300,2022-04-10,2022-05-10,,1479.73,0.0,1479.73,691,90+,OVERDUE,HARDWARE,EAST
INV-00898,CUS-0332,2022-08-13,2022-10-12,2022-10-12,824.28,824.28,0.0,0,PAID,PAID,SERVICES,WEST
INV-00899,CUS-0492,2022-04-02,2022-05-17,2022-05-16,3260.46,3260.46,0.0,0,PAID,PAID,HARDWARE,WEST
INV-00900,CUS-0474,2023-12-06,2024-02-04,2024-01-30,34970.76,34970.76,0.0,0,PAID,PAID,MAINTENANCE,WEST
INV-00901,CUS-0285,2023-02-22,2023-04-08,2023-04-07,55.94,55.94,0.0,0,PAID,PAID,MAINTENANCE,NORTH
INV-00902,CUS-0156,2023-11-08,2024-01-07,2024-01-02,2027.16,2027.16,0.0,0,PAID,PAID,SOFTWARE,EAST
INV-00903,CUS-0284,2023-03-02,2023-04-16,2023-04-16,4350.9,4350.9,0.0,0,PAID,PAID,HARDWARE,SOUTH
INV-00904,CUS-0383,2024-02-28,2024-03-29,2024-03-27,779.63,779.63,0.0,0,PAID,PAID,SOFTWARE,SOUTH
INV-00905,CUS-0069,2022-05-14,2022-07-13,2022-07-12,1604.94,1604.94,0.0,0,PAID,PAID,SERVICES,NORTH
INV-00906,CUS-0073,2022-05-15,2022-06-14,2022-06-09,26344.03,26344.03,0.0,0,PAID,PAID,HARDWARE,EAST
INV-00907,CUS-0321,2022-10-25,2022-11-24,2022-11-30,3553.49,3553.49,0.0,0,PAID,PAID,SOFTWARE,NORTH
INV-00908,CUS-0460,2023-08-24,2023-10-08,2023-10-08,3911.96,3911.96,0.0,0,PAID,PAID,HARDWARE,WEST
INV-00909,CUS-0100,2024-02-01,2024-03-02,2024-02-27,6451.3,6451.3,0.0,0,PAID,PAID,HARDWARE,NORTH
INV-00910,CUS-0005,2022-12-06,2023-02-04,2023-02-03,1414.98,1414.98,0.0,0,PAID,PAID,SERVICES,SOUTH
INV-00911,CUS-0472,2022-04-13,2022-05-13,2022-05-10,1806.39,1806.39,0.0,0,PAID,PAID,HARDWARE,NORTH
INV-00912,CUS-0067,2022-09-24,2022-11-23,,13410.97,0.0,13410.97,494,90+,OVERDUE,HARDWARE,SOUTH
INV-00913,CUS-0261,2024-01-27,2024-03-27,,8918.28,0.0,8918.28,4,CURRENT,OVERDUE,HARDWARE,SOUTH
INV-00914,CUS-0153,2023-10-11,2023-12-10,2023-12-10,3883.28,3883.28,0.0,0,PAID,PAID,MAINTENANCE,NORTH
INV-00915,CUS-0063,2022-05-24,2022-07-08,2022-07-03,795.7,795.7,0.0,0,PAID,PAID,SOFTWARE,SOUTH
INV-00916,CUS-0080,2023-10-30,2023-12-14,2023-12-18,580.32,580.32,0.0,0,PAID,PAID,SOFTWARE,SOUTH
INV-00917,CUS-0017,2022-04-24,2022-06-23,2022-06-29,5593.15,5593.15,0.0,0,PAID,PAID,HARDWARE,WEST
INV-00918,CUS-0266,2022-09-02,2022-10-02,2022-10-01,3335.39,3335.39,0.0,0,PAID,PAID,MAINTENANCE,SOUTH
INV-00919,CUS-0383,2023-12-11,2024-01-10,,3749.78,1542.6,2207.18,81,61-90,PARTIAL,SERVICES,NORTH
INV-00920,CUS-0446,2023-01-24,2023-03-25,2023-03-24,14233.4,14233.4,0.0,0,PAID,PAID,MAINTENANCE,EAST
INV-00921,CUS-0490,2022-04-30,2022-06-14,,2267.91,0.0,2267.91,656,90+,OVERDUE,HARDWARE,SOUTH
INV-00922,CUS-0191,2022-11-22,2022-12-22,2022-12-22,10347.8,10347.8,0.0,0,PAID,PAID,SERVICES,WEST
INV-00923,CUS-0469,2023-11-08,2023-12-23,2023-12-18,6670.57,6670.57,0.0,0,PAID,PAID,SERVICES,WEST
INV-00924,CUS-0408,2024-02-27,2024-04-12,2024-04-08,19950.57,19950.57,0.0,0,PAID,PAID,MAINTENANCE,WEST
INV-00925,CUS-0122,2023-11-12,2023-12-27,2023-12-22,169161.46,169161.46,0.0,0,PAID,PAID,HARDWARE,SOUTH
INV-00926,CUS-0140,2023-12-24,2024-01-23,2024-01-23,21727.64,21727.64,0.0,0,PAID,PAID,SERVICES,SOUTH
INV-00927,CUS-0474,2022-09-09,2022-11-08,2022-11-04,25626.68,25626.68,0.0,0,PAID,PAID,HARDWARE,NORTH
INV-00928,CUS-0397,2022-11-27,2023-01-26,2023-01-24,2193.44,2193.44,0.0,0,PAID,PAID,SOFTWARE,SOUTH
INV-00929,CUS-0354,2023-11-28,2023-12-28,2023-12-28,192633.65,192633.65,0.0,0,PAID,PAID,SOFTWARE,WEST
INV-00930,CUS-0081,2024-03-14,2024-04-13,2024-04-11,1187.19,1187.19,0.0,0,PAID,PAID,HARDWARE,WEST
INV-00931,CUS-0101,2022-08-04,2022-09-03,2022-09-02,1606.88,1606.88,0.0,0,PAID,PAID,SERVICES,EAST
INV-00932,CUS-0138,2023-02-12,2023-03-29,2023-03-29,24427.73,24427.73,0.0,0,PAID,PAID,SOFTWARE,SOUTH
INV-00933,CUS-0001,2024-01-18,2024-03-18,2024-03-17,2320.13,2320.13,0.0,0,PAID,PAID,MAINTENANCE,NORTH
INV-00934,CUS-0183,2023-08-01,2023-08-31,2023-09-03,765.74,765.74,0.0,0,PAID,PAID,SOFTWARE,NORTH
INV-00935,CUS-0169,2023-03-09,2023-04-08,2023-04-13,1654.03,1654.03,0.0,0,PAID,PAID,HARDWARE,SOUTH
INV-00936,CUS-0105,2022-12-04,2023-01-18,2023-01-18,115.84,115.84,0.0,0,PAID,PAID,MAINTENANCE,WEST
INV-00937,CUS-0237,2024-02-24,2024-04-09,2024-04-08,1243.16,1243.16,0.0,0,PAID,PAID,SOFTWARE,WEST
INV-00938,CUS-0068,2024-02-10,2024-03-26,2024-03-24,9765.09,9765.09,0.0,0,PAID,PAID,SERVICES,WEST
INV-00939,CUS-0128,2024-01-12,2024-03-12,2024-03-09,5716.81,5716.81,0.0,0,PAID,PAID,HARDWARE,EAST
INV-00940,CUS-0158,2023-01-13,2023-02-12,2023-02-09,1343.4,1343.4,0.0,0,PAID,PAID,MAINTENANCE,WEST
INV-00941,CUS-0139,2023-08-18,2023-10-02,2023-09-29,1936.73,1936.73,0.0,0,PAID,PAID,HARDWARE,WEST
INV-00942,CUS-0131,2023-06-02,2023-07-02,2023-07-27,196.54,196.54,0.0,0,PAID,PAID,SERVICES,SOUTH
INV-00943,CUS-0006,2022-08-22,2022-09-21,2022-09-18,7233.45,7233.45,0.0,0,PAID,PAID,SERVICES,WEST
INV-00944,CUS-0119,2023-08-01,2023-08-31,2023-08-27,2134.05,2134.05,0.0,0,PAID,PAID,MAINTENANCE,NORTH
INV-00945,CUS-0035,2023-06-14,2023-07-29,2023-07-26,22020.83,22020.83,0.0,0,PAID,PAID,SOFTWARE,SOUTH
INV-00946,CUS-0465,2022-04-17,2022-06-16,2022-06-12,10215.07,10215.07,0.0,0,PAID,PAID,SERVICES,WEST
INV-00947,CUS-0469,2022-12-22,2023-02-05,,7055.07,0.0,7055.07,420,90+,OVERDUE,MAINTENANCE,EAST
INV-00948,CUS-0333,2023-05-16,2023-07-15,2023-07-13,8225.81,8225.81,0.0,0,PAID,PAID,HARDWARE,WEST
INV-00949,CUS-0116,2023-12-09,2024-01-08,,5382.44,0.0,5382.44,83,61-90,OVERDUE,HARDWARE,WEST
INV-00950,CUS-0034,2024-03-23,2024-04-22,,4063.5,0.0,4063.5,0,CURRENT,OVERDUE,SOFTWARE,SOUTH
INV-00951,CUS-0472,2023-11-09,2023-12-09,2023-12-07,3240.6,3240.6,0.0,0,PAID,PAID,SERVICES,WEST
INV-00952,CUS-0171,2022-10-13,2022-11-27,2022-11-22,2405.62,2405.62,0.0,0,PAID,PAID,MAINTENANCE,WEST
INV-00953,CUS-0380,2024-01-05,2024-02-19,2024-02-19,1380.97,1380.97,0.0,0,PAID,PAID,SERVICES,NORTH
INV-00954,CUS-0452,2024-03-10,2024-04-09,2024-04-06,5202.41,5202.41,0.0,0,PAID,PAID,SOFTWARE,EAST
INV-00955,CUS-0293,2023-02-05,2023-03-22,2023-03-17,7752.91,7752.91,0.0,0,PAID,PAID,SOFTWARE,NORTH
INV-00956,CUS-0009,2024-02-27,2024-03-28,2024-04-18,18638.38,18638.38,0.0,0,PAID,PAID,MAINTENANCE,WEST
INV-00957,CUS-0442,2023-12-17,2024-01-31,2024-01-30,5219.88,5219.88,0.0,0,PAID,PAID,MAINTENANCE,SOUTH
INV-00958,CUS-0343,2022-05-28,2022-07-12,2022-07-10,55825.29,55825.29,0.0,0,PAID,PAID,MAINTENANCE,EAST
INV-00959,CUS-0358,2022-09-28,2022-11-12,2022-11-07,17966.42,17966.42,0.0,0,PAID,PAID,HARDWARE,NORTH
INV-00960,CUS-0056,2023-08-02,2023-09-01,2023-08-30,5014.96,5014.96,0.0,0,PAID,PAID,SOFTWARE,WEST
INV-00961,CUS-0304,2023-09-18,2023-10-18,2023-10-17,4152.56,4152.56,0.0,0,PAID,PAID,MAINTENANCE,NORTH
INV-00962,CUS-0352,2024-02-13,2024-04-13,2024-04-08,1172.74,1172.74,0.0,0,PAID,PAID,MAINTENANCE,WEST
INV-00963,CUS-0040,2022-09-27,2022-11-11,2022-11-17,7815.46,7815.46,0.0,0,PAID,PAID,SOFTWARE,EAST
INV-00964,CUS-0041,2022-04-27,2022-05-27,2022-05-26,3095.02,3095.02,0.0,0,PAID,PAID,MAINTENANCE,SOUTH
INV-00965,CUS-0426,2023-08-14,2023-09-28,2023-09-27,232.2,232.2,0.0,0,PAID,PAID,SOFTWARE,SOUTH
INV-00966,CUS-0354,2023-01-31,2023-03-02,2023-03-28,26492.51,26492.51,0.0,0,PAID,PAID,SOFTWARE,EAST
INV-00967,CUS-0370,2022-04-11,2022-05-26,2022-05-22,28974.12,28974.12,0.0,0,PAID,PAID,HARDWARE,SOUTH
INV-00968,CUS-0442,2022-11-15,2022-12-30,2022-12-27,1733.65,1733.65,0.0,0,PAID,PAID,HARDWARE,EAST
INV-00969,CUS-0254,2023-07-21,2023-09-04,2023-08-31,1134.13,1134.13,0.0,0,PAID,PAID,SOFTWARE,WEST
INV-00970,CUS-0477,2022-05-27,2022-07-11,2022-07-11,5797.07,5797.07,0.0,0,PAID,PAID,HARDWARE,NORTH
INV-00971,CUS-0451,2023-01-04,2023-02-18,2023-02-19,12189.73,12189.73,0.0,0,PAID,PAID,HARDWARE,NORTH
INV-00972,CUS-0221,2023-11-21,2024-01-20,2024-01-20,10517.2,10517.2,0.0,0,PAID,PAID,MAINTENANCE,EAST
INV-00973,CUS-0216,2022-04-15,2022-06-14,2022-06-12,9467.55,9467.55,0.0,0,PAID,PAID,MAINTENANCE,EAST
INV-00974,CUS-0014,2023-06-12,2023-08-11,2023-08-09,4867.92,4867.92,0.0,0,PAID,PAID,SERVICES,SOUTH
INV-00975,CUS-0325,2023-03-22,2023-04-21,2023-04-18,476.04,476.04,0.0,0,PAID,PAID,HARDWARE,EAST
INV-00976,CUS-0363,2022-09-04,2022-10-19,,672.56,0.0,672.56,529,90+,OVERDUE,HARDWARE,WEST
INV-00977,CUS-0030,2023-05-03,2023-06-02,,28166.55,12976.99,15189.56,303,90+,PARTIAL,SOFTWARE,NORTH
INV-00978,CUS-0062,2023-01-28,2023-03-14,2023-03-10,873.64,873.64,0.0,0,PAID,PAID,SERVICES,SOUTH
INV-00979,CUS-0305,2022-09-01,2022-10-16,2022-10-11,5793.8,5793.8,0.0,0,PAID,PAID,MAINTENANCE,WEST
INV-00980,CUS-0028,2024-01-16,2024-03-01,2024-02-25,1348.21,1348.21,0.0,0,PAID,PAID,SERVICES,NORTH
INV-00981,CUS-0119,2023-06-12,2023-07-12,2023-08-07,2194.05,2194.05,0.0,0,PAID,PAID,SERVICES,WEST
INV-00982,CUS-0407,2022-04-30,2022-06-29,2022-06-26,551.28,551.28,0.0,0,PAID,PAID,HARDWARE,EAST
INV-00983,CUS-0374,2023-10-15,2023-12-14,2024-01-13,7555.32,7555.32,0.0,0,PAID,PAID,MAINTENANCE,NORTH
INV-00984,CUS-0008,2022-10-30,2022-12-29,2022-12-28,3084.77,3084.77,0.0,0,PAID,PAID,SOFTWARE,NORTH
INV-00985,CUS-0485,2022-08-19,2022-10-18,2022-10-18,10791.16,10791.16,0.0,0,PAID,PAID,SERVICES,WEST
INV-00986,CUS-0369,2023-06-09,2023-07-24,,12442.3,8485.9,3956.4,251,90+,PARTIAL,MAINTENANCE,SOUTH
INV-00987,CUS-0398,2022-08-11,2022-09-10,2022-09-09,355.97,355.97,0.0,0,PAID,PAID,HARDWARE,NORTH
INV-00988,CUS-0060,2023-12-01,2023-12-31,,14524.74,0.0,14524.74,91,90+,OVERDUE,HARDWARE,SOUTH
INV-00989,CUS-0116,2023-02-27,2023-03-29,2023-04-09,647.02,647.02,0.0,0,PAID,PAID,MAINTENANCE,EAST
INV-00990,CUS-0481,2022-07-01,2022-08-15,2022-08-10,11640.14,11640.14,0.0,0,PAID,PAID,MAINTENANCE,NORTH
INV-00991,CUS-0455,2023-05-19,2023-06-18,,2533.96,0.0,2533.96,287,90+,OVERDUE,MAINTENANCE,NORTH
INV-00992,CUS-0035,2022-10-23,2022-12-07,,6972.7,3020.02,3952.68,480,90+,PARTIAL,SOFTWARE,NORTH
INV-00993,CUS-0356,2022-09-07,2022-10-22,2022-11-04,1480.15,1480.15,0.0,0,PAID,PAID,MAINTENANCE,WEST
INV-00994,CUS-0198,2022-08-27,2022-10-26,2022-10-26,1705.23,1705.23,0.0,0,PAID,PAID,SERVICES,NORTH
INV-00995,CUS-0324,2023-10-24,2023-12-08,2023-12-03,28625.79,28625.79,0.0,0,PAID,PAID,SOFTWARE,NORTH
INV-00996,CUS-0168,2022-04-27,2022-06-26,2022-06-24,1116.42,1116.42,0.0,0,PAID,PAID,MAINTENANCE,NORTH
INV-00997,CUS-0058,2022-04-29,2022-06-28,2022-06-24,2377.3,2377.3,0.0,0,PAID,PAID,SOFTWARE,WEST
INV-00998,CUS-0333,2024-01-09,2024-03-09,2024-03-07,6415.54,6415.54,0.0,0,PAID,PAID,SOFTWARE,SOUTH
INV-00999,CUS-0048,2023-11-24,2024-01-23,2024-01-19,38600.56,38600.56,0.0,0,PAID,PAID,MAINTENANCE,EAST
INV-01000,CUS-0349,2024-03-02,2024-04-01,2024-03-30,2473.36,2473.36,0.0,0,PAID,PAID,SOFTWARE,WEST
INV-01001,CUS-0418,2023-08-22,2023-09-21,2023-09-19,11069.15,11069.15,0.0,0,PAID,PAID,SOFTWARE,NORTH
INV-01002,CUS-0478,2022-06-18,2022-07-18,2022-07-13,3767.64,3767.64,0.0,0,PAID,PAID,HARDWARE,EAST
INV-01003,CUS-0232,2023-09-18,2023-10-18,2023-10-17,261.81,261.81,0.0,0,PAID,PAID,MAINTENANCE,EAST
INV-01004,CUS-0356,2024-02-14,2024-03-30,2024-03-28,10849.29,10849.29,0.0,0,PAID,PAID,SOFTWARE,SOUTH
INV-01005,CUS-0033,2022-04-03,2022-05-03,2022-05-03,10949.4,10949.4,0.0,0,PAID,PAID,SOFTWARE,WEST
INV-01006,CUS-0277,2024-02-10,2024-04-10,2024-04-05,2773.98,2773.98,0.0,0,PAID,PAID,SOFTWARE,NORTH
INV-01007,CUS-0379,2022-08-21,2022-10-05,2022-09-30,1511.34,1511.34,0.0,0,PAID,PAID,MAINTENANCE,EAST
INV-01008,CUS-0283,2023-03-11,2023-04-10,2023-04-06,20531.55,20531.55,0.0,0,PAID,PAID,SERVICES,EAST
INV-01009,CUS-0275,2023-10-20,2023-12-04,2023-12-22,11477.44,11477.44,0.0,0,PAID,PAID,MAINTENANCE,NORTH
INV-01010,CUS-0396,2023-10-03,2023-11-17,2023-11-13,16045.1,16045.1,0.0,0,PAID,PAID,HARDWARE,EAST
INV-01011,CUS-0002,2023-11-15,2023-12-30,2023-12-26,7561.91,7561.91,0.0,0,PAID,PAID,SOFTWARE,WEST
INV-01012,CUS-0359,2023-06-03,2023-07-03,2023-07-02,7975.67,7975.67,0.0,0,PAID,PAID,SOFTWARE,SOUTH
INV-01013,CUS-0288,2022-04-29,2022-06-28,2022-06-28,1129.66,1129.66,0.0,0,PAID,PAID,SERVICES,NORTH
INV-01014,CUS-0075,2023-08-27,2023-10-26,2023-10-23,20339.98,20339.98,0.0,0,PAID,PAID,SOFTWARE,NORTH
INV-01015,CUS-0298,2023-12-06,2024-01-05,2024-01-02,15837.82,15837.82,0.0,0,PAID,PAID,SOFTWARE,NORTH
INV-01016,CUS-0122,2024-03-27,2024-05-11,,71782.6,0.0,71782.6,0,CURRENT,OVERDUE,SERVICES,WEST
INV-01017,CUS-0181,2023-06-12,2023-07-27,,588.09,323.91,264.18,248,90+,PARTIAL,MAINTENANCE,SOUTH
INV-01018,CUS-0213,2022-04-22,2022-06-21,2022-06-20,612.84,612.84,0.0,0,PAID,PAID,MAINTENANCE,WEST
INV-01019,CUS-0384,2023-06-24,2023-08-08,2023-08-07,37175.15,37175.15,0.0,0,PAID,PAID,MAINTENANCE,NORTH
INV-01020,CUS-0226,2023-01-13,2023-02-12,2023-03-05,1917.68,1917.68,0.0,0,PAID,PAID,MAINTENANCE,EAST
INV-01021,CUS-0358,2023-06-02,2023-07-17,2023-07-17,6511.92,6511.92,0.0,0,PAID,PAID,HARDWARE,NORTH
INV-01022,CUS-0038,2024-02-20,2024-03-21,2024-03-16,6325.06,6325.06,0.0,0,PAID,PAID,SOFTWARE,NORTH
INV-01023,CUS-0264,2022-09-18,2022-10-18,2022-10-13,9185.19,9185.19,0.0,0,PAID,PAID,HARDWARE,SOUTH
INV-01024,CUS-0411,2023-11-13,2023-12-28,2023-12-23,17044.24,17044.24,0.0,0,PAID,PAID,MAINTENANCE,EAST
INV-01025,CUS-0119,2022-10-10,2022-11-09,2022-11-09,867.56,867.56,0.0,0,PAID,PAID,SOFTWARE,WEST
INV-01026,CUS-0104,2022-11-06,2023-01-05,2023-01-01,1040.38,1040.38,0.0,0,PAID,PAID,MAINTENANCE,NORTH
INV-01027,CUS-0023,2022-10-18,2022-12-17,2022-12-16,3546.36,3546.36,0.0,0,PAID,PAID,HARDWARE,SOUTH
INV-01028,CUS-0336,2023-11-29,2024-01-13,2024-01-10,9444.8,9444.8,0.0,0,PAID,PAID,SERVICES,NORTH
INV-01029,CUS-0358,2024-01-14,2024-02-28,2024-02-27,18140.58,18140.58,0.0,0,PAID,PAID,SOFTWARE,NORTH
INV-01030,CUS-0403,2023-08-19,2023-10-03,2023-10-05,8968.53,8968.53,0.0,0,PAID,PAID,HARDWARE,NORTH
INV-01031,CUS-0471,2023-05-11,2023-06-25,2023-06-21,6947.68,6947.68,0.0,0,PAID,PAID,SOFTWARE,WEST
INV-01032,CUS-0115,2023-12-09,2024-02-07,2024-02-07,14110.19,14110.19,0.0,0,PAID,PAID,SERVICES,WEST
INV-01033,CUS-0086,2023-05-19,2023-07-18,2023-08-10,7299.32,7299.32,0.0,0,PAID,PAID,SERVICES,EAST
INV-01034,CUS-0049,2023-03-25,2023-05-09,,252.56,142.71,109.85,327,90+,PARTIAL,HARDWARE,SOUTH
INV-01035,CUS-0152,2023-02-20,2023-04-06,2023-04-05,2902.11,2902.11,0.0,0,PAID,PAID,SERVICES,SOUTH
INV-01036,CUS-0360,2023-09-07,2023-10-22,2023-10-21,1554.11,1554.11,0.0,0,PAID,PAID,SERVICES,EAST
INV-01037,CUS-0422,2022-08-04,2022-09-18,2022-09-15,2908.28,2908.28,0.0,0,PAID,PAID,HARDWARE,EAST
INV-01038,CUS-0310,2022-10-05,2022-11-19,2022-11-18,19326.63,19326.63,0.0,0,PAID,PAID,MAINTENANCE,WEST
INV-01039,CUS-0434,2023-01-28,2023-02-27,,7732.36,0.0,7732.36,398,90+,OVERDUE,MAINTENANCE,SOUTH
INV-01040,CUS-0359,2023-05-22,2023-06-21,2023-06-21,523.26,523.26,0.0,0,PAID,PAID,SERVICES,SOUTH
INV-01041,CUS-0358,2022-05-04,2022-06-18,2022-06-13,12295.42,12295.42,0.0,0,PAID,PAID,SOFTWARE,WEST
INV-01042,CUS-0193,2023-08-30,2023-10-14,2023-11-09,2063.5,2063.5,0.0,0,PAID,PAID,MAINTENANCE,WEST
INV-01043,CUS-0095,2022-11-16,2022-12-16,,320.99,128.07,192.92,471,90+,PARTIAL,SERVICES,NORTH
INV-01044,CUS-0204,2022-06-14,2022-07-29,2022-07-24,4910.98,4910.98,0.0,0,PAID,PAID,MAINTENANCE,NORTH
INV-01045,CUS-0500,2023-10-01,2023-10-31,,27085.21,12056.38,15028.83,152,90+,PARTIAL,SERVICES,EAST
INV-01046,CUS-0468,2022-06-18,2022-07-18,2022-07-17,3191.65,3191.65,0.0,0,PAID,PAID,SERVICES,NORTH
INV-01047,CUS-0236,2023-01-10,2023-03-11,2023-03-10,31928.02,31928.02,0.0,0,PAID,PAID,MAINTENANCE,NORTH
INV-01048,CUS-0466,2023-09-22,2023-11-21,2023-11-16,2177.48,2177.48,0.0,0,PAID,PAID,SERVICES,WEST
INV-01049,CUS-0427,2022-09-29,2022-11-28,2022-11-23,2419.63,2419.63,0.0,0,PAID,PAID,SERVICES,EAST
INV-01050,CUS-0333,2022-10-08,2022-12-07,2022-12-13,6138.01,6138.01,0.0,0,PAID,PAID,SERVICES,WEST
INV-01051,CUS-0421,2022-06-22,2022-08-21,2022-08-16,43851.8,43851.8,0.0,0,PAID,PAID,MAINTENANCE,WEST
INV-01052,CUS-0185,2022-07-08,2022-09-06,2022-09-01,15832.76,15832.76,0.0,0,PAID,PAID,SOFTWARE,SOUTH
INV-01053,CUS-0074,2022-11-02,2022-12-02,2022-11-27,10417.67,10417.67,0.0,0,PAID,PAID,SERVICES,NORTH
INV-01054,CUS-0300,2022-11-03,2022-12-03,2022-12-02,532.61,532.61,0.0,0,PAID,PAID,MAINTENANCE,WEST
INV-01055,CUS-0063,2024-02-22,2024-04-07,2024-04-05,1865.33,1865.33,0.0,0,PAID,PAID,MAINTENANCE,EAST
INV-01056,CUS-0317,2023-03-28,2023-04-27,,552.29,0.0,552.29,339,90+,OVERDUE,SOFTWARE,EAST
INV-01057,CUS-0043,2022-11-08,2022-12-08,2022-12-11,4807.71,4807.71,0.0,0,PAID,PAID,SERVICES,WEST
INV-01058,CUS-0444,2022-12-03,2023-02-01,,3790.38,2099.38,1691.0,424,90+,PARTIAL,HARDWARE,SOUTH
INV-01059,CUS-0073,2023-09-04,2023-10-04,2023-10-10,5677.61,5677.61,0.0,0,PAID,PAID,HARDWARE,NORTH
INV-01060,CUS-0084,2023-07-07,2023-09-05,2023-09-02,3224.66,3224.66,0.0,0,PAID,PAID,HARDWARE,WEST
INV-01061,CUS-0150,2024-02-20,2024-04-05,2024-04-01,5115.67,5115.67,0.0,0,PAID,PAID,HARDWARE,WEST
INV-01062,CUS-0218,2022-04-28,2022-06-27,2022-07-27,14090.59,14090.59,0.0,0,PAID,PAID,HARDWARE,WEST
INV-01063,CUS-0456,2022-12-13,2023-02-11,2023-02-06,8019.81,8019.81,0.0,0,PAID,PAID,HARDWARE,WEST
INV-01064,CUS-0407,2023-01-28,2023-03-29,2023-03-25,1371.41,1371.41,0.0,0,PAID,PAID,SOFTWARE,SOUTH
INV-01065,CUS-0305,2022-06-10,2022-07-25,2022-07-24,12406.47,12406.47,0.0,0,PAID,PAID,SERVICES,NORTH
INV-01066,CUS-0341,2023-11-16,2023-12-16,2023-12-15,1526.74,1526.74,0.0,0,PAID,PAID,SERVICES,NORTH
INV-01067,CUS-0114,2023-12-21,2024-02-04,,13948.49,5578.09,8370.4,56,31-60,PARTIAL,HARDWARE,EAST
INV-01068,CUS-0492,2022-12-03,2023-01-17,2023-01-15,11910.94,11910.94,0.0,0,PAID,PAID,SERVICES,SOUTH
INV-01069,CUS-0460,2024-02-17,2024-04-02,2024-03-29,31336.99,31336.99,0.0,0,PAID,PAID,MAINTENANCE,SOUTH
INV-01070,CUS-0058,2024-02-25,2024-04-25,,827.49,0.0,827.49,0,CURRENT,OVERDUE,HARDWARE,WEST
INV-01071,CUS-0500,2024-01-03,2024-02-02,,5213.75,0.0,5213.75,58,31-60,OVERDUE,MAINTENANCE,NORTH
INV-01072,CUS-0277,2022-04-13,2022-06-12,2022-06-08,872.49,872.49,0.0,0,PAID,PAID,MAINTENANCE,EAST
INV-01073,CUS-0122,2023-04-01,2023-05-16,2023-05-16,963.85,963.85,0.0,0,PAID,PAID,SERVICES,SOUTH
INV-01074,CUS-0059,2022-12-24,2023-01-23,2023-01-23,1354.27,1354.27,0.0,0,PAID,PAID,MAINTENANCE,WEST
INV-01075,CUS-0398,2024-01-06,2024-02-05,2024-02-01,463.4,463.4,0.0,0,PAID,PAID,SOFTWARE,WEST
INV-01076,CUS-0116,2023-08-22,2023-09-21,2023-09-22,9302.08,9302.08,0.0,0,PAID,PAID,SOFTWARE,EAST
INV-01077,CUS-0043,2024-02-08,2024-03-09,2024-03-07,40094.84,40094.84,0.0,0,PAID,PAID,SERVICES,EAST
INV-01078,CUS-0214,2022-06-02,2022-07-02,2022-07-20,227.43,227.43,0.0,0,PAID,PAID,SERVICES,NORTH
INV-01079,CUS-0385,2022-10-14,2022-11-13,2022-11-10,13891.17,13891.17,0.0,0,PAID,PAID,SOFTWARE,SOUTH
INV-01080,CUS-0115,2023-05-08,2023-07-07,2023-07-08,15992.01,15992.01,0.0,0,PAID,PAID,SERVICES,SOUTH
INV-01081,CUS-0334,2022-11-26,2023-01-10,2023-01-10,5313.62,5313.62,0.0,0,PAID,PAID,SOFTWARE,WEST
INV-01082,CUS-0183,2023-12-06,2024-01-05,2024-01-05,716.59,716.59,0.0,0,PAID,PAID,SOFTWARE,SOUTH
INV-01083,CUS-0371,2023-10-31,2023-11-30,,12344.31,0.0,12344.31,122,90+,OVERDUE,SERVICES,NORTH
INV-01084,CUS-0110,2022-05-13,2022-06-12,2022-06-08,205.44,205.44,0.0,0,PAID,PAID,MAINTENANCE,SOUTH
INV-01085,CUS-0165,2022-05-17,2022-06-16,2022-06-13,2430.46,2430.46,0.0,0,PAID,PAID,MAINTENANCE,SOUTH
INV-01086,CUS-0156,2023-04-19,2023-06-18,,9677.07,5971.58,3705.49,287,90+,PARTIAL,SOFTWARE,SOUTH
INV-01087,CUS-0485,2023-09-05,2023-11-04,2023-11-04,14828.58,14828.58,0.0,0,PAID,PAID,SOFTWARE,NORTH
INV-01088,CUS-0356,2023-02-11,2023-03-28,2023-03-24,1078.84,1078.84,0.0,0,PAID,PAID,HARDWARE,WEST
INV-01089,CUS-0091,2023-09-14,2023-10-14,2023-10-30,1962.22,1962.22,0.0,0,PAID,PAID,HARDWARE,WEST
INV-01090,CUS-0129,2023-12-19,2024-01-18,2024-01-13,8267.81,8267.81,0.0,0,PAID,PAID,SOFTWARE,SOUTH
INV-01091,CUS-0212,2023-03-18,2023-05-17,2023-05-15,487.04,487.04,0.0,0,PAID,PAID,SOFTWARE,WEST
INV-01092,CUS-0132,2022-04-14,2022-05-29,2022-05-29,2191.06,2191.06,0.0,0,PAID,PAID,SOFTWARE,SOUTH
INV-01093,CUS-0487,2023-10-08,2023-11-07,2023-11-06,5177.77,5177.77,0.0,0,PAID,PAID,MAINTENANCE,NORTH
INV-01094,CUS-0084,2023-10-07,2023-12-06,,2904.62,0.0,2904.62,116,90+,OVERDUE,SOFTWARE,WEST
INV-01095,CUS-0469,2023-08-26,2023-10-10,2023-10-09,3856.07,3856.07,0.0,0,PAID,PAID,HARDWARE,NORTH
INV-01096,CUS-0019,2023-03-15,2023-04-14,2023-04-12,873.43,873.43,0.0,0,PAID,PAID,SOFTWARE,SOUTH
INV-01097,CUS-0103,2023-10-14,2023-11-28,2023-11-28,1906.38,1906.38,0.0,0,PAID,PAID,MAINTENANCE,NORTH
INV-01098,CUS-0313,2022-08-29,2022-10-28,2022-10-26,955.78,955.78,0.0,0,PAID,PAID,SERVICES,EAST
INV-01099,CUS-0442,2023-07-09,2023-08-23,2023-08-23,1221.76,1221.76,0.0,0,PAID,PAID,SOFTWARE,NORTH
INV-01100,CUS-0129,2022-12-31,2023-01-30,2023-01-25,2973.02,2973.02,0.0,0,PAID,PAID,SERVICES,SOUTH
INV-01101,CUS-0369,2023-05-13,2023-06-27,2023-06-23,3235.78,3235.78,0.0,0,PAID,PAID,HARDWARE,WEST
INV-01102,CUS-0230,2023-02-01,2023-03-18,2023-03-15,2391.75,2391.75,0.0,0,PAID,PAID,SERVICES,EAST
INV-01103,CUS-0081,2023-04-17,2023-05-17,2023-05-12,2982.06,2982.06,0.0,0,PAID,PAID,HARDWARE,SOUTH
INV-01104,CUS-0458,2023-10-26,2023-11-25,2023-11-23,2867.98,2867.98,0.0,0,PAID,PAID,SERVICES,SOUTH
INV-01105,CUS-0017,2022-08-18,2022-10-17,2022-10-14,5649.62,5649.62,0.0,0,PAID,PAID,HARDWARE,NORTH
INV-01106,CUS-0405,2024-02-15,2024-03-16,2024-04-05,1223.83,1223.83,0.0,0,PAID,PAID,HARDWARE,NORTH
INV-01107,CUS-0015,2023-02-07,2023-03-09,2023-03-06,517.2,517.2,0.0,0,PAID,PAID,HARDWARE,NORTH
INV-01108,CUS-0141,2023-07-17,2023-09-15,2023-09-12,49349.65,49349.65,0.0,0,PAID,PAID,SOFTWARE,SOUTH
INV-01109,CUS-0074,2024-03-24,2024-04-23,2024-04-20,7388.6,7388.6,0.0,0,PAID,PAID,SERVICES,EAST
INV-01110,CUS-0321,2022-09-26,2022-10-26,2022-11-18,183.32,183.32,0.0,0,PAID,PAID,HARDWARE,WEST
INV-01111,CUS-0140,2023-10-05,2023-11-04,2023-10-31,28970.95,28970.95,0.0,0,PAID,PAID,HARDWARE,SOUTH
INV-01112,CUS-0187,2023-11-16,2023-12-16,2023-12-15,644.48,644.48,0.0,0,PAID,PAID,SERVICES,NORTH
INV-01113,CUS-0493,2022-06-18,2022-07-18,2022-07-13,2241.32,2241.32,0.0,0,PAID,PAID,SOFTWARE,WEST
INV-01114,CUS-0283,2022-05-14,2022-06-13,2022-06-09,393.98,393.98,0.0,0,PAID,PAID,HARDWARE,SOUTH
INV-01115,CUS-0257,2022-04-27,2022-05-27,2022-06-09,1511.05,1511.05,0.0,0,PAID,PAID,MAINTENANCE,WEST
INV-01116,CUS-0099,2023-01-19,2023-03-05,2023-03-05,15668.59,15668.59,0.0,0,PAID,PAID,SOFTWARE,SOUTH
INV-01117,CUS-0377,2023-11-04,2023-12-04,,3721.17,0.0,3721.17,118,90+,OVERDUE,MAINTENANCE,EAST
INV-01118,CUS-0126,2023-04-20,2023-06-19,2023-06-18,4804.63,4804.63,0.0,0,PAID,PAID,SERVICES,EAST
INV-01119,CUS-0159,2024-02-01,2024-03-02,2024-03-02,5196.12,5196.12,0.0,0,PAID,PAID,SOFTWARE,EAST
INV-01120,CUS-0189,2022-12-12,2023-01-26,2023-02-24,23223.46,23223.46,0.0,0,PAID,PAID,SERVICES,SOUTH
INV-01121,CUS-0296,2024-01-03,2024-02-02,2024-02-04,1330.44,1330.44,0.0,0,PAID,PAID,SOFTWARE,SOUTH
INV-01122,CUS-0380,2023-03-02,2023-04-16,2023-04-14,1130.99,1130.99,0.0,0,PAID,PAID,SERVICES,EAST
INV-01123,CUS-0193,2022-08-20,2022-10-04,,1804.12,0.0,1804.12,544,90+,OVERDUE,SERVICES,SOUTH
INV-01124,CUS-0115,2023-08-27,2023-10-26,2023-10-22,28902.75,28902.75,0.0,0,PAID,PAID,SERVICES,EAST
INV-01125,CUS-0292,2023-03-05,2023-04-19,2023-04-19,12353.75,12353.75,0.0,0,PAID,PAID,SERVICES,SOUTH
INV-01126,CUS-0026,2023-06-04,2023-07-19,2023-07-19,1638.6,1638.6,0.0,0,PAID,PAID,HARDWARE,WEST
INV-01127,CUS-0103,2023-04-13,2023-05-28,,277.03,153.4,123.63,308,90+,PARTIAL,SOFTWARE,WEST
INV-01128,CUS-0401,2023-03-20,2023-05-04,2023-05-02,93527.75,93527.75,0.0,0,PAID,PAID,SOFTWARE,WEST
INV-01129,CUS-0483,2024-01-15,2024-02-14,2024-02-09,1056.35,1056.35,0.0,0,PAID,PAID,MAINTENANCE,EAST
INV-01130,CUS-0473,2023-11-02,2023-12-02,,4278.85,1444.01,2834.84,120,90+,PARTIAL,SOFTWARE,WEST
INV-01131,CUS-0486,2024-03-21,2024-05-05,2024-05-04,3122.0,3122.0,0.0,0,PAID,PAID,SOFTWARE,WEST
INV-01132,CUS-0076,2023-12-05,2024-02-03,2024-02-03,7978.28,7978.28,0.0,0,PAID,PAID,SERVICES,SOUTH
INV-01133,CUS-0479,2023-09-01,2023-10-16,2023-10-11,11939.51,11939.51,0.0,0,PAID,PAID,SOFTWARE,NORTH
INV-01134,CUS-0450,2023-05-02,2023-07-01,2023-06-30,8574.23,8574.23,0.0,0,PAID,PAID,MAINTENANCE,WEST
INV-01135,CUS-0169,2023-07-27,2023-08-26,2023-08-25,343.83,343.83,0.0,0,PAID,PAID,HARDWARE,NORTH
INV-01136,CUS-0279,2023-06-26,2023-08-10,2023-08-10,2378.61,2378.61,0.0,0,PAID,PAID,HARDWARE,NORTH
INV-01137,CUS-0258,2023-05-31,2023-06-30,2023-06-30,9516.89,9516.89,0.0,0,PAID,PAID,SERVICES,SOUTH
INV-01138,CUS-0209,2022-05-31,2022-06-30,2022-06-30,2739.08,2739.08,0.0,0,PAID,PAID,HARDWARE,EAST
INV-01139,CUS-0262,2023-02-15,2023-04-16,2023-04-13,511.37,511.37,0.0,0,PAID,PAID,MAINTENANCE,SOUTH
INV-01140,CUS-0253,2023-12-01,2024-01-15,2024-01-14,4352.32,4352.32,0.0,0,PAID,PAID,SOFTWARE,NORTH
INV-01141,CUS-0471,2023-11-09,2023-12-24,2023-12-24,10725.61,10725.61,0.0,0,PAID,PAID,HARDWARE,NORTH
INV-01142,CUS-0354,2023-04-03,2023-05-03,2023-05-03,7269.54,7269.54,0.0,0,PAID,PAID,MAINTENANCE,SOUTH
INV-01143,CUS-0212,2023-03-02,2023-05-01,2023-05-02,4449.99,4449.99,0.0,0,PAID,PAID,SOFTWARE,WEST
INV-01144,CUS-0205,2022-11-23,2023-01-07,2023-01-02,8662.92,8662.92,0.0,0,PAID,PAID,SERVICES,SOUTH
INV-01145,CUS-0062,2022-10-22,2022-12-06,2022-12-01,3622.1,3622.1,0.0,0,PAID,PAID,HARDWARE,WEST
INV-01146,CUS-0325,2024-01-25,2024-02-24,,369.03,0.0,369.03,36,31-60,OVERDUE,SOFTWARE,NORTH
INV-01147,CUS-0466,2022-12-17,2023-02-15,,967.76,399.42,568.34,410,90+,PARTIAL,HARDWARE,EAST
INV-01148,CUS-0230,2022-12-07,2023-01-21,2023-01-21,20801.86,20801.86,0.0,0,PAID,PAID,HARDWARE,SOUTH
INV-01149,CUS-0310,2023-10-07,2023-11-21,2023-11-19,95830.47,95830.47,0.0,0,PAID,PAID,SOFTWARE,WEST
INV-01150,CUS-0378,2022-06-11,2022-07-11,,244019.34,140278.0,103741.34,629,90+,PARTIAL,SERVICES,EAST
INV-01151,CUS-0314,2023-01-25,2023-03-26,,725.7,0.0,725.7,371,90+,OVERDUE,SERVICES,WEST
INV-01152,CUS-0368,2024-01-08,2024-02-22,2024-02-20,31383.37,31383.37,0.0,0,PAID,PAID,HARDWARE,NORTH
INV-01153,CUS-0106,2023-08-16,2023-10-15,2023-10-14,848.36,848.36,0.0,0,PAID,PAID,SERVICES,SOUTH
INV-01154,CUS-0007,2023-06-19,2023-08-03,2023-07-31,295.81,295.81,0.0,0,PAID,PAID,HARDWARE,NORTH
INV-01155,CUS-0364,2022-06-19,2022-08-18,,748.95,308.11,440.84,591,90+,PARTIAL,HARDWARE,EAST
INV-01156,CUS-0420,2023-01-12,2023-02-26,,4502.77,0.0,4502.77,399,90+,OVERDUE,SOFTWARE,WEST
INV-01157,CUS-0281,2023-06-07,2023-08-06,2023-08-22,4876.03,4876.03,0.0,0,PAID,PAID,MAINTENANCE,WEST
INV-01158,CUS-0280,2023-04-22,2023-06-21,2023-06-16,1115.6,1115.6,0.0,0,PAID,PAID,SERVICES,SOUTH
INV-01159,CUS-0455,2022-06-05,2022-07-05,2022-07-23,525.63,525.63,0.0,0,PAID,PAID,MAINTENANCE,WEST
INV-01160,CUS-0226,2023-11-19,2023-12-19,2023-12-15,9860.37,9860.37,0.0,0,PAID,PAID,MAINTENANCE,SOUTH
INV-01161,CUS-0407,2023-07-28,2023-09-26,2023-09-26,449.46,449.46,0.0,0,PAID,PAID,SOFTWARE,NORTH
INV-01162,CUS-0422,2023-01-18,2023-03-04,2023-03-03,4199.63,4199.63,0.0,0,PAID,PAID,HARDWARE,NORTH
INV-01163,CUS-0422,2023-06-01,2023-07-16,2023-07-15,337.5,337.5,0.0,0,PAID,PAID,SERVICES,WEST
INV-01164,CUS-0434,2023-04-07,2023-05-07,,1884.2,980.91,903.29,329,90+,PARTIAL,MAINTENANCE,SOUTH
INV-01165,CUS-0300,2024-03-10,2024-04-09,2024-04-08,569.93,569.93,0.0,0,PAID,PAID,HARDWARE,SOUTH
INV-01166,CUS-0322,2023-02-20,2023-04-06,,30684.94,0.0,30684.94,360,90+,OVERDUE,SOFTWARE,WEST
INV-01167,CUS-0214,2023-02-03,2023-03-05,2023-02-28,544.97,544.97,0.0,0,PAID,PAID,MAINTENANCE,EAST
INV-01168,CUS-0366,2023-01-17,2023-02-16,2023-02-11,8449.88,8449.88,0.0,0,PAID,PAID,HARDWARE,WEST
INV-01169,CUS-0262,2022-10-14,2022-12-13,2022-12-11,186.36,186.36,0.0,0,PAID,PAID,SOFTWARE,NORTH
INV-01170,CUS-0278,2022-04-18,2022-06-02,2022-05-29,2610.93,2610.93,0.0,0,PAID,PAID,MAINTENANCE,SOUTH
INV-01171,CUS-0269,2023-05-20,2023-07-04,2023-07-03,922.37,922.37,0.0,0,PAID,PAID,SERVICES,WEST
INV-01172,CUS-0190,2023-05-24,2023-07-08,2023-07-05,553.34,553.34,0.0,0,PAID,PAID,HARDWARE,EAST
INV-01173,CUS-0376,2022-04-02,2022-05-17,2022-05-12,4611.33,4611.33,0.0,0,PAID,PAID,HARDWARE,SOUTH
INV-01174,CUS-0230,2023-05-05,2023-06-19,2023-06-16,2144.58,2144.58,0.0,0,PAID,PAID,MAINTENANCE,EAST
INV-01175,CUS-0451,2023-06-05,2023-07-20,2023-08-03,13582.39,13582.39,0.0,0,PAID,PAID,SOFTWARE,EAST
INV-01176,CUS-0163,2022-04-07,2022-06-06,2022-06-05,1373.91,1373.91,0.0,0,PAID,PAID,SOFTWARE,WEST
INV-01177,CUS-0221,2022-11-26,2023-01-25,2023-01-24,32817.82,32817.82,0.0,0,PAID,PAID,HARDWARE,WEST
INV-01178,CUS-0357,2023-11-12,2023-12-12,2023-12-07,8562.04,8562.04,0.0,0,PAID,PAID,MAINTENANCE,WEST
INV-01179,CUS-0050,2022-07-30,2022-09-13,2022-09-11,3320.66,3320.66,0.0,0,PAID,PAID,MAINTENANCE,SOUTH
INV-01180,CUS-0455,2023-07-29,2023-08-28,2023-08-28,1437.41,1437.41,0.0,0,PAID,PAID,SERVICES,EAST
INV-01181,CUS-0007,2024-02-13,2024-03-29,2024-03-28,408.62,408.62,0.0,0,PAID,PAID,HARDWARE,NORTH
INV-01182,CUS-0108,2022-09-13,2022-10-28,2022-11-22,11751.98,11751.98,0.0,0,PAID,PAID,SERVICES,SOUTH
INV-01183,CUS-0347,2024-03-26,2024-04-25,2024-04-27,34892.3,34892.3,0.0,0,PAID,PAID,SOFTWARE,EAST
INV-01184,CUS-0436,2023-05-23,2023-06-22,,851.71,0.0,851.71,283,90+,OVERDUE,HARDWARE,WEST
INV-01185,CUS-0292,2023-03-22,2023-05-06,2023-05-04,20157.14,20157.14,0.0,0,PAID,PAID,HARDWARE,EAST
INV-01186,CUS-0273,2024-02-05,2024-03-06,,10733.62,0.0,10733.62,25,CURRENT,OVERDUE,SERVICES,WEST
INV-01187,CUS-0154,2024-03-24,2024-05-23,2024-05-21,1365.55,1365.55,0.0,0,PAID,PAID,MAINTENANCE,EAST
INV-01188,CUS-0359,2022-10-24,2022-11-23,2022-11-23,7754.53,7754.53,0.0,0,PAID,PAID,SERVICES,WEST
INV-01189,CUS-0084,2023-10-03,2023-12-02,2023-12-01,3225.17,3225.17,0.0,0,PAID,PAID,HARDWARE,WEST
INV-01190,CUS-0035,2022-08-16,2022-09-30,,7739.02,4959.25,2779.77,548,90+,PARTIAL,SERVICES,SOUTH
INV-01191,CUS-0263,2023-03-16,2023-05-15,2023-05-12,8685.3,8685.3,0.0,0,PAID,PAID,HARDWARE,NORTH
INV-01192,CUS-0271,2023-11-27,2023-12-27,2024-01-22,562.12,562.12,0.0,0,PAID,PAID,SOFTWARE,SOUTH
INV-01193,CUS-0494,2022-07-21,2022-09-19,2022-09-24,3130.02,3130.02,0.0,0,PAID,PAID,SERVICES,EAST
INV-01194,CUS-0190,2023-08-17,2023-10-01,2023-09-28,5134.92,5134.92,0.0,0,PAID,PAID,HARDWARE,WEST
INV-01195,CUS-0255,2023-03-10,2023-04-24,2023-04-20,7162.94,7162.94,0.0,0,PAID,PAID,HARDWARE,SOUTH
INV-01196,CUS-0305,2022-04-06,2022-05-21,2022-05-21,17579.28,17579.28,0.0,0,PAID,PAID,SOFTWARE,EAST
INV-01197,CUS-0082,2023-08-14,2023-09-28,2023-09-25,7594.37,7594.37,0.0,0,PAID,PAID,SERVICES,SOUTH
INV-01198,CUS-0480,2023-06-15,2023-07-15,2023-07-13,2896.19,2896.19,0.0,0,PAID,PAID,SERVICES,EAST
INV-01199,CUS-0336,2023-09-12,2023-10-27,2023-10-22,2681.06,2681.06,0.0,0,PAID,PAID,MAINTENANCE,EAST
INV-01200,CUS-0137,2022-11-04,2023-01-03,,18468.17,11178.02,7290.15,453,90+,PARTIAL,MAINTENANCE,SOUTH
INV-01201,CUS-0132,2022-11-17,2023-01-01,,1992.18,0.0,1992.18,455,90+,OVERDUE,MAINTENANCE,NORTH
INV-01202,CUS-0091,2022-05-14,2022-06-13,2022-06-23,10210.09,10210.09,0.0,0,PAID,PAID,MAINTENANCE,WEST
INV-01203,CUS-0208,2023-11-13,2024-01-12,2024-01-29,2352.21,2352.21,0.0,0,PAID,PAID,SERVICES,EAST
INV-01204,CUS-0461,2023-01-20,2023-03-21,2023-03-17,1966.16,1966.16,0.0,0,PAID,PAID,MAINTENANCE,EAST
INV-01205,CUS-0161,2023-02-21,2023-04-22,2023-04-17,1248.72,1248.72,0.0,0,PAID,PAID,HARDWARE,SOUTH
INV-01206,CUS-0405,2023-10-04,2023-11-03,2023-11-03,455.33,455.33,0.0,0,PAID,PAID,SERVICES,WEST
INV-01207,CUS-0172,2022-10-02,2022-11-16,2022-11-16,18339.75,18339.75,0.0,0,PAID,PAID,SOFTWARE,WEST
INV-01208,CUS-0277,2023-05-16,2023-07-15,2023-07-13,1177.07,1177.07,0.0,0,PAID,PAID,MAINTENANCE,WEST
INV-01209,CUS-0096,2023-06-01,2023-07-01,2023-06-30,14562.98,14562.98,0.0,0,PAID,PAID,HARDWARE,WEST
INV-01210,CUS-0167,2023-02-13,2023-03-15,2023-03-13,632.95,632.95,0.0,0,PAID,PAID,HARDWARE,EAST
INV-01211,CUS-0467,2022-08-19,2022-10-03,,885.67,0.0,885.67,545,90+,OVERDUE,MAINTENANCE,SOUTH
INV-01212,CUS-0149,2022-06-09,2022-07-24,2022-07-21,11466.13,11466.13,0.0,0,PAID,PAID,HARDWARE,EAST
INV-01213,CUS-0063,2022-12-13,2023-01-27,2023-01-26,4710.44,4710.44,0.0,0,PAID,PAID,MAINTENANCE,SOUTH
INV-01214,CUS-0275,2023-04-24,2023-06-08,2023-06-08,6414.73,6414.73,0.0,0,PAID,PAID,MAINTENANCE,NORTH
INV-01215,CUS-0118,2023-04-19,2023-06-03,2023-06-19,7229.16,7229.16,0.0,0,PAID,PAID,SOFTWARE,NORTH
INV-01216,CUS-0159,2023-10-24,2023-11-23,2023-12-18,2593.55,2593.55,0.0,0,PAID,PAID,MAINTENANCE,EAST
INV-01217,CUS-0167,2023-09-29,2023-10-29,2023-10-29,526.3,526.3,0.0,0,PAID,PAID,SOFTWARE,NORTH
INV-01218,CUS-0256,2023-10-15,2023-12-14,2023-12-12,1290.49,1290.49,0.0,0,PAID,PAID,MAINTENANCE,WEST
INV-01219,CUS-0055,2022-09-13,2022-10-28,2022-10-26,7380.75,7380.75,0.0,0,PAID,PAID,SOFTWARE,NORTH
INV-01220,CUS-0294,2023-06-29,2023-08-28,,3675.13,0.0,3675.13,216,90+,OVERDUE,MAINTENANCE,EAST
INV-01221,CUS-0318,2023-12-11,2024-02-09,,39271.93,16445.59,22826.34,51,31-60,PARTIAL,SOFTWARE,EAST
INV-01222,CUS-0482,2023-11-04,2024-01-03,2024-01-19,10063.8,10063.8,0.0,0,PAID,PAID,MAINTENANCE,SOUTH
INV-01223,CUS-0479,2022-06-16,2022-07-31,2022-07-26,41474.26,41474.26,0.0,0,PAID,PAID,MAINTENANCE,NORTH
INV-01224,CUS-0017,2024-02-06,2024-04-06,2024-04-01,6383.36,6383.36,0.0,0,PAID,PAID,SOFTWARE,EAST
INV-01225,CUS-0316,2023-03-13,2023-04-27,2023-04-24,546.28,546.28,0.0,0,PAID,PAID,SOFTWARE,WEST
INV-01226,CUS-0285,2022-05-12,2022-06-26,2022-06-21,10687.24,10687.24,0.0,0,PAID,PAID,MAINTENANCE,EAST
INV-01227,CUS-0385,2023-09-02,2023-10-02,,11098.12,0.0,11098.12,181,90+,OVERDUE,SOFTWARE,WEST
INV-01228,CUS-0009,2023-06-25,2023-07-25,2023-08-13,18283.75,18283.75,0.0,0,PAID,PAID,HARDWARE,NORTH
INV-01229,CUS-0335,2024-02-08,2024-04-08,2024-04-07,1565.52,1565.52,0.0,0,PAID,PAID,MAINTENANCE,SOUTH
INV-01230,CUS-0304,2023-01-04,2023-02-03,2023-02-02,2380.56,2380.56,0.0,0,PAID,PAID,SOFTWARE,NORTH
INV-01231,CUS-0182,2023-07-24,2023-09-22,,6666.18,2043.03,4623.15,191,90+,PARTIAL,SERVICES,NORTH
INV-01232,CUS-0012,2022-06-02,2022-07-17,2022-07-12,250401.89,250401.89,0.0,0,PAID,PAID,MAINTENANCE,WEST
INV-01233,CUS-0384,2023-12-24,2024-02-07,2024-02-03,26079.55,26079.55,0.0,0,PAID,PAID,MAINTENANCE,EAST
INV-01234,CUS-0433,2024-03-05,2024-04-04,,1320.55,0.0,1320.55,0,CURRENT,OVERDUE,MAINTENANCE,WEST
INV-01235,CUS-0375,2022-11-11,2022-12-26,2023-01-13,1155.04,1155.04,0.0,0,PAID,PAID,SOFTWARE,WEST
INV-01236,CUS-0061,2023-04-18,2023-06-17,2023-07-09,5637.16,5637.16,0.0,0,PAID,PAID,MAINTENANCE,EAST
INV-01237,CUS-0498,2022-12-05,2023-02-03,,192.9,0.0,192.9,422,90+,OVERDUE,HARDWARE,NORTH
INV-01238,CUS-0032,2023-01-21,2023-03-22,2023-03-18,5385.24,5385.24,0.0,0,PAID,PAID,MAINTENANCE,NORTH
INV-01239,CUS-0472,2022-11-02,2022-12-02,2022-11-28,11139.8,11139.8,0.0,0,PAID,PAID,HARDWARE,WEST
INV-01240,CUS-0078,2023-09-17,2023-11-01,2023-10-29,5009.75,5009.75,0.0,0,PAID,PAID,SOFTWARE,SOUTH
INV-01241,CUS-0056,2023-05-28,2023-06-27,2023-06-27,2085.41,2085.41,0.0,0,PAID,PAID,SOFTWARE,WEST
INV-01242,CUS-0182,2022-12-13,2023-02-11,2023-02-08,17773.25,17773.25,0.0,0,PAID,PAID,MAINTENANCE,WEST
INV-01243,CUS-0192,2022-09-10,2022-10-10,,6455.22,0.0,6455.22,538,90+,OVERDUE,SOFTWARE,EAST
INV-01244,CUS-0399,2023-12-07,2024-02-05,2024-02-27,1022.62,1022.62,0.0,0,PAID,PAID,SERVICES,EAST
INV-01245,CUS-0252,2023-09-20,2023-10-20,,19170.29,5782.97,13387.32,163,90+,PARTIAL,MAINTENANCE,NORTH
INV-01246,CUS-0130,2022-11-30,2023-01-29,2023-01-28,673.03,673.03,0.0,0,PAID,PAID,SERVICES,EAST
INV-01247,CUS-0314,2022-08-14,2022-10-13,2022-10-09,2050.83,2050.83,0.0,0,PAID,PAID,MAINTENANCE,SOUTH
INV-01248,CUS-0428,2023-10-06,2023-11-20,2023-11-15,2519.11,2519.11,0.0,0,PAID,PAID,MAINTENANCE,NORTH
INV-01249,CUS-0302,2023-04-22,2023-05-22,2023-05-17,1331.95,1331.95,0.0,0,PAID,PAID,MAINTENANCE,SOUTH
INV-01250,CUS-0319,2023-04-03,2023-06-02,2023-06-19,6135.96,6135.96,0.0,0,PAID,PAID,SOFTWARE,WEST
INV-01251,CUS-0440,2023-02-25,2023-03-27,2023-03-26,3420.11,3420.11,0.0,0,PAID,PAID,HARDWARE,WEST
INV-01252,CUS-0377,2022-08-01,2022-08-31,,7610.89,0.0,7610.89,578,90+,OVERDUE,SOFTWARE,EAST
INV-01253,CUS-0152,2022-07-14,2022-08-28,2022-08-28,2632.56,2632.56,0.0,0,PAID,PAID,HARDWARE,WEST
INV-01254,CUS-0363,2022-10-09,2022-11-23,,5871.85,3155.03,2716.82,494,90+,PARTIAL,HARDWARE,NORTH
INV-01255,CUS-0076,2023-08-21,2023-10-20,2023-10-20,5678.06,5678.06,0.0,0,PAID,PAID,SOFTWARE,WEST
INV-01256,CUS-0453,2023-02-04,2023-03-06,2023-03-01,1009.02,1009.02,0.0,0,PAID,PAID,SOFTWARE,EAST
INV-01257,CUS-0482,2023-07-14,2023-09-12,2023-09-11,3836.61,3836.61,0.0,0,PAID,PAID,MAINTENANCE,EAST
INV-01258,CUS-0451,2023-09-25,2023-11-09,2023-11-08,14045.37,14045.37,0.0,0,PAID,PAID,HARDWARE,NORTH
INV-01259,CUS-0160,2022-12-28,2023-02-11,2023-02-07,1673.84,1673.84,0.0,0,PAID,PAID,HARDWARE,NORTH
INV-01260,CUS-0200,2024-02-02,2024-03-03,2024-03-02,645.72,645.72,0.0,0,PAID,PAID,HARDWARE,NORTH
INV-01261,CUS-0471,2022-04-26,2022-06-10,2022-06-09,8763.09,8763.09,0.0,0,PAID,PAID,MAINTENANCE,NORTH
INV-01262,CUS-0484,2023-04-11,2023-05-11,2023-05-08,4973.11,4973.11,0.0,0,PAID,PAID,HARDWARE,WEST
INV-01263,CUS-0296,2022-09-28,2022-10-28,2022-10-25,7743.92,7743.92,0.0,0,PAID,PAID,MAINTENANCE,EAST
INV-01264,CUS-0430,2024-03-21,2024-05-20,2024-05-19,8939.33,8939.33,0.0,0,PAID,PAID,SERVICES,NORTH
INV-01265,CUS-0442,2023-01-27,2023-03-13,2023-04-03,218.64,218.64,0.0,0,PAID,PAID,HARDWARE,NORTH
INV-01266,CUS-0357,2022-08-24,2022-09-23,,1617.18,0.0,1617.18,555,90+,OVERDUE,MAINTENANCE,NORTH
INV-01267,CUS-0160,2023-09-25,2023-11-09,2023-11-04,1260.87,1260.87,0.0,0,PAID,PAID,SERVICES,NORTH
INV-01268,CUS-0333,2023-07-29,2023-09-27,2023-09-23,19624.22,19624.22,0.0,0,PAID,PAID,HARDWARE,SOUTH
INV-01269,CUS-0454,2023-03-20,2023-05-04,,9810.56,0.0,9810.56,332,90+,OVERDUE,HARDWARE,SOUTH
INV-01270,CUS-0421,2023-04-03,2023-06-02,2023-06-01,1807.86,1807.86,0.0,0,PAID,PAID,SOFTWARE,NORTH
INV-01271,CUS-0409,2023-05-22,2023-06-21,2023-06-18,11416.58,11416.58,0.0,0,PAID,PAID,SOFTWARE,NORTH
INV-01272,CUS-0297,2023-08-25,2023-10-09,2023-10-30,1087.1,1087.1,0.0,0,PAID,PAID,SERVICES,WEST
INV-01273,CUS-0023,2022-09-28,2022-11-27,2022-11-24,495.78,495.78,0.0,0,PAID,PAID,SOFTWARE,EAST
INV-01274,CUS-0364,2023-09-26,2023-11-25,2023-11-20,4694.13,4694.13,0.0,0,PAID,PAID,SERVICES,WEST
INV-01275,CUS-0066,2023-10-14,2023-11-28,2023-12-23,5356.74,5356.74,0.0,0,PAID,PAID,SERVICES,SOUTH
INV-01276,CUS-0260,2022-04-11,2022-05-26,,1645.46,0.0,1645.46,675,90+,OVERDUE,MAINTENANCE,WEST
INV-01277,CUS-0068,2022-05-11,2022-06-25,2022-07-09,900.02,900.02,0.0,0,PAID,PAID,SERVICES,EAST
INV-01278,CUS-0394,2022-04-02,2022-05-17,2022-05-14,2520.56,2520.56,0.0,0,PAID,PAID,SOFTWARE,EAST
INV-01279,CUS-0486,2022-10-22,2022-12-06,,3865.38,2426.44,1438.94,481,90+,PARTIAL,MAINTENANCE,SOUTH
INV-01280,CUS-0252,2023-02-09,2023-03-11,,78494.39,0.0,78494.39,386,90+,OVERDUE,SERVICES,WEST
INV-01281,CUS-0336,2022-10-07,2022-11-21,2022-11-16,252.38,252.38,0.0,0,PAID,PAID,SERVICES,WEST
INV-01282,CUS-0347,2022-11-05,2022-12-05,2022-12-03,48181.82,48181.82,0.0,0,PAID,PAID,MAINTENANCE,SOUTH
INV-01283,CUS-0323,2023-10-12,2023-11-11,2023-11-10,3286.78,3286.78,0.0,0,PAID,PAID,SERVICES,EAST
INV-01284,CUS-0423,2023-05-22,2023-07-06,2023-07-06,670.38,670.38,0.0,0,PAID,PAID,HARDWARE,EAST
INV-01285,CUS-0043,2022-09-25,2022-10-25,2022-11-01,11169.75,11169.75,0.0,0,PAID,PAID,MAINTENANCE,EAST
INV-01286,CUS-0077,2024-02-07,2024-04-07,2024-04-20,754.36,754.36,0.0,0,PAID,PAID,SERVICES,SOUTH
INV-01287,CUS-0399,2023-03-11,2023-05-10,2023-05-08,72486.9,72486.9,0.0,0,PAID,PAID,HARDWARE,WEST
INV-01288,CUS-0326,2022-08-31,2022-10-30,2022-10-28,1883.86,1883.86,0.0,0,PAID,PAID,SOFTWARE,SOUTH
INV-01289,CUS-0390,2022-07-30,2022-08-29,2022-08-26,1014.06,1014.06,0.0,0,PAID,PAID,HARDWARE,EAST
INV-01290,CUS-0139,2023-11-24,2024-01-08,2024-01-05,1862.4,1862.4,0.0,0,PAID,PAID,SOFTWARE,EAST
INV-01291,CUS-0076,2023-03-22,2023-05-21,2023-05-21,33170.79,33170.79,0.0,0,PAID,PAID,SERVICES,NORTH
INV-01292,CUS-0138,2022-12-02,2023-01-16,2023-01-26,107473.72,107473.72,0.0,0,PAID,PAID,SOFTWARE,WEST
INV-01293,CUS-0494,2023-05-27,2023-07-26,,4063.53,0.0,4063.53,249,90+,OVERDUE,HARDWARE,EAST
INV-01294,CUS-0004,2024-01-13,2024-02-27,2024-02-27,10260.83,10260.83,0.0,0,PAID,PAID,MAINTENANCE,NORTH
INV-01295,CUS-0354,2023-05-09,2023-06-08,2023-06-17,9772.37,9772.37,0.0,0,PAID,PAID,SERVICES,EAST
INV-01296,CUS-0495,2022-08-08,2022-10-07,2022-10-05,2437.79,2437.79,0.0,0,PAID,PAID,MAINTENANCE,NORTH
INV-01297,CUS-0432,2022-10-31,2022-12-15,2022-12-30,1202.39,1202.39,0.0,0,PAID,PAID,MAINTENANCE,NORTH
INV-01298,CUS-0236,2023-03-19,2023-05-18,2023-05-22,8106.18,8106.18,0.0,0,PAID,PAID,HARDWARE,SOUTH
INV-01299,CUS-0494,2023-08-21,2023-10-20,,1378.38,0.0,1378.38,163,90+,OVERDUE,SOFTWARE,NORTH
INV-01300,CUS-0491,2022-06-27,2022-08-11,,3156.95,0.0,3156.95,598,90+,OVERDUE,MAINTENANCE,SOUTH
INV-01301,CUS-0290,2023-07-09,2023-09-07,2023-09-06,2548.03,2548.03,0.0,0,PAID,PAID,SERVICES,NORTH
INV-01302,CUS-0108,2023-09-01,2023-10-16,2023-10-16,13161.93,13161.93,0.0,0,PAID,PAID,HARDWARE,NORTH
INV-01303,CUS-0424,2023-08-10,2023-09-09,2023-09-07,2664.28,2664.28,0.0,0,PAID,PAID,MAINTENANCE,EAST
INV-01304,CUS-0130,2023-09-18,2023-11-17,,1402.93,0.0,1402.93,135,90+,OVERDUE,MAINTENANCE,NORTH
INV-01305,CUS-0152,2022-05-08,2022-06-22,2022-06-21,26257.4,26257.4,0.0,0,PAID,PAID,MAINTENANCE,WEST
INV-01306,CUS-0098,2023-08-12,2023-09-11,2023-09-10,1576.03,1576.03,0.0,0,PAID,PAID,MAINTENANCE,WEST
INV-01307,CUS-0352,2023-03-28,2023-05-27,2023-05-22,912.64,912.64,0.0,0,PAID,PAID,MAINTENANCE,SOUTH
INV-01308,CUS-0357,2024-03-30,2024-04-29,2024-04-27,1280.95,1280.95,0.0,0,PAID,PAID,HARDWARE,EAST
INV-01309,CUS-0346,2024-03-23,2024-05-22,2024-05-17,1893.9,1893.9,0.0,0,PAID,PAID,SOFTWARE,NORTH
INV-01310,CUS-0156,2023-06-01,2023-07-31,,396.9,128.64,268.26,244,90+,PARTIAL,HARDWARE,SOUTH
INV-01311,CUS-0221,2023-03-02,2023-05-01,2023-04-28,12885.85,12885.85,0.0,0,PAID,PAID,SOFTWARE,WEST
INV-01312,CUS-0271,2024-01-12,2024-02-11,2024-02-07,970.76,970.76,0.0,0,PAID,PAID,SERVICES,EAST
INV-01313,CUS-0199,2022-04-01,2022-05-16,2022-05-12,6082.53,6082.53,0.0,0,PAID,PAID,HARDWARE,SOUTH
INV-01314,CUS-0122,2023-06-21,2023-08-05,2023-08-18,3897.83,3897.83,0.0,0,PAID,PAID,MAINTENANCE,SOUTH
INV-01315,CUS-0446,2023-07-02,2023-08-31,2023-08-29,3017.91,3017.91,0.0,0,PAID,PAID,MAINTENANCE,SOUTH
INV-01316,CUS-0396,2022-10-26,2022-12-10,,8332.65,0.0,8332.65,477,90+,OVERDUE,HARDWARE,SOUTH
INV-01317,CUS-0364,2023-07-22,2023-09-20,2023-09-20,1921.05,1921.05,0.0,0,PAID,PAID,HARDWARE,SOUTH
INV-01318,CUS-0275,2023-06-03,2023-07-18,,55322.0,20735.34,34586.66,257,90+,PARTIAL,HARDWARE,WEST
INV-01319,CUS-0499,2023-09-24,2023-11-23,2023-11-20,366.53,366.53,0.0,0,PAID,PAID,SERVICES,EAST
INV-01320,CUS-0028,2023-10-08,2023-11-22,,2593.01,0.0,2593.01,130,90+,OVERDUE,HARDWARE,EAST
INV-01321,CUS-0381,2022-12-14,2023-01-13,2023-01-12,1807.86,1807.86,0.0,0,PAID,PAID,MAINTENANCE,WEST
INV-01322,CUS-0283,2023-03-28,2023-04-27,2023-04-25,2083.18,2083.18,0.0,0,PAID,PAID,SERVICES,NORTH
INV-01323,CUS-0394,2024-03-04,2024-04-18,2024-04-13,1785.44,1785.44,0.0,0,PAID,PAID,MAINTENANCE,SOUTH
INV-01324,CUS-0154,2022-06-11,2022-08-10,2022-08-09,988.21,988.21,0.0,0,PAID,PAID,SERVICES,WEST
INV-01325,CUS-0496,2023-01-12,2023-02-11,2023-02-11,3860.62,3860.62,0.0,0,PAID,PAID,SOFTWARE,NORTH
INV-01326,CUS-0278,2022-06-02,2022-07-17,2022-07-17,490.82,490.82,0.0,0,PAID,PAID,SERVICES,SOUTH
INV-01327,CUS-0363,2024-01-29,2024-03-14,2024-03-23,8573.75,8573.75,0.0,0,PAID,PAID,SOFTWARE,WEST
INV-01328,CUS-0055,2022-05-29,2022-07-13,2022-07-12,2551.94,2551.94,0.0,0,PAID,PAID,SERVICES,WEST
INV-01329,CUS-0458,2023-08-15,2023-09-14,2023-09-13,1708.38,1708.38,0.0,0,PAID,PAID,SERVICES,EAST
INV-01330,CUS-0347,2022-09-02,2022-10-02,2022-10-06,15283.31,15283.31,0.0,0,PAID,PAID,SOFTWARE,WEST
INV-01331,CUS-0143,2022-05-04,2022-06-18,,345.0,198.44,146.56,652,90+,PARTIAL,SOFTWARE,EAST
INV-01332,CUS-0358,2023-02-09,2023-03-26,2023-03-25,9081.96,9081.96,0.0,0,PAID,PAID,SOFTWARE,EAST
INV-01333,CUS-0022,2024-01-27,2024-03-27,2024-03-27,13066.98,13066.98,0.0,0,PAID,PAID,MAINTENANCE,WEST
INV-01334,CUS-0066,2022-09-30,2022-11-14,2022-11-12,326910.99,326910.99,0.0,0,PAID,PAID,HARDWARE,SOUTH
INV-01335,CUS-0479,2023-08-14,2023-09-28,2023-09-25,22379.01,22379.01,0.0,0,PAID,PAID,HARDWARE,WEST
INV-01336,CUS-0194,2022-06-06,2022-07-06,2022-07-06,60878.41,60878.41,0.0,0,PAID,PAID,HARDWARE,EAST
INV-01337,CUS-0231,2023-04-12,2023-05-12,2023-05-11,6142.32,6142.32,0.0,0,PAID,PAID,SOFTWARE,NORTH
INV-01338,CUS-0464,2024-02-21,2024-04-06,2024-04-01,32852.07,32852.07,0.0,0,PAID,PAID,SERVICES,WEST
INV-01339,CUS-0076,2022-08-06,2022-10-05,2022-10-01,19855.76,19855.76,0.0,0,PAID,PAID,SERVICES,WEST
INV-01340,CUS-0186,2023-05-11,2023-06-25,2023-06-25,4512.23,4512.23,0.0,0,PAID,PAID,SERVICES,EAST
INV-01341,CUS-0484,2022-06-21,2022-07-21,2022-08-15,4123.38,4123.38,0.0,0,PAID,PAID,MAINTENANCE,NORTH
INV-01342,CUS-0094,2023-04-06,2023-06-05,2023-05-31,2651.23,2651.23,0.0,0,PAID,PAID,HARDWARE,SOUTH
INV-01343,CUS-0142,2023-08-30,2023-09-29,,5399.29,0.0,5399.29,184,90+,OVERDUE,SOFTWARE,EAST
INV-01344,CUS-0058,2023-09-03,2023-11-02,2023-11-01,3455.22,3455.22,0.0,0,PAID,PAID,MAINTENANCE,EAST
INV-01345,CUS-0469,2022-08-30,2022-10-14,2022-10-21,1017.62,1017.62,0.0,0,PAID,PAID,MAINTENANCE,NORTH
INV-01346,CUS-0077,2022-11-20,2023-01-19,,332.06,189.78,142.28,437,90+,PARTIAL,MAINTENANCE,SOUTH
INV-01347,CUS-0279,2024-02-24,2024-04-09,2024-04-04,4123.11,4123.11,0.0,0,PAID,PAID,SERVICES,EAST
INV-01348,CUS-0386,2023-01-25,2023-03-26,2023-03-24,1384.56,1384.56,0.0,0,PAID,PAID,SERVICES,SOUTH
INV-01349,CUS-0060,2022-06-24,2022-07-24,2022-07-19,4089.37,4089.37,0.0,0,PAID,PAID,SERVICES,NORTH
INV-01350,CUS-0281,2023-03-13,2023-05-12,,15260.36,8037.1,7223.26,324,90+,PARTIAL,SERVICES,EAST
INV-01351,CUS-0333,2023-06-09,2023-08-08,2023-08-08,2732.8,2732.8,0.0,0,PAID,PAID,MAINTENANCE,SOUTH
INV-01352,CUS-0398,2023-08-20,2023-09-19,2023-09-15,3222.27,3222.27,0.0,0,PAID,PAID,SERVICES,SOUTH
INV-01353,CUS-0463,2023-08-17,2023-10-16,2023-10-16,2943.36,2943.36,0.0,0,PAID,PAID,SERVICES,NORTH
INV-01354,CUS-0336,2023-07-14,2023-08-28,2023-08-26,375.79,375.79,0.0,0,PAID,PAID,HARDWARE,NORTH
INV-01355,CUS-0179,2022-07-24,2022-09-22,2022-09-19,30765.39,30765.39,0.0,0,PAID,PAID,SERVICES,NORTH
INV-01356,CUS-0392,2023-07-07,2023-09-05,2023-09-03,223.35,223.35,0.0,0,PAID,PAID,SERVICES,SOUTH
INV-01357,CUS-0321,2023-02-09,2023-03-11,,763.96,272.78,491.18,386,90+,PARTIAL,SOFTWARE,WEST
INV-01358,CUS-0093,2022-12-18,2023-02-01,2023-02-04,604.83,604.83,0.0,0,PAID,PAID,SERVICES,SOUTH
INV-01359,CUS-0057,2023-04-03,2023-05-03,2023-05-01,1717.25,1717.25,0.0,0,PAID,PAID,SOFTWARE,WEST
INV-01360,CUS-0227,2023-03-05,2023-04-04,2023-04-04,3999.61,3999.61,0.0,0,PAID,PAID,SERVICES,EAST
INV-01361,CUS-0319,2023-01-04,2023-03-05,2023-03-02,3577.52,3577.52,0.0,0,PAID,PAID,SERVICES,SOUTH
INV-01362,CUS-0102,2022-06-10,2022-08-09,2022-08-06,1334.24,1334.24,0.0,0,PAID,PAID,SOFTWARE,EAST
INV-01363,CUS-0469,2023-11-24,2024-01-08,2024-01-04,1793.79,1793.79,0.0,0,PAID,PAID,MAINTENANCE,SOUTH
INV-01364,CUS-0372,2022-08-14,2022-09-13,2022-09-10,1918.84,1918.84,0.0,0,PAID,PAID,HARDWARE,SOUTH
INV-01365,CUS-0251,2023-09-05,2023-11-04,2023-10-31,1994.71,1994.71,0.0,0,PAID,PAID,SERVICES,WEST
INV-01366,CUS-0490,2022-08-24,2022-10-08,2022-10-05,2048.45,2048.45,0.0,0,PAID,PAID,MAINTENANCE,WEST
INV-01367,CUS-0318,2023-02-16,2023-04-17,2023-04-18,17965.27,17965.27,0.0,0,PAID,PAID,MAINTENANCE,NORTH
INV-01368,CUS-0305,2024-01-29,2024-03-14,2024-03-24,6121.09,6121.09,0.0,0,PAID,PAID,SOFTWARE,EAST
INV-01369,CUS-0067,2023-08-07,2023-10-06,,7642.3,5043.65,2598.65,177,90+,PARTIAL,SERVICES,NORTH
INV-01370,CUS-0285,2022-08-06,2022-09-20,2022-09-17,1418.1,1418.1,0.0,0,PAID,PAID,SOFTWARE,WEST
INV-01371,CUS-0462,2022-10-31,2022-12-30,2022-12-26,293.29,293.29,0.0,0,PAID,PAID,MAINTENANCE,NORTH
INV-01372,CUS-0353,2022-12-21,2023-01-20,2023-01-15,11716.57,11716.57,0.0,0,PAID,PAID,HARDWARE,EAST
INV-01373,CUS-0219,2024-02-16,2024-04-16,,4314.97,0.0,4314.97,0,CURRENT,OVERDUE,MAINTENANCE,EAST
INV-01374,CUS-0264,2023-08-29,2023-09-28,,5172.69,1803.08,3369.61,185,90+,PARTIAL,HARDWARE,SOUTH
INV-01375,CUS-0066,2022-09-18,2022-11-02,2022-10-29,14773.99,14773.99,0.0,0,PAID,PAID,MAINTENANCE,SOUTH
INV-01376,CUS-0016,2024-01-25,2024-03-25,2024-04-15,872.59,872.59,0.0,0,PAID,PAID,SOFTWARE,EAST
INV-01377,CUS-0110,2022-10-16,2022-11-15,2022-11-15,3326.02,3326.02,0.0,0,PAID,PAID,MAINTENANCE,SOUTH
INV-01378,CUS-0210,2022-06-19,2022-08-18,2022-08-17,1352.5,1352.5,0.0,0,PAID,PAID,HARDWARE,NORTH
INV-01379,CUS-0013,2022-05-24,2022-06-23,2022-06-20,2803.94,2803.94,0.0,0,PAID,PAID,HARDWARE,WEST
INV-01380,CUS-0470,2022-09-17,2022-11-16,2022-11-16,1971.72,1971.72,0.0,0,PAID,PAID,SERVICES,WEST
INV-01381,CUS-0286,2022-10-22,2022-12-06,,5978.4,0.0,5978.4,481,90+,OVERDUE,SOFTWARE,EAST
INV-01382,CUS-0262,2024-03-20,2024-05-19,2024-05-14,1804.25,1804.25,0.0,0,PAID,PAID,MAINTENANCE,NORTH
INV-01383,CUS-0086,2023-11-27,2024-01-26,2024-01-26,6411.95,6411.95,0.0,0,PAID,PAID,SOFTWARE,SOUTH
INV-01384,CUS-0224,2023-12-03,2024-01-02,2023-12-28,2800.58,2800.58,0.0,0,PAID,PAID,SOFTWARE,WEST
INV-01385,CUS-0314,2024-03-25,2024-05-24,2024-06-15,321.37,321.37,0.0,0,PAID,PAID,HARDWARE,WEST
INV-01386,CUS-0443,2024-03-05,2024-04-19,2024-04-16,2020.17,2020.17,0.0,0,PAID,PAID,MAINTENANCE,NORTH
INV-01387,CUS-0234,2023-08-10,2023-09-09,2023-09-06,18587.23,18587.23,0.0,0,PAID,PAID,SOFTWARE,NORTH
INV-01388,CUS-0464,2023-02-03,2023-03-20,2023-03-16,55403.33,55403.33,0.0,0,PAID,PAID,MAINTENANCE,NORTH
INV-01389,CUS-0148,2023-09-22,2023-11-21,2023-11-16,11034.16,11034.16,0.0,0,PAID,PAID,MAINTENANCE,NORTH
INV-01390,CUS-0324,2022-05-11,2022-06-25,,20762.52,0.0,20762.52,645,90+,OVERDUE,MAINTENANCE,WEST
INV-01391,CUS-0413,2023-01-18,2023-03-04,2023-03-03,4350.05,4350.05,0.0,0,PAID,PAID,SERVICES,SOUTH
INV-01392,CUS-0357,2024-02-17,2024-03-18,,4584.08,2337.98,2246.1,13,CURRENT,PARTIAL,HARDWARE,SOUTH
INV-01393,CUS-0390,2023-03-07,2023-04-06,2023-04-04,899.54,899.54,0.0,0,PAID,PAID,SERVICES,WEST
INV-01394,CUS-0453,2022-05-16,2022-06-15,2022-06-10,7981.67,7981.67,0.0,0,PAID,PAID,SERVICES,WEST
INV-01395,CUS-0333,2022-05-26,2022-07-25,2022-08-15,1421.2,1421.2,0.0,0,PAID,PAID,MAINTENANCE,WEST
INV-01396,CUS-0196,2023-01-19,2023-03-05,2023-03-11,6833.44,6833.44,0.0,0,PAID,PAID,SERVICES,SOUTH
INV-01397,CUS-0268,2023-12-03,2024-01-02,2023-12-29,590.05,590.05,0.0,0,PAID,PAID,SERVICES,WEST
INV-01398,CUS-0472,2022-06-02,2022-07-02,2022-06-27,386.44,386.44,0.0,0,PAID,PAID,SOFTWARE,SOUTH
INV-01399,CUS-0059,2023-12-23,2024-01-22,2024-01-19,2320.07,2320.07,0.0,0,PAID,PAID,MAINTENANCE,EAST
INV-01400,CUS-0469,2023-12-02,2024-01-16,,394.22,0.0,394.22,75,61-90,OVERDUE,SOFTWARE,NORTH
INV-01401,CUS-0156,2023-03-01,2023-04-30,2023-05-06,2704.57,2704.57,0.0,0,PAID,PAID,MAINTENANCE,WEST
INV-01402,CUS-0478,2023-04-26,2023-05-26,2023-05-24,2048.17,2048.17,0.0,0,PAID,PAID,HARDWARE,NORTH
INV-01403,CUS-0170,2022-06-28,2022-08-12,2022-08-10,2644.94,2644.94,0.0,0,PAID,PAID,HARDWARE,SOUTH
INV-01404,CUS-0147,2023-01-03,2023-03-04,2023-03-01,535.23,535.23,0.0,0,PAID,PAID,MAINTENANCE,SOUTH
INV-01405,CUS-0498,2022-10-29,2022-12-28,2022-12-25,4018.55,4018.55,0.0,0,PAID,PAID,MAINTENANCE,EAST
INV-01406,CUS-0488,2022-05-14,2022-07-13,2022-07-12,1269.05,1269.05,0.0,0,PAID,PAID,MAINTENANCE,SOUTH
INV-01407,CUS-0159,2023-03-13,2023-04-12,2023-04-07,1240.63,1240.63,0.0,0,PAID,PAID,HARDWARE,SOUTH
INV-01408,CUS-0266,2023-08-13,2023-09-12,2023-09-12,7377.62,7377.62,0.0,0,PAID,PAID,SERVICES,WEST
INV-01409,CUS-0341,2023-08-27,2023-09-26,2023-09-21,1558.62,1558.62,0.0,0,PAID,PAID,MAINTENANCE,SOUTH
INV-01410,CUS-0032,2024-01-08,2024-03-08,2024-03-05,2723.62,2723.62,0.0,0,PAID,PAID,SERVICES,EAST
INV-01411,CUS-0317,2023-09-01,2023-10-01,,769.64,366.0,403.64,182,90+,PARTIAL,MAINTENANCE,NORTH
INV-01412,CUS-0376,2022-08-29,2022-10-13,2022-10-12,5349.86,5349.86,0.0,0,PAID,PAID,SERVICES,NORTH
INV-01413,CUS-0403,2022-08-27,2022-10-11,2022-10-11,1696.89,1696.89,0.0,0,PAID,PAID,SERVICES,NORTH
INV-01414,CUS-0184,2023-03-12,2023-04-26,,7410.98,3082.66,4328.32,340,90+,PARTIAL,SERVICES,WEST
INV-01415,CUS-0182,2022-06-18,2022-08-17,2022-08-20,15984.27,15984.27,0.0,0,PAID,PAID,SOFTWARE,EAST
INV-01416,CUS-0025,2023-09-02,2023-10-02,2023-10-01,11174.16,11174.16,0.0,0,PAID,PAID,SERVICES,WEST
INV-01417,CUS-0335,2022-06-15,2022-08-14,2022-08-14,2128.47,2128.47,0.0,0,PAID,PAID,MAINTENANCE,EAST
INV-01418,CUS-0092,2022-07-31,2022-08-30,2022-08-27,3765.47,3765.47,0.0,0,PAID,PAID,SERVICES,SOUTH
INV-01419,CUS-0081,2022-06-23,2022-07-23,,1119.23,0.0,1119.23,617,90+,OVERDUE,HARDWARE,SOUTH
INV-01420,CUS-0213,2023-09-28,2023-11-27,2023-11-22,636.39,636.39,0.0,0,PAID,PAID,SERVICES,NORTH
INV-01421,CUS-0219,2023-11-29,2024-01-28,2024-02-23,1695.69,1695.69,0.0,0,PAID,PAID,HARDWARE,EAST
INV-01422,CUS-0315,2022-04-07,2022-06-06,2022-06-26,4261.56,4261.56,0.0,0,PAID,PAID,HARDWARE,WEST
INV-01423,CUS-0277,2023-04-13,2023-06-12,2023-06-12,1192.34,1192.34,0.0,0,PAID,PAID,HARDWARE,NORTH
INV-01424,CUS-0205,2023-05-01,2023-06-15,2023-06-10,3486.3,3486.3,0.0,0,PAID,PAID,SERVICES,WEST
INV-01425,CUS-0183,2022-10-07,2022-11-06,2022-11-05,452.03,452.03,0.0,0,PAID,PAID,HARDWARE,NORTH
INV-01426,CUS-0292,2022-07-22,2022-09-05,2022-09-04,25955.5,25955.5,0.0,0,PAID,PAID,MAINTENANCE,NORTH
INV-01427,CUS-0415,2023-01-23,2023-02-22,2023-02-19,55447.2,55447.2,0.0,0,PAID,PAID,SOFTWARE,WEST
INV-01428,CUS-0055,2023-01-24,2023-03-10,2023-03-10,7193.16,7193.16,0.0,0,PAID,PAID,MAINTENANCE,NORTH
INV-01429,CUS-0307,2022-08-30,2022-10-29,2022-10-27,635.78,635.78,0.0,0,PAID,PAID,MAINTENANCE,NORTH
INV-01430,CUS-0080,2023-05-05,2023-06-19,2023-06-15,2443.58,2443.58,0.0,0,PAID,PAID,HARDWARE,SOUTH
INV-01431,CUS-0474,2022-09-30,2022-11-29,2022-11-25,8010.78,8010.78,0.0,0,PAID,PAID,HARDWARE,NORTH
INV-01432,CUS-0247,2024-02-21,2024-03-22,2024-03-22,431.2,431.2,0.0,0,PAID,PAID,HARDWARE,SOUTH
INV-01433,CUS-0021,2023-08-14,2023-09-13,2023-09-13,1060.55,1060.55,0.0,0,PAID,PAID,SERVICES,EAST
INV-01434,CUS-0029,2024-03-21,2024-05-05,,4020.18,0.0,4020.18,0,CURRENT,OVERDUE,SOFTWARE,WEST
INV-01435,CUS-0114,2023-06-01,2023-07-16,2023-07-16,8512.58,8512.58,0.0,0,PAID,PAID,HARDWARE,NORTH
INV-01436,CUS-0017,2022-11-21,2023-01-20,,3709.15,0.0,3709.15,436,90+,OVERDUE,SOFTWARE,WEST
INV-01437,CUS-0456,2023-02-26,2023-04-27,2023-04-25,4700.71,4700.71,0.0,0,PAID,PAID,SOFTWARE,WEST
INV-01438,CUS-0328,2022-11-22,2023-01-06,2023-01-31,3901.79,3901.79,0.0,0,PAID,PAID,SERVICES,SOUTH
INV-01439,CUS-0151,2022-06-25,2022-07-25,2022-07-21,9394.1,9394.1,0.0,0,PAID,PAID,HARDWARE,NORTH
INV-01440,CUS-0354,2023-11-11,2023-12-11,,21307.44,12405.21,8902.23,111,90+,PARTIAL,MAINTENANCE,EAST
INV-01441,CUS-0381,2023-05-05,2023-06-04,2023-06-03,1829.39,1829.39,0.0,0,PAID,PAID,SOFTWARE,EAST
INV-01442,CUS-0239,2023-08-14,2023-09-28,2023-09-23,9986.08,9986.08,0.0,0,PAID,PAID,SOFTWARE,NORTH
INV-01443,CUS-0487,2022-10-21,2022-11-20,2022-11-15,2518.96,2518.96,0.0,0,PAID,PAID,MAINTENANCE,NORTH
INV-01444,CUS-0073,2023-02-03,2023-03-05,2023-03-05,16143.66,16143.66,0.0,0,PAID,PAID,SERVICES,EAST
INV-01445,CUS-0351,2022-04-23,2022-06-22,2022-06-22,8776.35,8776.35,0.0,0,PAID,PAID,HARDWARE,EAST
INV-01446,CUS-0364,2022-05-07,2022-07-06,2022-07-03,6801.85,6801.85,0.0,0,PAID,PAID,MAINTENANCE,WEST
INV-01447,CUS-0142,2023-09-08,2023-10-08,2023-10-05,40492.91,40492.91,0.0,0,PAID,PAID,SOFTWARE,WEST
INV-01448,CUS-0082,2023-03-03,2023-04-17,2023-04-17,353.61,353.61,0.0,0,PAID,PAID,SERVICES,NORTH
INV-01449,CUS-0396,2023-08-25,2023-10-09,,5912.49,0.0,5912.49,174,90+,OVERDUE,SERVICES,SOUTH
INV-01450,CUS-0257,2023-11-27,2023-12-27,2024-01-07,8189.72,8189.72,0.0,0,PAID,PAID,MAINTENANCE,WEST
INV-01451,CUS-0082,2023-11-29,2024-01-13,2024-01-09,10091.55,10091.55,0.0,0,PAID,PAID,MAINTENANCE,EAST
INV-01452,CUS-0344,2023-02-20,2023-04-06,2023-04-01,825.8,825.8,0.0,0,PAID,PAID,SERVICES,SOUTH
INV-01453,CUS-0138,2023-01-08,2023-02-22,2023-02-21,8304.76,8304.76,0.0,0,PAID,PAID,SOFTWARE,NORTH
INV-01454,CUS-0349,2022-06-20,2022-07-20,2022-07-18,1357.69,1357.69,0.0,0,PAID,PAID,HARDWARE,SOUTH
INV-01455,CUS-0245,2023-03-16,2023-05-15,2023-05-28,5502.95,5502.95,0.0,0,PAID,PAID,HARDWARE,EAST
INV-01456,CUS-0449,2023-04-18,2023-05-18,2023-05-16,6616.36,6616.36,0.0,0,PAID,PAID,HARDWARE,NORTH
INV-01457,CUS-0488,2023-05-24,2023-07-23,2023-07-21,6634.1,6634.1,0.0,0,PAID,PAID,SERVICES,SOUTH
INV-01458,CUS-0142,2022-10-08,2022-11-07,2022-11-22,11745.89,11745.89,0.0,0,PAID,PAID,HARDWARE,WEST
INV-01459,CUS-0202,2023-01-23,2023-03-09,,4698.34,0.0,4698.34,388,90+,OVERDUE,MAINTENANCE,SOUTH
INV-01460,CUS-0048,2022-07-16,2022-09-14,2022-09-10,34625.54,34625.54,0.0,0,PAID,PAID,HARDWARE,EAST
INV-01461,CUS-0057,2024-03-02,2024-04-01,,4700.02,2238.04,2461.98,0,CURRENT,PARTIAL,SERVICES,EAST
INV-01462,CUS-0372,2023-05-08,2023-06-07,2023-06-04,5601.41,5601.41,0.0,0,PAID,PAID,SOFTWARE,SOUTH
INV-01463,CUS-0341,2023-10-05,2023-11-04,2023-10-31,1116.24,1116.24,0.0,0,PAID,PAID,HARDWARE,SOUTH
INV-01464,CUS-0026,2023-01-04,2023-02-18,2023-02-17,1703.77,1703.77,0.0,0,PAID,PAID,MAINTENANCE,EAST
INV-01465,CUS-0173,2023-05-27,2023-07-26,2023-08-03,558.51,558.51,0.0,0,PAID,PAID,HARDWARE,EAST
INV-01466,CUS-0083,2023-07-19,2023-08-18,2023-08-16,47454.3,47454.3,0.0,0,PAID,PAID,HARDWARE,SOUTH
INV-01467,CUS-0368,2022-04-10,2022-05-25,2022-05-21,3166.14,3166.14,0.0,0,PAID,PAID,MAINTENANCE,NORTH
INV-01468,CUS-0217,2022-04-14,2022-06-13,2022-06-11,432.01,432.01,0.0,0,PAID,PAID,SERVICES,WEST
INV-01469,CUS-0116,2022-09-12,2022-10-12,2022-10-10,469.4,469.4,0.0,0,PAID,PAID,SOFTWARE,NORTH
INV-01470,CUS-0062,2023-03-13,2023-04-27,2023-04-25,984.12,984.12,0.0,0,PAID,PAID,SERVICES,WEST
INV-01471,CUS-0259,2023-11-21,2024-01-05,2024-01-03,683.34,683.34,0.0,0,PAID,PAID,HARDWARE,SOUTH
INV-01472,CUS-0203,2023-09-18,2023-11-17,2023-11-16,728.2,728.2,0.0,0,PAID,PAID,HARDWARE,NORTH
INV-01473,CUS-0003,2023-09-27,2023-11-11,,24639.79,12426.3,12213.49,141,90+,PARTIAL,SERVICES,SOUTH
INV-01474,CUS-0037,2022-10-25,2022-11-24,2022-11-20,965.51,965.51,0.0,0,PAID,PAID,HARDWARE,SOUTH
INV-01475,CUS-0110,2024-01-25,2024-02-24,2024-02-19,6511.07,6511.07,0.0,0,PAID,PAID,HARDWARE,NORTH
INV-01476,CUS-0033,2022-06-02,2022-07-02,2022-06-28,18338.72,18338.72,0.0,0,PAID,PAID,MAINTENANCE,NORTH
INV-01477,CUS-0161,2022-11-25,2023-01-24,2023-01-19,51104.53,51104.53,0.0,0,PAID,PAID,MAINTENANCE,EAST
INV-01478,CUS-0261,2023-12-01,2024-01-30,2024-01-26,1696.42,1696.42,0.0,0,PAID,PAID,SERVICES,SOUTH
INV-01479,CUS-0431,2023-12-26,2024-02-09,2024-02-07,2164.51,2164.51,0.0,0,PAID,PAID,SOFTWARE,WEST
INV-01480,CUS-0328,2023-01-17,2023-03-03,2023-03-03,980.2,980.2,0.0,0,PAID,PAID,SOFTWARE,WEST
INV-01481,CUS-0067,2022-09-21,2022-11-20,2022-12-02,46678.48,46678.48,0.0,0,PAID,PAID,HARDWARE,EAST
INV-01482,CUS-0370,2022-07-15,2022-08-29,2022-08-26,6353.95,6353.95,0.0,0,PAID,PAID,MAINTENANCE,SOUTH
INV-01483,CUS-0418,2022-08-29,2022-09-28,2022-10-06,2590.67,2590.67,0.0,0,PAID,PAID,MAINTENANCE,SOUTH
INV-01484,CUS-0087,2022-06-15,2022-07-15,2022-07-13,3290.42,3290.42,0.0,0,PAID,PAID,SERVICES,NORTH
INV-01485,CUS-0276,2022-05-04,2022-06-18,2022-06-14,13516.58,13516.58,0.0,0,PAID,PAID,SOFTWARE,WEST
INV-01486,CUS-0147,2022-04-13,2022-06-12,2022-07-11,1292.4,1292.4,0.0,0,PAID,PAID,MAINTENANCE,NORTH
INV-01487,CUS-0055,2022-08-24,2022-10-08,2022-10-06,4967.2,4967.2,0.0,0,PAID,PAID,MAINTENANCE,NORTH
INV-01488,CUS-0063,2023-09-22,2023-11-06,2023-12-03,1596.08,1596.08,0.0,0,PAID,PAID,MAINTENANCE,NORTH
INV-01489,CUS-0171,2023-03-19,2023-05-03,,2523.03,0.0,2523.03,333,90+,OVERDUE,SOFTWARE,WEST
INV-01490,CUS-0258,2023-12-28,2024-01-27,2024-02-08,4017.4,4017.4,0.0,0,PAID,PAID,SOFTWARE,WEST
INV-01491,CUS-0430,2024-02-27,2024-04-27,2024-04-27,2343.79,2343.79,0.0,0,PAID,PAID,SERVICES,EAST
INV-01492,CUS-0371,2024-03-26,2024-04-25,,995.02,0.0,995.02,0,CURRENT,OVERDUE,HARDWARE,NORTH
INV-01493,CUS-0284,2022-09-11,2022-10-26,2022-10-24,296.9,296.9,0.0,0,PAID,PAID,MAINTENANCE,WEST
INV-01494,CUS-0320,2023-10-25,2023-12-24,2023-12-21,1787.81,1787.81,0.0,0,PAID,PAID,SERVICES,WEST
INV-01495,CUS-0073,2023-07-31,2023-08-30,2023-08-25,2047.46,2047.46,0.0,0,PAID,PAID,HARDWARE,SOUTH
INV-01496,CUS-0109,2023-01-28,2023-03-29,,488.79,218.95,269.84,368,90+,PARTIAL,MAINTENANCE,WEST
INV-01497,CUS-0101,2024-01-17,2024-02-16,2024-02-15,1609.09,1609.09,0.0,0,PAID,PAID,SERVICES,NORTH
INV-01498,CUS-0101,2023-10-22,2023-11-21,2023-11-19,933.84,933.84,0.0,0,PAID,PAID,HARDWARE,WEST
INV-01499,CUS-0027,2023-08-13,2023-09-12,2023-09-10,13275.59,13275.59,0.0,0,PAID,PAID,SOFTWARE,SOUTH
INV-01500,CUS-0186,2024-02-20,2024-04-05,2024-03-31,143970.66,143970.66,0.0,0,PAID,PAID,SOFTWARE,WEST
INV-01501,CUS-0122,2023-12-14,2024-01-28,2024-01-24,48002.92,48002.92,0.0,0,PAID,PAID,SERVICES,NORTH
INV-01502,CUS-0308,2022-04-10,2022-05-25,2022-05-25,14582.4,14582.4,0.0,0,PAID,PAID,SERVICES,EAST
INV-01503,CUS-0025,2023-04-21,2023-05-21,2023-05-20,9094.71,9094.71,0.0,0,PAID,PAID,SERVICES,EAST
INV-01504,CUS-0099,2022-04-17,2022-06-01,,18654.3,0.0,18654.3,669,90+,OVERDUE,SERVICES,SOUTH
INV-01505,CUS-0476,2023-04-03,2023-06-02,2023-05-29,12162.26,12162.26,0.0,0,PAID,PAID,SOFTWARE,NORTH
INV-01506,CUS-0163,2022-05-29,2022-07-28,,12583.32,6492.14,6091.18,612,90+,PARTIAL,SOFTWARE,NORTH
INV-01507,CUS-0180,2022-04-20,2022-05-20,2022-05-20,11430.55,11430.55,0.0,0,PAID,PAID,SERVICES,SOUTH
INV-01508,CUS-0037,2022-08-19,2022-09-18,,1369.83,0.0,1369.83,560,90+,OVERDUE,MAINTENANCE,WEST
INV-01509,CUS-0025,2023-07-07,2023-08-06,2023-08-03,16573.6,16573.6,0.0,0,PAID,PAID,SERVICES,NORTH
INV-01510,CUS-0189,2022-11-27,2023-01-11,2023-01-08,75349.1,75349.1,0.0,0,PAID,PAID,MAINTENANCE,EAST
INV-01511,CUS-0152,2024-02-28,2024-04-13,2024-04-22,3523.78,3523.78,0.0,0,PAID,PAID,HARDWARE,EAST
INV-01512,CUS-0284,2023-05-09,2023-06-23,2023-06-22,2662.23,2662.23,0.0,0,PAID,PAID,HARDWARE,EAST
INV-01513,CUS-0360,2022-07-29,2022-09-12,2022-09-10,1039.32,1039.32,0.0,0,PAID,PAID,MAINTENANCE,NORTH
INV-01514,CUS-0080,2023-05-07,2023-06-21,2023-06-23,1631.97,1631.97,0.0,0,PAID,PAID,MAINTENANCE,NORTH
INV-01515,CUS-0372,2022-04-01,2022-05-01,2022-04-27,1148.51,1148.51,0.0,0,PAID,PAID,HARDWARE,NORTH
INV-01516,CUS-0414,2023-01-05,2023-03-06,2023-03-03,13178.37,13178.37,0.0,0,PAID,PAID,SOFTWARE,SOUTH
INV-01517,CUS-0067,2023-07-18,2023-09-16,2023-10-02,5828.92,5828.92,0.0,0,PAID,PAID,SOFTWARE,WEST
INV-01518,CUS-0439,2023-07-15,2023-08-29,2023-08-24,6181.1,6181.1,0.0,0,PAID,PAID,HARDWARE,SOUTH
INV-01519,CUS-0082,2023-11-29,2024-01-13,2024-01-10,4358.96,4358.96,0.0,0,PAID,PAID,SOFTWARE,SOUTH
INV-01520,CUS-0331,2022-07-19,2022-09-17,2022-09-15,785.53,785.53,0.0,0,PAID,PAID,MAINTENANCE,SOUTH
INV-01521,CUS-0262,2023-12-05,2024-02-03,2024-01-29,791.73,791.73,0.0,0,PAID,PAID,SOFTWARE,EAST
INV-01522,CUS-0357,2023-11-07,2023-12-07,,2540.0,1440.66,1099.34,115,90+,PARTIAL,MAINTENANCE,WEST
INV-01523,CUS-0402,2022-12-25,2023-01-24,,812.94,420.59,392.35,432,90+,PARTIAL,SERVICES,NORTH
INV-01524,CUS-0350,2022-12-26,2023-02-24,2023-02-22,40097.0,40097.0,0.0,0,PAID,PAID,MAINTENANCE,WEST
INV-01525,CUS-0427,2023-08-17,2023-10-16,2023-10-13,1817.17,1817.17,0.0,0,PAID,PAID,HARDWARE,SOUTH
INV-01526,CUS-0209,2022-06-20,2022-07-20,,8073.92,4555.67,3518.25,620,90+,PARTIAL,SERVICES,WEST
INV-01527,CUS-0189,2024-02-07,2024-03-23,2024-04-17,12423.64,12423.64,0.0,0,PAID,PAID,MAINTENANCE,WEST
INV-01528,CUS-0389,2023-04-30,2023-05-30,2023-05-30,3431.81,3431.81,0.0,0,PAID,PAID,SERVICES,EAST
INV-01529,CUS-0231,2023-03-13,2023-04-12,2023-05-08,1013.93,1013.93,0.0,0,PAID,PAID,MAINTENANCE,NORTH
INV-01530,CUS-0405,2023-09-30,2023-10-30,2023-10-28,1533.35,1533.35,0.0,0,PAID,PAID,MAINTENANCE,WEST
INV-01531,CUS-0351,2023-03-02,2023-05-01,2023-04-29,2041.06,2041.06,0.0,0,PAID,PAID,HARDWARE,EAST
INV-01532,CUS-0084,2023-12-08,2024-02-06,2024-02-04,16872.63,16872.63,0.0,0,PAID,PAID,HARDWARE,EAST
INV-01533,CUS-0474,2023-05-16,2023-07-15,2023-07-11,5684.81,5684.81,0.0,0,PAID,PAID,SOFTWARE,SOUTH
INV-01534,CUS-0310,2022-08-20,2022-10-04,2022-10-24,53240.04,53240.04,0.0,0,PAID,PAID,SERVICES,SOUTH
INV-01535,CUS-0290,2022-06-25,2022-08-24,,3322.61,1024.85,2297.76,585,90+,PARTIAL,MAINTENANCE,NORTH
INV-01536,CUS-0465,2022-09-11,2022-11-10,2022-11-21,3657.42,3657.42,0.0,0,PAID,PAID,SERVICES,NORTH
INV-01537,CUS-0096,2022-12-04,2023-01-03,2023-01-01,382056.14,382056.14,0.0,0,PAID,PAID,SOFTWARE,SOUTH
INV-01538,CUS-0384,2024-02-26,2024-04-11,2024-04-19,89849.68,89849.68,0.0,0,PAID,PAID,SERVICES,SOUTH
INV-01539,CUS-0395,2023-03-10,2023-04-24,2023-05-01,2477.27,2477.27,0.0,0,PAID,PAID,SOFTWARE,NORTH
INV-01540,CUS-0449,2023-01-16,2023-02-15,2023-02-11,16430.93,16430.93,0.0,0,PAID,PAID,HARDWARE,WEST
INV-01541,CUS-0424,2023-12-18,2024-01-17,2024-01-15,580.68,580.68,0.0,0,PAID,PAID,SERVICES,NORTH
INV-01542,CUS-0391,2022-12-19,2023-02-02,2023-02-25,1401.3,1401.3,0.0,0,PAID,PAID,SOFTWARE,NORTH
INV-01543,CUS-0249,2023-11-08,2023-12-08,2023-12-05,288.23,288.23,0.0,0,PAID,PAID,MAINTENANCE,SOUTH
INV-01544,CUS-0460,2023-07-31,2023-09-14,2023-09-17,2000.11,2000.11,0.0,0,PAID,PAID,HARDWARE,WEST
INV-01545,CUS-0472,2022-11-15,2022-12-15,2022-12-11,460.81,460.81,0.0,0,PAID,PAID,SOFTWARE,NORTH
INV-01546,CUS-0439,2022-12-23,2023-02-06,2023-02-02,3131.62,3131.62,0.0,0,PAID,PAID,SERVICES,EAST
INV-01547,CUS-0044,2022-08-04,2022-09-03,2022-09-03,3980.14,3980.14,0.0,0,PAID,PAID,SERVICES,EAST
INV-01548,CUS-0317,2022-04-10,2022-05-10,2022-05-08,3312.84,3312.84,0.0,0,PAID,PAID,MAINTENANCE,WEST
INV-01549,CUS-0468,2024-03-15,2024-04-14,2024-04-13,87834.57,87834.57,0.0,0,PAID,PAID,MAINTENANCE,EAST
INV-01550,CUS-0315,2023-09-27,2023-11-26,2023-11-21,5630.84,5630.84,0.0,0,PAID,PAID,SOFTWARE,WEST
INV-01551,CUS-0063,2023-05-24,2023-07-08,,7510.23,0.0,7510.23,267,90+,OVERDUE,MAINTENANCE,EAST
INV-01552,CUS-0064,2023-04-09,2023-05-09,2023-05-04,11627.86,11627.86,0.0,0,PAID,PAID,HARDWARE,WEST
INV-01553,CUS-0172,2024-01-26,2024-03-11,2024-03-11,5196.5,5196.5,0.0,0,PAID,PAID,MAINTENANCE,SOUTH
INV-01554,CUS-0106,2022-11-25,2023-01-24,2023-01-20,502.26,502.26,0.0,0,PAID,PAID,HARDWARE,EAST
INV-01555,CUS-0333,2023-10-13,2023-12-12,2023-12-07,8205.93,8205.93,0.0,0,PAID,PAID,HARDWARE,NORTH
INV-01556,CUS-0220,2022-05-19,2022-06-18,2022-06-15,44104.03,44104.03,0.0,0,PAID,PAID,SOFTWARE,NORTH
INV-01557,CUS-0137,2023-08-03,2023-10-02,2023-09-29,1146.27,1146.27,0.0,0,PAID,PAID,SOFTWARE,NORTH
INV-01558,CUS-0427,2023-04-02,2023-06-01,2023-05-30,860.17,860.17,0.0,0,PAID,PAID,SERVICES,SOUTH
INV-01559,CUS-0112,2023-02-28,2023-04-29,2023-04-25,188.89,188.89,0.0,0,PAID,PAID,MAINTENANCE,NORTH
INV-01560,CUS-0047,2024-02-14,2024-04-14,2024-05-09,22002.78,22002.78,0.0,0,PAID,PAID,MAINTENANCE,WEST
INV-01561,CUS-0192,2022-05-28,2022-06-27,,34746.31,0.0,34746.31,643,90+,OVERDUE,SOFTWARE,EAST
INV-01562,CUS-0087,2023-06-11,2023-07-11,2023-07-08,14561.38,14561.38,0.0,0,PAID,PAID,HARDWARE,NORTH
INV-01563,CUS-0302,2023-01-24,2023-02-23,2023-02-20,27223.86,27223.86,0.0,0,PAID,PAID,SOFTWARE,NORTH
INV-01564,CUS-0449,2022-07-19,2022-08-18,2022-08-18,345.55,345.55,0.0,0,PAID,PAID,SOFTWARE,SOUTH
INV-01565,CUS-0061,2022-05-13,2022-07-12,,5283.99,0.0,5283.99,628,90+,OVERDUE,HARDWARE,NORTH
INV-01566,CUS-0275,2022-04-17,2022-06-01,,23326.12,11618.13,11707.99,669,90+,PARTIAL,MAINTENANCE,SOUTH
INV-01567,CUS-0390,2023-02-16,2023-03-18,2023-03-14,1003.65,1003.65,0.0,0,PAID,PAID,MAINTENANCE,WEST
INV-01568,CUS-0402,2023-04-20,2023-05-20,2023-06-03,1398.6,1398.6,0.0,0,PAID,PAID,SERVICES,EAST
INV-01569,CUS-0087,2022-07-02,2022-08-01,2022-07-30,1462.38,1462.38,0.0,0,PAID,PAID,SOFTWARE,SOUTH
INV-01570,CUS-0198,2023-10-31,2023-12-30,2023-12-29,374.95,374.95,0.0,0,PAID,PAID,SERVICES,EAST
INV-01571,CUS-0440,2023-06-26,2023-07-26,2023-07-24,1190.02,1190.02,0.0,0,PAID,PAID,SOFTWARE,SOUTH
INV-01572,CUS-0146,2024-01-04,2024-02-18,2024-02-15,48599.29,48599.29,0.0,0,PAID,PAID,SOFTWARE,SOUTH
INV-01573,CUS-0104,2022-10-15,2022-12-14,2022-12-14,24703.81,24703.81,0.0,0,PAID,PAID,SERVICES,SOUTH
INV-01574,CUS-0159,2022-10-23,2022-11-22,2022-11-18,1637.7,1637.7,0.0,0,PAID,PAID,MAINTENANCE,EAST
INV-01575,CUS-0062,2022-12-21,2023-02-04,2023-02-01,1128.62,1128.62,0.0,0,PAID,PAID,SOFTWARE,NORTH
INV-01576,CUS-0369,2023-04-11,2023-05-26,2023-06-24,8217.87,8217.87,0.0,0,PAID,PAID,SOFTWARE,EAST
INV-01577,CUS-0185,2022-09-25,2022-11-24,,4727.34,0.0,4727.34,493,90+,OVERDUE,SERVICES,EAST
INV-01578,CUS-0453,2023-03-21,2023-04-20,2023-04-17,226.68,226.68,0.0,0,PAID,PAID,SERVICES,EAST
INV-01579,CUS-0384,2022-04-24,2022-06-08,2022-06-26,107270.35,107270.35,0.0,0,PAID,PAID,SOFTWARE,NORTH
INV-01580,CUS-0262,2023-01-12,2023-03-13,2023-03-12,1041.5,1041.5,0.0,0,PAID,PAID,SERVICES,SOUTH
INV-01581,CUS-0046,2023-10-09,2023-11-08,2023-11-07,2955.25,2955.25,0.0,0,PAID,PAID,MAINTENANCE,EAST
INV-01582,CUS-0428,2023-07-19,2023-09-02,,42932.82,25541.0,17391.82,211,90+,PARTIAL,MAINTENANCE,SOUTH
INV-01583,CUS-0444,2024-01-24,2024-03-24,2024-03-23,2616.16,2616.16,0.0,0,PAID,PAID,SOFTWARE,NORTH
INV-01584,CUS-0080,2022-11-08,2022-12-23,2022-12-20,1780.88,1780.88,0.0,0,PAID,PAID,HARDWARE,EAST
INV-01585,CUS-0237,2022-04-16,2022-05-31,2022-06-02,255.74,255.74,0.0,0,PAID,PAID,SOFTWARE,WEST
INV-01586,CUS-0101,2023-02-16,2023-03-18,2023-03-16,1915.33,1915.33,0.0,0,PAID,PAID,SERVICES,NORTH
INV-01587,CUS-0170,2024-03-22,2024-05-06,2024-05-03,19829.28,19829.28,0.0,0,PAID,PAID,MAINTENANCE,WEST
INV-01588,CUS-0242,2022-09-29,2022-10-29,2022-10-25,5075.28,5075.28,0.0,0,PAID,PAID,SERVICES,NORTH
INV-01589,CUS-0456,2022-06-21,2022-08-20,,12649.11,8578.58,4070.53,589,90+,PARTIAL,SERVICES,SOUTH
INV-01590,CUS-0478,2024-02-06,2024-03-07,2024-03-03,3484.05,3484.05,0.0,0,PAID,PAID,MAINTENANCE,WEST
INV-01591,CUS-0198,2024-01-15,2024-03-15,2024-04-02,1808.19,1808.19,0.0,0,PAID,PAID,MAINTENANCE,EAST
INV-01592,CUS-0428,2023-08-18,2023-10-02,2023-09-30,2235.95,2235.95,0.0,0,PAID,PAID,MAINTENANCE,EAST
INV-01593,CUS-0233,2023-11-07,2023-12-07,2023-12-03,4552.03,4552.03,0.0,0,PAID,PAID,SOFTWARE,WEST
INV-01594,CUS-0043,2022-12-22,2023-01-21,2023-01-16,4409.5,4409.5,0.0,0,PAID,PAID,HARDWARE,SOUTH
INV-01595,CUS-0064,2023-02-09,2023-03-11,2023-03-10,32019.96,32019.96,0.0,0,PAID,PAID,HARDWARE,EAST
INV-01596,CUS-0262,2023-01-07,2023-03-08,2023-03-06,694.46,694.46,0.0,0,PAID,PAID,SERVICES,NORTH
INV-01597,CUS-0329,2023-06-06,2023-08-05,2023-08-03,4285.82,4285.82,0.0,0,PAID,PAID,MAINTENANCE,WEST
INV-01598,CUS-0156,2022-06-07,2022-08-06,,1720.82,0.0,1720.82,603,90+,OVERDUE,SERVICES,EAST
INV-01599,CUS-0481,2023-05-20,2023-07-04,2023-06-30,12122.8,12122.8,0.0,0,PAID,PAID,HARDWARE,WEST
INV-01600,CUS-0251,2023-10-28,2023-12-27,2023-12-24,10256.34,10256.34,0.0,0,PAID,PAID,HARDWARE,NORTH
INV-01601,CUS-0202,2023-03-09,2023-04-23,2023-04-18,6272.49,6272.49,0.0,0,PAID,PAID,SOFTWARE,SOUTH
INV-01602,CUS-0386,2024-02-19,2024-04-19,2024-04-19,791.56,791.56,0.0,0,PAID,PAID,HARDWARE,WEST
INV-01603,CUS-0475,2022-04-05,2022-05-20,2022-05-16,1396.05,1396.05,0.0,0,PAID,PAID,SERVICES,SOUTH
INV-01604,CUS-0297,2023-03-07,2023-04-21,2023-04-16,573.31,573.31,0.0,0,PAID,PAID,SERVICES,SOUTH
INV-01605,CUS-0160,2022-09-22,2022-11-06,2022-11-01,430.75,430.75,0.0,0,PAID,PAID,MAINTENANCE,WEST
INV-01606,CUS-0114,2023-02-14,2023-03-31,2023-03-27,5519.22,5519.22,0.0,0,PAID,PAID,SOFTWARE,EAST
INV-01607,CUS-0210,2023-08-09,2023-10-08,2023-10-08,1017.41,1017.41,0.0,0,PAID,PAID,SERVICES,SOUTH
INV-01608,CUS-0488,2022-09-03,2022-11-02,2022-10-28,13571.16,13571.16,0.0,0,PAID,PAID,HARDWARE,EAST
INV-01609,CUS-0034,2022-07-10,2022-08-09,,1672.59,580.53,1092.06,600,90+,PARTIAL,MAINTENANCE,NORTH
INV-01610,CUS-0373,2022-08-23,2022-10-07,2022-10-22,23472.77,23472.77,0.0,0,PAID,PAID,HARDWARE,NORTH
INV-01611,CUS-0271,2022-11-13,2022-12-13,2022-12-13,1110.16,1110.16,0.0,0,PAID,PAID,SOFTWARE,EAST
INV-01612,CUS-0269,2024-01-10,2024-02-24,2024-02-24,852.01,852.01,0.0,0,PAID,PAID,SOFTWARE,EAST
INV-01613,CUS-0279,2024-03-15,2024-04-29,2024-04-24,2623.7,2623.7,0.0,0,PAID,PAID,SOFTWARE,EAST
INV-01614,CUS-0447,2024-03-09,2024-04-23,2024-04-18,4823.09,4823.09,0.0,0,PAID,PAID,SOFTWARE,EAST
INV-01615,CUS-0189,2022-12-21,2023-02-04,2023-02-02,24731.15,24731.15,0.0,0,PAID,PAID,SOFTWARE,EAST
INV-01616,CUS-0165,2023-07-12,2023-08-11,2023-08-08,1172.0,1172.0,0.0,0,PAID,PAID,SOFTWARE,SOUTH
INV-01617,CUS-0223,2023-01-09,2023-03-10,,48144.55,17854.16,30290.39,387,90+,PARTIAL,SERVICES,EAST
INV-01618,CUS-0069,2023-04-01,2023-05-31,2023-05-29,15367.85,15367.85,0.0,0,PAID,PAID,HARDWARE,WEST
INV-01619,CUS-0480,2023-09-16,2023-10-16,2023-10-14,704.58,704.58,0.0,0,PAID,PAID,MAINTENANCE,SOUTH
INV-01620,CUS-0236,2022-05-08,2022-07-07,2022-07-26,7900.81,7900.81,0.0,0,PAID,PAID,MAINTENANCE,SOUTH
INV-01621,CUS-0353,2022-07-09,2022-08-08,,15351.64,0.0,15351.64,601,90+,OVERDUE,MAINTENANCE,EAST
INV-01622,CUS-0369,2022-11-29,2023-01-13,2023-02-04,62936.82,62936.82,0.0,0,PAID,PAID,SERVICES,SOUTH
INV-01623,CUS-0091,2023-09-17,2023-10-17,,18024.3,9039.3,8985.0,166,90+,PARTIAL,SERVICES,NORTH
INV-01624,CUS-0394,2023-07-19,2023-09-02,2023-09-01,6790.19,6790.19,0.0,0,PAID,PAID,SERVICES,SOUTH
INV-01625,CUS-0089,2023-07-01,2023-08-30,2023-08-30,11867.27,11867.27,0.0,0,PAID,PAID,SOFTWARE,WEST
INV-01626,CUS-0398,2023-12-07,2024-01-06,2024-01-04,806.79,806.79,0.0,0,PAID,PAID,SERVICES,WEST
INV-01627,CUS-0058,2022-12-06,2023-02-04,2023-02-04,2316.31,2316.31,0.0,0,PAID,PAID,SERVICES,NORTH
INV-01628,CUS-0361,2024-01-31,2024-03-01,2024-03-12,2533.49,2533.49,0.0,0,PAID,PAID,SERVICES,NORTH
INV-01629,CUS-0213,2023-10-29,2023-12-28,2024-01-07,260.34,260.34,0.0,0,PAID,PAID,SOFTWARE,WEST
INV-01630,CUS-0415,2023-09-07,2023-10-07,2023-10-04,29719.43,29719.43,0.0,0,PAID,PAID,MAINTENANCE,WEST
INV-01631,CUS-0361,2022-11-25,2022-12-25,2023-01-02,4561.47,4561.47,0.0,0,PAID,PAID,SERVICES,EAST
INV-01632,CUS-0199,2022-12-03,2023-01-17,2023-01-14,19269.5,19269.5,0.0,0,PAID,PAID,SERVICES,NORTH
INV-01633,CUS-0115,2022-05-06,2022-07-05,2022-08-03,55383.28,55383.28,0.0,0,PAID,PAID,HARDWARE,WEST
INV-01634,CUS-0168,2023-01-05,2023-03-06,2023-03-02,1695.11,1695.11,0.0,0,PAID,PAID,MAINTENANCE,NORTH
INV-01635,CUS-0045,2023-11-12,2024-01-11,2024-01-09,1147.87,1147.87,0.0,0,PAID,PAID,SOFTWARE,SOUTH
INV-01636,CUS-0129,2023-04-30,2023-05-30,2023-05-30,8422.97,8422.97,0.0,0,PAID,PAID,HARDWARE,EAST
INV-01637,CUS-0334,2022-12-29,2023-02-12,,25253.95,12209.92,13044.03,413,90+,PARTIAL,SOFTWARE,WEST
INV-01638,CUS-0066,2024-03-27,2024-05-11,2024-05-10,19636.68,19636.68,0.0,0,PAID,PAID,SOFTWARE,SOUTH
INV-01639,CUS-0349,2022-10-10,2022-11-09,2022-11-08,6464.71,6464.71,0.0,0,PAID,PAID,SOFTWARE,SOUTH
INV-01640,CUS-0453,2023-09-01,2023-10-01,2023-09-30,1185.66,1185.66,0.0,0,PAID,PAID,SOFTWARE,EAST
INV-01641,CUS-0350,2022-05-16,2022-07-15,2022-07-27,35232.72,35232.72,0.0,0,PAID,PAID,HARDWARE,WEST
INV-01642,CUS-0438,2023-06-04,2023-07-19,,3818.57,2539.86,1278.71,256,90+,PARTIAL,MAINTENANCE,WEST
INV-01643,CUS-0238,2023-02-14,2023-03-31,2023-03-31,1193.09,1193.09,0.0,0,PAID,PAID,MAINTENANCE,SOUTH
INV-01644,CUS-0481,2023-09-22,2023-11-06,2023-11-05,11223.6,11223.6,0.0,0,PAID,PAID,MAINTENANCE,EAST
INV-01645,CUS-0038,2022-09-27,2022-10-27,,2123.7,1257.55,866.15,521,90+,PARTIAL,MAINTENANCE,WEST
INV-01646,CUS-0322,2022-11-30,2023-01-14,2023-01-12,3288.44,3288.44,0.0,0,PAID,PAID,MAINTENANCE,NORTH
INV-01647,CUS-0188,2023-05-29,2023-07-13,,1866.16,0.0,1866.16,262,90+,OVERDUE,SOFTWARE,SOUTH
INV-01648,CUS-0040,2022-09-19,2022-11-03,2022-11-01,2029.44,2029.44,0.0,0,PAID,PAID,HARDWARE,WEST
INV-01649,CUS-0029,2022-07-15,2022-08-29,2022-08-28,702.36,702.36,0.0,0,PAID,PAID,MAINTENANCE,SOUTH
INV-01650,CUS-0031,2024-02-21,2024-04-21,2024-04-18,27627.2,27627.2,0.0,0,PAID,PAID,HARDWARE,EAST
INV-01651,CUS-0433,2023-10-08,2023-11-07,2023-11-21,440.73,440.73,0.0,0,PAID,PAID,SOFTWARE,EAST
INV-01652,CUS-0287,2022-07-07,2022-09-05,2022-09-02,1340.89,1340.89,0.0,0,PAID,PAID,HARDWARE,EAST
INV-01653,CUS-0436,2024-01-09,2024-02-08,2024-02-05,28281.33,28281.33,0.0,0,PAID,PAID,HARDWARE,WEST
INV-01654,CUS-0081,2022-09-26,2022-10-26,2022-11-19,4197.13,4197.13,0.0,0,PAID,PAID,HARDWARE,WEST
INV-01655,CUS-0359,2024-01-27,2024-02-26,2024-02-25,2091.63,2091.63,0.0,0,PAID,PAID,MAINTENANCE,WEST
INV-01656,CUS-0301,2023-04-04,2023-05-19,2023-05-14,2035.09,2035.09,0.0,0,PAID,PAID,MAINTENANCE,WEST
INV-01657,CUS-0080,2023-09-02,2023-10-17,2023-10-15,1845.0,1845.0,0.0,0,PAID,PAID,HARDWARE,WEST
INV-01658,CUS-0173,2024-01-29,2024-03-29,2024-04-21,805.35,805.35,0.0,0,PAID,PAID,SERVICES,EAST
INV-01659,CUS-0021,2023-01-26,2023-02-25,2023-02-22,324.64,324.64,0.0,0,PAID,PAID,MAINTENANCE,NORTH
INV-01660,CUS-0184,2022-09-29,2022-11-13,2022-11-08,14919.18,14919.18,0.0,0,PAID,PAID,SERVICES,SOUTH
INV-01661,CUS-0056,2023-09-17,2023-10-17,2023-10-14,10630.58,10630.58,0.0,0,PAID,PAID,SERVICES,NORTH
INV-01662,CUS-0478,2023-07-04,2023-08-03,2023-08-18,807.33,807.33,0.0,0,PAID,PAID,SERVICES,NORTH
INV-01663,CUS-0242,2023-12-20,2024-01-19,2024-01-17,16062.55,16062.55,0.0,0,PAID,PAID,SERVICES,NORTH
INV-01664,CUS-0429,2023-08-30,2023-09-29,2023-09-27,26356.88,26356.88,0.0,0,PAID,PAID,MAINTENANCE,NORTH
INV-01665,CUS-0220,2023-02-25,2023-03-27,2023-03-22,47118.45,47118.45,0.0,0,PAID,PAID,HARDWARE,NORTH
INV-01666,CUS-0012,2023-05-10,2023-06-24,2023-06-20,13503.96,13503.96,0.0,0,PAID,PAID,MAINTENANCE,SOUTH
INV-01667,CUS-0105,2023-02-22,2023-04-08,2023-04-08,4284.57,4284.57,0.0,0,PAID,PAID,SOFTWARE,SOUTH
INV-01668,CUS-0181,2024-03-26,2024-05-10,2024-05-08,3048.66,3048.66,0.0,0,PAID,PAID,SERVICES,WEST
INV-01669,CUS-0012,2023-07-30,2023-09-13,2023-10-12,28502.76,28502.76,0.0,0,PAID,PAID,MAINTENANCE,NORTH
INV-01670,CUS-0104,2024-01-19,2024-03-19,2024-03-19,1625.66,1625.66,0.0,0,PAID,PAID,SOFTWARE,NORTH
INV-01671,CUS-0061,2023-02-05,2023-04-06,2023-04-30,515.21,515.21,0.0,0,PAID,PAID,HARDWARE,EAST
INV-01672,CUS-0181,2022-10-14,2022-11-28,2022-11-28,2159.8,2159.8,0.0,0,PAID,PAID,SOFTWARE,EAST
INV-01673,CUS-0308,2023-12-21,2024-02-04,2024-02-01,16860.48,16860.48,0.0,0,PAID,PAID,HARDWARE,SOUTH
INV-01674,CUS-0346,2022-04-10,2022-06-09,,1467.28,0.0,1467.28,661,90+,OVERDUE,SOFTWARE,NORTH
INV-01675,CUS-0197,2022-12-16,2023-01-15,2023-01-12,6932.54,6932.54,0.0,0,PAID,PAID,SOFTWARE,WEST
INV-01676,CUS-0473,2022-04-05,2022-05-05,2022-05-30,5739.09,5739.09,0.0,0,PAID,PAID,SOFTWARE,EAST
INV-01677,CUS-0499,2023-04-07,2023-06-06,2023-06-05,1870.84,1870.84,0.0,0,PAID,PAID,SERVICES,EAST
INV-01678,CUS-0310,2023-08-13,2023-09-27,2023-09-27,20502.6,20502.6,0.0,0,PAID,PAID,MAINTENANCE,SOUTH
INV-01679,CUS-0138,2022-05-30,2022-07-14,2022-07-10,12066.96,12066.96,0.0,0,PAID,PAID,SERVICES,NORTH
INV-01680,CUS-0348,2022-11-21,2022-12-21,2022-12-16,206.15,206.15,0.0,0,PAID,PAID,SERVICES,SOUTH
INV-01681,CUS-0444,2022-04-04,2022-06-03,2022-06-27,1020.97,1020.97,0.0,0,PAID,PAID,MAINTENANCE,WEST
INV-01682,CUS-0235,2022-04-04,2022-05-19,2022-05-16,5799.22,5799.22,0.0,0,PAID,PAID,HARDWARE,EAST
INV-01683,CUS-0197,2023-08-29,2023-09-28,2023-09-25,8085.91,8085.91,0.0,0,PAID,PAID,SOFTWARE,WEST
INV-01684,CUS-0189,2023-03-01,2023-04-15,2023-04-10,292890.44,292890.44,0.0,0,PAID,PAID,SOFTWARE,WEST
INV-01685,CUS-0372,2022-11-07,2022-12-07,2022-12-02,1865.62,1865.62,0.0,0,PAID,PAID,HARDWARE,WEST
INV-01686,CUS-0139,2022-09-10,2022-10-25,2022-10-20,7055.57,7055.57,0.0,0,PAID,PAID,SERVICES,EAST
INV-01687,CUS-0337,2022-06-26,2022-08-25,2022-09-09,5458.33,5458.33,0.0,0,PAID,PAID,MAINTENANCE,NORTH
INV-01688,CUS-0019,2023-07-15,2023-08-14,2023-08-20,29391.48,29391.48,0.0,0,PAID,PAID,SERVICES,WEST
INV-01689,CUS-0180,2024-02-18,2024-03-19,,2388.96,0.0,2388.96,12,CURRENT,OVERDUE,HARDWARE,EAST
INV-01690,CUS-0481,2023-09-26,2023-11-10,2023-11-07,26536.92,26536.92,0.0,0,PAID,PAID,SOFTWARE,WEST
INV-01691,CUS-0395,2023-12-22,2024-02-05,2024-03-04,5097.44,5097.44,0.0,0,PAID,PAID,HARDWARE,NORTH
INV-01692,CUS-0230,2022-07-06,2022-08-20,2022-08-20,5292.05,5292.05,0.0,0,PAID,PAID,SERVICES,SOUTH
INV-01693,CUS-0252,2023-01-03,2023-02-02,,6000.46,4162.84,1837.62,423,90+,PARTIAL,MAINTENANCE,WEST
INV-01694,CUS-0247,2023-06-17,2023-07-17,2023-07-16,1148.68,1148.68,0.0,0,PAID,PAID,MAINTENANCE,EAST
INV-01695,CUS-0182,2023-02-28,2023-04-29,2023-05-20,41026.24,41026.24,0.0,0,PAID,PAID,HARDWARE,EAST
INV-01696,CUS-0434,2023-03-05,2023-04-04,2023-04-01,6115.23,6115.23,0.0,0,PAID,PAID,MAINTENANCE,WEST
INV-01697,CUS-0444,2024-01-16,2024-03-16,,903.33,433.4,469.93,15,CURRENT,PARTIAL,SOFTWARE,WEST
INV-01698,CUS-0360,2023-01-07,2023-02-21,2023-02-17,1714.75,1714.75,0.0,0,PAID,PAID,SERVICES,WEST
INV-01699,CUS-0072,2022-11-06,2023-01-05,,4260.44,1445.69,2814.75,451,90+,PARTIAL,MAINTENANCE,WEST
INV-01700,CUS-0288,2022-12-23,2023-02-21,2023-02-16,1589.04,1589.04,0.0,0,PAID,PAID,HARDWARE,SOUTH
INV-01701,CUS-0465,2023-12-29,2024-02-27,2024-03-15,10250.04,10250.04,0.0,0,PAID,PAID,HARDWARE,WEST
INV-01702,CUS-0493,2022-07-01,2022-07-31,2022-07-30,442.39,442.39,0.0,0,PAID,PAID,SOFTWARE,WEST
INV-01703,CUS-0412,2022-06-16,2022-07-16,,9128.21,0.0,9128.21,624,90+,OVERDUE,HARDWARE,WEST
INV-01704,CUS-0434,2023-12-19,2024-01-18,2024-02-15,676.68,676.68,0.0,0,PAID,PAID,SOFTWARE,SOUTH
INV-01705,CUS-0362,2024-03-19,2024-04-18,2024-04-17,5057.51,5057.51,0.0,0,PAID,PAID,SOFTWARE,WEST
INV-01706,CUS-0349,2022-12-17,2023-01-16,2023-01-14,2504.7,2504.7,0.0,0,PAID,PAID,HARDWARE,NORTH
INV-01707,CUS-0429,2024-03-25,2024-04-24,2024-04-21,8097.71,8097.71,0.0,0,PAID,PAID,SOFTWARE,WEST
INV-01708,CUS-0496,2023-09-01,2023-10-01,2023-10-16,3172.42,3172.42,0.0,0,PAID,PAID,HARDWARE,EAST
INV-01709,CUS-0084,2022-10-24,2022-12-23,2022-12-18,559.32,559.32,0.0,0,PAID,PAID,HARDWARE,NORTH
INV-01710,CUS-0392,2023-02-22,2023-04-23,2023-04-20,7129.51,7129.51,0.0,0,PAID,PAID,MAINTENANCE,WEST
INV-01711,CUS-0433,2023-07-23,2023-08-22,2023-08-31,723.03,723.03,0.0,0,PAID,PAID,HARDWARE,NORTH
INV-01712,CUS-0034,2023-12-09,2024-01-08,2024-02-01,837.74,837.74,0.0,0,PAID,PAID,HARDWARE,EAST
INV-01713,CUS-0140,2023-04-15,2023-05-15,2023-05-10,19572.36,19572.36,0.0,0,PAID,PAID,HARDWARE,EAST
INV-01714,CUS-0333,2022-12-24,2023-02-22,2023-02-18,26469.39,26469.39,0.0,0,PAID,PAID,MAINTENANCE,WEST
INV-01715,CUS-0178,2023-07-31,2023-09-14,2023-09-12,61093.02,61093.02,0.0,0,PAID,PAID,HARDWARE,SOUTH
INV-01716,CUS-0331,2023-09-04,2023-11-03,2023-11-01,4280.43,4280.43,0.0,0,PAID,PAID,SOFTWARE,SOUTH
INV-01717,CUS-0272,2024-01-23,2024-03-08,2024-03-08,1267.22,1267.22,0.0,0,PAID,PAID,SERVICES,NORTH
INV-01718,CUS-0079,2023-03-03,2023-04-02,,575.18,285.65,289.53,364,90+,PARTIAL,SOFTWARE,EAST
INV-01719,CUS-0049,2023-08-14,2023-09-28,2023-10-21,1924.93,1924.93,0.0,0,PAID,PAID,MAINTENANCE,EAST
INV-01720,CUS-0149,2023-07-03,2023-08-17,2023-08-13,107218.77,107218.77,0.0,0,PAID,PAID,SERVICES,NORTH
INV-01721,CUS-0008,2024-03-03,2024-05-02,2024-04-30,20042.44,20042.44,0.0,0,PAID,PAID,HARDWARE,SOUTH
INV-01722,CUS-0259,2023-08-15,2023-09-29,2023-09-24,2153.72,2153.72,0.0,0,PAID,PAID,SERVICES,EAST
INV-01723,CUS-0007,2022-11-24,2023-01-08,2023-01-18,678.62,678.62,0.0,0,PAID,PAID,MAINTENANCE,WEST
INV-01724,CUS-0230,2022-08-20,2022-10-04,2022-09-29,14703.19,14703.19,0.0,0,PAID,PAID,SOFTWARE,SOUTH
INV-01725,CUS-0039,2023-05-22,2023-07-06,2023-07-15,1655.26,1655.26,0.0,0,PAID,PAID,SOFTWARE,NORTH
INV-01726,CUS-0155,2023-09-16,2023-11-15,2023-11-20,2856.35,2856.35,0.0,0,PAID,PAID,HARDWARE,EAST
INV-01727,CUS-0351,2024-01-29,2024-03-29,2024-03-24,8153.41,8153.41,0.0,0,PAID,PAID,MAINTENANCE,WEST
INV-01728,CUS-0214,2024-01-06,2024-02-05,,965.88,538.52,427.36,55,31-60,PARTIAL,SERVICES,EAST
INV-01729,CUS-0339,2023-06-28,2023-08-12,2023-08-09,6149.41,6149.41,0.0,0,PAID,PAID,SOFTWARE,WEST
INV-01730,CUS-0408,2023-03-12,2023-04-26,2023-04-23,4265.52,4265.52,0.0,0,PAID,PAID,HARDWARE,NORTH
INV-01731,CUS-0119,2023-12-21,2024-01-20,2024-01-19,950.07,950.07,0.0,0,PAID,PAID,SOFTWARE,SOUTH
INV-01732,CUS-0034,2022-08-22,2022-09-21,,813.96,481.46,332.5,557,90+,PARTIAL,HARDWARE,SOUTH
INV-01733,CUS-0273,2023-10-26,2023-11-25,2023-11-22,1782.89,1782.89,0.0,0,PAID,PAID,HARDWARE,SOUTH
INV-01734,CUS-0378,2023-02-28,2023-03-30,2023-03-30,19255.66,19255.66,0.0,0,PAID,PAID,MAINTENANCE,NORTH
INV-01735,CUS-0098,2022-12-02,2023-01-01,2022-12-30,896.24,896.24,0.0,0,PAID,PAID,HARDWARE,NORTH
INV-01736,CUS-0451,2023-01-11,2023-02-25,2023-03-05,115864.92,115864.92,0.0,0,PAID,PAID,SOFTWARE,EAST
INV-01737,CUS-0254,2022-11-18,2023-01-02,2022-12-28,6794.88,6794.88,0.0,0,PAID,PAID,SOFTWARE,SOUTH
INV-01738,CUS-0058,2023-12-19,2024-02-17,2024-02-13,1173.43,1173.43,0.0,0,PAID,PAID,SERVICES,EAST
INV-01739,CUS-0401,2023-02-15,2023-04-01,2023-03-27,4688.78,4688.78,0.0,0,PAID,PAID,HARDWARE,SOUTH
INV-01740,CUS-0419,2024-01-26,2024-03-26,2024-03-25,3129.57,3129.57,0.0,0,PAID,PAID,SOFTWARE,WEST
INV-01741,CUS-0395,2023-02-28,2023-04-14,2023-04-14,1882.57,1882.57,0.0,0,PAID,PAID,SERVICES,NORTH
INV-01742,CUS-0038,2023-12-10,2024-01-09,2024-01-06,711.65,711.65,0.0,0,PAID,PAID,HARDWARE,WEST
INV-01743,CUS-0165,2024-01-20,2024-02-19,2024-02-15,3407.02,3407.02,0.0,0,PAID,PAID,SOFTWARE,WEST
INV-01744,CUS-0182,2023-02-28,2023-04-29,2023-05-18,15881.34,15881.34,0.0,0,PAID,PAID,MAINTENANCE,NORTH
INV-01745,CUS-0002,2022-07-23,2022-09-06,2022-09-05,2529.95,2529.95,0.0,0,PAID,PAID,MAINTENANCE,NORTH
INV-01746,CUS-0239,2022-09-04,2022-10-19,2022-10-15,10833.89,10833.89,0.0,0,PAID,PAID,SERVICES,WEST
INV-01747,CUS-0188,2023-11-29,2024-01-13,2024-01-29,180.77,180.77,0.0,0,PAID,PAID,SERVICES,EAST
INV-01748,CUS-0352,2024-02-18,2024-04-18,,1118.5,446.96,671.54,0,CURRENT,PARTIAL,SERVICES,EAST
INV-01749,CUS-0369,2023-07-02,2023-08-16,2023-08-20,8567.31,8567.31,0.0,0,PAID,PAID,SOFTWARE,WEST
INV-01750,CUS-0412,2022-10-04,2022-11-03,2022-10-30,7974.54,7974.54,0.0,0,PAID,PAID,MAINTENANCE,WEST
INV-01751,CUS-0444,2023-06-06,2023-08-05,2023-08-02,1552.63,1552.63,0.0,0,PAID,PAID,SERVICES,NORTH
INV-01752,CUS-0101,2023-02-13,2023-03-15,2023-03-10,1012.44,1012.44,0.0,0,PAID,PAID,SOFTWARE,SOUTH
INV-01753,CUS-0080,2022-11-15,2022-12-30,2022-12-29,6407.48,6407.48,0.0,0,PAID,PAID,SERVICES,EAST
INV-01754,CUS-0290,2023-01-31,2023-04-01,2023-03-29,2546.95,2546.95,0.0,0,PAID,PAID,HARDWARE,EAST
INV-01755,CUS-0379,2022-08-04,2022-09-18,2022-09-17,10940.32,10940.32,0.0,0,PAID,PAID,SERVICES,SOUTH
INV-01756,CUS-0093,2024-01-04,2024-02-18,2024-03-15,1726.01,1726.01,0.0,0,PAID,PAID,SOFTWARE,SOUTH
INV-01757,CUS-0399,2023-02-24,2023-04-25,2023-05-12,34912.41,34912.41,0.0,0,PAID,PAID,MAINTENANCE,WEST
INV-01758,CUS-0500,2023-11-22,2023-12-22,2023-12-20,153255.32,153255.32,0.0,0,PAID,PAID,MAINTENANCE,EAST
INV-01759,CUS-0138,2023-11-14,2023-12-29,2023-12-27,17094.51,17094.51,0.0,0,PAID,PAID,SERVICES,EAST
INV-01760,CUS-0133,2022-08-24,2022-10-08,2022-10-04,18446.52,18446.52,0.0,0,PAID,PAID,MAINTENANCE,WEST
INV-01761,CUS-0261,2022-10-29,2022-12-28,2023-01-10,2989.63,2989.63,0.0,0,PAID,PAID,HARDWARE,WEST
INV-01762,CUS-0036,2023-10-13,2023-11-12,2023-11-11,737.35,737.35,0.0,0,PAID,PAID,MAINTENANCE,EAST
INV-01763,CUS-0058,2024-02-29,2024-04-29,,484.07,184.38,299.69,0,CURRENT,PARTIAL,SERVICES,EAST
INV-01764,CUS-0403,2022-07-09,2022-08-23,2022-08-23,1617.88,1617.88,0.0,0,PAID,PAID,SERVICES,WEST
INV-01765,CUS-0046,2023-12-14,2024-01-13,2024-01-09,407.92,407.92,0.0,0,PAID,PAID,SOFTWARE,SOUTH
INV-01766,CUS-0435,2023-07-21,2023-09-19,2023-09-23,1907.15,1907.15,0.0,0,PAID,PAID,HARDWARE,SOUTH
INV-01767,CUS-0174,2023-01-01,2023-03-02,2023-02-27,2586.08,2586.08,0.0,0,PAID,PAID,MAINTENANCE,NORTH
INV-01768,CUS-0397,2024-01-18,2024-03-18,2024-03-13,2715.97,2715.97,0.0,0,PAID,PAID,MAINTENANCE,SOUTH
INV-01769,CUS-0417,2022-10-19,2022-11-18,,8143.45,0.0,8143.45,499,90+,OVERDUE,MAINTENANCE,NORTH
INV-01770,CUS-0392,2024-03-03,2024-05-02,2024-04-27,3708.05,3708.05,0.0,0,PAID,PAID,SERVICES,EAST
INV-01771,CUS-0329,2023-02-15,2023-04-16,2023-04-14,12576.63,12576.63,0.0,0,PAID,PAID,HARDWARE,WEST
INV-01772,CUS-0059,2024-03-19,2024-04-18,2024-04-21,3403.86,3403.86,0.0,0,PAID,PAID,SERVICES,WEST
INV-01773,CUS-0317,2023-06-09,2023-07-09,,754.74,404.48,350.26,266,90+,PARTIAL,SOFTWARE,NORTH
INV-01774,CUS-0396,2024-01-12,2024-02-26,2024-02-24,37799.66,37799.66,0.0,0,PAID,PAID,SERVICES,EAST
INV-01775,CUS-0308,2022-12-18,2023-02-01,2023-02-01,2496.65,2496.65,0.0,0,PAID,PAID,SERVICES,EAST
INV-01776,CUS-0291,2023-02-25,2023-04-26,2023-05-03,12194.13,12194.13,0.0,0,PAID,PAID,SOFTWARE,EAST
INV-01777,CUS-0398,2023-11-28,2023-12-28,2023-12-26,1075.48,1075.48,0.0,0,PAID,PAID,SERVICES,SOUTH
INV-01778,CUS-0356,2022-07-15,2022-08-29,2022-08-24,3562.24,3562.24,0.0,0,PAID,PAID,HARDWARE,SOUTH
INV-01779,CUS-0269,2023-04-25,2023-06-09,2023-06-06,248.2,248.2,0.0,0,PAID,PAID,MAINTENANCE,WEST
INV-01780,CUS-0076,2022-12-10,2023-02-08,2023-02-08,37513.18,37513.18,0.0,0,PAID,PAID,SERVICES,NORTH
INV-01781,CUS-0311,2023-12-30,2024-02-28,,3756.65,0.0,3756.65,32,31-60,OVERDUE,SERVICES,WEST
INV-01782,CUS-0157,2023-12-22,2024-01-21,2024-01-19,2990.83,2990.83,0.0,0,PAID,PAID,HARDWARE,NORTH
INV-01783,CUS-0116,2022-10-01,2022-10-31,,2937.44,1798.4,1139.04,517,90+,PARTIAL,SOFTWARE,NORTH
INV-01784,CUS-0064,2022-10-21,2022-11-20,2022-11-17,1353.02,1353.02,0.0,0,PAID,PAID,SOFTWARE,NORTH
INV-01785,CUS-0032,2022-05-14,2022-07-13,2022-07-10,972.38,972.38,0.0,0,PAID,PAID,MAINTENANCE,SOUTH
INV-01786,CUS-0431,2023-09-20,2023-11-04,2023-10-30,1784.54,1784.54,0.0,0,PAID,PAID,SERVICES,WEST
INV-01787,CUS-0212,2023-12-07,2024-02-05,2024-02-18,5990.13,5990.13,0.0,0,PAID,PAID,SERVICES,NORTH
INV-01788,CUS-0216,2024-03-28,2024-05-27,2024-05-26,108890.77,108890.77,0.0,0,PAID,PAID,SERVICES,WEST
INV-01789,CUS-0235,2023-01-19,2023-03-05,2023-03-04,4313.21,4313.21,0.0,0,PAID,PAID,SERVICES,WEST
INV-01790,CUS-0251,2022-07-28,2022-09-26,2022-09-22,2983.22,2983.22,0.0,0,PAID,PAID,SERVICES,SOUTH
INV-01791,CUS-0426,2022-04-25,2022-06-09,2022-06-16,15515.56,15515.56,0.0,0,PAID,PAID,SERVICES,SOUTH
INV-01792,CUS-0044,2023-09-05,2023-10-05,2023-10-01,1834.96,1834.96,0.0,0,PAID,PAID,HARDWARE,SOUTH
INV-01793,CUS-0032,2024-03-10,2024-05-09,,3215.67,1385.9,1829.77,0,CURRENT,PARTIAL,SERVICES,SOUTH
INV-01794,CUS-0231,2023-03-01,2023-03-31,2023-03-30,4182.68,4182.68,0.0,0,PAID,PAID,SERVICES,SOUTH
INV-01795,CUS-0041,2022-07-26,2022-08-25,,1808.97,0.0,1808.97,584,90+,OVERDUE,SOFTWARE,SOUTH
INV-01796,CUS-0010,2024-03-04,2024-04-03,2024-04-03,20154.49,20154.49,0.0,0,PAID,PAID,SOFTWARE,WEST
INV-01797,CUS-0422,2023-12-11,2024-01-25,2024-01-22,1091.25,1091.25,0.0,0,PAID,PAID,HARDWARE,WEST
INV-01798,CUS-0493,2023-10-25,2023-11-24,2023-11-21,1838.24,1838.24,0.0,0,PAID,PAID,MAINTENANCE,WEST
INV-01799,CUS-0375,2022-04-17,2022-06-01,2022-05-29,238.93,238.93,0.0,0,PAID,PAID,HARDWARE,NORTH
INV-01800,CUS-0169,2023-02-04,2023-03-06,2023-03-02,366.3,366.3,0.0,0,PAID,PAID,HARDWARE,SOUTH
INV-01801,CUS-0027,2023-08-25,2023-09-24,2023-09-21,8855.02,8855.02,0.0,0,PAID,PAID,SERVICES,EAST
INV-01802,CUS-0157,2024-03-29,2024-04-28,2024-04-28,1113.81,1113.81,0.0,0,PAID,PAID,SERVICES,WEST
INV-01803,CUS-0013,2023-10-29,2023-11-28,2023-11-25,22605.96,22605.96,0.0,0,PAID,PAID,HARDWARE,NORTH
INV-01804,CUS-0434,2023-04-07,2023-05-07,,2455.4,1129.79,1325.61,329,90+,PARTIAL,HARDWARE,EAST
INV-01805,CUS-0151,2023-06-23,2023-07-23,2023-07-21,541.5,541.5,0.0,0,PAID,PAID,HARDWARE,WEST
INV-01806,CUS-0140,2024-03-21,2024-04-20,2024-04-15,49730.04,49730.04,0.0,0,PAID,PAID,HARDWARE,WEST
INV-01807,CUS-0254,2023-05-26,2023-07-10,2023-07-08,7356.19,7356.19,0.0,0,PAID,PAID,SERVICES,NORTH
INV-01808,CUS-0473,2023-06-13,2023-07-13,,7487.37,2777.39,4709.98,262,90+,PARTIAL,HARDWARE,SOUTH
INV-01809,CUS-0386,2022-10-03,2022-12-02,2022-12-01,1385.7,1385.7,0.0,0,PAID,PAID,MAINTENANCE,NORTH
INV-01810,CUS-0423,2023-12-19,2024-02-02,2024-02-01,544.51,544.51,0.0,0,PAID,PAID,SERVICES,EAST
INV-01811,CUS-0389,2022-09-21,2022-10-21,2022-10-18,488.85,488.85,0.0,0,PAID,PAID,SOFTWARE,SOUTH
INV-01812,CUS-0118,2024-01-24,2024-03-09,2024-04-04,3188.39,3188.39,0.0,0,PAID,PAID,SOFTWARE,EAST
INV-01813,CUS-0162,2023-06-20,2023-07-20,2023-07-20,17894.13,17894.13,0.0,0,PAID,PAID,MAINTENANCE,SOUTH
INV-01814,CUS-0351,2023-01-04,2023-03-05,2023-03-03,1155.16,1155.16,0.0,0,PAID,PAID,SERVICES,EAST
INV-01815,CUS-0288,2023-03-20,2023-05-19,2023-05-17,1058.14,1058.14,0.0,0,PAID,PAID,HARDWARE,WEST
INV-01816,CUS-0336,2023-07-19,2023-09-02,2023-09-07,1838.04,1838.04,0.0,0,PAID,PAID,MAINTENANCE,NORTH
INV-01817,CUS-0149,2022-07-01,2022-08-15,2022-08-10,4092.83,4092.83,0.0,0,PAID,PAID,SOFTWARE,SOUTH
INV-01818,CUS-0239,2024-02-07,2024-03-23,2024-03-22,7474.16,7474.16,0.0,0,PAID,PAID,HARDWARE,WEST
INV-01819,CUS-0120,2023-11-25,2024-01-09,2024-01-06,3344.04,3344.04,0.0,0,PAID,PAID,MAINTENANCE,WEST
INV-01820,CUS-0429,2022-05-22,2022-06-21,2022-06-17,8479.55,8479.55,0.0,0,PAID,PAID,HARDWARE,EAST
INV-01821,CUS-0432,2023-05-13,2023-06-27,2023-07-26,704.83,704.83,0.0,0,PAID,PAID,SERVICES,SOUTH
INV-01822,CUS-0103,2023-08-05,2023-09-19,2023-10-01,225.44,225.44,0.0,0,PAID,PAID,HARDWARE,WEST
INV-01823,CUS-0498,2023-07-16,2023-09-14,2023-09-10,282.79,282.79,0.0,0,PAID,PAID,SOFTWARE,SOUTH
INV-01824,CUS-0360,2024-02-07,2024-03-23,2024-03-22,1449.59,1449.59,0.0,0,PAID,PAID,SOFTWARE,NORTH
INV-01825,CUS-0195,2023-12-20,2024-02-03,2024-02-01,35413.69,35413.69,0.0,0,PAID,PAID,HARDWARE,SOUTH
INV-01826,CUS-0401,2023-10-06,2023-11-20,2023-11-15,24490.78,24490.78,0.0,0,PAID,PAID,SERVICES,EAST
INV-01827,CUS-0250,2022-10-21,2022-11-20,2022-11-16,2616.55,2616.55,0.0,0,PAID,PAID,SERVICES,SOUTH
INV-01828,CUS-0048,2022-10-27,2022-12-26,2022-12-21,18139.68,18139.68,0.0,0,PAID,PAID,SOFTWARE,NORTH
INV-01829,CUS-0476,2022-12-28,2023-02-26,2023-02-25,15101.69,15101.69,0.0,0,PAID,PAID,SOFTWARE,NORTH
INV-01830,CUS-0084,2024-01-26,2024-03-26,2024-03-25,1627.54,1627.54,0.0,0,PAID,PAID,SOFTWARE,WEST
INV-01831,CUS-0096,2023-12-06,2024-01-05,2024-01-02,65844.04,65844.04,0.0,0,PAID,PAID,MAINTENANCE,EAST
INV-01832,CUS-0313,2023-07-19,2023-09-17,2023-09-13,2556.25,2556.25,0.0,0,PAID,PAID,MAINTENANCE,WEST
INV-01833,CUS-0338,2023-10-15,2023-12-14,2023-12-12,2336.88,2336.88,0.0,0,PAID,PAID,MAINTENANCE,NORTH
INV-01834,CUS-0191,2023-10-29,2023-11-28,2023-11-24,4724.65,4724.65,0.0,0,PAID,PAID,SERVICES,EAST
INV-01835,CUS-0228,2023-07-24,2023-09-22,2023-09-19,26829.21,26829.21,0.0,0,PAID,PAID,MAINTENANCE,NORTH
INV-01836,CUS-0387,2023-07-08,2023-08-07,2023-08-16,72822.25,72822.25,0.0,0,PAID,PAID,HARDWARE,EAST
INV-01837,CUS-0429,2023-02-08,2023-03-10,2023-03-06,7019.77,7019.77,0.0,0,PAID,PAID,SOFTWARE,NORTH
INV-01838,CUS-0295,2022-07-15,2022-08-29,,20130.72,12723.24,7407.48,580,90+,PARTIAL,HARDWARE,EAST
INV-01839,CUS-0240,2023-02-06,2023-04-07,2023-04-05,11328.9,11328.9,0.0,0,PAID,PAID,SERVICES,WEST
INV-01840,CUS-0448,2022-10-21,2022-12-20,2022-12-23,6882.3,6882.3,0.0,0,PAID,PAID,SOFTWARE,WEST
INV-01841,CUS-0378,2023-05-20,2023-06-19,2023-06-14,40253.72,40253.72,0.0,0,PAID,PAID,SOFTWARE,NORTH
INV-01842,CUS-0108,2023-06-29,2023-08-13,2023-08-25,2794.63,2794.63,0.0,0,PAID,PAID,SOFTWARE,NORTH
INV-01843,CUS-0003,2024-02-01,2024-03-17,2024-03-12,50574.08,50574.08,0.0,0,PAID,PAID,SOFTWARE,EAST
INV-01844,CUS-0461,2022-09-11,2022-11-10,2022-11-09,2766.4,2766.4,0.0,0,PAID,PAID,SOFTWARE,SOUTH
INV-01845,CUS-0263,2023-09-26,2023-11-25,,525.34,216.11,309.23,127,90+,PARTIAL,MAINTENANCE,EAST
INV-01846,CUS-0344,2023-10-06,2023-11-20,2023-11-16,171.09,171.09,0.0,0,PAID,PAID,MAINTENANCE,WEST
INV-01847,CUS-0314,2024-01-24,2024-03-24,2024-04-17,248.54,248.54,0.0,0,PAID,PAID,SERVICES,NORTH
INV-01848,CUS-0071,2023-06-20,2023-08-04,2023-07-31,4852.83,4852.83,0.0,0,PAID,PAID,SERVICES,SOUTH
INV-01849,CUS-0235,2022-07-13,2022-08-27,2022-08-24,7397.64,7397.64,0.0,0,PAID,PAID,SOFTWARE,SOUTH
INV-01850,CUS-0251,2022-11-09,2023-01-08,2023-01-07,3977.32,3977.32,0.0,0,PAID,PAID,MAINTENANCE,SOUTH
INV-01851,CUS-0189,2023-06-24,2023-08-08,2023-08-07,8027.94,8027.94,0.0,0,PAID,PAID,SOFTWARE,EAST
INV-01852,CUS-0395,2024-02-03,2024-03-19,2024-03-17,853.71,853.71,0.0,0,PAID,PAID,SOFTWARE,WEST
INV-01853,CUS-0475,2022-04-23,2022-06-07,2022-06-03,2362.44,2362.44,0.0,0,PAID,PAID,SOFTWARE,SOUTH
INV-01854,CUS-0328,2023-10-18,2023-12-02,2023-11-30,4615.92,4615.92,0.0,0,PAID,PAID,SERVICES,NORTH
INV-01855,CUS-0057,2023-03-27,2023-04-26,2023-04-22,3605.03,3605.03,0.0,0,PAID,PAID,HARDWARE,WEST
INV-01856,CUS-0164,2023-02-27,2023-03-29,2023-03-27,11971.61,11971.61,0.0,0,PAID,PAID,HARDWARE,WEST
INV-01857,CUS-0306,2023-03-11,2023-04-10,2023-04-05,2233.64,2233.64,0.0,0,PAID,PAID,SERVICES,EAST
INV-01858,CUS-0287,2022-06-24,2022-08-23,2022-08-21,1064.68,1064.68,0.0,0,PAID,PAID,HARDWARE,WEST
INV-01859,CUS-0457,2023-08-31,2023-10-30,2023-10-25,14650.26,14650.26,0.0,0,PAID,PAID,MAINTENANCE,EAST
INV-01860,CUS-0382,2023-04-30,2023-06-29,2023-06-29,1541.01,1541.01,0.0,0,PAID,PAID,SERVICES,SOUTH
INV-01861,CUS-0482,2023-11-08,2024-01-07,2024-01-04,1954.71,1954.71,0.0,0,PAID,PAID,MAINTENANCE,NORTH
INV-01862,CUS-0368,2023-03-13,2023-04-27,2023-05-06,3773.61,3773.61,0.0,0,PAID,PAID,SERVICES,EAST
INV-01863,CUS-0427,2022-12-27,2023-02-25,2023-02-23,280.47,280.47,0.0,0,PAID,PAID,SERVICES,NORTH
INV-01864,CUS-0386,2022-05-02,2022-07-01,2022-06-28,959.94,959.94,0.0,0,PAID,PAID,SOFTWARE,WEST
INV-01865,CUS-0428,2023-07-24,2023-09-07,2023-09-02,3240.22,3240.22,0.0,0,PAID,PAID,SERVICES,NORTH
INV-01866,CUS-0032,2024-02-10,2024-04-10,2024-04-06,822.91,822.91,0.0,0,PAID,PAID,MAINTENANCE,WEST
INV-01867,CUS-0392,2023-06-04,2023-08-03,2023-07-30,20132.72,20132.72,0.0,0,PAID,PAID,HARDWARE,NORTH
INV-01868,CUS-0277,2023-06-10,2023-08-09,,1561.98,617.68,944.3,235,90+,PARTIAL,MAINTENANCE,WEST
INV-01869,CUS-0118,2023-01-18,2023-03-04,2023-03-06,20196.67,20196.67,0.0,0,PAID,PAID,SERVICES,WEST
INV-01870,CUS-0187,2023-03-03,2023-04-02,2023-03-29,504.17,504.17,0.0,0,PAID,PAID,HARDWARE,WEST
INV-01871,CUS-0199,2022-10-23,2022-12-07,2022-12-07,503.14,503.14,0.0,0,PAID,PAID,SOFTWARE,SOUTH
INV-01872,CUS-0275,2023-11-25,2024-01-09,2024-01-20,4396.1,4396.1,0.0,0,PAID,PAID,HARDWARE,EAST
INV-01873,CUS-0048,2024-02-24,2024-04-24,2024-04-19,7797.81,7797.81,0.0,0,PAID,PAID,MAINTENANCE,EAST
INV-01874,CUS-0430,2022-11-20,2023-01-19,2023-01-17,496.53,496.53,0.0,0,PAID,PAID,SERVICES,SOUTH
INV-01875,CUS-0015,2023-10-17,2023-11-16,2023-11-16,776.64,776.64,0.0,0,PAID,PAID,SERVICES,WEST
INV-01876,CUS-0490,2024-01-15,2024-02-29,2024-02-28,7251.16,7251.16,0.0,0,PAID,PAID,SOFTWARE,EAST
INV-01877,CUS-0429,2022-07-18,2022-08-17,2022-08-16,30197.82,30197.82,0.0,0,PAID,PAID,MAINTENANCE,NORTH
INV-01878,CUS-0304,2022-04-15,2022-05-15,2022-05-11,3697.95,3697.95,0.0,0,PAID,PAID,SOFTWARE,EAST
INV-01879,CUS-0442,2022-06-07,2022-07-22,2022-07-17,305.07,305.07,0.0,0,PAID,PAID,HARDWARE,WEST
INV-01880,CUS-0010,2022-10-12,2022-11-11,2022-11-06,25885.54,25885.54,0.0,0,PAID,PAID,SOFTWARE,WEST
INV-01881,CUS-0038,2022-12-17,2023-01-16,2023-01-11,12474.51,12474.51,0.0,0,PAID,PAID,MAINTENANCE,EAST
INV-01882,CUS-0093,2023-04-02,2023-05-17,,963.29,634.15,329.14,319,90+,PARTIAL,SOFTWARE,SOUTH
INV-01883,CUS-0334,2024-01-12,2024-02-26,2024-02-26,45171.22,45171.22,0.0,0,PAID,PAID,SOFTWARE,EAST
INV-01884,CUS-0319,2023-05-13,2023-07-12,2023-07-08,1972.39,1972.39,0.0,0,PAID,PAID,SOFTWARE,WEST
INV-01885,CUS-0378,2023-02-09,2023-03-11,2023-03-11,20824.38,20824.38,0.0,0,PAID,PAID,MAINTENANCE,EAST
INV-01886,CUS-0043,2023-04-20,2023-05-20,2023-06-07,3014.49,3014.49,0.0,0,PAID,PAID,SERVICES,WEST
INV-01887,CUS-0199,2023-03-19,2023-05-03,2023-05-07,3614.9,3614.9,0.0,0,PAID,PAID,SERVICES,NORTH
INV-01888,CUS-0293,2024-02-20,2024-04-05,,1174.51,0.0,1174.51,0,CURRENT,OVERDUE,MAINTENANCE,NORTH
INV-01889,CUS-0058,2022-06-04,2022-08-03,2022-08-02,2924.37,2924.37,0.0,0,PAID,PAID,SERVICES,NORTH
INV-01890,CUS-0099,2023-05-08,2023-06-22,2023-06-17,5822.03,5822.03,0.0,0,PAID,PAID,SOFTWARE,SOUTH
INV-01891,CUS-0171,2023-02-05,2023-03-22,2023-03-21,6381.14,6381.14,0.0,0,PAID,PAID,SOFTWARE,NORTH
INV-01892,CUS-0114,2023-01-26,2023-03-12,2023-03-12,1425.39,1425.39,0.0,0,PAID,PAID,MAINTENANCE,WEST
INV-01893,CUS-0408,2022-12-14,2023-01-28,2023-02-16,22156.01,22156.01,0.0,0,PAID,PAID,SOFTWARE,WEST
INV-01894,CUS-0193,2023-02-08,2023-03-25,,870.85,0.0,870.85,372,90+,OVERDUE,MAINTENANCE,WEST
INV-01895,CUS-0384,2023-07-14,2023-08-28,2023-08-23,31505.77,31505.77,0.0,0,PAID,PAID,SERVICES,EAST
INV-01896,CUS-0223,2023-10-14,2023-12-13,2023-12-12,17646.85,17646.85,0.0,0,PAID,PAID,SERVICES,EAST
INV-01897,CUS-0187,2023-01-11,2023-02-10,,1482.02,524.33,957.69,415,90+,PARTIAL,SOFTWARE,SOUTH
INV-01898,CUS-0386,2023-10-25,2023-12-24,2023-12-20,6381.63,6381.63,0.0,0,PAID,PAID,MAINTENANCE,EAST
INV-01899,CUS-0412,2023-10-26,2023-11-25,,11681.53,6327.14,5354.39,127,90+,PARTIAL,SERVICES,SOUTH
INV-01900,CUS-0151,2024-01-19,2024-02-18,2024-02-14,3461.71,3461.71,0.0,0,PAID,PAID,HARDWARE,WEST
INV-01901,CUS-0392,2022-09-06,2022-11-05,2022-11-02,5577.65,5577.65,0.0,0,PAID,PAID,HARDWARE,SOUTH
INV-01902,CUS-0051,2022-11-24,2023-01-08,2023-01-04,6521.04,6521.04,0.0,0,PAID,PAID,HARDWARE,EAST
INV-01903,CUS-0494,2024-01-23,2024-03-23,,5608.45,0.0,5608.45,8,CURRENT,OVERDUE,SOFTWARE,NORTH
INV-01904,CUS-0054,2023-09-20,2023-10-20,2023-10-23,1758.66,1758.66,0.0,0,PAID,PAID,SERVICES,EAST
INV-01905,CUS-0295,2023-12-04,2024-01-18,2024-01-15,9086.0,9086.0,0.0,0,PAID,PAID,MAINTENANCE,SOUTH
INV-01906,CUS-0468,2023-04-19,2023-05-19,2023-05-16,4483.97,4483.97,0.0,0,PAID,PAID,SERVICES,EAST
INV-01907,CUS-0288,2023-10-07,2023-12-06,2023-12-02,5416.32,5416.32,0.0,0,PAID,PAID,MAINTENANCE,SOUTH
INV-01908,CUS-0004,2024-01-27,2024-03-12,2024-04-01,15251.61,15251.61,0.0,0,PAID,PAID,HARDWARE,EAST
INV-01909,CUS-0247,2023-12-27,2024-01-26,2024-01-26,4217.3,4217.3,0.0,0,PAID,PAID,HARDWARE,WEST
INV-01910,CUS-0060,2022-05-07,2022-06-06,2022-06-05,13396.82,13396.82,0.0,0,PAID,PAID,SOFTWARE,SOUTH
INV-01911,CUS-0375,2022-12-24,2023-02-07,,4144.58,2063.96,2080.62,418,90+,PARTIAL,HARDWARE,EAST
INV-01912,CUS-0191,2023-09-12,2023-10-12,2023-10-09,12810.2,12810.2,0.0,0,PAID,PAID,MAINTENANCE,WEST
INV-01913,CUS-0298,2022-09-12,2022-10-12,2022-10-17,669.84,669.84,0.0,0,PAID,PAID,SERVICES,SOUTH
INV-01914,CUS-0092,2022-07-27,2022-08-26,2022-08-25,3839.01,3839.01,0.0,0,PAID,PAID,MAINTENANCE,EAST
INV-01915,CUS-0162,2022-10-19,2022-11-18,2022-11-16,4462.2,4462.2,0.0,0,PAID,PAID,MAINTENANCE,SOUTH
INV-01916,CUS-0391,2023-12-13,2024-01-27,2024-01-22,1234.33,1234.33,0.0,0,PAID,PAID,HARDWARE,EAST
INV-01917,CUS-0201,2024-02-19,2024-04-04,2024-04-21,11063.61,11063.61,0.0,0,PAID,PAID,SERVICES,NORTH
INV-01918,CUS-0175,2022-04-13,2022-06-12,,12170.1,0.0,12170.1,658,90+,OVERDUE,HARDWARE,EAST
INV-01919,CUS-0326,2023-08-01,2023-09-30,2023-09-30,1119.05,1119.05,0.0,0,PAID,PAID,HARDWARE,NORTH
INV-01920,CUS-0147,2023-06-04,2023-08-03,2023-08-03,1582.47,1582.47,0.0,0,PAID,PAID,SERVICES,NORTH
INV-01921,CUS-0422,2023-11-05,2023-12-20,2023-12-16,6756.53,6756.53,0.0,0,PAID,PAID,MAINTENANCE,SOUTH
INV-01922,CUS-0191,2022-07-12,2022-08-11,,464872.17,157492.33,307379.84,598,90+,PARTIAL,SOFTWARE,EAST
INV-01923,CUS-0170,2022-09-09,2022-10-24,2022-10-21,870.19,870.19,0.0,0,PAID,PAID,SOFTWARE,SOUTH
INV-01924,CUS-0015,2022-07-19,2022-08-18,2022-08-18,3192.99,3192.99,0.0,0,PAID,PAID,HARDWARE,EAST
INV-01925,CUS-0169,2023-12-27,2024-01-26,2024-01-21,815.72,815.72,0.0,0,PAID,PAID,SOFTWARE,SOUTH
INV-01926,CUS-0022,2022-08-05,2022-10-04,2022-09-30,7772.3,7772.3,0.0,0,PAID,PAID,SOFTWARE,EAST
INV-01927,CUS-0244,2023-07-20,2023-09-03,,1031.64,0.0,1031.64,210,90+,OVERDUE,MAINTENANCE,WEST
INV-01928,CUS-0095,2022-07-26,2022-08-25,2022-09-16,533.85,533.85,0.0,0,PAID,PAID,HARDWARE,EAST
INV-01929,CUS-0080,2022-07-21,2022-09-04,2022-09-03,7190.9,7190.9,0.0,0,PAID,PAID,MAINTENANCE,SOUTH
INV-01930,CUS-0141,2022-05-22,2022-07-21,2022-07-21,6484.57,6484.57,0.0,0,PAID,PAID,MAINTENANCE,NORTH
INV-01931,CUS-0249,2022-06-22,2022-07-22,2022-07-20,3104.93,3104.93,0.0,0,PAID,PAID,MAINTENANCE,SOUTH
INV-01932,CUS-0049,2022-04-29,2022-06-13,2022-06-28,409.17,409.17,0.0,0,PAID,PAID,SOFTWARE,EAST
INV-01933,CUS-0216,2022-05-27,2022-07-26,2022-07-23,15701.83,15701.83,0.0,0,PAID,PAID,HARDWARE,WEST
INV-01934,CUS-0454,2022-09-17,2022-11-01,2022-11-12,20156.13,20156.13,0.0,0,PAID,PAID,MAINTENANCE,WEST
INV-01935,CUS-0491,2022-05-09,2022-06-23,2022-06-21,3094.63,3094.63,0.0,0,PAID,PAID,HARDWARE,NORTH
INV-01936,CUS-0280,2022-05-04,2022-07-03,2022-07-13,1280.52,1280.52,0.0,0,PAID,PAID,SOFTWARE,EAST
INV-01937,CUS-0370,2022-09-14,2022-10-29,2022-10-29,31755.18,31755.18,0.0,0,PAID,PAID,SERVICES,WEST
INV-01938,CUS-0019,2022-11-04,2022-12-04,2022-11-30,15250.51,15250.51,0.0,0,PAID,PAID,HARDWARE,WEST
INV-01939,CUS-0296,2023-03-23,2023-04-22,2023-04-17,335.73,335.73,0.0,0,PAID,PAID,HARDWARE,SOUTH
INV-01940,CUS-0241,2023-07-26,2023-09-24,2023-09-23,3076.19,3076.19,0.0,0,PAID,PAID,SOFTWARE,EAST
INV-01941,CUS-0228,2024-01-17,2024-03-17,2024-03-14,34328.17,34328.17,0.0,0,PAID,PAID,SOFTWARE,NORTH
INV-01942,CUS-0472,2023-08-14,2023-09-13,2023-09-20,774.74,774.74,0.0,0,PAID,PAID,HARDWARE,EAST
INV-01943,CUS-0088,2023-12-17,2024-01-16,2024-02-07,34686.27,34686.27,0.0,0,PAID,PAID,SERVICES,SOUTH
INV-01944,CUS-0104,2023-07-11,2023-09-09,2023-09-07,4017.31,4017.31,0.0,0,PAID,PAID,MAINTENANCE,NORTH
INV-01945,CUS-0288,2022-05-02,2022-07-01,2022-06-30,1844.96,1844.96,0.0,0,PAID,PAID,SERVICES,WEST
INV-01946,CUS-0202,2022-05-28,2022-07-12,2022-07-07,8445.03,8445.03,0.0,0,PAID,PAID,SERVICES,WEST
INV-01947,CUS-0335,2023-08-26,2023-10-25,2023-10-22,13513.5,13513.5,0.0,0,PAID,PAID,MAINTENANCE,EAST
INV-01948,CUS-0290,2022-05-08,2022-07-07,2022-07-04,4447.4,4447.4,0.0,0,PAID,PAID,SERVICES,NORTH
INV-01949,CUS-0004,2022-05-06,2022-06-20,2022-06-17,9441.59,9441.59,0.0,0,PAID,PAID,SOFTWARE,SOUTH
INV-01950,CUS-0268,2022-10-20,2022-11-19,2022-11-19,858.75,858.75,0.0,0,PAID,PAID,SOFTWARE,WEST
INV-01951,CUS-0146,2023-02-21,2023-04-07,2023-04-05,6973.32,6973.32,0.0,0,PAID,PAID,SOFTWARE,EAST
INV-01952,CUS-0002,2022-05-06,2022-06-20,2022-06-18,5026.27,5026.27,0.0,0,PAID,PAID,SERVICES,EAST
INV-01953,CUS-0420,2023-02-25,2023-04-11,2023-04-08,4793.93,4793.93,0.0,0,PAID,PAID,SOFTWARE,NORTH
INV-01954,CUS-0300,2023-09-10,2023-10-10,2023-10-06,9078.11,9078.11,0.0,0,PAID,PAID,HARDWARE,WEST
INV-01955,CUS-0061,2022-05-26,2022-07-25,2022-07-24,6770.73,6770.73,0.0,0,PAID,PAID,HARDWARE,WEST
INV-01956,CUS-0265,2023-08-18,2023-10-02,2023-09-27,42947.37,42947.37,0.0,0,PAID,PAID,HARDWARE,SOUTH
INV-01957,CUS-0061,2024-03-13,2024-05-12,,306.44,145.63,160.81,0,CURRENT,PARTIAL,SOFTWARE,WEST
INV-01958,CUS-0339,2024-02-05,2024-03-21,2024-03-21,25076.25,25076.25,0.0,0,PAID,PAID,SOFTWARE,SOUTH
INV-01959,CUS-0229,2022-11-19,2022-12-19,2022-12-19,7537.32,7537.32,0.0,0,PAID,PAID,SOFTWARE,EAST
INV-01960,CUS-0291,2023-02-05,2023-04-06,,96756.84,0.0,96756.84,360,90+,OVERDUE,SERVICES,WEST
INV-01961,CUS-0486,2022-04-05,2022-05-20,2022-05-15,16178.34,16178.34,0.0,0,PAID,PAID,HARDWARE,WEST
INV-01962,CUS-0477,2023-12-06,2024-01-20,2024-01-18,841.98,841.98,0.0,0,PAID,PAID,HARDWARE,SOUTH
INV-01963,CUS-0349,2022-07-06,2022-08-05,2022-08-03,9249.61,9249.61,0.0,0,PAID,PAID,MAINTENANCE,NORTH
INV-01964,CUS-0132,2022-07-03,2022-08-17,2022-08-16,7867.42,7867.42,0.0,0,PAID,PAID,SERVICES,SOUTH
INV-01965,CUS-0146,2024-01-16,2024-03-01,2024-02-28,3920.11,3920.11,0.0,0,PAID,PAID,HARDWARE,NORTH
INV-01966,CUS-0394,2023-12-28,2024-02-11,2024-02-07,1437.44,1437.44,0.0,0,PAID,PAID,HARDWARE,SOUTH
INV-01967,CUS-0282,2023-04-05,2023-06-04,2023-06-03,762.93,762.93,0.0,0,PAID,PAID,HARDWARE,SOUTH
INV-01968,CUS-0499,2023-01-19,2023-03-20,2023-03-16,199.78,199.78,0.0,0,PAID,PAID,HARDWARE,WEST
INV-01969,CUS-0183,2023-11-01,2023-12-01,2023-12-26,1928.98,1928.98,0.0,0,PAID,PAID,HARDWARE,NORTH
INV-01970,CUS-0218,2024-01-07,2024-03-07,2024-04-06,24673.13,24673.13,0.0,0,PAID,PAID,MAINTENANCE,WEST
INV-01971,CUS-0303,2023-01-23,2023-02-22,,1653.26,751.75,901.51,403,90+,PARTIAL,SOFTWARE,WEST
INV-01972,CUS-0159,2022-07-25,2022-08-24,2022-08-22,7978.69,7978.69,0.0,0,PAID,PAID,MAINTENANCE,WEST
INV-01973,CUS-0260,2022-07-16,2022-08-30,2022-08-28,995.6,995.6,0.0,0,PAID,PAID,SOFTWARE,SOUTH
INV-01974,CUS-0159,2022-11-03,2022-12-03,2022-12-02,1402.05,1402.05,0.0,0,PAID,PAID,MAINTENANCE,EAST
INV-01975,CUS-0374,2022-10-16,2022-12-15,2022-12-15,9752.29,9752.29,0.0,0,PAID,PAID,MAINTENANCE,EAST
INV-01976,CUS-0116,2022-07-23,2022-08-22,2022-08-19,656.26,656.26,0.0,0,PAID,PAID,SOFTWARE,WEST
INV-01977,CUS-0170,2024-03-15,2024-04-29,2024-04-27,22895.14,22895.14,0.0,0,PAID,PAID,SOFTWARE,WEST
INV-01978,CUS-0012,2023-10-05,2023-11-19,2023-12-04,4835.63,4835.63,0.0,0,PAID,PAID,MAINTENANCE,WEST
INV-01979,CUS-0066,2023-05-13,2023-06-27,2023-06-25,18158.19,18158.19,0.0,0,PAID,PAID,SERVICES,WEST
INV-01980,CUS-0150,2023-09-10,2023-10-25,2023-10-24,1779.73,1779.73,0.0,0,PAID,PAID,SOFTWARE,SOUTH
INV-01981,CUS-0181,2023-08-14,2023-09-28,2023-09-23,225.61,225.61,0.0,0,PAID,PAID,SERVICES,WEST
INV-01982,CUS-0184,2023-04-26,2023-06-10,2023-06-08,23617.64,23617.64,0.0,0,PAID,PAID,SOFTWARE,WEST
INV-01983,CUS-0090,2022-04-26,2022-06-10,2022-06-06,8216.74,8216.74,0.0,0,PAID,PAID,MAINTENANCE,EAST
INV-01984,CUS-0182,2023-12-12,2024-02-10,2024-02-09,15680.96,15680.96,0.0,0,PAID,PAID,SERVICES,SOUTH
INV-01985,CUS-0051,2022-05-13,2022-06-27,2022-07-11,697.37,697.37,0.0,0,PAID,PAID,SOFTWARE,WEST
INV-01986,CUS-0118,2024-01-09,2024-02-23,2024-03-07,826.13,826.13,0.0,0,PAID,PAID,SOFTWARE,EAST
INV-01987,CUS-0344,2023-06-25,2023-08-09,2023-08-28,4875.62,4875.62,0.0,0,PAID,PAID,SOFTWARE,SOUTH
INV-01988,CUS-0190,2022-11-29,2023-01-13,2023-01-12,345.92,345.92,0.0,0,PAID,PAID,SOFTWARE,WEST
INV-01989,CUS-0224,2024-03-21,2024-04-20,2024-04-16,522.93,522.93,0.0,0,PAID,PAID,HARDWARE,NORTH
INV-01990,CUS-0477,2022-09-18,2022-11-02,2022-11-02,2595.88,2595.88,0.0,0,PAID,PAID,HARDWARE,EAST
INV-01991,CUS-0216,2023-07-27,2023-09-25,2023-09-23,150086.45,150086.45,0.0,0,PAID,PAID,SOFTWARE,SOUTH
INV-01992,CUS-0378,2022-12-05,2023-01-04,2023-01-04,4344.44,4344.44,0.0,0,PAID,PAID,SERVICES,EAST
INV-01993,CUS-0065,2022-12-30,2023-01-29,2023-01-24,1952.95,1952.95,0.0,0,PAID,PAID,SOFTWARE,EAST
INV-01994,CUS-0011,2023-08-16,2023-10-15,2023-10-11,5368.02,5368.02,0.0,0,PAID,PAID,SOFTWARE,SOUTH
INV-01995,CUS-0349,2023-11-01,2023-12-01,2023-11-27,2273.21,2273.21,0.0,0,PAID,PAID,MAINTENANCE,SOUTH
INV-01996,CUS-0314,2023-02-25,2023-04-26,,1249.37,515.36,734.01,340,90+,PARTIAL,SOFTWARE,NORTH
INV-01997,CUS-0403,2023-07-15,2023-08-29,2023-08-28,24439.02,24439.02,0.0,0,PAID,PAID,MAINTENANCE,NORTH
INV-01998,CUS-0231,2022-06-10,2022-07-10,2022-07-07,3705.16,3705.16,0.0,0,PAID,PAID,MAINTENANCE,WEST
INV-01999,CUS-0458,2023-06-20,2023-07-20,2023-07-20,8032.74,8032.74,0.0,0,PAID,PAID,SERVICES,WEST
INV-02000,CUS-0025,2023-07-20,2023-08-19,2023-08-19,54229.36,54229.36,0.0,0,PAID,PAID,MAINTENANCE,EAST
INV-02001,CUS-0229,2022-05-25,2022-06-24,,16744.26,0.0,16744.26,646,90+,OVERDUE,SERVICES,NORTH
INV-02002,CUS-0383,2023-04-27,2023-05-27,2023-05-23,1929.8,1929.8,0.0,0,PAID,PAID,SERVICES,WEST
INV-02003,CUS-0435,2023-10-27,2023-12-26,2023-12-21,454.87,454.87,0.0,0,PAID,PAID,SOFTWARE,EAST
INV-02004,CUS-0419,2024-03-14,2024-05-13,2024-06-08,3011.96,3011.96,0.0,0,PAID,PAID,HARDWARE,EAST
INV-02005,CUS-0356,2023-02-10,2023-03-27,2023-03-23,4991.8,4991.8,0.0,0,PAID,PAID,MAINTENANCE,SOUTH
INV-02006,CUS-0417,2023-02-01,2023-03-03,2023-03-10,8039.74,8039.74,0.0,0,PAID,PAID,SERVICES,NORTH
INV-02007,CUS-0490,2023-02-02,2023-03-19,2023-03-18,1378.03,1378.03,0.0,0,PAID,PAID,HARDWARE,SOUTH
INV-02008,CUS-0483,2022-05-01,2022-05-31,2022-05-28,6472.61,6472.61,0.0,0,PAID,PAID,SERVICES,NORTH
INV-02009,CUS-0203,2022-09-28,2022-11-27,2022-12-22,1758.61,1758.61,0.0,0,PAID,PAID,MAINTENANCE,NORTH
INV-02010,CUS-0039,2024-01-25,2024-03-10,2024-03-09,3481.58,3481.58,0.0,0,PAID,PAID,HARDWARE,NORTH
INV-02011,CUS-0153,2022-04-16,2022-06-15,2022-06-12,12610.08,12610.08,0.0,0,PAID,PAID,MAINTENANCE,WEST
INV-02012,CUS-0404,2023-05-24,2023-07-23,2023-07-21,1242.42,1242.42,0.0,0,PAID,PAID,MAINTENANCE,EAST
INV-02013,CUS-0397,2022-06-17,2022-08-16,2022-08-13,1076.21,1076.21,0.0,0,PAID,PAID,MAINTENANCE,EAST
INV-02014,CUS-0193,2023-10-11,2023-11-25,,743.43,0.0,743.43,127,90+,OVERDUE,SERVICES,SOUTH
INV-02015,CUS-0364,2023-12-12,2024-02-10,2024-02-08,2775.87,2775.87,0.0,0,PAID,PAID,HARDWARE,WEST
INV-02016,CUS-0073,2023-06-01,2023-07-01,2023-06-29,25053.74,25053.74,0.0,0,PAID,PAID,HARDWARE,NORTH
INV-02017,CUS-0404,2023-01-08,2023-03-09,2023-03-09,916.94,916.94,0.0,0,PAID,PAID,SOFTWARE,NORTH
INV-02018,CUS-0362,2022-08-25,2022-09-24,2022-09-23,16236.14,16236.14,0.0,0,PAID,PAID,SOFTWARE,NORTH
INV-02019,CUS-0063,2024-03-17,2024-05-01,2024-05-01,255.11,255.11,0.0,0,PAID,PAID,SERVICES,NORTH
INV-02020,CUS-0019,2024-03-09,2024-04-08,2024-05-06,10830.94,10830.94,0.0,0,PAID,PAID,MAINTENANCE,EAST
INV-02021,CUS-0498,2023-08-02,2023-10-01,2023-10-01,281.18,281.18,0.0,0,PAID,PAID,SOFTWARE,SOUTH
INV-02022,CUS-0076,2023-04-13,2023-06-12,2023-06-07,22700.08,22700.08,0.0,0,PAID,PAID,HARDWARE,NORTH
INV-02023,CUS-0468,2023-03-07,2023-04-06,2023-04-05,2651.54,2651.54,0.0,0,PAID,PAID,SOFTWARE,NORTH
INV-02024,CUS-0099,2023-08-17,2023-10-01,2023-10-22,68281.72,68281.72,0.0,0,PAID,PAID,SOFTWARE,WEST
INV-02025,CUS-0041,2022-12-23,2023-01-22,2023-01-19,1498.29,1498.29,0.0,0,PAID,PAID,SOFTWARE,WEST
INV-02026,CUS-0118,2023-02-10,2023-03-27,2023-04-15,9457.41,9457.41,0.0,0,PAID,PAID,HARDWARE,WEST
INV-02027,CUS-0253,2023-10-07,2023-11-21,2023-11-21,5315.53,5315.53,0.0,0,PAID,PAID,SOFTWARE,SOUTH
INV-02028,CUS-0218,2023-03-26,2023-05-25,2023-05-21,15827.38,15827.38,0.0,0,PAID,PAID,SOFTWARE,NORTH
INV-02029,CUS-0488,2023-08-23,2023-10-22,2023-10-20,19900.26,19900.26,0.0,0,PAID,PAID,SOFTWARE,SOUTH
INV-02030,CUS-0155,2023-11-21,2024-01-20,2024-02-08,3682.45,3682.45,0.0,0,PAID,PAID,SERVICES,WEST
INV-02031,CUS-0068,2023-10-04,2023-11-18,2023-11-16,3633.35,3633.35,0.0,0,PAID,PAID,SERVICES,SOUTH
INV-02032,CUS-0384,2024-03-18,2024-05-02,2024-04-27,29954.94,29954.94,0.0,0,PAID,PAID,SERVICES,EAST
INV-02033,CUS-0280,2022-12-03,2023-02-01,2023-02-01,2140.96,2140.96,0.0,0,PAID,PAID,MAINTENANCE,EAST
INV-02034,CUS-0165,2023-11-14,2023-12-14,2023-12-11,664.03,664.03,0.0,0,PAID,PAID,HARDWARE,WEST
INV-02035,CUS-0433,2023-12-28,2024-01-27,,617.01,0.0,617.01,64,61-90,OVERDUE,HARDWARE,EAST
INV-02036,CUS-0482,2023-10-29,2023-12-28,2023-12-26,18663.96,18663.96,0.0,0,PAID,PAID,HARDWARE,EAST
INV-02037,CUS-0366,2023-02-27,2023-03-29,2023-03-24,9274.01,9274.01,0.0,0,PAID,PAID,MAINTENANCE,EAST
INV-02038,CUS-0034,2024-01-05,2024-02-04,2024-02-20,911.81,911.81,0.0,0,PAID,PAID,SERVICES,SOUTH
INV-02039,CUS-0017,2023-10-24,2023-12-23,,5895.86,1869.46,4026.4,99,90+,PARTIAL,SERVICES,WEST
INV-02040,CUS-0024,2022-07-16,2022-08-30,2022-08-27,2028.65,2028.65,0.0,0,PAID,PAID,SERVICES,WEST
INV-02041,CUS-0352,2023-11-04,2024-01-03,,590.18,286.68,303.5,88,61-90,PARTIAL,SOFTWARE,SOUTH
INV-02042,CUS-0160,2022-07-21,2022-09-04,2022-09-01,273.59,273.59,0.0,0,PAID,PAID,MAINTENANCE,NORTH
INV-02043,CUS-0257,2023-08-28,2023-09-27,2023-10-10,5184.8,5184.8,0.0,0,PAID,PAID,SOFTWARE,WEST
INV-02044,CUS-0200,2024-03-18,2024-04-17,2024-04-12,487.87,487.87,0.0,0,PAID,PAID,SOFTWARE,SOUTH
INV-02045,CUS-0256,2023-12-21,2024-02-19,2024-02-19,239.47,239.47,0.0,0,PAID,PAID,MAINTENANCE,WEST
INV-02046,CUS-0363,2023-10-10,2023-11-24,2023-12-01,424.82,424.82,0.0,0,PAID,PAID,HARDWARE,WEST
INV-02047,CUS-0437,2022-11-27,2023-01-26,2023-01-22,16952.06,16952.06,0.0,0,PAID,PAID,SERVICES,SOUTH
INV-02048,CUS-0283,2022-10-27,2022-11-26,2022-11-21,3566.07,3566.07,0.0,0,PAID,PAID,MAINTENANCE,WEST
INV-02049,CUS-0423,2022-04-05,2022-05-20,2022-05-26,1220.07,1220.07,0.0,0,PAID,PAID,MAINTENANCE,NORTH
INV-02050,CUS-0151,2023-11-27,2023-12-27,,2304.61,753.06,1551.55,95,90+,PARTIAL,SERVICES,WEST
INV-02051,CUS-0282,2022-10-03,2022-12-02,2022-12-07,6109.28,6109.28,0.0,0,PAID,PAID,SOFTWARE,WEST
INV-02052,CUS-0209,2022-04-27,2022-05-27,2022-05-27,1353.62,1353.62,0.0,0,PAID,PAID,SERVICES,SOUTH
INV-02053,CUS-0286,2024-01-25,2024-03-10,2024-04-01,1654.47,1654.47,0.0,0,PAID,PAID,MAINTENANCE,NORTH
INV-02054,CUS-0163,2022-10-05,2022-12-04,2022-12-02,9243.78,9243.78,0.0,0,PAID,PAID,SERVICES,SOUTH
INV-02055,CUS-0131,2023-10-31,2023-11-30,2023-11-27,1059.04,1059.04,0.0,0,PAID,PAID,HARDWARE,NORTH
INV-02056,CUS-0227,2023-04-20,2023-05-20,2023-05-19,1892.55,1892.55,0.0,0,PAID,PAID,SOFTWARE,EAST
INV-02057,CUS-0135,2023-11-13,2023-12-13,2024-01-11,16475.38,16475.38,0.0,0,PAID,PAID,SERVICES,WEST
INV-02058,CUS-0086,2024-01-11,2024-03-11,2024-03-30,1237.0,1237.0,0.0,0,PAID,PAID,SERVICES,SOUTH
INV-02059,CUS-0500,2023-11-28,2023-12-28,,5581.15,0.0,5581.15,94,90+,OVERDUE,SOFTWARE,SOUTH
INV-02060,CUS-0044,2023-12-25,2024-01-24,,11764.27,4701.47,7062.8,67,61-90,PARTIAL,MAINTENANCE,NORTH
INV-02061,CUS-0482,2024-02-27,2024-04-27,2024-04-27,3532.23,3532.23,0.0,0,PAID,PAID,MAINTENANCE,SOUTH
INV-02062,CUS-0427,2022-06-20,2022-08-19,2022-08-16,235.39,235.39,0.0,0,PAID,PAID,MAINTENANCE,EAST
INV-02063,CUS-0272,2022-06-07,2022-07-22,2022-07-21,115.58,115.58,0.0,0,PAID,PAID,SERVICES,SOUTH
INV-02064,CUS-0500,2023-09-10,2023-10-10,,5841.56,0.0,5841.56,173,90+,OVERDUE,HARDWARE,WEST
INV-02065,CUS-0476,2022-07-22,2022-09-20,2022-09-15,7352.09,7352.09,0.0,0,PAID,PAID,HARDWARE,EAST
INV-02066,CUS-0368,2023-03-12,2023-04-26,2023-04-23,14667.56,14667.56,0.0,0,PAID,PAID,SOFTWARE,EAST
INV-02067,CUS-0415,2023-11-11,2023-12-11,2023-12-09,1145.87,1145.87,0.0,0,PAID,PAID,SOFTWARE,SOUTH
INV-02068,CUS-0224,2023-11-03,2023-12-03,2023-12-03,3848.32,3848.32,0.0,0,PAID,PAID,SOFTWARE,EAST
INV-02069,CUS-0385,2023-08-25,2023-09-24,2023-09-21,3649.42,3649.42,0.0,0,PAID,PAID,HARDWARE,EAST
INV-02070,CUS-0013,2024-03-30,2024-04-29,2024-04-27,15367.87,15367.87,0.0,0,PAID,PAID,HARDWARE,NORTH
INV-02071,CUS-0247,2022-10-02,2022-11-01,2022-10-29,885.5,885.5,0.0,0,PAID,PAID,SOFTWARE,WEST
INV-02072,CUS-0117,2022-10-30,2022-11-29,2022-12-19,4444.44,4444.44,0.0,0,PAID,PAID,MAINTENANCE,EAST
INV-02073,CUS-0373,2022-08-13,2022-09-27,,2345.92,0.0,2345.92,551,90+,OVERDUE,MAINTENANCE,EAST
INV-02074,CUS-0426,2022-10-02,2022-11-16,2022-11-12,2882.07,2882.07,0.0,0,PAID,PAID,MAINTENANCE,EAST
INV-02075,CUS-0430,2023-12-12,2024-02-10,2024-02-08,2029.62,2029.62,0.0,0,PAID,PAID,HARDWARE,NORTH
INV-02076,CUS-0417,2023-05-18,2023-06-17,2023-07-05,3918.66,3918.66,0.0,0,PAID,PAID,MAINTENANCE,EAST
INV-02077,CUS-0358,2022-04-27,2022-06-11,2022-06-06,13870.6,13870.6,0.0,0,PAID,PAID,MAINTENANCE,NORTH
INV-02078,CUS-0371,2022-11-18,2022-12-18,2022-12-31,8349.97,8349.97,0.0,0,PAID,PAID,SOFTWARE,EAST
INV-02079,CUS-0410,2024-02-27,2024-04-12,2024-04-10,31150.05,31150.05,0.0,0,PAID,PAID,HARDWARE,NORTH
INV-02080,CUS-0168,2022-08-28,2022-10-27,2022-10-27,2263.64,2263.64,0.0,0,PAID,PAID,SOFTWARE,SOUTH
INV-02081,CUS-0204,2022-09-13,2022-10-28,2022-10-23,3610.11,3610.11,0.0,0,PAID,PAID,SOFTWARE,NORTH
INV-02082,CUS-0387,2023-03-21,2023-04-20,,4416.73,0.0,4416.73,346,90+,OVERDUE,SERVICES,NORTH
INV-02083,CUS-0305,2023-09-07,2023-10-22,2023-10-22,4991.83,4991.83,0.0,0,PAID,PAID,MAINTENANCE,WEST
INV-02084,CUS-0311,2023-02-04,2023-04-05,2023-04-26,23110.05,23110.05,0.0,0,PAID,PAID,MAINTENANCE,SOUTH
INV-02085,CUS-0282,2022-10-01,2022-11-30,,10242.5,4910.25,5332.25,487,90+,PARTIAL,HARDWARE,EAST
INV-02086,CUS-0192,2023-09-05,2023-10-05,2023-10-05,11004.24,11004.24,0.0,0,PAID,PAID,HARDWARE,NORTH
INV-02087,CUS-0090,2023-11-17,2024-01-01,2024-01-01,2383.98,2383.98,0.0,0,PAID,PAID,SOFTWARE,SOUTH
INV-02088,CUS-0165,2023-08-20,2023-09-19,,1379.75,489.91,889.84,194,90+,PARTIAL,SERVICES,EAST
INV-02089,CUS-0207,2022-06-08,2022-08-07,2022-08-02,5941.53,5941.53,0.0,0,PAID,PAID,MAINTENANCE,NORTH
INV-02090,CUS-0232,2023-10-08,2023-11-07,2023-11-02,2482.78,2482.78,0.0,0,PAID,PAID,MAINTENANCE,NORTH
INV-02091,CUS-0447,2023-11-10,2023-12-25,2023-12-25,6871.13,6871.13,0.0,0,PAID,PAID,SOFTWARE,SOUTH
INV-02092,CUS-0367,2022-07-23,2022-08-22,2022-08-17,25137.4,25137.4,0.0,0,PAID,PAID,HARDWARE,EAST
INV-02093,CUS-0496,2024-03-30,2024-04-29,2024-04-28,1712.05,1712.05,0.0,0,PAID,PAID,HARDWARE,EAST
INV-02094,CUS-0216,2023-04-10,2023-06-09,2023-06-05,37101.92,37101.92,0.0,0,PAID,PAID,MAINTENANCE,SOUTH
INV-02095,CUS-0306,2023-05-18,2023-06-17,2023-06-15,5588.96,5588.96,0.0,0,PAID,PAID,SERVICES,SOUTH
INV-02096,CUS-0311,2022-06-21,2022-08-20,,12008.57,0.0,12008.57,589,90+,OVERDUE,MAINTENANCE,NORTH
INV-02097,CUS-0227,2022-11-11,2022-12-11,2022-12-08,1675.86,1675.86,0.0,0,PAID,PAID,HARDWARE,WEST
INV-02098,CUS-0410,2022-09-15,2022-10-30,2022-10-30,32331.35,32331.35,0.0,0,PAID,PAID,HARDWARE,WEST
INV-02099,CUS-0091,2023-10-15,2023-11-14,,43602.91,28328.54,15274.37,138,90+,PARTIAL,SOFTWARE,EAST
INV-02100,CUS-0257,2023-02-24,2023-03-26,,620.08,353.25,266.83,371,90+,PARTIAL,SERVICES,EAST
INV-02101,CUS-0098,2023-11-13,2023-12-13,2023-12-08,2055.71,2055.71,0.0,0,PAID,PAID,SOFTWARE,EAST
INV-02102,CUS-0424,2024-01-18,2024-02-17,2024-02-15,689.91,689.91,0.0,0,PAID,PAID,HARDWARE,SOUTH
INV-02103,CUS-0334,2023-12-21,2024-02-04,,7616.98,2913.81,4703.17,56,31-60,PARTIAL,MAINTENANCE,EAST
INV-02104,CUS-0384,2023-09-17,2023-11-01,2023-10-29,149868.85,149868.85,0.0,0,PAID,PAID,SOFTWARE,WEST
INV-02105,CUS-0471,2023-03-14,2023-04-28,2023-04-26,39999.95,39999.95,0.0,0,PAID,PAID,SOFTWARE,NORTH
INV-02106,CUS-0429,2024-03-05,2024-04-04,2024-05-02,18593.13,18593.13,0.0,0,PAID,PAID,HARDWARE,NORTH
INV-02107,CUS-0137,2022-12-03,2023-02-01,2023-03-03,7185.44,7185.44,0.0,0,PAID,PAID,HARDWARE,EAST
INV-02108,CUS-0324,2022-05-18,2022-07-02,2022-06-28,1285.61,1285.61,0.0,0,PAID,PAID,SOFTWARE,NORTH
INV-02109,CUS-0026,2023-12-10,2024-01-24,2024-01-19,13867.56,13867.56,0.0,0,PAID,PAID,SOFTWARE,WEST
INV-02110,CUS-0249,2022-08-24,2022-09-23,2022-09-20,1289.88,1289.88,0.0,0,PAID,PAID,HARDWARE,EAST
INV-02111,CUS-0463,2024-02-29,2024-04-29,,26699.8,11235.81,15463.99,0,CURRENT,PARTIAL,SERVICES,WEST
INV-02112,CUS-0359,2023-10-24,2023-11-23,2023-12-22,3722.92,3722.92,0.0,0,PAID,PAID,SOFTWARE,NORTH
INV-02113,CUS-0304,2023-08-09,2023-09-08,2023-10-08,3639.32,3639.32,0.0,0,PAID,PAID,MAINTENANCE,SOUTH
INV-02114,CUS-0278,2022-05-14,2022-06-28,2022-06-23,462.54,462.54,0.0,0,PAID,PAID,SOFTWARE,WEST
INV-02115,CUS-0048,2023-05-15,2023-07-14,2023-07-09,32446.44,32446.44,0.0,0,PAID,PAID,MAINTENANCE,NORTH
INV-02116,CUS-0210,2022-06-09,2022-08-08,2022-08-05,2740.12,2740.12,0.0,0,PAID,PAID,MAINTENANCE,NORTH
INV-02117,CUS-0331,2022-09-01,2022-10-31,2022-10-28,586.43,586.43,0.0,0,PAID,PAID,MAINTENANCE,SOUTH
INV-02118,CUS-0334,2022-08-08,2022-09-22,2022-09-24,59041.33,59041.33,0.0,0,PAID,PAID,HARDWARE,EAST
INV-02119,CUS-0320,2023-10-21,2023-12-20,2023-12-19,1475.6,1475.6,0.0,0,PAID,PAID,SERVICES,NORTH
INV-02120,CUS-0342,2022-07-13,2022-09-11,,2311.42,867.31,1444.11,567,90+,PARTIAL,MAINTENANCE,NORTH
INV-02121,CUS-0313,2023-11-26,2024-01-25,,2314.54,0.0,2314.54,66,61-90,OVERDUE,HARDWARE,WEST
INV-02122,CUS-0408,2023-10-14,2023-11-28,2023-12-21,68306.56,68306.56,0.0,0,PAID,PAID,MAINTENANCE,SOUTH
INV-02123,CUS-0316,2023-12-11,2024-01-25,2024-01-25,3046.25,3046.25,0.0,0,PAID,PAID,SERVICES,WEST
INV-02124,CUS-0293,2022-08-05,2022-09-19,2022-09-17,828.9,828.9,0.0,0,PAID,PAID,SERVICES,SOUTH
INV-02125,CUS-0090,2023-02-04,2023-03-21,2023-03-19,52867.48,52867.48,0.0,0,PAID,PAID,MAINTENANCE,SOUTH
INV-02126,CUS-0186,2022-05-25,2022-07-09,2022-07-07,21044.87,21044.87,0.0,0,PAID,PAID,SERVICES,SOUTH
INV-02127,CUS-0194,2022-10-23,2022-11-22,2022-11-19,5405.7,5405.7,0.0,0,PAID,PAID,SERVICES,WEST
INV-02128,CUS-0321,2023-05-06,2023-06-05,,1035.46,677.1,358.36,300,90+,PARTIAL,SERVICES,EAST
INV-02129,CUS-0119,2022-07-23,2022-08-22,2022-08-19,7447.69,7447.69,0.0,0,PAID,PAID,SOFTWARE,NORTH
INV-02130,CUS-0010,2022-06-29,2022-07-29,2022-07-24,28186.71,28186.71,0.0,0,PAID,PAID,SOFTWARE,EAST
INV-02131,CUS-0181,2023-06-15,2023-07-30,2023-08-18,2936.63,2936.63,0.0,0,PAID,PAID,SOFTWARE,SOUTH
INV-02132,CUS-0440,2023-07-17,2023-08-16,2023-08-13,8172.0,8172.0,0.0,0,PAID,PAID,HARDWARE,NORTH
INV-02133,CUS-0443,2023-05-15,2023-06-29,2023-06-27,598.63,598.63,0.0,0,PAID,PAID,SOFTWARE,SOUTH
INV-02134,CUS-0298,2023-12-26,2024-01-25,2024-01-23,15298.27,15298.27,0.0,0,PAID,PAID,SERVICES,WEST
INV-02135,CUS-0299,2023-02-04,2023-04-05,2023-04-03,288.81,288.81,0.0,0,PAID,PAID,MAINTENANCE,NORTH
INV-02136,CUS-0069,2024-02-08,2024-04-08,2024-04-05,4998.02,4998.02,0.0,0,PAID,PAID,SOFTWARE,SOUTH
INV-02137,CUS-0412,2023-11-08,2023-12-08,,5919.32,4070.79,1848.53,114,90+,PARTIAL,HARDWARE,WEST
INV-02138,CUS-0214,2023-10-04,2023-11-03,2023-11-03,5115.3,5115.3,0.0,0,PAID,PAID,SERVICES,SOUTH
INV-02139,CUS-0484,2022-04-28,2022-05-28,2022-05-27,2213.03,2213.03,0.0,0,PAID,PAID,HARDWARE,SOUTH
INV-02140,CUS-0233,2022-06-09,2022-07-09,2022-07-07,16022.85,16022.85,0.0,0,PAID,PAID,HARDWARE,SOUTH
INV-02141,CUS-0125,2023-04-07,2023-05-22,2023-05-17,827.46,827.46,0.0,0,PAID,PAID,HARDWARE,NORTH
INV-02142,CUS-0061,2024-02-23,2024-04-23,2024-04-27,921.68,921.68,0.0,0,PAID,PAID,MAINTENANCE,EAST
INV-02143,CUS-0468,2023-04-08,2023-05-08,2023-05-04,6488.56,6488.56,0.0,0,PAID,PAID,SERVICES,EAST
INV-02144,CUS-0174,2023-02-19,2023-04-20,2023-04-18,8799.71,8799.71,0.0,0,PAID,PAID,MAINTENANCE,WEST
INV-02145,CUS-0378,2023-02-22,2023-03-24,2023-03-26,9193.94,9193.94,0.0,0,PAID,PAID,MAINTENANCE,EAST
INV-02146,CUS-0432,2024-01-17,2024-03-02,2024-02-26,1699.28,1699.28,0.0,0,PAID,PAID,MAINTENANCE,WEST
INV-02147,CUS-0089,2022-08-14,2022-10-13,2022-10-09,17749.05,17749.05,0.0,0,PAID,PAID,SERVICES,WEST
INV-02148,CUS-0187,2023-02-11,2023-03-13,2023-03-10,4371.64,4371.64,0.0,0,PAID,PAID,HARDWARE,WEST
INV-02149,CUS-0226,2023-08-08,2023-09-07,2023-09-07,3776.15,3776.15,0.0,0,PAID,PAID,SOFTWARE,NORTH
INV-02150,CUS-0466,2022-05-18,2022-07-17,2022-07-15,14193.23,14193.23,0.0,0,PAID,PAID,SOFTWARE,WEST
INV-02151,CUS-0095,2022-08-20,2022-09-19,2022-09-15,1065.38,1065.38,0.0,0,PAID,PAID,MAINTENANCE,SOUTH
INV-02152,CUS-0470,2023-08-29,2023-10-28,2023-10-23,3347.18,3347.18,0.0,0,PAID,PAID,SOFTWARE,NORTH
INV-02153,CUS-0327,2022-05-16,2022-06-15,2022-06-14,16840.8,16840.8,0.0,0,PAID,PAID,MAINTENANCE,EAST
INV-02154,CUS-0372,2022-10-07,2022-11-06,2022-11-02,2301.75,2301.75,0.0,0,PAID,PAID,HARDWARE,EAST
INV-02155,CUS-0112,2022-12-23,2023-02-21,2023-02-18,1703.83,1703.83,0.0,0,PAID,PAID,SOFTWARE,WEST
INV-02156,CUS-0059,2022-06-08,2022-07-08,2022-07-10,3951.96,3951.96,0.0,0,PAID,PAID,SERVICES,EAST
INV-02157,CUS-0296,2023-06-13,2023-07-13,2023-07-12,308.79,308.79,0.0,0,PAID,PAID,HARDWARE,SOUTH
INV-02158,CUS-0119,2022-07-19,2022-08-18,2022-08-18,1726.38,1726.38,0.0,0,PAID,PAID,MAINTENANCE,SOUTH
INV-02159,CUS-0041,2023-02-13,2023-03-15,2023-03-14,8810.37,8810.37,0.0,0,PAID,PAID,SOFTWARE,EAST
INV-02160,CUS-0024,2023-05-05,2023-06-19,2023-06-16,3440.29,3440.29,0.0,0,PAID,PAID,HARDWARE,NORTH
INV-02161,CUS-0171,2023-04-03,2023-05-18,2023-05-13,765.37,765.37,0.0,0,PAID,PAID,HARDWARE,WEST
INV-02162,CUS-0031,2022-12-05,2023-02-03,2023-01-29,37264.41,37264.41,0.0,0,PAID,PAID,MAINTENANCE,NORTH
INV-02163,CUS-0045,2023-02-24,2023-04-25,2023-04-25,1239.86,1239.86,0.0,0,PAID,PAID,MAINTENANCE,WEST
INV-02164,CUS-0206,2022-11-10,2022-12-25,2022-12-21,28161.19,28161.19,0.0,0,PAID,PAID,MAINTENANCE,NORTH
INV-02165,CUS-0387,2023-05-12,2023-06-11,2023-06-06,19669.87,19669.87,0.0,0,PAID,PAID,SERVICES,WEST
INV-02166,CUS-0477,2023-08-22,2023-10-06,2023-10-05,4800.72,4800.72,0.0,0,PAID,PAID,SOFTWARE,NORTH
INV-02167,CUS-0040,2023-10-12,2023-11-26,2023-11-22,15294.93,15294.93,0.0,0,PAID,PAID,SOFTWARE,SOUTH
INV-02168,CUS-0042,2022-05-26,2022-07-25,2022-07-21,46375.59,46375.59,0.0,0,PAID,PAID,SERVICES,EAST
INV-02169,CUS-0179,2022-08-04,2022-10-03,2022-09-28,17244.19,17244.19,0.0,0,PAID,PAID,SOFTWARE,WEST
INV-02170,CUS-0099,2023-04-23,2023-06-07,,48199.48,18937.54,29261.94,298,90+,PARTIAL,SOFTWARE,EAST
INV-02171,CUS-0364,2023-08-28,2023-10-27,2023-10-22,766.35,766.35,0.0,0,PAID,PAID,MAINTENANCE,NORTH
INV-02172,CUS-0051,2023-05-31,2023-07-15,2023-07-15,2551.11,2551.11,0.0,0,PAID,PAID,HARDWARE,EAST
INV-02173,CUS-0019,2022-07-20,2022-08-19,2022-08-18,16650.63,16650.63,0.0,0,PAID,PAID,SERVICES,SOUTH
INV-02174,CUS-0275,2022-10-16,2022-11-30,,32198.17,12089.34,20108.83,487,90+,PARTIAL,MAINTENANCE,WEST
INV-02175,CUS-0467,2023-12-18,2024-02-01,2024-02-01,1920.72,1920.72,0.0,0,PAID,PAID,SOFTWARE,WEST
INV-02176,CUS-0079,2022-05-09,2022-06-08,2022-06-07,1144.04,1144.04,0.0,0,PAID,PAID,SOFTWARE,NORTH
INV-02177,CUS-0451,2022-06-25,2022-08-09,2022-08-09,7661.66,7661.66,0.0,0,PAID,PAID,SOFTWARE,SOUTH
INV-02178,CUS-0041,2023-05-09,2023-06-08,2023-06-06,1079.99,1079.99,0.0,0,PAID,PAID,SOFTWARE,EAST
INV-02179,CUS-0382,2024-03-22,2024-05-21,2024-05-18,5943.1,5943.1,0.0,0,PAID,PAID,HARDWARE,EAST
INV-02180,CUS-0256,2023-10-15,2023-12-14,2023-12-09,1552.95,1552.95,0.0,0,PAID,PAID,SERVICES,WEST
INV-02181,CUS-0357,2023-09-01,2023-10-01,2023-10-29,1662.45,1662.45,0.0,0,PAID,PAID,SOFTWARE,SOUTH
INV-02182,CUS-0475,2022-12-10,2023-01-24,2023-01-20,11209.73,11209.73,0.0,0,PAID,PAID,MAINTENANCE,SOUTH
INV-02183,CUS-0168,2023-08-23,2023-10-22,2023-10-20,46095.43,46095.43,0.0,0,PAID,PAID,MAINTENANCE,NORTH
INV-02184,CUS-0396,2022-12-22,2023-02-05,2023-02-19,16531.94,16531.94,0.0,0,PAID,PAID,HARDWARE,NORTH
INV-02185,CUS-0295,2023-07-04,2023-08-18,2023-08-18,24847.62,24847.62,0.0,0,PAID,PAID,SERVICES,EAST
INV-02186,CUS-0099,2024-02-26,2024-04-11,2024-05-02,47645.68,47645.68,0.0,0,PAID,PAID,SERVICES,EAST
INV-02187,CUS-0369,2022-12-12,2023-01-26,,22561.08,14487.63,8073.45,430,90+,PARTIAL,MAINTENANCE,WEST
INV-02188,CUS-0180,2024-01-01,2024-01-31,2024-01-26,1738.45,1738.45,0.0,0,PAID,PAID,SOFTWARE,WEST
INV-02189,CUS-0180,2023-02-16,2023-03-18,2023-03-15,2447.74,2447.74,0.0,0,PAID,PAID,SERVICES,NORTH
INV-02190,CUS-0017,2023-03-12,2023-05-11,,2281.46,1536.94,744.52,325,90+,PARTIAL,SERVICES,SOUTH
INV-02191,CUS-0059,2023-07-19,2023-08-18,2023-08-16,1571.29,1571.29,0.0,0,PAID,PAID,SOFTWARE,SOUTH
INV-02192,CUS-0347,2024-02-28,2024-03-29,,5427.22,0.0,5427.22,2,CURRENT,OVERDUE,SOFTWARE,EAST
INV-02193,CUS-0209,2024-01-03,2024-02-02,2024-01-30,1646.52,1646.52,0.0,0,PAID,PAID,SERVICES,EAST
INV-02194,CUS-0398,2023-04-12,2023-05-12,2023-05-11,1757.99,1757.99,0.0,0,PAID,PAID,SOFTWARE,EAST
INV-02195,CUS-0277,2023-07-17,2023-09-15,2023-09-13,657.52,657.52,0.0,0,PAID,PAID,SERVICES,SOUTH
INV-02196,CUS-0436,2023-10-09,2023-11-08,2023-11-14,2293.06,2293.06,0.0,0,PAID,PAID,HARDWARE,EAST
INV-02197,CUS-0281,2022-06-30,2022-08-29,2022-08-24,59742.96,59742.96,0.0,0,PAID,PAID,SERVICES,SOUTH
INV-02198,CUS-0483,2024-03-01,2024-03-31,2024-03-28,2524.93,2524.93,0.0,0,PAID,PAID,MAINTENANCE,EAST
INV-02199,CUS-0096,2023-01-18,2023-02-17,2023-02-16,14877.73,14877.73,0.0,0,PAID,PAID,SERVICES,NORTH
INV-02200,CUS-0277,2023-07-08,2023-09-06,2023-09-03,6712.18,6712.18,0.0,0,PAID,PAID,MAINTENANCE,NORTH
INV-02201,CUS-0141,2024-02-22,2024-04-22,2024-04-20,42379.44,42379.44,0.0,0,PAID,PAID,MAINTENANCE,WEST
INV-02202,CUS-0440,2022-07-22,2022-08-21,2022-08-18,153.19,153.19,0.0,0,PAID,PAID,SOFTWARE,EAST
INV-02203,CUS-0133,2022-10-31,2022-12-15,,6921.48,0.0,6921.48,472,90+,OVERDUE,MAINTENANCE,NORTH
INV-02204,CUS-0107,2022-12-31,2023-02-14,2023-02-11,4520.55,4520.55,0.0,0,PAID,PAID,SERVICES,NORTH
INV-02205,CUS-0496,2022-11-14,2022-12-14,2022-12-12,1379.34,1379.34,0.0,0,PAID,PAID,HARDWARE,NORTH
INV-02206,CUS-0199,2022-06-03,2022-07-18,2022-07-14,7559.58,7559.58,0.0,0,PAID,PAID,SERVICES,SOUTH
INV-02207,CUS-0448,2022-05-03,2022-07-02,,622.96,0.0,622.96,638,90+,OVERDUE,MAINTENANCE,SOUTH
INV-02208,CUS-0080,2022-06-09,2022-07-24,2022-07-19,11626.78,11626.78,0.0,0,PAID,PAID,HARDWARE,NORTH
INV-02209,CUS-0372,2022-10-11,2022-11-10,2022-11-06,2754.34,2754.34,0.0,0,PAID,PAID,SERVICES,EAST
INV-02210,CUS-0292,2023-09-30,2023-11-14,2023-11-13,2315.61,2315.61,0.0,0,PAID,PAID,SERVICES,EAST
INV-02211,CUS-0443,2023-10-17,2023-12-01,2023-11-27,1798.17,1798.17,0.0,0,PAID,PAID,SERVICES,SOUTH
INV-02212,CUS-0368,2024-02-07,2024-03-23,2024-03-20,9871.37,9871.37,0.0,0,PAID,PAID,SOFTWARE,NORTH
INV-02213,CUS-0312,2022-05-15,2022-06-29,2022-06-24,23858.93,23858.93,0.0,0,PAID,PAID,SERVICES,WEST
INV-02214,CUS-0048,2024-01-23,2024-03-23,2024-03-20,4812.13,4812.13,0.0,0,PAID,PAID,SOFTWARE,SOUTH
INV-02215,CUS-0439,2023-12-09,2024-01-23,2024-01-22,3392.76,3392.76,0.0,0,PAID,PAID,SOFTWARE,EAST
INV-02216,CUS-0456,2023-01-11,2023-03-12,2023-03-07,4817.12,4817.12,0.0,0,PAID,PAID,SERVICES,WEST
INV-02217,CUS-0434,2023-09-17,2023-10-17,2023-10-16,879.84,879.84,0.0,0,PAID,PAID,HARDWARE,NORTH
INV-02218,CUS-0020,2022-12-25,2023-02-23,2023-03-10,2865.29,2865.29,0.0,0,PAID,PAID,SOFTWARE,WEST
INV-02219,CUS-0331,2023-04-28,2023-06-27,2023-06-25,9153.21,9153.21,0.0,0,PAID,PAID,SOFTWARE,WEST
INV-02220,CUS-0469,2023-09-02,2023-10-17,2023-11-03,2482.33,2482.33,0.0,0,PAID,PAID,SERVICES,EAST
INV-02221,CUS-0031,2024-03-10,2024-05-09,2024-05-05,6642.57,6642.57,0.0,0,PAID,PAID,MAINTENANCE,WEST
INV-02222,CUS-0486,2022-05-31,2022-07-15,2022-07-10,6530.41,6530.41,0.0,0,PAID,PAID,HARDWARE,WEST
INV-02223,CUS-0203,2024-03-08,2024-05-07,2024-05-14,22.24,22.24,0.0,0,PAID,PAID,SOFTWARE,EAST
INV-02224,CUS-0019,2023-11-23,2023-12-23,2023-12-22,9900.06,9900.06,0.0,0,PAID,PAID,SERVICES,SOUTH
INV-02225,CUS-0474,2022-08-13,2022-10-12,2022-10-09,46642.63,46642.63,0.0,0,PAID,PAID,HARDWARE,SOUTH
INV-02226,CUS-0473,2022-06-15,2022-07-15,2022-07-15,2082.24,2082.24,0.0,0,PAID,PAID,MAINTENANCE,EAST
INV-02227,CUS-0401,2023-06-23,2023-08-07,2023-08-04,10886.44,10886.44,0.0,0,PAID,PAID,MAINTENANCE,WEST
INV-02228,CUS-0236,2022-09-18,2022-11-17,2022-11-15,10765.99,10765.99,0.0,0,PAID,PAID,SERVICES,SOUTH
INV-02229,CUS-0253,2024-01-11,2024-02-25,2024-02-23,4687.85,4687.85,0.0,0,PAID,PAID,MAINTENANCE,SOUTH
INV-02230,CUS-0196,2023-02-20,2023-04-06,2023-04-02,898.18,898.18,0.0,0,PAID,PAID,SOFTWARE,NORTH
INV-02231,CUS-0247,2023-07-28,2023-08-27,2023-08-26,117.23,117.23,0.0,0,PAID,PAID,HARDWARE,SOUTH
INV-02232,CUS-0244,2022-08-01,2022-09-15,2022-10-03,6565.13,6565.13,0.0,0,PAID,PAID,HARDWARE,EAST
INV-02233,CUS-0137,2023-03-24,2023-05-23,2023-05-21,3037.19,3037.19,0.0,0,PAID,PAID,MAINTENANCE,SOUTH
INV-02234,CUS-0012,2023-01-02,2023-02-16,2023-02-13,26064.35,26064.35,0.0,0,PAID,PAID,SERVICES,SOUTH
INV-02235,CUS-0241,2023-09-18,2023-11-17,2023-11-16,450.76,450.76,0.0,0,PAID,PAID,HARDWARE,SOUTH
INV-02236,CUS-0085,2022-08-12,2022-10-11,2022-10-07,6089.92,6089.92,0.0,0,PAID,PAID,SOFTWARE,EAST
INV-02237,CUS-0054,2023-12-13,2024-01-12,,6409.98,0.0,6409.98,79,61-90,OVERDUE,SOFTWARE,SOUTH
INV-02238,CUS-0190,2023-09-29,2023-11-13,2023-11-12,1176.31,1176.31,0.0,0,PAID,PAID,HARDWARE,NORTH
INV-02239,CUS-0447,2023-11-24,2024-01-08,2024-01-07,1167.01,1167.01,0.0,0,PAID,PAID,HARDWARE,WEST
INV-02240,CUS-0098,2023-02-08,2023-03-10,2023-03-09,1303.32,1303.32,0.0,0,PAID,PAID,SOFTWARE,SOUTH
INV-02241,CUS-0416,2022-05-29,2022-06-28,2022-06-27,224.88,224.88,0.0,0,PAID,PAID,SERVICES,NORTH
INV-02242,CUS-0013,2022-11-20,2022-12-20,2022-12-19,23777.33,23777.33,0.0,0,PAID,PAID,HARDWARE,WEST
INV-02243,CUS-0149,2023-08-30,2023-10-14,2023-10-13,20481.51,20481.51,0.0,0,PAID,PAID,SERVICES,EAST
INV-02244,CUS-0079,2023-05-21,2023-06-20,2023-06-19,4977.55,4977.55,0.0,0,PAID,PAID,HARDWARE,SOUTH
INV-02245,CUS-0165,2023-07-18,2023-08-17,2023-08-17,370.82,370.82,0.0,0,PAID,PAID,HARDWARE,WEST
INV-02246,CUS-0249,2023-05-28,2023-06-27,2023-06-24,3519.57,3519.57,0.0,0,PAID,PAID,MAINTENANCE,WEST
INV-02247,CUS-0004,2022-08-11,2022-09-25,2022-10-10,77366.89,77366.89,0.0,0,PAID,PAID,SERVICES,WEST
INV-02248,CUS-0454,2022-11-20,2023-01-04,2023-01-18,724.26,724.26,0.0,0,PAID,PAID,SOFTWARE,WEST
INV-02249,CUS-0294,2023-09-18,2023-11-17,,16951.82,0.0,16951.82,135,90+,OVERDUE,SOFTWARE,NORTH
INV-02250,CUS-0126,2023-03-26,2023-05-25,2023-05-23,2633.86,2633.86,0.0,0,PAID,PAID,SERVICES,NORTH
INV-02251,CUS-0221,2024-01-23,2024-03-23,2024-03-21,37124.42,37124.42,0.0,0,PAID,PAID,SERVICES,NORTH
INV-02252,CUS-0119,2022-07-01,2022-07-31,2022-07-31,2766.67,2766.67,0.0,0,PAID,PAID,SOFTWARE,WEST
INV-02253,CUS-0491,2023-10-24,2023-12-08,2023-12-04,2801.55,2801.55,0.0,0,PAID,PAID,SOFTWARE,EAST
INV-02254,CUS-0122,2023-08-04,2023-09-18,2023-09-18,39013.25,39013.25,0.0,0,PAID,PAID,SOFTWARE,WEST
INV-02255,CUS-0371,2024-01-29,2024-02-28,2024-02-25,11230.37,11230.37,0.0,0,PAID,PAID,MAINTENANCE,EAST
INV-02256,CUS-0417,2022-07-25,2022-08-24,2022-08-21,1858.41,1858.41,0.0,0,PAID,PAID,HARDWARE,SOUTH
INV-02257,CUS-0250,2023-02-18,2023-03-20,2023-04-19,19443.68,19443.68,0.0,0,PAID,PAID,HARDWARE,EAST
INV-02258,CUS-0440,2023-06-15,2023-07-15,2023-07-12,10354.53,10354.53,0.0,0,PAID,PAID,MAINTENANCE,WEST
INV-02259,CUS-0046,2022-06-09,2022-07-09,2022-07-07,825.15,825.15,0.0,0,PAID,PAID,MAINTENANCE,NORTH
INV-02260,CUS-0231,2022-04-24,2022-05-24,2022-05-22,4331.63,4331.63,0.0,0,PAID,PAID,SOFTWARE,EAST
INV-02261,CUS-0204,2024-02-26,2024-04-11,2024-04-11,30022.49,30022.49,0.0,0,PAID,PAID,SOFTWARE,EAST
INV-02262,CUS-0284,2022-05-21,2022-07-05,2022-07-04,409.95,409.95,0.0,0,PAID,PAID,SERVICES,NORTH
INV-02263,CUS-0246,2023-02-18,2023-03-20,2023-04-15,33862.87,33862.87,0.0,0,PAID,PAID,MAINTENANCE,EAST
INV-02264,CUS-0237,2022-09-18,2022-11-02,2022-11-02,10056.89,10056.89,0.0,0,PAID,PAID,HARDWARE,WEST
INV-02265,CUS-0295,2023-11-22,2024-01-06,2024-01-02,6867.57,6867.57,0.0,0,PAID,PAID,HARDWARE,NORTH
INV-02266,CUS-0152,2022-11-04,2022-12-19,2023-01-01,9274.66,9274.66,0.0,0,PAID,PAID,SERVICES,WEST
INV-02267,CUS-0305,2022-05-19,2022-07-03,2022-07-02,1988.05,1988.05,0.0,0,PAID,PAID,HARDWARE,WEST
INV-02268,CUS-0138,2023-01-24,2023-03-10,2023-03-10,7522.47,7522.47,0.0,0,PAID,PAID,HARDWARE,EAST
INV-02269,CUS-0145,2022-05-07,2022-07-06,,432.84,163.53,269.31,634,90+,PARTIAL,SOFTWARE,WEST
INV-02270,CUS-0214,2023-03-13,2023-04-12,2023-04-11,2400.88,2400.88,0.0,0,PAID,PAID,MAINTENANCE,EAST
INV-02271,CUS-0254,2023-03-29,2023-05-13,2023-05-13,3009.85,3009.85,0.0,0,PAID,PAID,SOFTWARE,NORTH
INV-02272,CUS-0136,2022-07-28,2022-09-11,2022-09-11,11252.38,11252.38,0.0,0,PAID,PAID,SOFTWARE,WEST
INV-02273,CUS-0253,2023-08-20,2023-10-04,2023-10-20,2224.7,2224.7,0.0,0,PAID,PAID,HARDWARE,NORTH
INV-02274,CUS-0426,2023-10-16,2023-11-30,,5098.65,2228.59,2870.06,122,90+,PARTIAL,SERVICES,WEST
INV-02275,CUS-0039,2022-04-15,2022-05-30,,1488.54,600.23,888.31,671,90+,PARTIAL,SERVICES,EAST
INV-02276,CUS-0473,2023-10-09,2023-11-08,2023-11-03,2701.2,2701.2,0.0,0,PAID,PAID,SERVICES,SOUTH
INV-02277,CUS-0075,2022-09-10,2022-11-09,2022-11-06,6931.62,6931.62,0.0,0,PAID,PAID,MAINTENANCE,EAST
INV-02278,CUS-0480,2022-05-07,2022-06-06,2022-06-16,1347.52,1347.52,0.0,0,PAID,PAID,MAINTENANCE,WEST
INV-02279,CUS-0257,2023-02-08,2023-03-10,,740.19,0.0,740.19,387,90+,OVERDUE,SERVICES,EAST
INV-02280,CUS-0197,2023-08-18,2023-09-17,2023-09-16,28863.69,28863.69,0.0,0,PAID,PAID,SOFTWARE,SOUTH
INV-02281,CUS-0029,2022-08-24,2022-10-08,2022-10-07,3095.73,3095.73,0.0,0,PAID,PAID,HARDWARE,EAST
INV-02282,CUS-0143,2024-02-12,2024-03-28,2024-04-11,353.97,353.97,0.0,0,PAID,PAID,SERVICES,EAST
INV-02283,CUS-0296,2023-06-28,2023-07-28,2023-07-24,1322.47,1322.47,0.0,0,PAID,PAID,MAINTENANCE,NORTH
INV-02284,CUS-0322,2024-02-09,2024-03-25,,18043.78,0.0,18043.78,6,CURRENT,OVERDUE,HARDWARE,WEST
INV-02285,CUS-0378,2024-01-09,2024-02-08,2024-02-05,15751.97,15751.97,0.0,0,PAID,PAID,SOFTWARE,WEST
INV-02286,CUS-0009,2023-06-28,2023-07-28,,8450.88,0.0,8450.88,247,90+,OVERDUE,SERVICES,EAST
INV-02287,CUS-0013,2023-07-21,2023-08-20,2023-08-19,44133.14,44133.14,0.0,0,PAID,PAID,MAINTENANCE,WEST
INV-02288,CUS-0002,2022-05-27,2022-07-11,2022-07-08,365.04,365.04,0.0,0,PAID,PAID,MAINTENANCE,SOUTH
INV-02289,CUS-0035,2023-07-14,2023-08-28,2023-08-27,38857.6,38857.6,0.0,0,PAID,PAID,SERVICES,SOUTH
INV-02290,CUS-0072,2022-08-31,2022-10-30,,1860.64,1193.19,667.45,518,90+,PARTIAL,HARDWARE,NORTH
INV-02291,CUS-0159,2022-12-27,2023-01-26,2023-01-21,3511.26,3511.26,0.0,0,PAID,PAID,HARDWARE,SOUTH
INV-02292,CUS-0129,2024-01-09,2024-02-08,2024-02-08,8035.2,8035.2,0.0,0,PAID,PAID,SOFTWARE,NORTH
INV-02293,CUS-0335,2023-08-13,2023-10-12,2023-10-12,19191.83,19191.83,0.0,0,PAID,PAID,SOFTWARE,EAST
INV-02294,CUS-0368,2023-12-26,2024-02-09,2024-02-04,7569.99,7569.99,0.0,0,PAID,PAID,SERVICES,NORTH
INV-02295,CUS-0287,2023-06-17,2023-08-16,2023-08-14,2296.41,2296.41,0.0,0,PAID,PAID,SERVICES,NORTH
INV-02296,CUS-0059,2023-09-23,2023-10-23,,908.33,0.0,908.33,160,90+,OVERDUE,HARDWARE,NORTH
INV-02297,CUS-0237,2023-07-03,2023-08-17,2023-08-16,472.6,472.6,0.0,0,PAID,PAID,SOFTWARE,WEST
INV-02298,CUS-0157,2024-01-29,2024-02-28,2024-02-24,1370.95,1370.95,0.0,0,PAID,PAID,SERVICES,NORTH
INV-02299,CUS-0132,2022-05-31,2022-07-15,2022-07-12,4106.93,4106.93,0.0,0,PAID,PAID,SERVICES,SOUTH
INV-02300,CUS-0364,2023-02-11,2023-04-12,2023-04-11,3745.1,3745.1,0.0,0,PAID,PAID,SERVICES,NORTH
INV-02301,CUS-0346,2023-03-01,2023-04-30,2023-05-22,3279.85,3279.85,0.0,0,PAID,PAID,SOFTWARE,WEST
INV-02302,CUS-0074,2023-01-01,2023-01-31,2023-01-27,6074.52,6074.52,0.0,0,PAID,PAID,SERVICES,EAST
INV-02303,CUS-0479,2023-01-24,2023-03-10,2023-03-09,34083.43,34083.43,0.0,0,PAID,PAID,SERVICES,EAST
INV-02304,CUS-0115,2024-02-26,2024-04-26,2024-04-25,13493.38,13493.38,0.0,0,PAID,PAID,SOFTWARE,NORTH
INV-02305,CUS-0238,2022-04-28,2022-06-12,2022-06-12,852.25,852.25,0.0,0,PAID,PAID,SOFTWARE,NORTH
INV-02306,CUS-0243,2022-12-07,2023-01-21,2023-01-16,6960.44,6960.44,0.0,0,PAID,PAID,HARDWARE,EAST
INV-02307,CUS-0181,2023-12-08,2024-01-22,2024-01-18,4214.7,4214.7,0.0,0,PAID,PAID,SOFTWARE,WEST
INV-02308,CUS-0414,2023-09-01,2023-10-31,2023-10-26,4938.14,4938.14,0.0,0,PAID,PAID,SERVICES,SOUTH
INV-02309,CUS-0332,2023-11-27,2024-01-26,2024-01-24,6795.84,6795.84,0.0,0,PAID,PAID,SOFTWARE,WEST
INV-02310,CUS-0171,2023-10-25,2023-12-09,2023-12-09,2003.16,2003.16,0.0,0,PAID,PAID,HARDWARE,EAST
INV-02311,CUS-0337,2022-10-14,2022-12-13,2022-12-10,53874.24,53874.24,0.0,0,PAID,PAID,MAINTENANCE,WEST
INV-02312,CUS-0330,2022-06-12,2022-08-11,2022-08-09,13598.72,13598.72,0.0,0,PAID,PAID,MAINTENANCE,EAST
INV-02313,CUS-0361,2023-09-01,2023-10-01,2023-09-30,3203.63,3203.63,0.0,0,PAID,PAID,SERVICES,WEST
INV-02314,CUS-0134,2022-08-06,2022-10-05,2022-10-03,572.88,572.88,0.0,0,PAID,PAID,SOFTWARE,NORTH
INV-02315,CUS-0032,2023-08-25,2023-10-24,2023-10-20,1992.45,1992.45,0.0,0,PAID,PAID,MAINTENANCE,EAST
INV-02316,CUS-0063,2023-06-07,2023-07-22,2023-07-19,2548.97,2548.97,0.0,0,PAID,PAID,HARDWARE,NORTH
INV-02317,CUS-0373,2023-11-16,2023-12-31,2024-01-26,1248.41,1248.41,0.0,0,PAID,PAID,SERVICES,EAST
INV-02318,CUS-0287,2022-04-22,2022-06-21,2022-06-17,1463.61,1463.61,0.0,0,PAID,PAID,SOFTWARE,SOUTH
INV-02319,CUS-0103,2022-07-22,2022-09-05,2022-08-31,1805.14,1805.14,0.0,0,PAID,PAID,SERVICES,WEST
INV-02320,CUS-0225,2024-02-23,2024-04-08,2024-04-03,1507.84,1507.84,0.0,0,PAID,PAID,HARDWARE,WEST
INV-02321,CUS-0300,2023-05-08,2023-06-07,2023-06-04,952.62,952.62,0.0,0,PAID,PAID,HARDWARE,EAST
INV-02322,CUS-0228,2024-01-27,2024-03-27,2024-03-23,9707.29,9707.29,0.0,0,PAID,PAID,HARDWARE,WEST
INV-02323,CUS-0475,2024-02-14,2024-03-30,2024-04-29,6848.74,6848.74,0.0,0,PAID,PAID,SOFTWARE,EAST
INV-02324,CUS-0237,2023-10-11,2023-11-25,2023-11-23,1340.17,1340.17,0.0,0,PAID,PAID,HARDWARE,SOUTH
INV-02325,CUS-0245,2022-08-05,2022-10-04,2022-10-05,7266.92,7266.92,0.0,0,PAID,PAID,SOFTWARE,NORTH
INV-02326,CUS-0443,2022-10-27,2022-12-11,,459.63,220.48,239.15,476,90+,PARTIAL,MAINTENANCE,NORTH
INV-02327,CUS-0392,2022-05-10,2022-07-09,2022-07-09,4460.81,4460.81,0.0,0,PAID,PAID,SERVICES,WEST
INV-02328,CUS-0476,2022-06-17,2022-08-16,2022-08-11,9331.61,9331.61,0.0,0,PAID,PAID,SERVICES,NORTH
INV-02329,CUS-0208,2023-09-29,2023-11-28,,3686.87,0.0,3686.87,124,90+,OVERDUE,SOFTWARE,EAST
INV-02330,CUS-0201,2023-07-20,2023-09-03,2023-10-01,4939.28,4939.28,0.0,0,PAID,PAID,SOFTWARE,WEST
INV-02331,CUS-0134,2024-03-27,2024-05-26,2024-05-21,2207.13,2207.13,0.0,0,PAID,PAID,SOFTWARE,NORTH
INV-02332,CUS-0337,2023-10-21,2023-12-20,2023-12-15,27492.5,27492.5,0.0,0,PAID,PAID,SOFTWARE,WEST
INV-02333,CUS-0285,2023-03-22,2023-05-06,2023-05-01,747.76,747.76,0.0,0,PAID,PAID,SERVICES,SOUTH
INV-02334,CUS-0311,2023-12-29,2024-02-27,,26588.9,12396.55,14192.35,33,31-60,PARTIAL,MAINTENANCE,SOUTH
INV-02335,CUS-0249,2024-03-05,2024-04-04,2024-04-02,809.24,809.24,0.0,0,PAID,PAID,HARDWARE,EAST
INV-02336,CUS-0307,2023-04-21,2023-06-20,,314.01,0.0,314.01,285,90+,OVERDUE,HARDWARE,NORTH
INV-02337,CUS-0354,2022-06-29,2022-07-29,,43826.39,0.0,43826.39,611,90+,OVERDUE,HARDWARE,NORTH
INV-02338,CUS-0496,2023-10-30,2023-11-29,,2533.92,0.0,2533.92,123,90+,OVERDUE,HARDWARE,EAST
INV-02339,CUS-0151,2024-01-07,2024-02-06,,2091.49,722.29,1369.2,54,31-60,PARTIAL,MAINTENANCE,EAST
INV-02340,CUS-0228,2022-08-24,2022-10-23,2022-10-19,4991.9,4991.9,0.0,0,PAID,PAID,MAINTENANCE,NORTH
INV-02341,CUS-0215,2024-02-05,2024-03-06,2024-03-04,1736.36,1736.36,0.0,0,PAID,PAID,HARDWARE,EAST
INV-02342,CUS-0400,2024-01-25,2024-03-10,2024-03-07,2942.58,2942.58,0.0,0,PAID,PAID,SOFTWARE,EAST
INV-02343,CUS-0019,2023-07-29,2023-08-28,,23285.36,12763.56,10521.8,216,90+,PARTIAL,HARDWARE,NORTH
INV-02344,CUS-0333,2024-01-31,2024-03-31,2024-03-29,698.55,698.55,0.0,0,PAID,PAID,SOFTWARE,SOUTH
INV-02345,CUS-0158,2023-05-22,2023-06-21,,4905.58,0.0,4905.58,284,90+,OVERDUE,SERVICES,NORTH
INV-02346,CUS-0308,2024-02-12,2024-03-28,2024-03-25,5140.33,5140.33,0.0,0,PAID,PAID,MAINTENANCE,NORTH
INV-02347,CUS-0156,2023-08-22,2023-10-21,2023-10-20,2479.73,2479.73,0.0,0,PAID,PAID,MAINTENANCE,NORTH
INV-02348,CUS-0405,2024-02-05,2024-03-06,,280.91,189.2,91.71,25,CURRENT,PARTIAL,MAINTENANCE,WEST
INV-02349,CUS-0004,2023-03-19,2023-05-03,2023-04-28,9991.75,9991.75,0.0,0,PAID,PAID,SERVICES,SOUTH
INV-02350,CUS-0183,2023-07-16,2023-08-15,2023-08-14,408.49,408.49,0.0,0,PAID,PAID,HARDWARE,EAST
INV-02351,CUS-0140,2022-06-20,2022-07-20,,18015.69,0.0,18015.69,620,90+,OVERDUE,SERVICES,EAST
INV-02352,CUS-0292,2022-06-25,2022-08-09,2022-08-09,7541.11,7541.11,0.0,0,PAID,PAID,SERVICES,WEST
INV-02353,CUS-0003,2023-12-13,2024-01-27,2024-01-27,10677.93,10677.93,0.0,0,PAID,PAID,HARDWARE,SOUTH
INV-02354,CUS-0497,2022-09-13,2022-10-13,2022-10-09,18921.57,18921.57,0.0,0,PAID,PAID,SERVICES,NORTH
INV-02355,CUS-0062,2023-08-25,2023-10-09,2023-10-04,492.85,492.85,0.0,0,PAID,PAID,SERVICES,SOUTH
INV-02356,CUS-0270,2022-09-29,2022-11-28,2022-11-25,1600.19,1600.19,0.0,0,PAID,PAID,SERVICES,NORTH
INV-02357,CUS-0194,2022-12-24,2023-01-23,2023-01-21,45776.64,45776.64,0.0,0,PAID,PAID,SOFTWARE,EAST
INV-02358,CUS-0283,2022-12-28,2023-01-27,,8010.14,0.0,8010.14,429,90+,OVERDUE,SERVICES,EAST
INV-02359,CUS-0367,2024-03-24,2024-04-23,2024-04-23,84607.48,84607.48,0.0,0,PAID,PAID,SERVICES,NORTH
INV-02360,CUS-0205,2023-06-16,2023-07-31,2023-07-29,495.28,495.28,0.0,0,PAID,PAID,MAINTENANCE,NORTH
INV-02361,CUS-0334,2023-06-08,2023-07-23,,36838.38,0.0,36838.38,252,90+,OVERDUE,SERVICES,SOUTH
INV-02362,CUS-0307,2024-01-20,2024-03-20,2024-03-19,159.58,159.58,0.0,0,PAID,PAID,HARDWARE,EAST
INV-02363,CUS-0085,2023-05-16,2023-07-15,2023-07-13,11753.45,11753.45,0.0,0,PAID,PAID,SERVICES,EAST
INV-02364,CUS-0419,2022-04-21,2022-06-20,2022-06-19,440.31,440.31,0.0,0,PAID,PAID,HARDWARE,SOUTH
INV-02365,CUS-0115,2022-05-02,2022-07-01,2022-06-27,2361.29,2361.29,0.0,0,PAID,PAID,HARDWARE,EAST
INV-02366,CUS-0313,2023-04-27,2023-06-26,2023-06-23,5918.61,5918.61,0.0,0,PAID,PAID,HARDWARE,EAST
INV-02367,CUS-0153,2022-06-27,2022-08-26,2022-08-24,2323.98,2323.98,0.0,0,PAID,PAID,SERVICES,NORTH
INV-02368,CUS-0209,2024-01-11,2024-02-10,2024-02-06,1124.24,1124.24,0.0,0,PAID,PAID,HARDWARE,NORTH
INV-02369,CUS-0204,2023-10-14,2023-11-28,2023-11-26,1844.87,1844.87,0.0,0,PAID,PAID,MAINTENANCE,NORTH
INV-02370,CUS-0005,2024-03-10,2024-05-09,2024-05-05,512.85,512.85,0.0,0,PAID,PAID,SOFTWARE,NORTH
INV-02371,CUS-0168,2023-11-05,2024-01-04,2023-12-30,5305.99,5305.99,0.0,0,PAID,PAID,HARDWARE,NORTH
INV-02372,CUS-0478,2023-09-14,2023-10-14,2023-10-09,6008.1,6008.1,0.0,0,PAID,PAID,SOFTWARE,SOUTH
INV-02373,CUS-0340,2022-06-10,2022-08-09,,2681.81,0.0,2681.81,600,90+,OVERDUE,HARDWARE,EAST
INV-02374,CUS-0162,2022-06-25,2022-07-25,2022-07-20,1411.73,1411.73,0.0,0,PAID,PAID,SOFTWARE,WEST
INV-02375,CUS-0114,2022-12-15,2023-01-29,2023-01-28,258.28,258.28,0.0,0,PAID,PAID,MAINTENANCE,SOUTH
INV-02376,CUS-0416,2022-11-22,2022-12-22,2022-12-19,273.3,273.3,0.0,0,PAID,PAID,MAINTENANCE,EAST
INV-02377,CUS-0434,2023-10-07,2023-11-06,2023-11-06,1564.3,1564.3,0.0,0,PAID,PAID,MAINTENANCE,EAST
INV-02378,CUS-0421,2023-04-10,2023-06-09,2023-06-09,8441.51,8441.51,0.0,0,PAID,PAID,MAINTENANCE,SOUTH
INV-02379,CUS-0155,2023-12-19,2024-02-17,2024-03-07,1094.66,1094.66,0.0,0,PAID,PAID,SOFTWARE,NORTH
INV-02380,CUS-0244,2022-05-06,2022-06-20,2022-06-20,582.73,582.73,0.0,0,PAID,PAID,SOFTWARE,SOUTH
INV-02381,CUS-0493,2022-06-02,2022-07-02,2022-06-27,402.79,402.79,0.0,0,PAID,PAID,MAINTENANCE,SOUTH
INV-02382,CUS-0202,2023-04-27,2023-06-11,2023-06-11,11132.89,11132.89,0.0,0,PAID,PAID,HARDWARE,SOUTH
INV-02383,CUS-0117,2023-11-14,2023-12-14,,1010.96,308.85,702.11,108,90+,PARTIAL,HARDWARE,EAST
INV-02384,CUS-0130,2022-06-08,2022-08-07,2022-08-06,1419.33,1419.33,0.0,0,PAID,PAID,SOFTWARE,NORTH
INV-02385,CUS-0171,2023-06-30,2023-08-14,2023-08-11,6989.29,6989.29,0.0,0,PAID,PAID,MAINTENANCE,EAST
INV-02386,CUS-0427,2023-03-01,2023-04-30,2023-04-25,2999.48,2999.48,0.0,0,PAID,PAID,SOFTWARE,SOUTH
INV-02387,CUS-0161,2023-04-11,2023-06-10,2023-06-05,12991.54,12991.54,0.0,0,PAID,PAID,SOFTWARE,WEST
INV-02388,CUS-0460,2022-11-06,2022-12-21,2023-01-04,53452.72,53452.72,0.0,0,PAID,PAID,HARDWARE,EAST
INV-02389,CUS-0477,2022-04-24,2022-06-08,2022-06-07,375.85,375.85,0.0,0,PAID,PAID,HARDWARE,NORTH
INV-02390,CUS-0380,2022-04-29,2022-06-13,2022-06-12,1332.14,1332.14,0.0,0,PAID,PAID,MAINTENANCE,NORTH
INV-02391,CUS-0141,2022-08-11,2022-10-10,2022-10-08,15330.05,15330.05,0.0,0,PAID,PAID,SOFTWARE,WEST
INV-02392,CUS-0167,2022-04-28,2022-05-28,2022-05-24,1097.51,1097.51,0.0,0,PAID,PAID,HARDWARE,WEST
INV-02393,CUS-0224,2022-12-28,2023-01-27,2023-01-26,1076.21,1076.21,0.0,0,PAID,PAID,MAINTENANCE,SOUTH
INV-02394,CUS-0054,2022-09-11,2022-10-11,,15441.86,10583.9,4857.96,537,90+,PARTIAL,SERVICES,SOUTH
INV-02395,CUS-0361,2023-08-27,2023-09-26,2023-10-11,19161.97,19161.97,0.0,0,PAID,PAID,SOFTWARE,NORTH
INV-02396,CUS-0200,2022-07-13,2022-08-12,2022-08-25,95.16,95.16,0.0,0,PAID,PAID,SOFTWARE,SOUTH
INV-02397,CUS-0125,2022-04-26,2022-06-10,2022-06-08,3940.67,3940.67,0.0,0,PAID,PAID,SERVICES,NORTH
INV-02398,CUS-0012,2023-06-26,2023-08-10,2023-08-27,9529.28,9529.28,0.0,0,PAID,PAID,SERVICES,WEST
INV-02399,CUS-0039,2023-07-31,2023-09-14,2023-09-14,2293.35,2293.35,0.0,0,PAID,PAID,SOFTWARE,EAST
INV-02400,CUS-0190,2023-09-10,2023-10-25,2023-10-20,415.41,415.41,0.0,0,PAID,PAID,SOFTWARE,WEST
INV-02401,CUS-0472,2022-11-14,2022-12-14,2022-12-14,535.92,535.92,0.0,0,PAID,PAID,SERVICES,WEST
INV-02402,CUS-0133,2023-11-15,2023-12-30,2023-12-29,5185.81,5185.81,0.0,0,PAID,PAID,SOFTWARE,NORTH
INV-02403,CUS-0423,2023-09-19,2023-11-03,2023-10-31,1212.21,1212.21,0.0,0,PAID,PAID,SERVICES,EAST
INV-02404,CUS-0074,2022-06-13,2022-07-13,2022-07-08,2796.18,2796.18,0.0,0,PAID,PAID,SERVICES,NORTH
INV-02405,CUS-0314,2023-08-20,2023-10-19,2023-10-26,356.3,356.3,0.0,0,PAID,PAID,SOFTWARE,EAST
INV-02406,CUS-0499,2023-08-01,2023-09-30,2023-10-12,1967.28,1967.28,0.0,0,PAID,PAID,MAINTENANCE,SOUTH
INV-02407,CUS-0412,2022-08-17,2022-09-16,2022-09-13,16850.5,16850.5,0.0,0,PAID,PAID,HARDWARE,NORTH
INV-02408,CUS-0329,2022-09-17,2022-11-16,2022-11-21,35409.32,35409.32,0.0,0,PAID,PAID,SOFTWARE,WEST
INV-02409,CUS-0472,2022-10-11,2022-11-10,2022-11-07,530.24,530.24,0.0,0,PAID,PAID,HARDWARE,NORTH
INV-02410,CUS-0470,2023-07-05,2023-09-03,2023-09-02,14111.39,14111.39,0.0,0,PAID,PAID,SOFTWARE,SOUTH
INV-02411,CUS-0194,2023-11-18,2023-12-18,2023-12-16,1586.72,1586.72,0.0,0,PAID,PAID,HARDWARE,WEST
INV-02412,CUS-0401,2023-09-05,2023-10-20,,10557.59,0.0,10557.59,163,90+,OVERDUE,MAINTENANCE,SOUTH
INV-02413,CUS-0299,2022-09-04,2022-11-03,2022-11-02,499.75,499.75,0.0,0,PAID,PAID,HARDWARE,NORTH
INV-02414,CUS-0134,2023-04-15,2023-06-14,2023-06-10,1296.74,1296.74,0.0,0,PAID,PAID,SOFTWARE,NORTH
INV-02415,CUS-0417,2022-06-20,2022-07-20,2022-07-16,1108.91,1108.91,0.0,0,PAID,PAID,SOFTWARE,NORTH
INV-02416,CUS-0297,2023-11-19,2024-01-03,,1803.69,697.2,1106.49,88,61-90,PARTIAL,MAINTENANCE,EAST
INV-02417,CUS-0415,2023-08-09,2023-09-08,2023-09-04,12868.14,12868.14,0.0,0,PAID,PAID,SOFTWARE,EAST
INV-02418,CUS-0412,2023-09-06,2023-10-06,2023-10-04,17312.11,17312.11,0.0,0,PAID,PAID,SERVICES,WEST
INV-02419,CUS-0184,2023-11-26,2024-01-10,2024-01-10,60125.3,60125.3,0.0,0,PAID,PAID,HARDWARE,EAST
INV-02420,CUS-0100,2022-11-26,2022-12-26,2022-12-25,4101.68,4101.68,0.0,0,PAID,PAID,SOFTWARE,NORTH
INV-02421,CUS-0475,2022-07-12,2022-08-26,2022-08-25,696.14,696.14,0.0,0,PAID,PAID,SOFTWARE,SOUTH
INV-02422,CUS-0332,2022-12-05,2023-02-03,2023-01-29,2417.51,2417.51,0.0,0,PAID,PAID,MAINTENANCE,SOUTH
INV-02423,CUS-0009,2023-08-31,2023-09-30,2023-09-25,27753.02,27753.02,0.0,0,PAID,PAID,SOFTWARE,EAST
INV-02424,CUS-0205,2023-08-28,2023-10-12,,751.45,355.23,396.22,171,90+,PARTIAL,HARDWARE,SOUTH
INV-02425,CUS-0261,2024-03-11,2024-05-10,2024-05-10,2146.33,2146.33,0.0,0,PAID,PAID,SOFTWARE,EAST
INV-02426,CUS-0473,2023-07-06,2023-08-05,2023-07-31,5804.18,5804.18,0.0,0,PAID,PAID,MAINTENANCE,NORTH
INV-02427,CUS-0070,2022-10-25,2022-11-24,2022-12-01,6842.5,6842.5,0.0,0,PAID,PAID,HARDWARE,SOUTH
INV-02428,CUS-0487,2023-11-06,2023-12-06,2023-12-05,4813.0,4813.0,0.0,0,PAID,PAID,SOFTWARE,EAST
INV-02429,CUS-0418,2022-08-14,2022-09-13,2022-09-19,10526.63,10526.63,0.0,0,PAID,PAID,SOFTWARE,WEST
INV-02430,CUS-0172,2023-10-05,2023-11-19,2023-11-16,37925.39,37925.39,0.0,0,PAID,PAID,SERVICES,EAST
INV-02431,CUS-0121,2022-12-31,2023-02-14,2023-02-09,8685.34,8685.34,0.0,0,PAID,PAID,HARDWARE,SOUTH
INV-02432,CUS-0019,2023-11-03,2023-12-03,2023-11-29,20854.61,20854.61,0.0,0,PAID,PAID,MAINTENANCE,NORTH
INV-02433,CUS-0419,2022-05-10,2022-07-09,2022-07-14,1497.36,1497.36,0.0,0,PAID,PAID,HARDWARE,SOUTH
INV-02434,CUS-0278,2023-09-07,2023-10-22,,918.4,420.48,497.92,161,90+,PARTIAL,SOFTWARE,NORTH
INV-02435,CUS-0335,2022-11-13,2023-01-12,2023-01-08,8001.92,8001.92,0.0,0,PAID,PAID,SOFTWARE,SOUTH
INV-02436,CUS-0322,2023-01-25,2023-03-11,,8192.13,4123.64,4068.49,386,90+,PARTIAL,HARDWARE,SOUTH
INV-02437,CUS-0051,2023-07-22,2023-09-05,2023-09-05,1724.39,1724.39,0.0,0,PAID,PAID,SERVICES,NORTH
INV-02438,CUS-0012,2023-08-21,2023-10-05,2023-10-01,2679.09,2679.09,0.0,0,PAID,PAID,SOFTWARE,SOUTH
INV-02439,CUS-0212,2022-11-11,2023-01-10,2023-01-09,2478.11,2478.11,0.0,0,PAID,PAID,SOFTWARE,SOUTH
INV-02440,CUS-0199,2023-10-27,2023-12-11,2023-12-07,1585.34,1585.34,0.0,0,PAID,PAID,MAINTENANCE,NORTH
INV-02441,CUS-0311,2023-08-13,2023-10-12,,126283.67,65502.14,60781.53,171,90+,PARTIAL,SERVICES,WEST
INV-02442,CUS-0052,2023-07-18,2023-09-16,2023-09-14,535.83,535.83,0.0,0,PAID,PAID,SERVICES,NORTH
INV-02443,CUS-0111,2022-11-15,2022-12-30,2023-01-24,9347.19,9347.19,0.0,0,PAID,PAID,HARDWARE,NORTH
INV-02444,CUS-0334,2022-11-15,2022-12-30,2022-12-29,6283.18,6283.18,0.0,0,PAID,PAID,HARDWARE,NORTH
INV-02445,CUS-0205,2023-01-02,2023-02-16,2023-02-16,7059.09,7059.09,0.0,0,PAID,PAID,MAINTENANCE,EAST
INV-02446,CUS-0448,2022-06-03,2022-08-02,2022-08-26,987.32,987.32,0.0,0,PAID,PAID,HARDWARE,SOUTH
INV-02447,CUS-0256,2023-09-26,2023-11-25,2023-11-20,2755.93,2755.93,0.0,0,PAID,PAID,HARDWARE,EAST
INV-02448,CUS-0106,2023-01-25,2023-03-26,2023-03-26,5213.01,5213.01,0.0,0,PAID,PAID,SOFTWARE,WEST
INV-02449,CUS-0167,2022-09-23,2022-10-23,2022-10-23,338.05,338.05,0.0,0,PAID,PAID,SOFTWARE,SOUTH
INV-02450,CUS-0436,2022-09-10,2022-10-10,2022-10-10,2727.31,2727.31,0.0,0,PAID,PAID,SERVICES,WEST
INV-02451,CUS-0298,2023-05-09,2023-06-08,2023-06-05,6454.37,6454.37,0.0,0,PAID,PAID,MAINTENANCE,NORTH
INV-02452,CUS-0240,2022-11-23,2023-01-22,2023-01-22,9524.85,9524.85,0.0,0,PAID,PAID,SERVICES,SOUTH
INV-02453,CUS-0463,2023-01-27,2023-03-28,2023-03-26,10411.7,10411.7,0.0,0,PAID,PAID,HARDWARE,EAST
INV-02454,CUS-0238,2022-10-07,2022-11-21,2022-11-18,2339.63,2339.63,0.0,0,PAID,PAID,MAINTENANCE,NORTH
INV-02455,CUS-0488,2023-09-21,2023-11-20,2023-11-18,16943.9,16943.9,0.0,0,PAID,PAID,SOFTWARE,EAST
INV-02456,CUS-0497,2023-02-04,2023-03-06,2023-03-18,5463.41,5463.41,0.0,0,PAID,PAID,SERVICES,SOUTH
INV-02457,CUS-0041,2023-12-14,2024-01-13,2024-01-09,2127.18,2127.18,0.0,0,PAID,PAID,HARDWARE,WEST
INV-02458,CUS-0024,2023-04-24,2023-06-08,2023-06-07,24121.62,24121.62,0.0,0,PAID,PAID,MAINTENANCE,WEST
INV-02459,CUS-0244,2023-10-29,2023-12-13,2023-12-14,13396.87,13396.87,0.0,0,PAID,PAID,SOFTWARE,SOUTH
INV-02460,CUS-0262,2023-02-28,2023-04-29,2023-04-29,2030.59,2030.59,0.0,0,PAID,PAID,HARDWARE,WEST
INV-02461,CUS-0466,2022-06-27,2022-08-26,2022-08-26,7837.64,7837.64,0.0,0,PAID,PAID,HARDWARE,EAST
INV-02462,CUS-0295,2023-07-07,2023-08-21,,14945.81,8332.45,6613.36,223,90+,PARTIAL,MAINTENANCE,WEST
INV-02463,CUS-0056,2024-03-30,2024-04-29,2024-05-07,834.57,834.57,0.0,0,PAID,PAID,SOFTWARE,WEST
INV-02464,CUS-0035,2023-11-08,2023-12-23,2023-12-26,6762.73,6762.73,0.0,0,PAID,PAID,MAINTENANCE,EAST
INV-02465,CUS-0049,2022-04-18,2022-06-02,2022-06-02,1112.18,1112.18,0.0,0,PAID,PAID,SOFTWARE,WEST
INV-02466,CUS-0377,2024-03-19,2024-04-18,,2601.62,1323.42,1278.2,0,CURRENT,PARTIAL,SERVICES,WEST
INV-02467,CUS-0139,2022-08-03,2022-09-17,2022-09-17,597.59,597.59,0.0,0,PAID,PAID,SOFTWARE,WEST
INV-02468,CUS-0402,2022-06-22,2022-07-22,2022-08-15,3661.12,3661.12,0.0,0,PAID,PAID,MAINTENANCE,SOUTH
INV-02469,CUS-0002,2022-10-02,2022-11-16,2022-11-14,4035.52,4035.52,0.0,0,PAID,PAID,HARDWARE,WEST
INV-02470,CUS-0024,2022-07-31,2022-09-14,2022-09-12,6178.87,6178.87,0.0,0,PAID,PAID,MAINTENANCE,SOUTH
INV-02471,CUS-0045,2023-02-25,2023-04-26,2023-05-08,16621.89,16621.89,0.0,0,PAID,PAID,SERVICES,NORTH
INV-02472,CUS-0403,2023-05-27,2023-07-11,2023-07-10,4663.24,4663.24,0.0,0,PAID,PAID,SERVICES,EAST
INV-02473,CUS-0427,2023-09-04,2023-11-03,2023-10-29,682.2,682.2,0.0,0,PAID,PAID,HARDWARE,NORTH
INV-02474,CUS-0441,2022-11-17,2022-12-17,2022-12-14,729.67,729.67,0.0,0,PAID,PAID,SERVICES,EAST
INV-02475,CUS-0441,2023-07-11,2023-08-10,2023-08-05,10479.57,10479.57,0.0,0,PAID,PAID,HARDWARE,EAST
INV-02476,CUS-0218,2023-07-09,2023-09-07,2023-09-24,21030.48,21030.48,0.0,0,PAID,PAID,SOFTWARE,EAST
INV-02477,CUS-0318,2024-03-14,2024-05-13,2024-05-12,25322.82,25322.82,0.0,0,PAID,PAID,MAINTENANCE,NORTH
INV-02478,CUS-0417,2023-10-01,2023-10-31,2023-10-26,45973.92,45973.92,0.0,0,PAID,PAID,HARDWARE,EAST
INV-02479,CUS-0394,2023-09-29,2023-11-13,2023-11-12,3791.98,3791.98,0.0,0,PAID,PAID,SOFTWARE,EAST
INV-02480,CUS-0120,2023-01-16,2023-03-02,2023-02-28,1737.85,1737.85,0.0,0,PAID,PAID,SERVICES,NORTH
INV-02481,CUS-0033,2022-10-02,2022-11-01,2022-10-31,11602.7,11602.7,0.0,0,PAID,PAID,HARDWARE,NORTH
INV-02482,CUS-0229,2023-12-13,2024-01-12,2024-01-09,1538.6,1538.6,0.0,0,PAID,PAID,MAINTENANCE,NORTH
INV-02483,CUS-0155,2023-07-04,2023-09-02,2023-09-09,4266.36,4266.36,0.0,0,PAID,PAID,SOFTWARE,NORTH
INV-02484,CUS-0480,2023-06-06,2023-07-06,2023-07-05,1456.91,1456.91,0.0,0,PAID,PAID,MAINTENANCE,EAST
INV-02485,CUS-0284,2022-12-19,2023-02-02,2023-01-30,2120.35,2120.35,0.0,0,PAID,PAID,HARDWARE,NORTH
INV-02486,CUS-0355,2022-12-17,2023-01-16,,1224.72,667.17,557.55,440,90+,PARTIAL,MAINTENANCE,EAST
INV-02487,CUS-0311,2023-12-11,2024-02-09,,16199.95,0.0,16199.95,51,31-60,OVERDUE,HARDWARE,WEST
INV-02488,CUS-0391,2022-05-10,2022-06-24,,1324.88,0.0,1324.88,646,90+,OVERDUE,MAINTENANCE,NORTH
INV-02489,CUS-0373,2023-07-30,2023-09-13,2023-09-12,2160.82,2160.82,0.0,0,PAID,PAID,SOFTWARE,NORTH
INV-02490,CUS-0093,2022-11-22,2023-01-06,2023-01-17,649.41,649.41,0.0,0,PAID,PAID,MAINTENANCE,NORTH
INV-02491,CUS-0346,2022-08-10,2022-10-09,2022-10-05,16141.11,16141.11,0.0,0,PAID,PAID,HARDWARE,SOUTH
INV-02492,CUS-0132,2022-05-14,2022-06-28,2022-06-23,6702.49,6702.49,0.0,0,PAID,PAID,MAINTENANCE,EAST
INV-02493,CUS-0059,2023-09-05,2023-10-05,2023-10-01,4143.45,4143.45,0.0,0,PAID,PAID,HARDWARE,WEST
INV-02494,CUS-0342,2022-05-13,2022-07-12,2022-08-03,263.44,263.44,0.0,0,PAID,PAID,SOFTWARE,WEST
INV-02495,CUS-0451,2023-12-12,2024-01-26,2024-02-07,3154.06,3154.06,0.0,0,PAID,PAID,SOFTWARE,NORTH
INV-02496,CUS-0464,2023-12-23,2024-02-06,2024-02-06,11662.63,11662.63,0.0,0,PAID,PAID,HARDWARE,EAST
INV-02497,CUS-0313,2023-08-08,2023-10-07,2023-10-06,2403.1,2403.1,0.0,0,PAID,PAID,SOFTWARE,WEST
INV-02498,CUS-0395,2023-08-31,2023-10-15,2023-10-16,6938.08,6938.08,0.0,0,PAID,PAID,SOFTWARE,WEST
INV-02499,CUS-0223,2022-10-30,2022-12-29,2022-12-24,6499.22,6499.22,0.0,0,PAID,PAID,SOFTWARE,SOUTH
INV-02500,CUS-0114,2023-09-24,2023-11-08,2023-11-05,9588.57,9588.57,0.0,0,PAID,PAID,SERVICES,EAST
INV-02501,CUS-0258,2023-05-26,2023-06-25,2023-06-25,1693.26,1693.26,0.0,0,PAID,PAID,SERVICES,NORTH
INV-02502,CUS-0128,2022-10-20,2022-12-19,2022-12-15,16490.26,16490.26,0.0,0,PAID,PAID,MAINTENANCE,NORTH
INV-02503,CUS-0344,2024-03-14,2024-04-28,2024-05-23,2693.5,2693.5,0.0,0,PAID,PAID,SERVICES,SOUTH
INV-02504,CUS-0186,2024-03-23,2024-05-07,2024-05-21,23533.15,23533.15,0.0,0,PAID,PAID,MAINTENANCE,NORTH
INV-02505,CUS-0363,2023-03-22,2023-05-06,2023-05-05,6019.06,6019.06,0.0,0,PAID,PAID,MAINTENANCE,NORTH
INV-02506,CUS-0305,2023-01-07,2023-02-21,,9499.02,0.0,9499.02,404,90+,OVERDUE,HARDWARE,SOUTH
INV-02507,CUS-0087,2023-10-19,2023-11-18,2023-11-15,2151.38,2151.38,0.0,0,PAID,PAID,HARDWARE,NORTH
INV-02508,CUS-0333,2022-04-30,2022-06-29,2022-06-26,10136.5,10136.5,0.0,0,PAID,PAID,HARDWARE,EAST
INV-02509,CUS-0380,2024-01-27,2024-03-12,2024-03-11,1090.13,1090.13,0.0,0,PAID,PAID,SOFTWARE,EAST
INV-02510,CUS-0001,2023-11-26,2024-01-25,2024-01-22,3669.06,3669.06,0.0,0,PAID,PAID,SOFTWARE,WEST
INV-02511,CUS-0181,2022-05-31,2022-07-15,2022-07-12,3853.78,3853.78,0.0,0,PAID,PAID,MAINTENANCE,SOUTH
INV-02512,CUS-0297,2024-02-06,2024-03-22,,11172.71,0.0,11172.71,9,CURRENT,OVERDUE,SERVICES,EAST
INV-02513,CUS-0149,2023-12-21,2024-02-04,2024-02-04,35204.4,35204.4,0.0,0,PAID,PAID,HARDWARE,SOUTH
INV-02514,CUS-0357,2024-01-30,2024-02-29,,3983.08,1202.82,2780.26,31,31-60,PARTIAL,MAINTENANCE,SOUTH
INV-02515,CUS-0132,2023-12-28,2024-02-11,2024-02-10,2043.94,2043.94,0.0,0,PAID,PAID,MAINTENANCE,SOUTH
INV-02516,CUS-0115,2023-11-04,2024-01-03,2024-01-02,15350.0,15350.0,0.0,0,PAID,PAID,SERVICES,NORTH
INV-02517,CUS-0071,2023-04-10,2023-05-25,2023-05-23,20557.73,20557.73,0.0,0,PAID,PAID,MAINTENANCE,NORTH
INV-02518,CUS-0466,2023-03-22,2023-05-21,2023-05-17,3575.57,3575.57,0.0,0,PAID,PAID,HARDWARE,EAST
INV-02519,CUS-0286,2022-11-11,2022-12-26,2023-01-25,7938.59,7938.59,0.0,0,PAID,PAID,HARDWARE,WEST
INV-02520,CUS-0075,2024-02-20,2024-04-20,2024-04-19,15173.48,15173.48,0.0,0,PAID,PAID,MAINTENANCE,WEST
INV-02521,CUS-0400,2023-01-03,2023-02-17,,8418.68,4737.26,3681.42,408,90+,PARTIAL,MAINTENANCE,NORTH
INV-02522,CUS-0387,2022-08-30,2022-09-29,,22446.85,9387.7,13059.15,549,90+,PARTIAL,SERVICES,WEST
INV-02523,CUS-0463,2024-03-14,2024-05-13,2024-06-01,12782.83,12782.83,0.0,0,PAID,PAID,SOFTWARE,SOUTH
INV-02524,CUS-0009,2023-07-14,2023-08-13,2023-08-23,15707.23,15707.23,0.0,0,PAID,PAID,HARDWARE,EAST
INV-02525,CUS-0108,2024-01-31,2024-03-16,,4793.04,0.0,4793.04,15,CURRENT,OVERDUE,SOFTWARE,NORTH
INV-02526,CUS-0148,2023-09-15,2023-11-14,2023-11-13,5186.55,5186.55,0.0,0,PAID,PAID,SERVICES,SOUTH
INV-02527,CUS-0305,2023-12-14,2024-01-28,2024-01-24,6407.35,6407.35,0.0,0,PAID,PAID,HARDWARE,WEST
INV-02528,CUS-0031,2023-02-11,2023-04-12,,16738.4,0.0,16738.4,354,90+,OVERDUE,MAINTENANCE,SOUTH
INV-02529,CUS-0206,2022-12-30,2023-02-13,2023-02-13,24051.37,24051.37,0.0,0,PAID,PAID,MAINTENANCE,WEST
INV-02530,CUS-0499,2023-03-26,2023-05-25,2023-05-24,2676.65,2676.65,0.0,0,PAID,PAID,SOFTWARE,EAST
INV-02531,CUS-0460,2022-08-14,2022-09-28,2022-09-27,45304.47,45304.47,0.0,0,PAID,PAID,SERVICES,EAST
INV-02532,CUS-0233,2022-11-30,2022-12-30,2023-01-16,2768.89,2768.89,0.0,0,PAID,PAID,SOFTWARE,NORTH
INV-02533,CUS-0028,2023-01-29,2023-03-15,,1482.6,976.89,505.71,382,90+,PARTIAL,MAINTENANCE,NORTH
INV-02534,CUS-0031,2023-02-20,2023-04-21,,53724.88,0.0,53724.88,345,90+,OVERDUE,MAINTENANCE,EAST
INV-02535,CUS-0364,2022-10-05,2022-12-04,2022-12-03,3329.71,3329.71,0.0,0,PAID,PAID,MAINTENANCE,EAST
INV-02536,CUS-0323,2023-10-05,2023-11-04,2023-11-02,4475.81,4475.81,0.0,0,PAID,PAID,HARDWARE,WEST
INV-02537,CUS-0389,2024-03-19,2024-04-18,2024-04-13,377.6,377.6,0.0,0,PAID,PAID,HARDWARE,SOUTH
INV-02538,CUS-0439,2024-01-25,2024-03-10,2024-03-07,5249.13,5249.13,0.0,0,PAID,PAID,HARDWARE,SOUTH
INV-02539,CUS-0271,2023-03-22,2023-04-21,2023-04-19,1672.89,1672.89,0.0,0,PAID,PAID,SERVICES,NORTH
INV-02540,CUS-0117,2022-06-26,2022-07-26,,1225.56,748.68,476.88,614,90+,PARTIAL,MAINTENANCE,SOUTH
INV-02541,CUS-0453,2024-03-30,2024-04-29,2024-04-27,1683.95,1683.95,0.0,0,PAID,PAID,SERVICES,NORTH
INV-02542,CUS-0035,2022-10-12,2022-11-26,,22515.47,0.0,22515.47,491,90+,OVERDUE,SOFTWARE,WEST
INV-02543,CUS-0230,2023-05-04,2023-06-18,2023-06-18,9475.01,9475.01,0.0,0,PAID,PAID,HARDWARE,WEST
INV-02544,CUS-0036,2022-08-09,2022-09-08,2022-09-21,13142.05,13142.05,0.0,0,PAID,PAID,HARDWARE,NORTH
INV-02545,CUS-0026,2023-05-18,2023-07-02,2023-06-29,3810.45,3810.45,0.0,0,PAID,PAID,SOFTWARE,NORTH
INV-02546,CUS-0234,2023-03-30,2023-04-29,2023-04-25,7893.01,7893.01,0.0,0,PAID,PAID,SERVICES,NORTH
INV-02547,CUS-0339,2022-09-23,2022-11-07,2022-11-20,17960.62,17960.62,0.0,0,PAID,PAID,HARDWARE,EAST
INV-02548,CUS-0005,2022-08-15,2022-10-14,2022-10-10,1301.53,1301.53,0.0,0,PAID,PAID,HARDWARE,EAST
INV-02549,CUS-0202,2023-12-09,2024-01-23,2024-01-22,8022.57,8022.57,0.0,0,PAID,PAID,SOFTWARE,WEST
INV-02550,CUS-0202,2023-10-08,2023-11-22,2023-11-24,1100.57,1100.57,0.0,0,PAID,PAID,SERVICES,SOUTH
INV-02551,CUS-0090,2022-04-12,2022-05-27,2022-05-24,14627.46,14627.46,0.0,0,PAID,PAID,MAINTENANCE,WEST
INV-02552,CUS-0416,2022-12-23,2023-01-22,2023-01-22,1154.51,1154.51,0.0,0,PAID,PAID,MAINTENANCE,SOUTH
INV-02553,CUS-0490,2023-10-28,2023-12-12,2023-12-09,2626.39,2626.39,0.0,0,PAID,PAID,SOFTWARE,SOUTH
INV-02554,CUS-0413,2024-03-28,2024-05-12,2024-05-12,21633.55,21633.55,0.0,0,PAID,PAID,MAINTENANCE,WEST
INV-02555,CUS-0416,2024-01-15,2024-02-14,2024-02-20,242.36,242.36,0.0,0,PAID,PAID,HARDWARE,EAST
INV-02556,CUS-0099,2024-01-27,2024-03-12,2024-03-29,3018.3,3018.3,0.0,0,PAID,PAID,SERVICES,NORTH
INV-02557,CUS-0322,2023-08-15,2023-09-29,2023-09-26,20466.06,20466.06,0.0,0,PAID,PAID,SOFTWARE,NORTH
INV-02558,CUS-0281,2023-09-24,2023-11-23,,8818.07,0.0,8818.07,129,90+,OVERDUE,SERVICES,EAST
INV-02559,CUS-0184,2022-07-09,2022-08-23,2022-08-29,53463.23,53463.23,0.0,0,PAID,PAID,SOFTWARE,EAST
INV-02560,CUS-0402,2022-09-04,2022-10-04,2022-09-30,978.38,978.38,0.0,0,PAID,PAID,HARDWARE,WEST
INV-02561,CUS-0161,2023-03-05,2023-05-04,2023-05-03,6100.52,6100.52,0.0,0,PAID,PAID,HARDWARE,NORTH
INV-02562,CUS-0427,2024-03-20,2024-05-19,2024-05-19,1137.84,1137.84,0.0,0,PAID,PAID,SOFTWARE,WEST
INV-02563,CUS-0324,2023-04-02,2023-05-17,,29847.43,20648.98,9198.45,319,90+,PARTIAL,SERVICES,SOUTH
INV-02564,CUS-0148,2024-03-13,2024-05-12,2024-05-08,45319.56,45319.56,0.0,0,PAID,PAID,SERVICES,WEST
INV-02565,CUS-0159,2023-05-12,2023-06-11,2023-06-08,1502.52,1502.52,0.0,0,PAID,PAID,HARDWARE,EAST
INV-02566,CUS-0028,2023-10-16,2023-11-30,2023-11-30,4829.86,4829.86,0.0,0,PAID,PAID,SOFTWARE,EAST
INV-02567,CUS-0216,2023-11-20,2024-01-19,2024-01-16,1942.61,1942.61,0.0,0,PAID,PAID,SERVICES,NORTH
INV-02568,CUS-0191,2023-05-09,2023-06-08,2023-06-06,126355.35,126355.35,0.0,0,PAID,PAID,HARDWARE,SOUTH
INV-02569,CUS-0467,2022-07-11,2022-08-25,2022-08-23,303.48,303.48,0.0,0,PAID,PAID,HARDWARE,WEST
INV-02570,CUS-0042,2022-10-17,2022-12-16,2022-12-15,51770.63,51770.63,0.0,0,PAID,PAID,MAINTENANCE,WEST
INV-02571,CUS-0151,2022-11-07,2022-12-07,2022-12-10,4377.68,4377.68,0.0,0,PAID,PAID,HARDWARE,SOUTH
INV-02572,CUS-0222,2024-02-01,2024-04-01,,5486.18,3608.3,1877.88,0,CURRENT,PARTIAL,SOFTWARE,NORTH
INV-02573,CUS-0151,2022-08-21,2022-09-20,2022-09-18,3390.85,3390.85,0.0,0,PAID,PAID,MAINTENANCE,SOUTH
INV-02574,CUS-0016,2023-12-06,2024-02-04,2024-02-01,3059.11,3059.11,0.0,0,PAID,PAID,MAINTENANCE,SOUTH
INV-02575,CUS-0025,2022-05-25,2022-06-24,2022-07-02,7679.89,7679.89,0.0,0,PAID,PAID,SOFTWARE,NORTH
INV-02576,CUS-0029,2022-05-28,2022-07-12,2022-07-10,5519.65,5519.65,0.0,0,PAID,PAID,MAINTENANCE,NORTH
INV-02577,CUS-0205,2023-01-01,2023-02-15,2023-02-12,1435.13,1435.13,0.0,0,PAID,PAID,HARDWARE,WEST
INV-02578,CUS-0472,2022-08-15,2022-09-14,2022-09-14,4900.5,4900.5,0.0,0,PAID,PAID,MAINTENANCE,WEST
INV-02579,CUS-0098,2022-10-13,2022-11-12,2022-11-09,1376.77,1376.77,0.0,0,PAID,PAID,SOFTWARE,WEST
INV-02580,CUS-0196,2022-07-02,2022-08-16,,942.55,288.59,653.96,593,90+,PARTIAL,HARDWARE,WEST
INV-02581,CUS-0009,2023-12-03,2024-01-02,2024-01-02,14126.71,14126.71,0.0,0,PAID,PAID,SOFTWARE,SOUTH
INV-02582,CUS-0341,2023-12-26,2024-01-25,2024-01-23,7125.33,7125.33,0.0,0,PAID,PAID,SOFTWARE,NORTH
INV-02583,CUS-0069,2022-08-25,2022-10-24,2022-10-19,1209.25,1209.25,0.0,0,PAID,PAID,SERVICES,NORTH
INV-02584,CUS-0221,2023-10-21,2023-12-20,2023-12-17,22203.95,22203.95,0.0,0,PAID,PAID,HARDWARE,EAST
INV-02585,CUS-0011,2022-05-24,2022-07-23,2022-07-18,5190.59,5190.59,0.0,0,PAID,PAID,HARDWARE,SOUTH
INV-02586,CUS-0443,2023-06-30,2023-08-14,,498.11,0.0,498.11,230,90+,OVERDUE,SOFTWARE,EAST
INV-02587,CUS-0382,2022-07-30,2022-09-28,2022-09-25,3896.53,3896.53,0.0,0,PAID,PAID,HARDWARE,EAST
INV-02588,CUS-0143,2023-08-29,2023-10-13,2023-10-09,706.99,706.99,0.0,0,PAID,PAID,SERVICES,NORTH
INV-02589,CUS-0139,2023-03-30,2023-05-14,2023-05-14,4134.52,4134.52,0.0,0,PAID,PAID,SERVICES,NORTH
INV-02590,CUS-0140,2022-09-20,2022-10-20,2022-10-16,102440.89,102440.89,0.0,0,PAID,PAID,MAINTENANCE,EAST
INV-02591,CUS-0148,2023-06-12,2023-08-11,2023-08-21,23550.25,23550.25,0.0,0,PAID,PAID,SERVICES,NORTH
INV-02592,CUS-0160,2023-08-01,2023-09-15,2023-09-12,1884.77,1884.77,0.0,0,PAID,PAID,MAINTENANCE,NORTH
INV-02593,CUS-0045,2023-10-16,2023-12-15,2023-12-14,4631.04,4631.04,0.0,0,PAID,PAID,SOFTWARE,WEST
INV-02594,CUS-0420,2022-04-10,2022-05-25,2022-05-24,5304.61,5304.61,0.0,0,PAID,PAID,SOFTWARE,NORTH
INV-02595,CUS-0415,2023-09-06,2023-10-06,2023-10-06,19333.67,19333.67,0.0,0,PAID,PAID,HARDWARE,WEST
INV-02596,CUS-0003,2022-06-28,2022-08-12,2022-08-28,3558.09,3558.09,0.0,0,PAID,PAID,MAINTENANCE,SOUTH
INV-02597,CUS-0418,2023-09-24,2023-10-24,2023-10-19,96392.95,96392.95,0.0,0,PAID,PAID,SOFTWARE,SOUTH
INV-02598,CUS-0125,2023-05-01,2023-06-15,2023-06-14,811.21,811.21,0.0,0,PAID,PAID,MAINTENANCE,NORTH
INV-02599,CUS-0354,2024-03-30,2024-04-29,2024-04-30,9823.68,9823.68,0.0,0,PAID,PAID,MAINTENANCE,SOUTH
INV-02600,CUS-0331,2023-05-21,2023-07-20,2023-07-15,2771.26,2771.26,0.0,0,PAID,PAID,SERVICES,NORTH
INV-02601,CUS-0318,2023-05-19,2023-07-18,2023-07-15,5589.78,5589.78,0.0,0,PAID,PAID,MAINTENANCE,EAST
INV-02602,CUS-0163,2022-08-03,2022-10-02,2022-10-02,3621.16,3621.16,0.0,0,PAID,PAID,HARDWARE,SOUTH
INV-02603,CUS-0378,2022-08-16,2022-09-15,,29588.96,10958.65,18630.31,563,90+,PARTIAL,SERVICES,EAST
INV-02604,CUS-0291,2023-10-14,2023-12-13,2023-12-12,53019.35,53019.35,0.0,0,PAID,PAID,MAINTENANCE,WEST
INV-02605,CUS-0472,2022-12-03,2023-01-02,2022-12-31,776.72,776.72,0.0,0,PAID,PAID,SERVICES,SOUTH
INV-02606,CUS-0117,2022-04-17,2022-05-17,2022-05-22,2243.63,2243.63,0.0,0,PAID,PAID,SERVICES,WEST
INV-02607,CUS-0365,2024-02-26,2024-04-11,,104037.71,0.0,104037.71,0,CURRENT,OVERDUE,SOFTWARE,NORTH
INV-02608,CUS-0187,2024-02-01,2024-03-02,2024-03-01,2816.7,2816.7,0.0,0,PAID,PAID,SERVICES,NORTH
INV-02609,CUS-0482,2022-08-27,2022-10-26,2022-10-24,223.87,223.87,0.0,0,PAID,PAID,MAINTENANCE,SOUTH
INV-02610,CUS-0241,2022-07-17,2022-09-15,2022-09-11,1070.92,1070.92,0.0,0,PAID,PAID,SOFTWARE,WEST
INV-02611,CUS-0135,2023-10-29,2023-11-28,2023-12-06,27593.45,27593.45,0.0,0,PAID,PAID,SERVICES,EAST
INV-02612,CUS-0386,2024-01-30,2024-03-30,2024-03-26,784.92,784.92,0.0,0,PAID,PAID,HARDWARE,WEST
INV-02613,CUS-0219,2023-02-19,2023-04-20,2023-05-11,1563.55,1563.55,0.0,0,PAID,PAID,MAINTENANCE,EAST
INV-02614,CUS-0236,2023-01-26,2023-03-27,2023-04-14,64084.69,64084.69,0.0,0,PAID,PAID,SERVICES,NORTH
INV-02615,CUS-0098,2024-03-24,2024-04-23,2024-04-18,981.15,981.15,0.0,0,PAID,PAID,SERVICES,EAST
INV-02616,CUS-0154,2023-03-24,2023-05-23,2023-05-21,2467.31,2467.31,0.0,0,PAID,PAID,HARDWARE,NORTH
INV-02617,CUS-0321,2022-06-16,2022-07-16,,4427.89,0.0,4427.89,624,90+,OVERDUE,MAINTENANCE,SOUTH
INV-02618,CUS-0459,2022-09-05,2022-10-05,2022-10-01,3502.78,3502.78,0.0,0,PAID,PAID,SERVICES,SOUTH
INV-02619,CUS-0176,2024-02-23,2024-04-08,2024-04-08,12635.4,12635.4,0.0,0,PAID,PAID,SERVICES,SOUTH
INV-02620,CUS-0120,2023-12-29,2024-02-12,2024-02-10,6510.48,6510.48,0.0,0,PAID,PAID,SERVICES,WEST
INV-02621,CUS-0451,2023-04-20,2023-06-04,2023-06-02,11600.21,11600.21,0.0,0,PAID,PAID,SOFTWARE,NORTH
INV-02622,CUS-0167,2023-09-10,2023-10-10,2023-10-08,696.35,696.35,0.0,0,PAID,PAID,SOFTWARE,WEST
INV-02623,CUS-0101,2022-10-11,2022-11-10,2022-11-06,516.1,516.1,0.0,0,PAID,PAID,HARDWARE,SOUTH
INV-02624,CUS-0180,2022-04-09,2022-05-09,2022-05-07,2148.78,2148.78,0.0,0,PAID,PAID,HARDWARE,NORTH
INV-02625,CUS-0063,2023-12-14,2024-01-28,,7956.7,2863.41,5093.29,63,61-90,PARTIAL,HARDWARE,EAST
INV-02626,CUS-0151,2023-10-19,2023-11-18,,12565.47,7752.67,4812.8,134,90+,PARTIAL,HARDWARE,EAST
INV-02627,CUS-0162,2023-01-05,2023-02-04,2023-02-01,7081.13,7081.13,0.0,0,PAID,PAID,HARDWARE,WEST
INV-02628,CUS-0050,2023-02-08,2023-03-25,2023-03-24,31475.5,31475.5,0.0,0,PAID,PAID,MAINTENANCE,NORTH
INV-02629,CUS-0160,2024-03-27,2024-05-11,2024-05-10,9037.39,9037.39,0.0,0,PAID,PAID,SERVICES,WEST
INV-02630,CUS-0175,2023-10-23,2023-12-22,2024-01-21,5703.19,5703.19,0.0,0,PAID,PAID,SERVICES,WEST
INV-02631,CUS-0029,2023-10-04,2023-11-18,2023-11-16,10854.07,10854.07,0.0,0,PAID,PAID,MAINTENANCE,WEST
INV-02632,CUS-0339,2022-05-13,2022-06-27,2022-06-26,33316.4,33316.4,0.0,0,PAID,PAID,SOFTWARE,WEST
INV-02633,CUS-0078,2022-11-11,2022-12-26,2022-12-21,3788.49,3788.49,0.0,0,PAID,PAID,SERVICES,EAST
INV-02634,CUS-0304,2023-08-03,2023-09-02,,9275.35,5738.11,3537.24,211,90+,PARTIAL,SERVICES,EAST
INV-02635,CUS-0018,2022-09-21,2022-10-21,2022-10-20,2260.97,2260.97,0.0,0,PAID,PAID,SERVICES,NORTH
INV-02636,CUS-0450,2023-09-24,2023-11-23,2023-11-20,36963.53,36963.53,0.0,0,PAID,PAID,SERVICES,NORTH
INV-02637,CUS-0029,2023-12-16,2024-01-30,2024-01-31,10049.24,10049.24,0.0,0,PAID,PAID,HARDWARE,NORTH
INV-02638,CUS-0112,2023-03-30,2023-05-29,2023-05-27,2105.85,2105.85,0.0,0,PAID,PAID,SOFTWARE,SOUTH
INV-02639,CUS-0176,2023-11-10,2023-12-25,,20334.87,7167.05,13167.82,97,90+,PARTIAL,HARDWARE,EAST
INV-02640,CUS-0046,2022-11-18,2022-12-18,2022-12-21,808.97,808.97,0.0,0,PAID,PAID,SOFTWARE,NORTH
INV-02641,CUS-0175,2022-12-04,2023-02-02,2023-02-02,17470.63,17470.63,0.0,0,PAID,PAID,SOFTWARE,WEST
INV-02642,CUS-0266,2024-01-25,2024-02-24,2024-02-22,20805.2,20805.2,0.0,0,PAID,PAID,SERVICES,EAST
INV-02643,CUS-0180,2023-03-24,2023-04-23,2023-04-19,4738.8,4738.8,0.0,0,PAID,PAID,MAINTENANCE,SOUTH
INV-02644,CUS-0212,2022-05-09,2022-07-08,,2835.08,1633.42,1201.66,632,90+,PARTIAL,SOFTWARE,WEST
INV-02645,CUS-0320,2023-03-27,2023-05-26,2023-05-21,348.4,348.4,0.0,0,PAID,PAID,MAINTENANCE,EAST
INV-02646,CUS-0399,2024-03-10,2024-05-09,2024-05-09,14138.57,14138.57,0.0,0,PAID,PAID,SOFTWARE,EAST
INV-02647,CUS-0096,2022-06-24,2022-07-24,2022-08-03,55190.34,55190.34,0.0,0,PAID,PAID,SOFTWARE,NORTH
INV-02648,CUS-0078,2024-03-07,2024-04-21,2024-04-20,4925.43,4925.43,0.0,0,PAID,PAID,HARDWARE,SOUTH
INV-02649,CUS-0475,2024-01-17,2024-03-02,2024-03-01,8355.31,8355.31,0.0,0,PAID,PAID,SOFTWARE,SOUTH
INV-02650,CUS-0324,2023-01-27,2023-03-13,2023-04-02,46944.57,46944.57,0.0,0,PAID,PAID,HARDWARE,NORTH
INV-02651,CUS-0099,2022-07-20,2022-09-03,,20975.73,13722.17,7253.56,575,90+,PARTIAL,SOFTWARE,WEST
INV-02652,CUS-0410,2022-07-27,2022-09-10,2022-09-09,18617.24,18617.24,0.0,0,PAID,PAID,SOFTWARE,WEST
INV-02653,CUS-0498,2023-03-27,2023-05-26,2023-05-25,1550.28,1550.28,0.0,0,PAID,PAID,MAINTENANCE,WEST
INV-02654,CUS-0223,2022-09-07,2022-11-06,2022-11-12,19926.28,19926.28,0.0,0,PAID,PAID,SOFTWARE,EAST
INV-02655,CUS-0248,2022-04-18,2022-05-18,2022-05-16,105295.59,105295.59,0.0,0,PAID,PAID,SERVICES,EAST
INV-02656,CUS-0183,2023-08-02,2023-09-01,2023-08-31,7003.12,7003.12,0.0,0,PAID,PAID,HARDWARE,EAST
INV-02657,CUS-0067,2024-01-30,2024-03-30,,14840.66,7485.2,7355.46,1,CURRENT,PARTIAL,MAINTENANCE,WEST
INV-02658,CUS-0097,2024-02-04,2024-04-04,2024-04-22,16277.77,16277.77,0.0,0,PAID,PAID,SOFTWARE,NORTH
INV-02659,CUS-0231,2024-02-17,2024-03-18,2024-03-17,6435.61,6435.61,0.0,0,PAID,PAID,MAINTENANCE,NORTH
INV-02660,CUS-0336,2023-10-22,2023-12-06,2023-12-03,3593.22,3593.22,0.0,0,PAID,PAID,SOFTWARE,SOUTH
INV-02661,CUS-0196,2022-06-11,2022-07-26,2022-08-19,1906.09,1906.09,0.0,0,PAID,PAID,SOFTWARE,SOUTH
INV-02662,CUS-0372,2022-06-14,2022-07-14,2022-07-13,293.39,293.39,0.0,0,PAID,PAID,SOFTWARE,SOUTH
INV-02663,CUS-0244,2024-02-10,2024-03-26,,4929.35,3362.49,1566.86,5,CURRENT,PARTIAL,MAINTENANCE,EAST
INV-02664,CUS-0373,2023-11-06,2023-12-21,2024-01-09,16806.9,16806.9,0.0,0,PAID,PAID,HARDWARE,EAST
INV-02665,CUS-0028,2024-03-23,2024-05-07,2024-05-12,3207.86,3207.86,0.0,0,PAID,PAID,SOFTWARE,SOUTH
INV-02666,CUS-0119,2022-05-18,2022-06-17,2022-06-12,845.87,845.87,0.0,0,PAID,PAID,SOFTWARE,SOUTH
INV-02667,CUS-0293,2023-07-08,2023-08-22,2023-08-20,704.29,704.29,0.0,0,PAID,PAID,SERVICES,WEST
INV-02668,CUS-0459,2024-03-24,2024-04-23,2024-04-18,1920.0,1920.0,0.0,0,PAID,PAID,MAINTENANCE,WEST
INV-02669,CUS-0009,2022-11-19,2022-12-19,2022-12-16,26592.63,26592.63,0.0,0,PAID,PAID,SERVICES,SOUTH
INV-02670,CUS-0262,2022-05-26,2022-07-25,2022-07-23,213.07,213.07,0.0,0,PAID,PAID,SERVICES,WEST
INV-02671,CUS-0469,2023-11-15,2023-12-30,2023-12-27,2754.71,2754.71,0.0,0,PAID,PAID,MAINTENANCE,NORTH
INV-02672,CUS-0223,2023-04-18,2023-06-17,2023-07-02,21557.85,21557.85,0.0,0,PAID,PAID,HARDWARE,SOUTH
INV-02673,CUS-0210,2022-06-01,2022-07-31,2022-07-26,17554.33,17554.33,0.0,0,PAID,PAID,MAINTENANCE,WEST
INV-02674,CUS-0288,2022-05-09,2022-07-08,2022-07-03,1641.97,1641.97,0.0,0,PAID,PAID,SERVICES,SOUTH
INV-02675,CUS-0229,2022-07-16,2022-08-15,2022-08-15,12647.45,12647.45,0.0,0,PAID,PAID,HARDWARE,SOUTH
INV-02676,CUS-0131,2023-08-23,2023-09-22,2023-09-17,1500.85,1500.85,0.0,0,PAID,PAID,HARDWARE,SOUTH
INV-02677,CUS-0181,2022-07-25,2022-09-08,2022-09-08,9965.77,9965.77,0.0,0,PAID,PAID,SERVICES,WEST
INV-02678,CUS-0337,2023-05-21,2023-07-20,2023-07-16,108915.18,108915.18,0.0,0,PAID,PAID,MAINTENANCE,EAST
INV-02679,CUS-0384,2022-12-30,2023-02-13,2023-02-08,2768.78,2768.78,0.0,0,PAID,PAID,SERVICES,EAST
INV-02680,CUS-0387,2022-07-27,2022-08-26,2022-08-22,17214.64,17214.64,0.0,0,PAID,PAID,MAINTENANCE,NORTH
INV-02681,CUS-0329,2023-07-26,2023-09-24,2023-09-22,12000.11,12000.11,0.0,0,PAID,PAID,SERVICES,SOUTH
INV-02682,CUS-0020,2023-09-01,2023-10-31,2023-11-27,14414.49,14414.49,0.0,0,PAID,PAID,SERVICES,NORTH
INV-02683,CUS-0216,2024-02-01,2024-04-01,2024-03-31,45168.63,45168.63,0.0,0,PAID,PAID,SOFTWARE,NORTH
INV-02684,CUS-0076,2022-07-17,2022-09-15,2022-09-10,21529.6,21529.6,0.0,0,PAID,PAID,SOFTWARE,EAST
INV-02685,CUS-0346,2023-03-07,2023-05-06,2023-05-05,1064.13,1064.13,0.0,0,PAID,PAID,MAINTENANCE,EAST
INV-02686,CUS-0331,2023-06-02,2023-08-01,2023-07-31,1454.57,1454.57,0.0,0,PAID,PAID,HARDWARE,WEST
INV-02687,CUS-0324,2023-07-07,2023-08-21,2023-08-16,81062.19,81062.19,0.0,0,PAID,PAID,MAINTENANCE,NORTH
INV-02688,CUS-0143,2022-11-04,2022-12-19,2022-12-19,2925.95,2925.95,0.0,0,PAID,PAID,SOFTWARE,SOUTH
INV-02689,CUS-0354,2023-07-29,2023-08-28,2023-08-28,3079.47,3079.47,0.0,0,PAID,PAID,MAINTENANCE,WEST
INV-02690,CUS-0138,2022-04-09,2022-05-24,2022-05-23,7599.59,7599.59,0.0,0,PAID,PAID,HARDWARE,NORTH
INV-02691,CUS-0044,2023-10-14,2023-11-13,2023-11-10,2147.95,2147.95,0.0,0,PAID,PAID,MAINTENANCE,NORTH
INV-02692,CUS-0076,2023-05-04,2023-07-03,2023-07-05,4854.65,4854.65,0.0,0,PAID,PAID,HARDWARE,NORTH
INV-02693,CUS-0374,2022-07-29,2022-09-27,2022-09-25,44335.35,44335.35,0.0,0,PAID,PAID,MAINTENANCE,SOUTH
INV-02694,CUS-0340,2023-03-15,2023-05-14,,6875.72,0.0,6875.72,322,90+,OVERDUE,SOFTWARE,NORTH
INV-02695,CUS-0132,2023-07-21,2023-09-04,2023-09-03,1360.64,1360.64,0.0,0,PAID,PAID,MAINTENANCE,WEST
INV-02696,CUS-0008,2022-09-19,2022-11-18,2022-11-18,18781.36,18781.36,0.0,0,PAID,PAID,SOFTWARE,WEST
INV-02697,CUS-0165,2022-04-29,2022-05-29,2022-05-29,10042.84,10042.84,0.0,0,PAID,PAID,SOFTWARE,EAST
INV-02698,CUS-0126,2023-11-18,2024-01-17,2024-01-15,375.14,375.14,0.0,0,PAID,PAID,HARDWARE,WEST
INV-02699,CUS-0443,2023-08-19,2023-10-03,2023-10-31,1959.72,1959.72,0.0,0,PAID,PAID,HARDWARE,EAST
INV-02700,CUS-0187,2022-06-21,2022-07-21,2022-07-19,15083.05,15083.05,0.0,0,PAID,PAID,MAINTENANCE,SOUTH
INV-02701,CUS-0168,2024-03-07,2024-05-06,2024-05-02,6350.48,6350.48,0.0,0,PAID,PAID,SOFTWARE,EAST
INV-02702,CUS-0326,2023-07-13,2023-09-11,2023-10-08,2869.31,2869.31,0.0,0,PAID,PAID,HARDWARE,NORTH
INV-02703,CUS-0005,2022-05-25,2022-07-24,2022-07-20,5139.51,5139.51,0.0,0,PAID,PAID,SERVICES,SOUTH
INV-02704,CUS-0234,2022-05-06,2022-06-05,2022-06-05,12478.57,12478.57,0.0,0,PAID,PAID,SOFTWARE,WEST
INV-02705,CUS-0142,2022-10-24,2022-11-23,2022-11-22,20805.99,20805.99,0.0,0,PAID,PAID,MAINTENANCE,EAST
INV-02706,CUS-0486,2023-09-19,2023-11-03,2023-10-31,3497.06,3497.06,0.0,0,PAID,PAID,SERVICES,SOUTH
INV-02707,CUS-0046,2024-02-01,2024-03-02,2024-02-29,1130.36,1130.36,0.0,0,PAID,PAID,HARDWARE,SOUTH
INV-02708,CUS-0126,2023-08-23,2023-10-22,2023-10-19,2580.51,2580.51,0.0,0,PAID,PAID,HARDWARE,WEST
INV-02709,CUS-0203,2022-08-08,2022-10-07,2022-10-06,2189.34,2189.34,0.0,0,PAID,PAID,MAINTENANCE,SOUTH
INV-02710,CUS-0385,2022-10-04,2022-11-03,2022-11-02,3960.21,3960.21,0.0,0,PAID,PAID,HARDWARE,WEST
INV-02711,CUS-0149,2023-07-27,2023-09-10,2023-09-06,8405.71,8405.71,0.0,0,PAID,PAID,HARDWARE,WEST
INV-02712,CUS-0364,2023-04-24,2023-06-23,2023-06-21,3298.67,3298.67,0.0,0,PAID,PAID,HARDWARE,EAST
INV-02713,CUS-0286,2023-06-19,2023-08-03,2023-08-02,9457.26,9457.26,0.0,0,PAID,PAID,HARDWARE,SOUTH
INV-02714,CUS-0037,2023-01-29,2023-02-28,2023-02-28,1617.2,1617.2,0.0,0,PAID,PAID,HARDWARE,NORTH
INV-02715,CUS-0403,2023-01-17,2023-03-03,2023-03-16,16828.89,16828.89,0.0,0,PAID,PAID,MAINTENANCE,WEST
INV-02716,CUS-0120,2022-06-11,2022-07-26,2022-07-24,5244.96,5244.96,0.0,0,PAID,PAID,HARDWARE,EAST
INV-02717,CUS-0429,2023-07-25,2023-08-24,2023-08-22,160902.07,160902.07,0.0,0,PAID,PAID,SERVICES,EAST
INV-02718,CUS-0082,2023-03-31,2023-05-15,2023-05-14,867.37,867.37,0.0,0,PAID,PAID,SERVICES,WEST
INV-02719,CUS-0225,2022-11-26,2023-01-10,2023-01-08,1447.69,1447.69,0.0,0,PAID,PAID,MAINTENANCE,WEST
INV-02720,CUS-0345,2023-07-04,2023-09-02,2023-08-29,16610.73,16610.73,0.0,0,PAID,PAID,HARDWARE,NORTH
INV-02721,CUS-0013,2024-03-27,2024-04-26,2024-04-26,22755.21,22755.21,0.0,0,PAID,PAID,MAINTENANCE,SOUTH
INV-02722,CUS-0215,2022-09-28,2022-10-28,2022-10-26,1929.07,1929.07,0.0,0,PAID,PAID,HARDWARE,WEST
INV-02723,CUS-0216,2023-03-05,2023-05-04,2023-05-04,20367.4,20367.4,0.0,0,PAID,PAID,HARDWARE,NORTH
INV-02724,CUS-0415,2023-11-05,2023-12-05,2023-12-04,36266.46,36266.46,0.0,0,PAID,PAID,HARDWARE,NORTH
INV-02725,CUS-0360,2022-11-27,2023-01-11,2023-01-08,4509.58,4509.58,0.0,0,PAID,PAID,HARDWARE,SOUTH
INV-02726,CUS-0301,2023-04-03,2023-05-18,2023-05-18,66881.77,66881.77,0.0,0,PAID,PAID,SOFTWARE,NORTH
INV-02727,CUS-0443,2023-07-27,2023-09-10,2023-09-08,466.51,466.51,0.0,0,PAID,PAID,HARDWARE,NORTH
INV-02728,CUS-0168,2023-05-11,2023-07-10,2023-07-06,2207.16,2207.16,0.0,0,PAID,PAID,SERVICES,WEST
INV-02729,CUS-0114,2022-09-02,2022-10-17,2022-10-14,2108.16,2108.16,0.0,0,PAID,PAID,SOFTWARE,NORTH
INV-02730,CUS-0125,2023-07-22,2023-09-05,2023-09-01,299.48,299.48,0.0,0,PAID,PAID,MAINTENANCE,SOUTH
INV-02731,CUS-0378,2022-05-06,2022-06-05,2022-06-01,37905.57,37905.57,0.0,0,PAID,PAID,SERVICES,WEST
INV-02732,CUS-0020,2023-09-19,2023-11-18,2023-12-08,874.97,874.97,0.0,0,PAID,PAID,SERVICES,WEST
INV-02733,CUS-0013,2022-11-23,2022-12-23,2022-12-19,18568.31,18568.31,0.0,0,PAID,PAID,HARDWARE,EAST
INV-02734,CUS-0190,2024-03-11,2024-04-25,,979.25,0.0,979.25,0,CURRENT,OVERDUE,SOFTWARE,WEST
INV-02735,CUS-0491,2024-01-14,2024-02-28,2024-02-25,7200.69,7200.69,0.0,0,PAID,PAID,SERVICES,WEST
INV-02736,CUS-0231,2023-10-07,2023-11-06,2023-11-05,10319.55,10319.55,0.0,0,PAID,PAID,HARDWARE,EAST
INV-02737,CUS-0193,2022-10-25,2022-12-09,2023-01-05,586.92,586.92,0.0,0,PAID,PAID,SOFTWARE,WEST
INV-02738,CUS-0353,2023-07-29,2023-08-28,2023-08-26,5774.29,5774.29,0.0,0,PAID,PAID,MAINTENANCE,WEST
INV-02739,CUS-0376,2022-12-19,2023-02-02,2023-01-31,2363.04,2363.04,0.0,0,PAID,PAID,HARDWARE,NORTH
INV-02740,CUS-0174,2023-09-16,2023-11-15,2023-11-11,14763.38,14763.38,0.0,0,PAID,PAID,MAINTENANCE,WEST
INV-02741,CUS-0049,2022-04-01,2022-05-16,,575.5,0.0,575.5,685,90+,OVERDUE,HARDWARE,NORTH
INV-02742,CUS-0428,2023-03-31,2023-05-15,2023-05-13,2448.03,2448.03,0.0,0,PAID,PAID,SOFTWARE,NORTH
INV-02743,CUS-0303,2023-04-09,2023-05-09,,2405.05,1024.6,1380.45,327,90+,PARTIAL,HARDWARE,EAST
INV-02744,CUS-0380,2023-10-15,2023-11-29,2023-11-29,979.5,979.5,0.0,0,PAID,PAID,SERVICES,NORTH
INV-02745,CUS-0278,2022-06-10,2022-07-25,,3213.27,1732.51,1480.76,615,90+,PARTIAL,MAINTENANCE,WEST
INV-02746,CUS-0023,2023-02-13,2023-04-14,2023-04-10,5880.98,5880.98,0.0,0,PAID,PAID,MAINTENANCE,SOUTH
INV-02747,CUS-0472,2023-09-18,2023-10-18,2023-10-14,708.61,708.61,0.0,0,PAID,PAID,MAINTENANCE,NORTH
INV-02748,CUS-0315,2023-12-21,2024-02-19,2024-02-15,3150.11,3150.11,0.0,0,PAID,PAID,SERVICES,NORTH
INV-02749,CUS-0284,2022-12-06,2023-01-20,2023-01-24,2596.31,2596.31,0.0,0,PAID,PAID,SOFTWARE,SOUTH
INV-02750,CUS-0346,2023-06-19,2023-08-18,2023-08-18,2121.59,2121.59,0.0,0,PAID,PAID,MAINTENANCE,WEST
INV-02751,CUS-0232,2022-07-27,2022-08-26,2022-08-25,598.44,598.44,0.0,0,PAID,PAID,SERVICES,WEST
INV-02752,CUS-0169,2022-07-30,2022-08-29,2022-08-24,239.41,239.41,0.0,0,PAID,PAID,SERVICES,NORTH
INV-02753,CUS-0164,2023-04-07,2023-05-07,2023-05-07,4874.06,4874.06,0.0,0,PAID,PAID,SERVICES,SOUTH
INV-02754,CUS-0437,2023-08-18,2023-10-17,2023-10-12,4039.77,4039.77,0.0,0,PAID,PAID,SOFTWARE,NORTH
INV-02755,CUS-0355,2023-12-08,2024-01-07,2024-01-03,456.84,456.84,0.0,0,PAID,PAID,MAINTENANCE,SOUTH
INV-02756,CUS-0390,2023-11-10,2023-12-10,2023-12-10,406.2,406.2,0.0,0,PAID,PAID,SOFTWARE,NORTH
INV-02757,CUS-0062,2024-02-26,2024-04-11,2024-04-07,615.04,615.04,0.0,0,PAID,PAID,HARDWARE,SOUTH
INV-02758,CUS-0262,2023-07-27,2023-09-25,2023-09-21,3024.83,3024.83,0.0,0,PAID,PAID,MAINTENANCE,SOUTH
INV-02759,CUS-0087,2022-05-26,2022-06-25,2022-06-22,451.63,451.63,0.0,0,PAID,PAID,HARDWARE,EAST
INV-02760,CUS-0138,2023-02-18,2023-04-04,2023-04-04,88752.15,88752.15,0.0,0,PAID,PAID,MAINTENANCE,EAST
INV-02761,CUS-0376,2022-04-29,2022-06-13,2022-06-12,1361.63,1361.63,0.0,0,PAID,PAID,HARDWARE,WEST
INV-02762,CUS-0298,2022-06-17,2022-07-17,2022-07-12,7905.6,7905.6,0.0,0,PAID,PAID,SOFTWARE,WEST
INV-02763,CUS-0366,2023-02-28,2023-03-30,2023-03-30,1888.55,1888.55,0.0,0,PAID,PAID,SOFTWARE,NORTH
INV-02764,CUS-0277,2023-07-09,2023-09-07,2023-09-07,9119.62,9119.62,0.0,0,PAID,PAID,MAINTENANCE,WEST
INV-02765,CUS-0396,2023-05-29,2023-07-13,2023-07-13,2579.29,2579.29,0.0,0,PAID,PAID,SOFTWARE,SOUTH
INV-02766,CUS-0295,2023-05-17,2023-07-01,2023-06-29,20284.96,20284.96,0.0,0,PAID,PAID,MAINTENANCE,NORTH
INV-02767,CUS-0243,2023-05-01,2023-06-15,,4593.29,0.0,4593.29,290,90+,OVERDUE,MAINTENANCE,EAST
INV-02768,CUS-0092,2024-01-15,2024-02-14,2024-02-10,13758.73,13758.73,0.0,0,PAID,PAID,MAINTENANCE,SOUTH
INV-02769,CUS-0264,2023-10-08,2023-11-07,2023-11-20,5298.8,5298.8,0.0,0,PAID,PAID,MAINTENANCE,NORTH
INV-02770,CUS-0087,2023-11-27,2023-12-27,2023-12-25,1414.41,1414.41,0.0,0,PAID,PAID,SOFTWARE,NORTH
INV-02771,CUS-0260,2024-02-01,2024-03-17,,3342.66,1121.04,2221.62,14,CURRENT,PARTIAL,MAINTENANCE,NORTH
INV-02772,CUS-0364,2023-09-23,2023-11-22,2023-11-22,910.22,910.22,0.0,0,PAID,PAID,MAINTENANCE,SOUTH
INV-02773,CUS-0254,2022-07-11,2022-08-25,2022-08-20,2560.17,2560.17,0.0,0,PAID,PAID,SOFTWARE,EAST
INV-02774,CUS-0438,2022-06-08,2022-07-23,2022-08-17,5230.02,5230.02,0.0,0,PAID,PAID,MAINTENANCE,WEST
INV-02775,CUS-0043,2022-10-12,2022-11-11,2022-11-11,15196.72,15196.72,0.0,0,PAID,PAID,MAINTENANCE,EAST
INV-02776,CUS-0338,2023-11-25,2024-01-24,2024-01-23,6538.23,6538.23,0.0,0,PAID,PAID,SERVICES,WEST
INV-02777,CUS-0433,2024-03-01,2024-03-31,2024-03-27,2524.21,2524.21,0.0,0,PAID,PAID,SERVICES,SOUTH
INV-02778,CUS-0032,2024-02-20,2024-04-20,2024-04-19,18653.71,18653.71,0.0,0,PAID,PAID,SERVICES,NORTH
INV-02779,CUS-0267,2022-05-14,2022-06-28,2022-06-26,2364.17,2364.17,0.0,0,PAID,PAID,SOFTWARE,WEST
INV-02780,CUS-0330,2023-03-05,2023-05-04,2023-05-03,24347.31,24347.31,0.0,0,PAID,PAID,HARDWARE,SOUTH
INV-02781,CUS-0265,2024-01-09,2024-02-23,2024-02-19,6652.73,6652.73,0.0,0,PAID,PAID,SOFTWARE,NORTH
INV-02782,CUS-0320,2023-09-22,2023-11-21,2023-11-19,3051.76,3051.76,0.0,0,PAID,PAID,MAINTENANCE,WEST
INV-02783,CUS-0379,2023-07-01,2023-08-15,,2339.44,0.0,2339.44,229,90+,OVERDUE,MAINTENANCE,NORTH
INV-02784,CUS-0055,2024-01-09,2024-02-23,2024-02-19,6963.82,6963.82,0.0,0,PAID,PAID,HARDWARE,NORTH
INV-02785,CUS-0246,2024-03-02,2024-04-01,2024-04-01,8746.24,8746.24,0.0,0,PAID,PAID,SOFTWARE,EAST
INV-02786,CUS-0309,2022-08-11,2022-10-10,,32779.02,0.0,32779.02,538,90+,OVERDUE,SOFTWARE,WEST
INV-02787,CUS-0075,2023-05-14,2023-07-13,2023-07-12,5829.08,5829.08,0.0,0,PAID,PAID,MAINTENANCE,WEST
INV-02788,CUS-0155,2023-08-11,2023-10-10,2023-10-09,5993.07,5993.07,0.0,0,PAID,PAID,HARDWARE,EAST
INV-02789,CUS-0149,2023-07-29,2023-09-12,2023-09-12,5390.57,5390.57,0.0,0,PAID,PAID,MAINTENANCE,EAST
INV-02790,CUS-0432,2023-12-29,2024-02-12,,1861.53,0.0,1861.53,48,31-60,OVERDUE,SERVICES,EAST
INV-02791,CUS-0005,2022-09-29,2022-11-28,2022-11-25,2802.24,2802.24,0.0,0,PAID,PAID,SOFTWARE,EAST
INV-02792,CUS-0348,2022-06-19,2022-07-19,2022-07-16,7995.93,7995.93,0.0,0,PAID,PAID,SERVICES,NORTH
INV-02793,CUS-0229,2023-06-05,2023-07-05,2023-07-03,2661.67,2661.67,0.0,0,PAID,PAID,HARDWARE,WEST
INV-02794,CUS-0344,2024-02-28,2024-04-13,,822.39,401.34,421.05,0,CURRENT,PARTIAL,MAINTENANCE,NORTH
INV-02795,CUS-0423,2023-12-31,2024-02-14,2024-02-13,589.29,589.29,0.0,0,PAID,PAID,SERVICES,NORTH
INV-02796,CUS-0302,2023-05-12,2023-06-11,2023-06-26,1155.77,1155.77,0.0,0,PAID,PAID,SOFTWARE,NORTH
INV-02797,CUS-0019,2023-10-22,2023-11-21,2023-11-19,7650.84,7650.84,0.0,0,PAID,PAID,MAINTENANCE,NORTH
INV-02798,CUS-0026,2024-03-18,2024-05-02,2024-04-28,2182.82,2182.82,0.0,0,PAID,PAID,SOFTWARE,WEST
INV-02799,CUS-0105,2022-12-01,2023-01-15,2023-02-02,2422.02,2422.02,0.0,0,PAID,PAID,MAINTENANCE,SOUTH
INV-02800,CUS-0215,2023-12-26,2024-01-25,2024-01-21,12287.1,12287.1,0.0,0,PAID,PAID,MAINTENANCE,EAST
INV-02801,CUS-0315,2024-03-17,2024-05-16,2024-05-11,1106.69,1106.69,0.0,0,PAID,PAID,HARDWARE,EAST
INV-02802,CUS-0450,2022-07-16,2022-09-14,2022-09-12,9426.48,9426.48,0.0,0,PAID,PAID,HARDWARE,NORTH
INV-02803,CUS-0018,2023-03-23,2023-04-22,2023-05-16,5271.17,5271.17,0.0,0,PAID,PAID,SOFTWARE,NORTH
INV-02804,CUS-0129,2024-03-18,2024-04-17,,4199.34,0.0,4199.34,0,CURRENT,OVERDUE,SOFTWARE,WEST
INV-02805,CUS-0073,2023-06-14,2023-07-14,2023-07-16,41173.55,41173.55,0.0,0,PAID,PAID,SERVICES,NORTH
INV-02806,CUS-0004,2024-03-13,2024-04-27,2024-04-24,8084.2,8084.2,0.0,0,PAID,PAID,HARDWARE,SOUTH
INV-02807,CUS-0355,2023-02-06,2023-03-08,2023-03-06,867.33,867.33,0.0,0,PAID,PAID,SOFTWARE,WEST
INV-02808,CUS-0099,2023-02-19,2023-04-05,2023-04-01,58928.91,58928.91,0.0,0,PAID,PAID,SERVICES,EAST
INV-02809,CUS-0002,2023-04-20,2023-06-04,2023-06-01,2614.97,2614.97,0.0,0,PAID,PAID,MAINTENANCE,NORTH
INV-02810,CUS-0192,2022-10-02,2022-11-01,2022-10-27,6258.33,6258.33,0.0,0,PAID,PAID,SERVICES,SOUTH
INV-02811,CUS-0049,2023-05-02,2023-06-16,2023-07-05,87.62,87.62,0.0,0,PAID,PAID,SERVICES,SOUTH
INV-02812,CUS-0244,2024-01-22,2024-03-07,2024-03-04,5374.07,5374.07,0.0,0,PAID,PAID,MAINTENANCE,EAST
INV-02813,CUS-0466,2022-10-27,2022-12-26,2022-12-23,2227.96,2227.96,0.0,0,PAID,PAID,HARDWARE,EAST
INV-02814,CUS-0091,2023-07-23,2023-08-22,2023-08-23,1148.94,1148.94,0.0,0,PAID,PAID,SERVICES,EAST
INV-02815,CUS-0028,2022-04-12,2022-05-27,,3109.61,1542.4,1567.21,674,90+,PARTIAL,MAINTENANCE,EAST
INV-02816,CUS-0298,2023-05-19,2023-06-18,2023-06-18,4389.38,4389.38,0.0,0,PAID,PAID,MAINTENANCE,EAST
INV-02817,CUS-0201,2023-06-04,2023-07-19,,616.6,0.0,616.6,256,90+,OVERDUE,SOFTWARE,NORTH
INV-02818,CUS-0030,2022-07-31,2022-08-30,2022-08-29,14372.64,14372.64,0.0,0,PAID,PAID,SERVICES,EAST
INV-02819,CUS-0436,2023-04-06,2023-05-06,,1721.45,1055.79,665.66,330,90+,PARTIAL,SOFTWARE,WEST
INV-02820,CUS-0082,2024-01-25,2024-03-10,2024-03-08,8351.5,8351.5,0.0,0,PAID,PAID,HARDWARE,NORTH
INV-02821,CUS-0301,2023-05-21,2023-07-05,2023-07-25,30740.21,30740.21,0.0,0,PAID,PAID,SERVICES,SOUTH
INV-02822,CUS-0304,2022-06-12,2022-07-12,2022-07-07,208.71,208.71,0.0,0,PAID,PAID,MAINTENANCE,SOUTH
INV-02823,CUS-0158,2023-06-09,2023-07-09,2023-07-08,415.95,415.95,0.0,0,PAID,PAID,SERVICES,SOUTH
INV-02824,CUS-0333,2022-11-21,2023-01-20,2023-01-17,326.27,326.27,0.0,0,PAID,PAID,MAINTENANCE,EAST
INV-02825,CUS-0145,2022-06-16,2022-08-15,2022-08-13,12633.65,12633.65,0.0,0,PAID,PAID,HARDWARE,WEST
INV-02826,CUS-0166,2024-03-25,2024-05-09,2024-05-08,2217.82,2217.82,0.0,0,PAID,PAID,SERVICES,NORTH
INV-02827,CUS-0207,2022-07-19,2022-09-17,2022-09-13,1527.84,1527.84,0.0,0,PAID,PAID,SERVICES,WEST
INV-02828,CUS-0042,2023-10-05,2023-12-04,2023-11-30,8897.77,8897.77,0.0,0,PAID,PAID,HARDWARE,NORTH
INV-02829,CUS-0462,2024-02-12,2024-04-12,2024-04-09,1132.07,1132.07,0.0,0,PAID,PAID,MAINTENANCE,WEST
INV-02830,CUS-0477,2024-01-28,2024-03-13,2024-03-13,31727.54,31727.54,0.0,0,PAID,PAID,SOFTWARE,EAST
INV-02831,CUS-0014,2023-04-28,2023-06-27,2023-07-26,2499.67,2499.67,0.0,0,PAID,PAID,HARDWARE,EAST
INV-02832,CUS-0172,2022-09-14,2022-10-29,2022-10-24,26681.7,26681.7,0.0,0,PAID,PAID,MAINTENANCE,EAST
INV-02833,CUS-0319,2023-07-25,2023-09-23,2023-09-20,7437.93,7437.93,0.0,0,PAID,PAID,HARDWARE,SOUTH
INV-02834,CUS-0314,2023-08-22,2023-10-21,,466.44,0.0,466.44,162,90+,OVERDUE,HARDWARE,SOUTH
INV-02835,CUS-0486,2022-12-12,2023-01-26,2023-01-25,6106.87,6106.87,0.0,0,PAID,PAID,MAINTENANCE,EAST
INV-02836,CUS-0383,2022-08-07,2022-09-06,2022-09-29,586.6,586.6,0.0,0,PAID,PAID,MAINTENANCE,NORTH
INV-02837,CUS-0224,2023-08-28,2023-09-27,2023-09-22,1935.04,1935.04,0.0,0,PAID,PAID,SOFTWARE,EAST
INV-02838,CUS-0496,2023-02-05,2023-03-07,,1056.29,0.0,1056.29,390,90+,OVERDUE,SOFTWARE,EAST
INV-02839,CUS-0414,2022-06-13,2022-08-12,2022-08-07,21715.24,21715.24,0.0,0,PAID,PAID,SOFTWARE,EAST
INV-02840,CUS-0152,2023-10-08,2023-11-22,2023-11-20,1243.03,1243.03,0.0,0,PAID,PAID,HARDWARE,NORTH
INV-02841,CUS-0336,2022-10-26,2022-12-10,2022-12-05,220.39,220.39,0.0,0,PAID,PAID,SERVICES,EAST
INV-02842,CUS-0229,2022-07-09,2022-08-08,2022-08-07,2452.59,2452.59,0.0,0,PAID,PAID,SOFTWARE,NORTH
INV-02843,CUS-0204,2022-07-01,2022-08-15,2022-08-14,3134.94,3134.94,0.0,0,PAID,PAID,SOFTWARE,WEST
INV-02844,CUS-0322,2022-08-18,2022-10-02,2022-10-22,26470.48,26470.48,0.0,0,PAID,PAID,MAINTENANCE,NORTH
INV-02845,CUS-0143,2023-06-25,2023-08-09,2023-08-06,354.59,354.59,0.0,0,PAID,PAID,SOFTWARE,SOUTH
INV-02846,CUS-0418,2024-01-26,2024-02-25,2024-02-20,25450.87,25450.87,0.0,0,PAID,PAID,SOFTWARE,WEST
INV-02847,CUS-0186,2022-04-19,2022-06-03,2022-05-30,4711.85,4711.85,0.0,0,PAID,PAID,MAINTENANCE,SOUTH
INV-02848,CUS-0399,2023-09-27,2023-11-26,,5285.28,0.0,5285.28,126,90+,OVERDUE,SERVICES,NORTH
INV-02849,CUS-0217,2022-08-08,2022-10-07,2022-10-07,924.81,924.81,0.0,0,PAID,PAID,HARDWARE,WEST
INV-02850,CUS-0443,2022-11-16,2022-12-31,2022-12-29,5487.77,5487.77,0.0,0,PAID,PAID,SERVICES,SOUTH
INV-02851,CUS-0108,2022-08-28,2022-10-12,2022-10-11,6314.28,6314.28,0.0,0,PAID,PAID,SERVICES,SOUTH
INV-02852,CUS-0249,2023-09-29,2023-10-29,2023-10-28,2995.28,2995.28,0.0,0,PAID,PAID,SERVICES,SOUTH
INV-02853,CUS-0499,2023-02-09,2023-04-10,2023-04-05,1010.82,1010.82,0.0,0,PAID,PAID,HARDWARE,NORTH
INV-02854,CUS-0417,2024-01-02,2024-02-01,2024-01-28,3481.2,3481.2,0.0,0,PAID,PAID,SERVICES,NORTH
INV-02855,CUS-0086,2023-01-20,2023-03-21,2023-03-20,15007.63,15007.63,0.0,0,PAID,PAID,SERVICES,EAST
INV-02856,CUS-0020,2023-09-10,2023-11-09,,24686.08,16840.96,7845.12,143,90+,PARTIAL,SERVICES,EAST
INV-02857,CUS-0249,2022-10-22,2022-11-21,2022-11-17,933.66,933.66,0.0,0,PAID,PAID,SOFTWARE,EAST
INV-02858,CUS-0054,2023-05-25,2023-06-24,2023-06-20,14668.38,14668.38,0.0,0,PAID,PAID,SOFTWARE,WEST
INV-02859,CUS-0033,2023-03-03,2023-04-02,2023-03-28,6403.84,6403.84,0.0,0,PAID,PAID,SERVICES,SOUTH
INV-02860,CUS-0311,2022-06-28,2022-08-27,2022-08-24,18169.59,18169.59,0.0,0,PAID,PAID,SERVICES,WEST
INV-02861,CUS-0127,2022-12-13,2023-01-27,,2803.77,0.0,2803.77,429,90+,OVERDUE,SOFTWARE,NORTH
INV-02862,CUS-0417,2022-12-18,2023-01-17,2023-01-15,11962.09,11962.09,0.0,0,PAID,PAID,MAINTENANCE,SOUTH
INV-02863,CUS-0480,2023-12-04,2024-01-03,2023-12-31,13244.76,13244.76,0.0,0,PAID,PAID,SOFTWARE,EAST
INV-02864,CUS-0112,2022-06-10,2022-08-09,2022-08-09,10240.89,10240.89,0.0,0,PAID,PAID,MAINTENANCE,EAST
INV-02865,CUS-0009,2022-04-20,2022-05-20,2022-05-19,44914.6,44914.6,0.0,0,PAID,PAID,SOFTWARE,WEST
INV-02866,CUS-0163,2023-09-16,2023-11-15,2023-11-14,10646.87,10646.87,0.0,0,PAID,PAID,HARDWARE,SOUTH
INV-02867,CUS-0301,2023-03-10,2023-04-24,,5625.32,0.0,5625.32,342,90+,OVERDUE,MAINTENANCE,NORTH
INV-02868,CUS-0476,2024-03-21,2024-05-20,2024-05-19,14148.89,14148.89,0.0,0,PAID,PAID,SOFTWARE,SOUTH
INV-02869,CUS-0177,2024-01-05,2024-02-19,2024-02-15,11996.2,11996.2,0.0,0,PAID,PAID,SOFTWARE,SOUTH
INV-02870,CUS-0382,2023-01-02,2023-03-03,2023-03-03,13718.62,13718.62,0.0,0,PAID,PAID,HARDWARE,SOUTH
INV-02871,CUS-0115,2023-03-08,2023-05-07,2023-05-07,7562.8,7562.8,0.0,0,PAID,PAID,HARDWARE,NORTH
INV-02872,CUS-0281,2022-09-06,2022-11-05,2022-11-18,3676.96,3676.96,0.0,0,PAID,PAID,HARDWARE,NORTH
INV-02873,CUS-0180,2022-04-27,2022-05-27,2022-05-22,2360.82,2360.82,0.0,0,PAID,PAID,MAINTENANCE,WEST
INV-02874,CUS-0380,2024-01-27,2024-03-12,2024-03-12,1278.23,1278.23,0.0,0,PAID,PAID,SERVICES,SOUTH
INV-02875,CUS-0440,2022-07-04,2022-08-03,2022-08-03,921.62,921.62,0.0,0,PAID,PAID,SERVICES,NORTH
INV-02876,CUS-0053,2022-10-29,2022-12-28,2023-01-07,2392.12,2392.12,0.0,0,PAID,PAID,SERVICES,SOUTH
INV-02877,CUS-0172,2023-08-24,2023-10-08,2023-10-08,3833.53,3833.53,0.0,0,PAID,PAID,MAINTENANCE,EAST
INV-02878,CUS-0281,2023-10-05,2023-12-04,,8084.26,4903.7,3180.56,118,90+,PARTIAL,SOFTWARE,SOUTH
INV-02879,CUS-0072,2023-04-23,2023-06-22,2023-07-06,2499.38,2499.38,0.0,0,PAID,PAID,SERVICES,NORTH
INV-02880,CUS-0402,2024-01-31,2024-03-01,2024-02-25,610.35,610.35,0.0,0,PAID,PAID,HARDWARE,WEST
INV-02881,CUS-0451,2023-07-24,2023-09-07,,4164.02,1255.05,2908.97,206,90+,PARTIAL,SERVICES,EAST
INV-02882,CUS-0294,2023-09-24,2023-11-23,,15837.89,0.0,15837.89,129,90+,OVERDUE,MAINTENANCE,WEST
INV-02883,CUS-0383,2022-06-16,2022-07-16,,505.87,0.0,505.87,624,90+,OVERDUE,SERVICES,NORTH
INV-02884,CUS-0426,2022-07-01,2022-08-15,,2408.13,766.82,1641.31,594,90+,PARTIAL,MAINTENANCE,WEST
INV-02885,CUS-0384,2024-03-20,2024-05-04,2024-05-04,4991.94,4991.94,0.0,0,PAID,PAID,HARDWARE,NORTH
INV-02886,CUS-0444,2023-03-31,2023-05-30,,9194.0,3858.14,5335.86,306,90+,PARTIAL,HARDWARE,NORTH
INV-02887,CUS-0033,2022-08-13,2022-09-12,2022-09-11,5345.84,5345.84,0.0,0,PAID,PAID,SERVICES,NORTH
INV-02888,CUS-0412,2024-01-15,2024-02-14,2024-02-14,2816.21,2816.21,0.0,0,PAID,PAID,MAINTENANCE,EAST
INV-02889,CUS-0372,2023-05-21,2023-06-20,2023-06-16,762.59,762.59,0.0,0,PAID,PAID,HARDWARE,EAST
INV-02890,CUS-0492,2023-05-03,2023-06-17,2023-06-13,4340.14,4340.14,0.0,0,PAID,PAID,SOFTWARE,EAST
INV-02891,CUS-0335,2023-04-25,2023-06-24,2023-06-19,21708.79,21708.79,0.0,0,PAID,PAID,MAINTENANCE,SOUTH
INV-02892,CUS-0228,2022-05-22,2022-07-21,2022-07-21,100192.23,100192.23,0.0,0,PAID,PAID,SOFTWARE,WEST
INV-02893,CUS-0255,2023-08-26,2023-10-10,2023-11-01,1689.03,1689.03,0.0,0,PAID,PAID,MAINTENANCE,NORTH
INV-02894,CUS-0048,2023-02-09,2023-04-10,2023-04-06,22372.7,22372.7,0.0,0,PAID,PAID,MAINTENANCE,SOUTH
INV-02895,CUS-0386,2023-03-21,2023-05-20,2023-05-20,1792.18,1792.18,0.0,0,PAID,PAID,MAINTENANCE,WEST
INV-02896,CUS-0249,2024-01-26,2024-02-25,2024-02-24,1907.16,1907.16,0.0,0,PAID,PAID,SOFTWARE,NORTH
INV-02897,CUS-0222,2024-02-08,2024-04-08,2024-04-03,2944.46,2944.46,0.0,0,PAID,PAID,SERVICES,WEST
INV-02898,CUS-0111,2024-03-12,2024-04-26,2024-04-24,671.26,671.26,0.0,0,PAID,PAID,HARDWARE,NORTH
INV-02899,CUS-0398,2022-08-11,2022-09-10,2022-09-13,90.74,90.74,0.0,0,PAID,PAID,MAINTENANCE,EAST
INV-02900,CUS-0055,2023-08-29,2023-10-13,2023-10-13,3498.53,3498.53,0.0,0,PAID,PAID,MAINTENANCE,WEST
INV-02901,CUS-0307,2022-09-15,2022-11-14,2022-11-14,1203.64,1203.64,0.0,0,PAID,PAID,SOFTWARE,WEST
INV-02902,CUS-0376,2022-10-13,2022-11-27,2022-11-26,244.89,244.89,0.0,0,PAID,PAID,HARDWARE,NORTH
INV-02903,CUS-0233,2022-07-22,2022-08-21,2022-08-17,4122.14,4122.14,0.0,0,PAID,PAID,MAINTENANCE,SOUTH
INV-02904,CUS-0371,2023-05-11,2023-06-10,2023-06-09,29288.41,29288.41,0.0,0,PAID,PAID,SOFTWARE,WEST
INV-02905,CUS-0367,2023-06-08,2023-07-08,2023-07-08,11443.55,11443.55,0.0,0,PAID,PAID,MAINTENANCE,NORTH
INV-02906,CUS-0035,2022-10-22,2022-12-06,,14506.0,6478.04,8027.96,481,90+,PARTIAL,SOFTWARE,NORTH
INV-02907,CUS-0483,2022-10-04,2022-11-03,2022-11-01,702.59,702.59,0.0,0,PAID,PAID,SERVICES,EAST
INV-02908,CUS-0345,2022-07-07,2022-09-05,2022-09-05,14380.17,14380.17,0.0,0,PAID,PAID,SERVICES,WEST
INV-02909,CUS-0409,2022-04-18,2022-05-18,2022-05-14,8269.69,8269.69,0.0,0,PAID,PAID,SOFTWARE,SOUTH
INV-02910,CUS-0145,2023-09-11,2023-11-10,2023-11-10,13989.77,13989.77,0.0,0,PAID,PAID,HARDWARE,NORTH
INV-02911,CUS-0223,2024-02-16,2024-04-16,2024-04-24,108638.25,108638.25,0.0,0,PAID,PAID,SERVICES,WEST
INV-02912,CUS-0322,2023-08-18,2023-10-02,,29644.57,0.0,29644.57,181,90+,OVERDUE,MAINTENANCE,SOUTH
INV-02913,CUS-0257,2022-05-19,2022-06-18,2022-06-17,1261.68,1261.68,0.0,0,PAID,PAID,SERVICES,WEST
INV-02914,CUS-0161,2022-10-04,2022-12-03,2022-11-29,1356.5,1356.5,0.0,0,PAID,PAID,SERVICES,EAST
INV-02915,CUS-0209,2024-02-23,2024-03-24,2024-03-21,418.67,418.67,0.0,0,PAID,PAID,SOFTWARE,SOUTH
INV-02916,CUS-0484,2023-04-18,2023-05-18,2023-05-17,361.99,361.99,0.0,0,PAID,PAID,HARDWARE,SOUTH
INV-02917,CUS-0297,2022-11-22,2023-01-06,2023-01-02,1967.31,1967.31,0.0,0,PAID,PAID,SERVICES,NORTH
INV-02918,CUS-0038,2023-05-30,2023-06-29,2023-06-27,2610.77,2610.77,0.0,0,PAID,PAID,HARDWARE,NORTH
INV-02919,CUS-0119,2023-07-24,2023-08-23,2023-08-23,2036.14,2036.14,0.0,0,PAID,PAID,SOFTWARE,WEST
INV-02920,CUS-0030,2023-12-10,2024-01-09,,12773.75,0.0,12773.75,82,61-90,OVERDUE,HARDWARE,EAST
INV-02921,CUS-0139,2023-04-04,2023-05-19,2023-05-19,3408.02,3408.02,0.0,0,PAID,PAID,HARDWARE,EAST
INV-02922,CUS-0422,2022-08-01,2022-09-15,2022-10-13,15779.86,15779.86,0.0,0,PAID,PAID,MAINTENANCE,NORTH
INV-02923,CUS-0060,2023-07-27,2023-08-26,2023-08-26,4440.41,4440.41,0.0,0,PAID,PAID,MAINTENANCE,NORTH
INV-02924,CUS-0288,2023-01-15,2023-03-16,2023-03-11,10028.74,10028.74,0.0,0,PAID,PAID,HARDWARE,NORTH
INV-02925,CUS-0327,2023-05-21,2023-06-20,2023-06-15,17197.04,17197.04,0.0,0,PAID,PAID,HARDWARE,EAST
INV-02926,CUS-0336,2023-12-27,2024-02-10,2024-02-18,5058.13,5058.13,0.0,0,PAID,PAID,SOFTWARE,WEST
INV-02927,CUS-0342,2023-12-30,2024-02-28,2024-02-24,1110.15,1110.15,0.0,0,PAID,PAID,SOFTWARE,WEST
INV-02928,CUS-0089,2023-08-09,2023-10-08,2023-10-06,31241.04,31241.04,0.0,0,PAID,PAID,SERVICES,WEST
INV-02929,CUS-0409,2022-06-30,2022-07-30,2022-07-25,6846.3,6846.3,0.0,0,PAID,PAID,HARDWARE,SOUTH
INV-02930,CUS-0260,2023-09-13,2023-10-28,2023-10-26,6497.11,6497.11,0.0,0,PAID,PAID,HARDWARE,SOUTH
INV-02931,CUS-0201,2022-12-04,2023-01-18,2023-01-16,1446.56,1446.56,0.0,0,PAID,PAID,HARDWARE,SOUTH
INV-02932,CUS-0009,2022-09-15,2022-10-15,2022-11-06,15062.16,15062.16,0.0,0,PAID,PAID,MAINTENANCE,SOUTH
INV-02933,CUS-0223,2022-07-23,2022-09-21,2022-09-19,3674.75,3674.75,0.0,0,PAID,PAID,SOFTWARE,EAST
INV-02934,CUS-0384,2022-11-19,2023-01-03,2023-01-02,30667.65,30667.65,0.0,0,PAID,PAID,SERVICES,SOUTH
INV-02935,CUS-0342,2022-11-25,2023-01-24,2023-01-21,1492.0,1492.0,0.0,0,PAID,PAID,SERVICES,WEST
INV-02936,CUS-0093,2022-11-07,2022-12-22,2023-01-06,6522.8,6522.8,0.0,0,PAID,PAID,SOFTWARE,SOUTH
INV-02937,CUS-0120,2024-03-13,2024-04-27,2024-05-27,1769.39,1769.39,0.0,0,PAID,PAID,SOFTWARE,EAST
INV-02938,CUS-0247,2023-07-15,2023-08-14,2023-08-13,7914.24,7914.24,0.0,0,PAID,PAID,MAINTENANCE,EAST
INV-02939,CUS-0191,2022-06-18,2022-07-18,2022-08-05,18776.42,18776.42,0.0,0,PAID,PAID,HARDWARE,EAST
INV-02940,CUS-0185,2022-07-08,2022-09-06,2022-09-03,936.39,936.39,0.0,0,PAID,PAID,SERVICES,NORTH
INV-02941,CUS-0068,2023-02-27,2023-04-13,2023-04-09,3158.62,3158.62,0.0,0,PAID,PAID,SERVICES,EAST
INV-02942,CUS-0305,2022-10-13,2022-11-27,2022-11-24,3512.41,3512.41,0.0,0,PAID,PAID,SOFTWARE,SOUTH
INV-02943,CUS-0172,2022-07-10,2022-08-24,2022-08-24,11197.8,11197.8,0.0,0,PAID,PAID,HARDWARE,EAST
INV-02944,CUS-0171,2024-01-02,2024-02-16,2024-02-13,2227.93,2227.93,0.0,0,PAID,PAID,SERVICES,NORTH
INV-02945,CUS-0156,2023-03-20,2023-05-19,2023-05-23,2642.54,2642.54,0.0,0,PAID,PAID,HARDWARE,NORTH
INV-02946,CUS-0304,2023-04-11,2023-05-11,2023-05-08,1229.26,1229.26,0.0,0,PAID,PAID,HARDWARE,NORTH
INV-02947,CUS-0389,2023-01-27,2023-02-26,2023-02-24,668.08,668.08,0.0,0,PAID,PAID,MAINTENANCE,WEST
INV-02948,CUS-0355,2022-12-20,2023-01-19,2023-01-25,1889.8,1889.8,0.0,0,PAID,PAID,SOFTWARE,NORTH
INV-02949,CUS-0098,2023-11-27,2023-12-27,2023-12-25,899.92,899.92,0.0,0,PAID,PAID,SOFTWARE,EAST
INV-02950,CUS-0037,2022-08-29,2022-09-28,2022-10-01,396.51,396.51,0.0,0,PAID,PAID,SOFTWARE,NORTH
INV-02951,CUS-0142,2023-01-14,2023-02-13,,9727.91,3627.5,6100.41,412,90+,PARTIAL,SERVICES,EAST
INV-02952,CUS-0161,2022-12-03,2023-02-01,2023-02-03,8218.11,8218.11,0.0,0,PAID,PAID,HARDWARE,SOUTH
INV-02953,CUS-0087,2023-08-15,2023-09-14,2023-09-09,8260.59,8260.59,0.0,0,PAID,PAID,HARDWARE,NORTH
INV-02954,CUS-0057,2022-08-31,2022-09-30,2022-09-29,178.51,178.51,0.0,0,PAID,PAID,SOFTWARE,EAST
INV-02955,CUS-0462,2023-07-20,2023-09-18,2023-09-14,639.29,639.29,0.0,0,PAID,PAID,SERVICES,NORTH
INV-02956,CUS-0037,2024-03-02,2024-04-01,2024-03-29,1967.41,1967.41,0.0,0,PAID,PAID,HARDWARE,WEST
INV-02957,CUS-0206,2023-07-11,2023-08-25,,144511.24,70157.06,74354.18,219,90+,PARTIAL,HARDWARE,EAST
INV-02958,CUS-0223,2022-10-25,2022-12-24,2023-01-12,24850.05,24850.05,0.0,0,PAID,PAID,SERVICES,NORTH
INV-02959,CUS-0417,2023-04-05,2023-05-05,2023-05-05,39327.2,39327.2,0.0,0,PAID,PAID,HARDWARE,NORTH
INV-02960,CUS-0040,2022-05-10,2022-06-24,2022-06-19,3908.24,3908.24,0.0,0,PAID,PAID,SOFTWARE,EAST
INV-02961,CUS-0206,2023-09-06,2023-10-21,2023-10-17,8466.51,8466.51,0.0,0,PAID,PAID,HARDWARE,NORTH
INV-02962,CUS-0371,2023-12-29,2024-01-28,2024-01-28,36331.35,36331.35,0.0,0,PAID,PAID,SOFTWARE,WEST
INV-02963,CUS-0262,2024-03-29,2024-05-28,2024-05-23,1870.81,1870.81,0.0,0,PAID,PAID,SERVICES,NORTH
INV-02964,CUS-0287,2023-01-31,2023-04-01,2023-03-27,6696.03,6696.03,0.0,0,PAID,PAID,HARDWARE,SOUTH
INV-02965,CUS-0197,2022-04-06,2022-05-06,2022-05-26,21075.81,21075.81,0.0,0,PAID,PAID,SOFTWARE,EAST
INV-02966,CUS-0078,2023-01-26,2023-03-12,2023-03-11,2270.44,2270.44,0.0,0,PAID,PAID,SERVICES,EAST
INV-02967,CUS-0371,2023-12-19,2024-01-18,2024-01-15,10596.8,10596.8,0.0,0,PAID,PAID,HARDWARE,NORTH
INV-02968,CUS-0079,2023-05-15,2023-06-14,2023-06-11,669.99,669.99,0.0,0,PAID,PAID,HARDWARE,NORTH
INV-02969,CUS-0253,2024-02-11,2024-03-27,2024-03-23,1802.99,1802.99,0.0,0,PAID,PAID,HARDWARE,NORTH
INV-02970,CUS-0233,2023-03-19,2023-04-18,2023-04-15,2223.13,2223.13,0.0,0,PAID,PAID,SERVICES,NORTH
INV-02971,CUS-0289,2023-11-03,2023-12-03,,1198.31,0.0,1198.31,119,90+,OVERDUE,SERVICES,SOUTH
INV-02972,CUS-0453,2023-05-25,2023-06-24,2023-06-23,1494.33,1494.33,0.0,0,PAID,PAID,SOFTWARE,EAST
INV-02973,CUS-0217,2022-07-05,2022-09-03,2022-09-01,405.38,405.38,0.0,0,PAID,PAID,SOFTWARE,NORTH
INV-02974,CUS-0465,2022-06-13,2022-08-12,2022-08-09,16277.69,16277.69,0.0,0,PAID,PAID,MAINTENANCE,SOUTH
INV-02975,CUS-0330,2023-04-30,2023-06-29,2023-06-28,7912.72,7912.72,0.0,0,PAID,PAID,SOFTWARE,EAST
INV-02976,CUS-0206,2024-02-29,2024-04-14,2024-04-13,1626.96,1626.96,0.0,0,PAID,PAID,MAINTENANCE,EAST
INV-02977,CUS-0295,2023-04-24,2023-06-08,2023-06-05,5124.86,5124.86,0.0,0,PAID,PAID,SOFTWARE,EAST
INV-02978,CUS-0489,2022-09-09,2022-11-08,2022-11-06,1935.49,1935.49,0.0,0,PAID,PAID,SOFTWARE,NORTH
INV-02979,CUS-0083,2022-12-28,2023-01-27,2023-02-15,40871.38,40871.38,0.0,0,PAID,PAID,SOFTWARE,SOUTH
INV-02980,CUS-0029,2024-03-17,2024-05-01,2024-05-01,8606.75,8606.75,0.0,0,PAID,PAID,HARDWARE,NORTH
INV-02981,CUS-0376,2023-03-28,2023-05-12,2023-05-07,2768.46,2768.46,0.0,0,PAID,PAID,MAINTENANCE,NORTH
INV-02982,CUS-0322,2022-05-23,2022-07-07,2022-07-02,2969.33,2969.33,0.0,0,PAID,PAID,MAINTENANCE,EAST
INV-02983,CUS-0103,2023-01-27,2023-03-13,2023-03-13,7971.14,7971.14,0.0,0,PAID,PAID,HARDWARE,WEST
INV-02984,CUS-0412,2023-03-05,2023-04-04,2023-04-03,5880.53,5880.53,0.0,0,PAID,PAID,HARDWARE,EAST
INV-02985,CUS-0461,2022-06-13,2022-08-12,,2991.66,2002.65,989.01,597,90+,PARTIAL,MAINTENANCE,EAST
INV-02986,CUS-0404,2023-10-09,2023-12-08,2023-12-04,3079.32,3079.32,0.0,0,PAID,PAID,MAINTENANCE,EAST
INV-02987,CUS-0391,2023-05-20,2023-07-04,2023-06-30,2086.06,2086.06,0.0,0,PAID,PAID,MAINTENANCE,EAST
INV-02988,CUS-0265,2023-05-16,2023-06-30,2023-06-29,12469.53,12469.53,0.0,0,PAID,PAID,SOFTWARE,WEST
INV-02989,CUS-0279,2023-03-17,2023-05-01,2023-04-26,3091.86,3091.86,0.0,0,PAID,PAID,SOFTWARE,WEST
INV-02990,CUS-0111,2023-12-19,2024-02-02,2024-02-01,5233.94,5233.94,0.0,0,PAID,PAID,HARDWARE,EAST
INV-02991,CUS-0291,2024-01-20,2024-03-20,,36964.19,0.0,36964.19,11,CURRENT,OVERDUE,HARDWARE,SOUTH
INV-02992,CUS-0107,2022-08-06,2022-09-20,2022-09-17,1411.0,1411.0,0.0,0,PAID,PAID,HARDWARE,NORTH
INV-02993,CUS-0414,2022-04-06,2022-06-05,2022-06-04,7124.17,7124.17,0.0,0,PAID,PAID,HARDWARE,SOUTH
INV-02994,CUS-0308,2022-12-30,2023-02-13,2023-02-12,20538.73,20538.73,0.0,0,PAID,PAID,HARDWARE,SOUTH
INV-02995,CUS-0141,2023-12-08,2024-02-06,2024-02-02,11996.99,11996.99,0.0,0,PAID,PAID,HARDWARE,WEST
INV-02996,CUS-0120,2023-02-18,2023-04-04,2023-03-31,1729.26,1729.26,0.0,0,PAID,PAID,HARDWARE,WEST
INV-02997,CUS-0328,2024-01-03,2024-02-17,2024-02-13,4715.91,4715.91,0.0,0,PAID,PAID,MAINTENANCE,SOUTH
INV-02998,CUS-0078,2024-01-19,2024-03-04,2024-02-29,9811.72,9811.72,0.0,0,PAID,PAID,HARDWARE,EAST
INV-02999,CUS-0499,2023-04-05,2023-06-04,2023-06-01,547.18,547.18,0.0,0,PAID,PAID,SOFTWARE,NORTH
INV-03000,CUS-0111,2023-09-25,2023-11-09,2023-11-11,1835.97,1835.97,0.0,0,PAID,PAID,HARDWARE,EAST
INV-03001,CUS-0404,2022-10-25,2022-12-24,2022-12-19,4438.99,4438.99,0.0,0,PAID,PAID,SOFTWARE,NORTH
INV-03002,CUS-0185,2024-01-20,2024-03-20,2024-03-25,5885.83,5885.83,0.0,0,PAID,PAID,MAINTENANCE,SOUTH
INV-03003,CUS-0282,2023-02-21,2023-04-22,2023-04-20,5821.74,5821.74,0.0,0,PAID,PAID,HARDWARE,NORTH
INV-03004,CUS-0175,2023-10-03,2023-12-02,2023-11-29,1345.69,1345.69,0.0,0,PAID,PAID,SOFTWARE,NORTH
INV-03005,CUS-0278,2023-02-09,2023-03-26,2023-03-25,3486.72,3486.72,0.0,0,PAID,PAID,SERVICES,SOUTH
INV-03006,CUS-0263,2024-02-28,2024-04-28,2024-04-27,979.75,979.75,0.0,0,PAID,PAID,HARDWARE,EAST
INV-03007,CUS-0490,2022-06-04,2022-07-19,2022-07-16,924.06,924.06,0.0,0,PAID,PAID,SERVICES,SOUTH
INV-03008,CUS-0019,2022-05-12,2022-06-11,,2096.37,0.0,2096.37,659,90+,OVERDUE,HARDWARE,NORTH
INV-03009,CUS-0250,2023-11-16,2023-12-16,2023-12-14,38209.39,38209.39,0.0,0,PAID,PAID,SOFTWARE,NORTH
INV-03010,CUS-0193,2023-07-20,2023-09-03,,8067.71,4791.53,3276.18,210,90+,PARTIAL,SOFTWARE,NORTH
INV-03011,CUS-0207,2023-12-11,2024-02-09,2024-02-09,8472.65,8472.65,0.0,0,PAID,PAID,SERVICES,SOUTH
INV-03012,CUS-0368,2024-03-06,2024-04-20,2024-04-25,1475.61,1475.61,0.0,0,PAID,PAID,MAINTENANCE,WEST
INV-03013,CUS-0352,2022-12-18,2023-02-16,,837.57,293.88,543.69,409,90+,PARTIAL,HARDWARE,SOUTH
INV-03014,CUS-0441,2023-09-19,2023-10-19,2023-10-18,1181.67,1181.67,0.0,0,PAID,PAID,HARDWARE,SOUTH
INV-03015,CUS-0445,2023-06-11,2023-07-26,2023-07-26,11398.2,11398.2,0.0,0,PAID,PAID,MAINTENANCE,EAST
INV-03016,CUS-0153,2024-02-02,2024-04-02,2024-03-28,6185.44,6185.44,0.0,0,PAID,PAID,HARDWARE,EAST
INV-03017,CUS-0018,2023-11-06,2023-12-06,,5028.2,0.0,5028.2,116,90+,OVERDUE,MAINTENANCE,WEST
INV-03018,CUS-0020,2022-07-04,2022-09-02,2022-08-30,2932.17,2932.17,0.0,0,PAID,PAID,HARDWARE,SOUTH
INV-03019,CUS-0335,2023-01-07,2023-03-08,2023-03-03,4894.43,4894.43,0.0,0,PAID,PAID,HARDWARE,SOUTH
INV-03020,CUS-0485,2023-06-19,2023-08-18,2023-08-13,2899.68,2899.68,0.0,0,PAID,PAID,HARDWARE,WEST
INV-03021,CUS-0083,2024-03-30,2024-04-29,2024-04-25,47344.61,47344.61,0.0,0,PAID,PAID,HARDWARE,SOUTH
INV-03022,CUS-0250,2024-03-26,2024-04-25,2024-04-25,10319.2,10319.2,0.0,0,PAID,PAID,SERVICES,SOUTH
INV-03023,CUS-0438,2022-07-08,2022-08-22,2022-08-19,16666.6,16666.6,0.0,0,PAID,PAID,MAINTENANCE,SOUTH
INV-03024,CUS-0418,2023-10-18,2023-11-17,2023-11-16,13454.28,13454.28,0.0,0,PAID,PAID,HARDWARE,WEST
INV-03025,CUS-0492,2022-07-16,2022-08-30,2022-08-30,837.03,837.03,0.0,0,PAID,PAID,SERVICES,WEST
INV-03026,CUS-0350,2023-04-03,2023-06-02,,13953.71,0.0,13953.71,303,90+,OVERDUE,MAINTENANCE,WEST
INV-03027,CUS-0024,2022-07-04,2022-08-18,2022-08-18,1206.01,1206.01,0.0,0,PAID,PAID,MAINTENANCE,SOUTH
INV-03028,CUS-0472,2023-01-17,2023-02-16,2023-02-19,347.08,347.08,0.0,0,PAID,PAID,MAINTENANCE,EAST
INV-03029,CUS-0477,2022-06-08,2022-07-23,2022-07-19,5762.47,5762.47,0.0,0,PAID,PAID,SERVICES,EAST
INV-03030,CUS-0124,2023-12-14,2024-01-28,2024-01-25,1811.21,1811.21,0.0,0,PAID,PAID,MAINTENANCE,WEST
INV-03031,CUS-0325,2023-04-16,2023-05-16,2023-05-12,5162.2,5162.2,0.0,0,PAID,PAID,SOFTWARE,SOUTH
INV-03032,CUS-0044,2022-09-07,2022-10-07,2022-10-05,2058.19,2058.19,0.0,0,PAID,PAID,MAINTENANCE,SOUTH
INV-03033,CUS-0032,2022-11-22,2023-01-21,2023-01-20,2084.15,2084.15,0.0,0,PAID,PAID,MAINTENANCE,SOUTH
INV-03034,CUS-0497,2023-08-14,2023-09-13,,4799.04,1665.21,3133.83,200,90+,PARTIAL,SERVICES,SOUTH
INV-03035,CUS-0310,2024-02-21,2024-04-06,2024-04-03,13122.91,13122.91,0.0,0,PAID,PAID,SOFTWARE,EAST
INV-03036,CUS-0208,2023-05-14,2023-07-13,2023-07-18,2044.6,2044.6,0.0,0,PAID,PAID,HARDWARE,NORTH
INV-03037,CUS-0492,2024-03-18,2024-05-02,2024-05-22,3237.42,3237.42,0.0,0,PAID,PAID,HARDWARE,WEST
INV-03038,CUS-0444,2024-02-16,2024-04-16,2024-05-10,2288.12,2288.12,0.0,0,PAID,PAID,SERVICES,NORTH
INV-03039,CUS-0314,2023-09-02,2023-11-01,2023-11-08,743.7,743.7,0.0,0,PAID,PAID,SERVICES,SOUTH
INV-03040,CUS-0446,2023-03-21,2023-05-20,2023-05-18,1539.97,1539.97,0.0,0,PAID,PAID,MAINTENANCE,SOUTH
INV-03041,CUS-0063,2022-07-05,2022-08-19,2022-08-17,17867.73,17867.73,0.0,0,PAID,PAID,SOFTWARE,SOUTH
INV-03042,CUS-0009,2023-07-04,2023-08-03,2023-08-02,3188.88,3188.88,0.0,0,PAID,PAID,HARDWARE,SOUTH
INV-03043,CUS-0499,2023-06-09,2023-08-08,2023-08-06,644.29,644.29,0.0,0,PAID,PAID,MAINTENANCE,WEST
INV-03044,CUS-0079,2023-11-29,2023-12-29,2023-12-24,1777.29,1777.29,0.0,0,PAID,PAID,SERVICES,EAST
INV-03045,CUS-0479,2023-09-04,2023-10-19,2023-10-16,46834.52,46834.52,0.0,0,PAID,PAID,SERVICES,WEST
INV-03046,CUS-0446,2023-12-05,2024-02-03,2024-01-31,7264.53,7264.53,0.0,0,PAID,PAID,SERVICES,EAST
INV-03047,CUS-0102,2023-12-29,2024-02-27,2024-02-26,215.62,215.62,0.0,0,PAID,PAID,MAINTENANCE,EAST
INV-03048,CUS-0470,2022-09-20,2022-11-19,,5654.37,0.0,5654.37,498,90+,OVERDUE,SERVICES,WEST
INV-03049,CUS-0078,2023-04-17,2023-06-01,2023-05-27,12365.46,12365.46,0.0,0,PAID,PAID,MAINTENANCE,NORTH
INV-03050,CUS-0261,2022-12-21,2023-02-19,2023-02-17,3513.66,3513.66,0.0,0,PAID,PAID,SOFTWARE,NORTH
INV-03051,CUS-0037,2022-07-17,2022-08-16,2022-08-14,2537.32,2537.32,0.0,0,PAID,PAID,HARDWARE,NORTH
INV-03052,CUS-0338,2022-04-25,2022-06-24,2022-07-24,15270.55,15270.55,0.0,0,PAID,PAID,SERVICES,NORTH
INV-03053,CUS-0184,2023-11-20,2024-01-04,2024-01-01,3348.64,3348.64,0.0,0,PAID,PAID,SOFTWARE,EAST
INV-03054,CUS-0185,2023-01-23,2023-03-24,2023-04-06,6624.58,6624.58,0.0,0,PAID,PAID,SERVICES,WEST
INV-03055,CUS-0496,2022-06-14,2022-07-14,2022-07-13,11343.6,11343.6,0.0,0,PAID,PAID,HARDWARE,WEST
INV-03056,CUS-0127,2023-11-28,2024-01-12,2024-01-10,11651.68,11651.68,0.0,0,PAID,PAID,HARDWARE,EAST
INV-03057,CUS-0427,2022-04-10,2022-06-09,2022-06-07,5049.84,5049.84,0.0,0,PAID,PAID,HARDWARE,EAST
INV-03058,CUS-0070,2024-03-06,2024-04-05,2024-04-04,7105.19,7105.19,0.0,0,PAID,PAID,MAINTENANCE,NORTH
INV-03059,CUS-0312,2022-09-16,2022-10-31,2022-10-29,25069.9,25069.9,0.0,0,PAID,PAID,SOFTWARE,NORTH
INV-03060,CUS-0356,2023-12-12,2024-01-26,2024-02-03,11056.08,11056.08,0.0,0,PAID,PAID,MAINTENANCE,SOUTH
INV-03061,CUS-0354,2022-05-18,2022-06-17,,6781.8,0.0,6781.8,653,90+,OVERDUE,HARDWARE,NORTH
INV-03062,CUS-0214,2022-05-18,2022-06-17,2022-06-12,1069.05,1069.05,0.0,0,PAID,PAID,HARDWARE,WEST
INV-03063,CUS-0312,2023-07-22,2023-09-05,2023-09-10,34196.76,34196.76,0.0,0,PAID,PAID,HARDWARE,NORTH
INV-03064,CUS-0491,2023-02-10,2023-03-27,2023-03-24,5804.34,5804.34,0.0,0,PAID,PAID,HARDWARE,EAST
INV-03065,CUS-0424,2023-10-28,2023-11-27,2023-11-25,687.18,687.18,0.0,0,PAID,PAID,SERVICES,SOUTH
INV-03066,CUS-0490,2023-04-19,2023-06-03,2023-06-20,7776.85,7776.85,0.0,0,PAID,PAID,MAINTENANCE,EAST
INV-03067,CUS-0304,2023-02-12,2023-03-14,2023-03-09,783.02,783.02,0.0,0,PAID,PAID,MAINTENANCE,NORTH
INV-03068,CUS-0086,2024-01-17,2024-03-17,2024-03-12,3017.43,3017.43,0.0,0,PAID,PAID,SOFTWARE,NORTH
INV-03069,CUS-0087,2022-12-09,2023-01-08,2023-01-03,6485.17,6485.17,0.0,0,PAID,PAID,SOFTWARE,SOUTH
INV-03070,CUS-0105,2024-02-27,2024-04-12,2024-04-11,2470.91,2470.91,0.0,0,PAID,PAID,MAINTENANCE,WEST
INV-03071,CUS-0042,2023-05-31,2023-07-30,2023-07-29,16405.61,16405.61,0.0,0,PAID,PAID,MAINTENANCE,NORTH
INV-03072,CUS-0233,2023-12-17,2024-01-16,2024-01-16,501.35,501.35,0.0,0,PAID,PAID,HARDWARE,EAST
INV-03073,CUS-0043,2023-05-06,2023-06-05,,27346.83,18403.64,8943.19,300,90+,PARTIAL,HARDWARE,NORTH
INV-03074,CUS-0061,2023-05-09,2023-07-08,,1451.72,0.0,1451.72,267,90+,OVERDUE,SERVICES,EAST
INV-03075,CUS-0395,2022-12-10,2023-01-24,,33503.0,18872.71,14630.29,432,90+,PARTIAL,HARDWARE,NORTH
INV-03076,CUS-0400,2022-06-17,2022-08-01,2022-07-31,3086.58,3086.58,0.0,0,PAID,PAID,MAINTENANCE,SOUTH
INV-03077,CUS-0188,2023-06-27,2023-08-11,2023-08-10,1186.82,1186.82,0.0,0,PAID,PAID,SERVICES,WEST
INV-03078,CUS-0475,2022-12-19,2023-02-02,2023-02-02,1561.76,1561.76,0.0,0,PAID,PAID,SERVICES,SOUTH
INV-03079,CUS-0019,2022-12-29,2023-01-28,2023-02-04,58662.09,58662.09,0.0,0,PAID,PAID,MAINTENANCE,NORTH
INV-03080,CUS-0490,2023-04-16,2023-05-31,,711.44,0.0,711.44,305,90+,OVERDUE,HARDWARE,SOUTH
INV-03081,CUS-0076,2023-12-15,2024-02-13,2024-02-10,6884.04,6884.04,0.0,0,PAID,PAID,SERVICES,EAST
INV-03082,CUS-0223,2024-03-08,2024-05-07,2024-05-04,19038.26,19038.26,0.0,0,PAID,PAID,SOFTWARE,NORTH
INV-03083,CUS-0136,2023-04-19,2023-06-03,2023-05-29,5526.61,5526.61,0.0,0,PAID,PAID,MAINTENANCE,SOUTH
INV-03084,CUS-0477,2023-03-26,2023-05-10,2023-05-08,10163.19,10163.19,0.0,0,PAID,PAID,SERVICES,SOUTH
INV-03085,CUS-0112,2023-12-09,2024-02-07,2024-02-06,1794.91,1794.91,0.0,0,PAID,PAID,MAINTENANCE,SOUTH
INV-03086,CUS-0248,2022-06-08,2022-07-08,2022-07-28,13446.45,13446.45,0.0,0,PAID,PAID,SOFTWARE,NORTH
INV-03087,CUS-0035,2023-08-15,2023-09-29,2023-10-15,7686.5,7686.5,0.0,0,PAID,PAID,SOFTWARE,EAST
INV-03088,CUS-0369,2024-01-25,2024-03-10,2024-03-07,19213.18,19213.18,0.0,0,PAID,PAID,MAINTENANCE,NORTH
INV-03089,CUS-0405,2022-12-11,2023-01-10,,10409.21,0.0,10409.21,446,90+,OVERDUE,MAINTENANCE,WEST
INV-03090,CUS-0226,2024-02-12,2024-03-13,2024-03-13,8465.35,8465.35,0.0,0,PAID,PAID,MAINTENANCE,NORTH
INV-03091,CUS-0092,2022-10-15,2022-11-14,2022-11-11,483.03,483.03,0.0,0,PAID,PAID,HARDWARE,SOUTH
INV-03092,CUS-0304,2022-12-17,2023-01-16,2023-01-16,5814.33,5814.33,0.0,0,PAID,PAID,HARDWARE,WEST
INV-03093,CUS-0387,2023-12-11,2024-01-10,2024-01-10,45022.21,45022.21,0.0,0,PAID,PAID,SERVICES,SOUTH
INV-03094,CUS-0160,2022-10-29,2022-12-13,2022-12-10,2167.24,2167.24,0.0,0,PAID,PAID,MAINTENANCE,EAST
INV-03095,CUS-0304,2024-02-10,2024-03-11,2024-03-08,1141.06,1141.06,0.0,0,PAID,PAID,SOFTWARE,EAST
INV-03096,CUS-0108,2023-02-13,2023-03-30,2023-04-04,2895.43,2895.43,0.0,0,PAID,PAID,SOFTWARE,SOUTH
INV-03097,CUS-0203,2023-05-26,2023-07-25,,1122.21,0.0,1122.21,250,90+,OVERDUE,SOFTWARE,SOUTH
INV-03098,CUS-0436,2022-06-28,2022-07-28,,2659.77,0.0,2659.77,612,90+,OVERDUE,HARDWARE,NORTH
INV-03099,CUS-0048,2022-07-01,2022-08-30,2022-08-28,12336.72,12336.72,0.0,0,PAID,PAID,SERVICES,SOUTH
INV-03100,CUS-0421,2022-09-11,2022-11-10,2022-12-02,5710.04,5710.04,0.0,0,PAID,PAID,SOFTWARE,SOUTH
INV-03101,CUS-0241,2023-07-18,2023-09-16,2023-09-14,1764.76,1764.76,0.0,0,PAID,PAID,MAINTENANCE,NORTH
INV-03102,CUS-0062,2022-07-24,2022-09-07,2022-09-03,169.11,169.11,0.0,0,PAID,PAID,SERVICES,SOUTH
INV-03103,CUS-0116,2022-11-16,2022-12-16,2022-12-13,541.95,541.95,0.0,0,PAID,PAID,SOFTWARE,WEST
INV-03104,CUS-0223,2023-03-11,2023-05-10,2023-05-05,53768.72,53768.72,0.0,0,PAID,PAID,HARDWARE,NORTH
INV-03105,CUS-0236,2023-09-01,2023-10-31,2023-10-28,12539.53,12539.53,0.0,0,PAID,PAID,SERVICES,NORTH
INV-03106,CUS-0177,2024-01-20,2024-03-05,2024-02-29,3648.96,3648.96,0.0,0,PAID,PAID,SERVICES,SOUTH
INV-03107,CUS-0472,2024-03-19,2024-04-18,2024-04-13,464.23,464.23,0.0,0,PAID,PAID,SERVICES,SOUTH
INV-03108,CUS-0460,2023-05-19,2023-07-03,2023-07-06,29846.06,29846.06,0.0,0,PAID,PAID,SOFTWARE,WEST
INV-03109,CUS-0158,2024-02-07,2024-03-08,2024-03-08,3663.84,3663.84,0.0,0,PAID,PAID,SERVICES,WEST
INV-03110,CUS-0046,2023-06-19,2023-07-19,2023-07-14,375.44,375.44,0.0,0,PAID,PAID,MAINTENANCE,EAST
INV-03111,CUS-0155,2023-06-28,2023-08-27,2023-08-22,2248.03,2248.03,0.0,0,PAID,PAID,SERVICES,WEST
INV-03112,CUS-0271,2022-04-04,2022-05-04,2022-05-02,1234.08,1234.08,0.0,0,PAID,PAID,HARDWARE,SOUTH
INV-03113,CUS-0336,2023-01-24,2023-03-10,2023-03-07,1201.12,1201.12,0.0,0,PAID,PAID,SERVICES,NORTH
INV-03114,CUS-0099,2024-02-10,2024-03-26,,944.55,630.32,314.23,5,CURRENT,PARTIAL,SERVICES,EAST
INV-03115,CUS-0370,2024-01-15,2024-02-29,2024-02-29,14868.64,14868.64,0.0,0,PAID,PAID,HARDWARE,WEST
INV-03116,CUS-0485,2023-08-23,2023-10-22,2023-11-06,1871.98,1871.98,0.0,0,PAID,PAID,MAINTENANCE,EAST
INV-03117,CUS-0392,2022-04-16,2022-06-15,2022-06-15,15995.96,15995.96,0.0,0,PAID,PAID,SOFTWARE,NORTH
INV-03118,CUS-0193,2023-10-12,2023-11-26,2023-11-25,365.48,365.48,0.0,0,PAID,PAID,HARDWARE,NORTH
INV-03119,CUS-0134,2024-02-03,2024-04-03,2024-03-29,404.04,404.04,0.0,0,PAID,PAID,HARDWARE,SOUTH
INV-03120,CUS-0323,2023-06-13,2023-07-13,2023-07-12,2736.35,2736.35,0.0,0,PAID,PAID,SOFTWARE,WEST
INV-03121,CUS-0285,2024-01-26,2024-03-11,2024-03-07,3578.26,3578.26,0.0,0,PAID,PAID,MAINTENANCE,WEST
INV-03122,CUS-0325,2023-09-23,2023-10-23,2023-10-19,3042.94,3042.94,0.0,0,PAID,PAID,MAINTENANCE,SOUTH
INV-03123,CUS-0272,2023-06-24,2023-08-08,2023-08-05,1600.1,1600.1,0.0,0,PAID,PAID,MAINTENANCE,SOUTH
INV-03124,CUS-0265,2024-01-21,2024-03-06,2024-03-05,26708.61,26708.61,0.0,0,PAID,PAID,SOFTWARE,WEST
INV-03125,CUS-0147,2023-06-20,2023-08-19,2023-08-19,563.85,563.85,0.0,0,PAID,PAID,MAINTENANCE,EAST
INV-03126,CUS-0474,2023-05-06,2023-07-05,2023-07-02,22020.96,22020.96,0.0,0,PAID,PAID,SERVICES,SOUTH
INV-03127,CUS-0172,2022-07-18,2022-09-01,2022-09-23,10631.93,10631.93,0.0,0,PAID,PAID,SERVICES,SOUTH
INV-03128,CUS-0007,2023-04-10,2023-05-25,2023-06-15,468.62,468.62,0.0,0,PAID,PAID,MAINTENANCE,EAST
INV-03129,CUS-0040,2022-12-05,2023-01-19,2023-01-15,14648.03,14648.03,0.0,0,PAID,PAID,SERVICES,SOUTH
INV-03130,CUS-0232,2023-08-29,2023-09-28,2023-09-28,3689.65,3689.65,0.0,0,PAID,PAID,SOFTWARE,NORTH
INV-03131,CUS-0125,2022-09-02,2022-10-17,2022-10-17,3558.03,3558.03,0.0,0,PAID,PAID,SERVICES,WEST
INV-03132,CUS-0039,2023-03-15,2023-04-29,2023-04-27,518.89,518.89,0.0,0,PAID,PAID,MAINTENANCE,EAST
INV-03133,CUS-0105,2022-07-28,2022-09-11,2022-09-11,470.4,470.4,0.0,0,PAID,PAID,HARDWARE,SOUTH
INV-03134,CUS-0127,2024-01-12,2024-02-26,,1067.51,0.0,1067.51,34,31-60,OVERDUE,MAINTENANCE,WEST
INV-03135,CUS-0272,2023-07-28,2023-09-11,2023-09-07,613.3,613.3,0.0,0,PAID,PAID,MAINTENANCE,WEST
INV-03136,CUS-0401,2023-07-22,2023-09-05,2023-09-02,10517.77,10517.77,0.0,0,PAID,PAID,MAINTENANCE,EAST
INV-03137,CUS-0313,2022-08-26,2022-10-25,2022-10-24,4719.8,4719.8,0.0,0,PAID,PAID,MAINTENANCE,EAST
INV-03138,CUS-0492,2023-06-05,2023-07-20,2023-07-20,5166.37,5166.37,0.0,0,PAID,PAID,SERVICES,EAST
INV-03139,CUS-0323,2024-02-08,2024-03-09,2024-03-08,927.57,927.57,0.0,0,PAID,PAID,SERVICES,EAST
INV-03140,CUS-0021,2023-06-04,2023-07-04,2023-07-04,1978.55,1978.55,0.0,0,PAID,PAID,MAINTENANCE,EAST
INV-03141,CUS-0012,2022-10-16,2022-11-30,2022-11-27,33365.43,33365.43,0.0,0,PAID,PAID,MAINTENANCE,NORTH
INV-03142,CUS-0060,2023-08-13,2023-09-12,2023-10-01,3345.89,3345.89,0.0,0,PAID,PAID,SERVICES,SOUTH
INV-03143,CUS-0232,2023-06-20,2023-07-20,2023-07-19,763.72,763.72,0.0,0,PAID,PAID,HARDWARE,EAST
INV-03144,CUS-0386,2023-01-22,2023-03-23,2023-03-22,1496.32,1496.32,0.0,0,PAID,PAID,SERVICES,EAST
INV-03145,CUS-0137,2023-11-03,2024-01-02,2024-01-01,5556.83,5556.83,0.0,0,PAID,PAID,MAINTENANCE,WEST
INV-03146,CUS-0055,2023-11-10,2023-12-25,2023-12-24,852.7,852.7,0.0,0,PAID,PAID,HARDWARE,EAST
INV-03147,CUS-0309,2022-08-25,2022-10-24,2022-11-13,7247.84,7247.84,0.0,0,PAID,PAID,SERVICES,WEST
INV-03148,CUS-0143,2022-11-05,2022-12-20,,667.2,0.0,667.2,467,90+,OVERDUE,MAINTENANCE,WEST
INV-03149,CUS-0118,2022-11-25,2023-01-09,2023-01-07,2165.2,2165.2,0.0,0,PAID,PAID,SERVICES,EAST
INV-03150,CUS-0106,2023-03-10,2023-05-09,2023-05-07,1048.58,1048.58,0.0,0,PAID,PAID,HARDWARE,EAST
INV-03151,CUS-0387,2024-03-13,2024-04-12,2024-04-08,55956.93,55956.93,0.0,0,PAID,PAID,SOFTWARE,SOUTH
INV-03152,CUS-0231,2022-04-27,2022-05-27,2022-05-24,5197.48,5197.48,0.0,0,PAID,PAID,SERVICES,SOUTH
INV-03153,CUS-0320,2023-06-25,2023-08-24,2023-09-02,6034.42,6034.42,0.0,0,PAID,PAID,HARDWARE,SOUTH
INV-03154,CUS-0206,2023-08-07,2023-09-21,2023-09-17,14583.31,14583.31,0.0,0,PAID,PAID,SERVICES,WEST
INV-03155,CUS-0304,2023-10-30,2023-11-29,2023-11-26,367.94,367.94,0.0,0,PAID,PAID,SOFTWARE,EAST
INV-03156,CUS-0164,2023-08-17,2023-09-16,2023-09-16,586.66,586.66,0.0,0,PAID,PAID,HARDWARE,WEST
INV-03157,CUS-0219,2023-01-22,2023-03-23,2023-03-22,483.74,483.74,0.0,0,PAID,PAID,HARDWARE,WEST
INV-03158,CUS-0277,2023-12-26,2024-02-24,2024-02-22,2385.56,2385.56,0.0,0,PAID,PAID,SERVICES,SOUTH
INV-03159,CUS-0433,2024-03-25,2024-04-24,2024-05-20,1911.14,1911.14,0.0,0,PAID,PAID,MAINTENANCE,EAST
INV-03160,CUS-0111,2023-12-22,2024-02-05,2024-02-01,1882.74,1882.74,0.0,0,PAID,PAID,SOFTWARE,SOUTH
INV-03161,CUS-0016,2022-05-02,2022-07-01,2022-07-01,804.63,804.63,0.0,0,PAID,PAID,SERVICES,EAST
INV-03162,CUS-0075,2023-06-07,2023-08-06,2023-08-03,1108.67,1108.67,0.0,0,PAID,PAID,HARDWARE,SOUTH
INV-03163,CUS-0330,2024-03-06,2024-05-05,2024-06-01,4218.78,4218.78,0.0,0,PAID,PAID,HARDWARE,SOUTH
INV-03164,CUS-0441,2023-09-12,2023-10-12,2023-10-12,1352.53,1352.53,0.0,0,PAID,PAID,SOFTWARE,WEST
INV-03165,CUS-0488,2023-11-04,2024-01-03,2024-01-31,1559.79,1559.79,0.0,0,PAID,PAID,SERVICES,WEST
INV-03166,CUS-0471,2023-11-20,2024-01-04,2024-01-02,6091.21,6091.21,0.0,0,PAID,PAID,MAINTENANCE,NORTH
INV-03167,CUS-0022,2022-07-26,2022-09-24,,19872.5,6588.78,13283.72,554,90+,PARTIAL,SOFTWARE,NORTH
INV-03168,CUS-0285,2023-08-30,2023-10-14,2023-10-12,928.91,928.91,0.0,0,PAID,PAID,SERVICES,SOUTH
INV-03169,CUS-0299,2023-05-12,2023-07-11,,1334.21,611.89,722.32,264,90+,PARTIAL,SOFTWARE,NORTH
INV-03170,CUS-0394,2022-12-24,2023-02-07,2023-02-03,2719.41,2719.41,0.0,0,PAID,PAID,SERVICES,NORTH
INV-03171,CUS-0100,2023-02-10,2023-03-12,2023-03-11,593.71,593.71,0.0,0,PAID,PAID,SOFTWARE,WEST
INV-03172,CUS-0255,2023-12-05,2024-01-19,,1882.4,0.0,1882.4,72,61-90,OVERDUE,SOFTWARE,NORTH
INV-03173,CUS-0350,2023-06-04,2023-08-03,,7058.27,0.0,7058.27,241,90+,OVERDUE,SOFTWARE,EAST
INV-03174,CUS-0346,2023-05-02,2023-07-01,2023-06-30,1782.52,1782.52,0.0,0,PAID,PAID,SERVICES,WEST
INV-03175,CUS-0068,2022-08-11,2022-09-25,2022-09-25,958.16,958.16,0.0,0,PAID,PAID,SERVICES,SOUTH
INV-03176,CUS-0457,2023-06-13,2023-08-12,2023-08-09,3860.76,3860.76,0.0,0,PAID,PAID,MAINTENANCE,NORTH
INV-03177,CUS-0071,2023-11-22,2024-01-06,2024-02-04,232336.63,232336.63,0.0,0,PAID,PAID,SERVICES,SOUTH
INV-03178,CUS-0461,2022-09-04,2022-11-03,2022-10-30,119.92,119.92,0.0,0,PAID,PAID,HARDWARE,SOUTH
INV-03179,CUS-0076,2024-02-22,2024-04-22,2024-04-19,4793.19,4793.19,0.0,0,PAID,PAID,MAINTENANCE,EAST
INV-03180,CUS-0395,2023-08-31,2023-10-15,2023-10-22,2209.51,2209.51,0.0,0,PAID,PAID,HARDWARE,EAST
INV-03181,CUS-0460,2022-10-07,2022-11-21,2022-11-21,18579.96,18579.96,0.0,0,PAID,PAID,SOFTWARE,SOUTH
INV-03182,CUS-0305,2023-12-24,2024-02-07,,441.53,0.0,441.53,53,31-60,OVERDUE,SOFTWARE,SOUTH
INV-03183,CUS-0305,2022-07-24,2022-09-07,,11811.27,6422.98,5388.29,571,90+,PARTIAL,SERVICES,WEST
INV-03184,CUS-0339,2022-12-24,2023-02-07,2023-02-06,11065.49,11065.49,0.0,0,PAID,PAID,MAINTENANCE,EAST
INV-03185,CUS-0090,2023-01-21,2023-03-07,2023-03-06,8419.51,8419.51,0.0,0,PAID,PAID,SOFTWARE,SOUTH
INV-03186,CUS-0130,2022-05-17,2022-07-16,2022-07-15,1466.04,1466.04,0.0,0,PAID,PAID,SERVICES,WEST
INV-03187,CUS-0388,2023-07-08,2023-08-07,2023-08-07,14040.96,14040.96,0.0,0,PAID,PAID,SOFTWARE,NORTH
INV-03188,CUS-0382,2022-07-27,2022-09-25,2022-09-22,6508.3,6508.3,0.0,0,PAID,PAID,MAINTENANCE,WEST
INV-03189,CUS-0474,2023-03-04,2023-05-03,2023-05-03,2285.39,2285.39,0.0,0,PAID,PAID,MAINTENANCE,WEST
INV-03190,CUS-0055,2023-08-11,2023-09-25,2023-09-26,1134.44,1134.44,0.0,0,PAID,PAID,MAINTENANCE,WEST
INV-03191,CUS-0197,2022-09-15,2022-10-15,2022-10-11,5804.68,5804.68,0.0,0,PAID,PAID,SERVICES,EAST
INV-03192,CUS-0425,2023-05-29,2023-06-28,2023-06-30,4856.25,4856.25,0.0,0,PAID,PAID,SOFTWARE,EAST
INV-03193,CUS-0215,2022-11-24,2022-12-24,2022-12-24,1452.26,1452.26,0.0,0,PAID,PAID,SOFTWARE,SOUTH
INV-03194,CUS-0204,2023-11-14,2023-12-29,,1002.69,369.24,633.45,93,90+,PARTIAL,HARDWARE,SOUTH
INV-03195,CUS-0381,2022-12-20,2023-01-19,2023-01-18,1270.97,1270.97,0.0,0,PAID,PAID,HARDWARE,SOUTH
INV-03196,CUS-0314,2022-04-08,2022-06-07,2022-07-03,3939.72,3939.72,0.0,0,PAID,PAID,HARDWARE,NORTH
INV-03197,CUS-0153,2024-03-06,2024-05-05,2024-05-04,1078.61,1078.61,0.0,0,PAID,PAID,SOFTWARE,EAST
INV-03198,CUS-0450,2022-07-20,2022-09-18,2022-09-20,4725.98,4725.98,0.0,0,PAID,PAID,MAINTENANCE,WEST
INV-03199,CUS-0140,2023-02-05,2023-03-07,2023-03-03,3833.26,3833.26,0.0,0,PAID,PAID,MAINTENANCE,NORTH
INV-03200,CUS-0410,2022-05-24,2022-07-08,2022-07-03,4223.08,4223.08,0.0,0,PAID,PAID,MAINTENANCE,EAST
INV-03201,CUS-0448,2022-04-02,2022-06-01,2022-05-28,2256.86,2256.86,0.0,0,PAID,PAID,SOFTWARE,EAST
INV-03202,CUS-0047,2022-04-09,2022-06-08,2022-06-03,3113.92,3113.92,0.0,0,PAID,PAID,SOFTWARE,WEST
INV-03203,CUS-0099,2022-07-08,2022-08-22,,40243.26,19625.2,20618.06,587,90+,PARTIAL,SOFTWARE,EAST
INV-03204,CUS-0060,2022-10-14,2022-11-13,2022-11-13,6024.77,6024.77,0.0,0,PAID,PAID,SOFTWARE,SOUTH
INV-03205,CUS-0135,2024-03-26,2024-04-25,2024-04-21,2720.59,2720.59,0.0,0,PAID,PAID,SERVICES,WEST
INV-03206,CUS-0493,2023-12-07,2024-01-06,2024-01-04,879.74,879.74,0.0,0,PAID,PAID,SERVICES,SOUTH
INV-03207,CUS-0493,2024-01-05,2024-02-04,2024-01-30,54.87,54.87,0.0,0,PAID,PAID,SOFTWARE,WEST
INV-03208,CUS-0103,2022-06-25,2022-08-09,2022-08-13,3538.83,3538.83,0.0,0,PAID,PAID,SOFTWARE,NORTH
INV-03209,CUS-0390,2023-05-03,2023-06-02,,162.51,56.5,106.01,303,90+,PARTIAL,MAINTENANCE,NORTH
INV-03210,CUS-0092,2022-06-18,2022-07-18,2022-07-16,1118.0,1118.0,0.0,0,PAID,PAID,MAINTENANCE,NORTH
INV-03211,CUS-0275,2022-07-29,2022-09-12,2022-09-12,15633.78,15633.78,0.0,0,PAID,PAID,MAINTENANCE,EAST
INV-03212,CUS-0453,2022-08-03,2022-09-02,2022-09-01,3269.09,3269.09,0.0,0,PAID,PAID,SOFTWARE,EAST
INV-03213,CUS-0488,2022-07-07,2022-09-05,2022-09-01,1261.68,1261.68,0.0,0,PAID,PAID,SERVICES,EAST
INV-03214,CUS-0248,2023-03-24,2023-04-23,2023-04-18,61391.83,61391.83,0.0,0,PAID,PAID,HARDWARE,WEST
INV-03215,CUS-0067,2023-07-06,2023-09-04,2023-09-03,27848.8,27848.8,0.0,0,PAID,PAID,MAINTENANCE,WEST
INV-03216,CUS-0234,2024-03-27,2024-04-26,2024-04-22,8175.33,8175.33,0.0,0,PAID,PAID,MAINTENANCE,SOUTH
INV-03217,CUS-0061,2022-08-26,2022-10-25,2022-10-23,236.65,236.65,0.0,0,PAID,PAID,SOFTWARE,SOUTH
INV-03218,CUS-0151,2022-07-15,2022-08-14,2022-08-11,8639.68,8639.68,0.0,0,PAID,PAID,SERVICES,EAST
INV-03219,CUS-0368,2022-12-14,2023-01-28,2023-01-27,1416.69,1416.69,0.0,0,PAID,PAID,SOFTWARE,NORTH
INV-03220,CUS-0169,2023-11-26,2023-12-26,2023-12-24,725.57,725.57,0.0,0,PAID,PAID,SERVICES,EAST
INV-03221,CUS-0073,2023-12-15,2024-01-14,2024-02-10,5664.6,5664.6,0.0,0,PAID,PAID,HARDWARE,EAST
INV-03222,CUS-0068,2023-01-30,2023-03-16,2023-03-12,1312.96,1312.96,0.0,0,PAID,PAID,SERVICES,NORTH
INV-03223,CUS-0326,2024-01-07,2024-03-07,2024-03-06,2256.32,2256.32,0.0,0,PAID,PAID,HARDWARE,EAST
INV-03224,CUS-0323,2022-10-28,2022-11-27,2022-11-22,3510.98,3510.98,0.0,0,PAID,PAID,SERVICES,NORTH
INV-03225,CUS-0031,2023-10-01,2023-11-30,2023-11-25,15743.97,15743.97,0.0,0,PAID,PAID,MAINTENANCE,WEST
INV-03226,CUS-0262,2022-11-26,2023-01-25,2023-01-24,1367.71,1367.71,0.0,0,PAID,PAID,MAINTENANCE,WEST
INV-03227,CUS-0297,2022-12-06,2023-01-20,2023-01-16,281.12,281.12,0.0,0,PAID,PAID,SERVICES,WEST
INV-03228,CUS-0051,2023-07-15,2023-08-29,2023-08-26,1405.86,1405.86,0.0,0,PAID,PAID,MAINTENANCE,WEST
INV-03229,CUS-0287,2023-04-10,2023-06-09,2023-06-08,2029.67,2029.67,0.0,0,PAID,PAID,SERVICES,SOUTH
INV-03230,CUS-0476,2023-08-03,2023-10-02,2023-09-29,37581.68,37581.68,0.0,0,PAID,PAID,SERVICES,NORTH
INV-03231,CUS-0159,2023-08-04,2023-09-03,2023-09-02,813.6,813.6,0.0,0,PAID,PAID,HARDWARE,EAST
INV-03232,CUS-0314,2022-06-27,2022-08-26,2022-08-24,1598.15,1598.15,0.0,0,PAID,PAID,HARDWARE,NORTH
INV-03233,CUS-0457,2022-04-27,2022-06-26,2022-07-26,513.89,513.89,0.0,0,PAID,PAID,MAINTENANCE,SOUTH
INV-03234,CUS-0205,2023-08-13,2023-09-27,2023-09-25,397.39,397.39,0.0,0,PAID,PAID,SERVICES,WEST
INV-03235,CUS-0130,2023-12-28,2024-02-26,2024-02-23,138.71,138.71,0.0,0,PAID,PAID,SOFTWARE,WEST
INV-03236,CUS-0451,2023-10-23,2023-12-07,,10763.23,6340.49,4422.74,115,90+,PARTIAL,SOFTWARE,NORTH
INV-03237,CUS-0202,2022-06-28,2022-08-12,2022-08-12,2836.67,2836.67,0.0,0,PAID,PAID,SERVICES,EAST
INV-03238,CUS-0169,2022-07-16,2022-08-15,2022-08-11,1166.68,1166.68,0.0,0,PAID,PAID,SERVICES,NORTH
INV-03239,CUS-0297,2024-03-17,2024-05-01,2024-05-01,3394.61,3394.61,0.0,0,PAID,PAID,SOFTWARE,NORTH
INV-03240,CUS-0395,2023-06-19,2023-08-03,2023-08-21,3280.31,3280.31,0.0,0,PAID,PAID,SOFTWARE,SOUTH
INV-03241,CUS-0492,2023-02-23,2023-04-09,2023-04-09,2300.21,2300.21,0.0,0,PAID,PAID,SOFTWARE,SOUTH
INV-03242,CUS-0399,2024-02-02,2024-04-02,,3907.02,0.0,3907.02,0,CURRENT,OVERDUE,SOFTWARE,NORTH
INV-03243,CUS-0128,2022-06-26,2022-08-25,2022-08-23,5035.2,5035.2,0.0,0,PAID,PAID,HARDWARE,EAST
INV-03244,CUS-0236,2024-01-03,2024-03-03,2024-03-21,18282.14,18282.14,0.0,0,PAID,PAID,MAINTENANCE,WEST
INV-03245,CUS-0303,2024-02-27,2024-03-28,2024-03-29,3200.23,3200.23,0.0,0,PAID,PAID,HARDWARE,NORTH
INV-03246,CUS-0320,2023-12-21,2024-02-19,2024-02-15,1750.81,1750.81,0.0,0,PAID,PAID,HARDWARE,WEST
INV-03247,CUS-0188,2023-12-25,2024-02-08,,119.87,0.0,119.87,52,31-60,OVERDUE,SOFTWARE,NORTH
INV-03248,CUS-0161,2023-01-31,2023-04-01,2023-03-29,5997.53,5997.53,0.0,0,PAID,PAID,SOFTWARE,WEST
INV-03249,CUS-0153,2023-11-17,2024-01-16,2024-01-13,1685.52,1685.52,0.0,0,PAID,PAID,SOFTWARE,EAST
INV-03250,CUS-0323,2022-09-07,2022-10-07,2022-10-04,9203.27,9203.27,0.0,0,PAID,PAID,MAINTENANCE,EAST
INV-03251,CUS-0220,2023-03-19,2023-04-18,2023-04-13,10688.54,10688.54,0.0,0,PAID,PAID,HARDWARE,WEST
INV-03252,CUS-0059,2023-09-22,2023-10-22,2023-10-17,6603.87,6603.87,0.0,0,PAID,PAID,SOFTWARE,NORTH
INV-03253,CUS-0246,2023-06-21,2023-07-21,,33701.77,15989.72,17712.05,254,90+,PARTIAL,SOFTWARE,SOUTH
INV-03254,CUS-0129,2024-02-22,2024-03-23,2024-03-22,7059.16,7059.16,0.0,0,PAID,PAID,HARDWARE,EAST
INV-03255,CUS-0157,2024-02-29,2024-03-30,2024-03-29,2659.49,2659.49,0.0,0,PAID,PAID,SERVICES,SOUTH
INV-03256,CUS-0036,2023-11-07,2023-12-07,2023-12-04,1697.74,1697.74,0.0,0,PAID,PAID,HARDWARE,NORTH
INV-03257,CUS-0449,2022-10-07,2022-11-06,2022-11-21,3865.75,3865.75,0.0,0,PAID,PAID,SOFTWARE,WEST
INV-03258,CUS-0479,2022-11-12,2022-12-27,2022-12-23,65575.36,65575.36,0.0,0,PAID,PAID,HARDWARE,SOUTH
INV-03259,CUS-0371,2023-06-14,2023-07-14,2023-07-10,30115.07,30115.07,0.0,0,PAID,PAID,HARDWARE,NORTH
INV-03260,CUS-0437,2023-07-02,2023-08-31,2023-09-14,24045.52,24045.52,0.0,0,PAID,PAID,MAINTENANCE,NORTH
INV-03261,CUS-0484,2023-02-19,2023-03-21,2023-03-21,3162.03,3162.03,0.0,0,PAID,PAID,HARDWARE,EAST
INV-03262,CUS-0301,2022-09-03,2022-10-18,2022-11-05,6754.24,6754.24,0.0,0,PAID,PAID,SERVICES,SOUTH
INV-03263,CUS-0022,2022-04-16,2022-06-15,2022-06-15,2574.97,2574.97,0.0,0,PAID,PAID,HARDWARE,EAST
INV-03264,CUS-0007,2022-09-11,2022-10-26,2022-10-25,2628.91,2628.91,0.0,0,PAID,PAID,SERVICES,SOUTH
INV-03265,CUS-0192,2023-10-15,2023-11-14,2023-11-14,5964.21,5964.21,0.0,0,PAID,PAID,SERVICES,SOUTH
INV-03266,CUS-0008,2023-08-30,2023-10-29,,6188.68,3381.36,2807.32,154,90+,PARTIAL,HARDWARE,NORTH
INV-03267,CUS-0134,2024-02-13,2024-04-13,2024-04-09,1435.31,1435.31,0.0,0,PAID,PAID,MAINTENANCE,SOUTH
INV-03268,CUS-0378,2023-07-06,2023-08-05,2023-09-04,21774.8,21774.8,0.0,0,PAID,PAID,SOFTWARE,SOUTH
INV-03269,CUS-0409,2023-05-21,2023-06-20,,65266.48,45502.31,19764.17,285,90+,PARTIAL,SOFTWARE,WEST
INV-03270,CUS-0443,2023-12-22,2024-02-05,2024-02-04,1847.52,1847.52,0.0,0,PAID,PAID,SOFTWARE,WEST
INV-03271,CUS-0326,2023-09-13,2023-11-12,,1858.17,619.37,1238.8,140,90+,PARTIAL,SERVICES,NORTH
INV-03272,CUS-0339,2022-07-28,2022-09-11,2022-09-29,6321.96,6321.96,0.0,0,PAID,PAID,MAINTENANCE,SOUTH
INV-03273,CUS-0092,2023-11-10,2023-12-10,2023-12-09,3469.25,3469.25,0.0,0,PAID,PAID,MAINTENANCE,EAST
INV-03274,CUS-0176,2023-04-23,2023-06-07,2023-06-07,2903.8,2903.8,0.0,0,PAID,PAID,SOFTWARE,SOUTH
INV-03275,CUS-0075,2023-09-14,2023-11-13,2023-11-12,4917.44,4917.44,0.0,0,PAID,PAID,SOFTWARE,NORTH
INV-03276,CUS-0191,2022-12-27,2023-01-26,2023-01-25,32076.95,32076.95,0.0,0,PAID,PAID,MAINTENANCE,NORTH
INV-03277,CUS-0150,2023-03-21,2023-05-05,2023-04-30,1788.1,1788.1,0.0,0,PAID,PAID,HARDWARE,WEST
INV-03278,CUS-0275,2022-07-08,2022-08-22,2022-08-22,6933.58,6933.58,0.0,0,PAID,PAID,HARDWARE,WEST
INV-03279,CUS-0320,2023-04-07,2023-06-06,2023-06-05,1066.77,1066.77,0.0,0,PAID,PAID,HARDWARE,NORTH
INV-03280,CUS-0320,2022-07-20,2022-09-18,2022-09-18,1371.4,1371.4,0.0,0,PAID,PAID,SOFTWARE,WEST
INV-03281,CUS-0454,2022-07-07,2022-08-21,,21149.74,0.0,21149.74,588,90+,OVERDUE,HARDWARE,WEST
INV-03282,CUS-0243,2022-08-04,2022-09-18,,7365.88,0.0,7365.88,560,90+,OVERDUE,HARDWARE,EAST
INV-03283,CUS-0420,2022-11-02,2022-12-17,,12736.35,5955.51,6780.84,470,90+,PARTIAL,SOFTWARE,EAST
INV-03284,CUS-0176,2023-07-14,2023-08-28,2023-08-25,10350.45,10350.45,0.0,0,PAID,PAID,SOFTWARE,NORTH
INV-03285,CUS-0424,2022-12-05,2023-01-04,2023-01-17,191.98,191.98,0.0,0,PAID,PAID,SERVICES,WEST
INV-03286,CUS-0191,2022-10-26,2022-11-25,2022-11-21,17319.9,17319.9,0.0,0,PAID,PAID,SERVICES,NORTH
INV-03287,CUS-0306,2022-12-15,2023-01-14,2023-01-13,13687.16,13687.16,0.0,0,PAID,PAID,SERVICES,SOUTH
INV-03288,CUS-0216,2023-06-10,2023-08-09,2023-08-05,15980.25,15980.25,0.0,0,PAID,PAID,SERVICES,WEST
INV-03289,CUS-0131,2022-04-03,2022-05-03,2022-04-28,2085.17,2085.17,0.0,0,PAID,PAID,SERVICES,SOUTH
INV-03290,CUS-0328,2023-09-18,2023-11-02,2023-10-28,18886.57,18886.57,0.0,0,PAID,PAID,MAINTENANCE,SOUTH
INV-03291,CUS-0381,2022-04-03,2022-05-03,2022-05-01,884.42,884.42,0.0,0,PAID,PAID,HARDWARE,WEST
INV-03292,CUS-0115,2023-06-14,2023-08-13,2023-08-09,62088.06,62088.06,0.0,0,PAID,PAID,HARDWARE,WEST
INV-03293,CUS-0214,2023-08-08,2023-09-07,2023-09-04,962.66,962.66,0.0,0,PAID,PAID,SERVICES,EAST
INV-03294,CUS-0140,2023-10-14,2023-11-13,2023-11-13,25928.32,25928.32,0.0,0,PAID,PAID,SOFTWARE,EAST
INV-03295,CUS-0328,2022-06-27,2022-08-11,2022-08-10,7278.39,7278.39,0.0,0,PAID,PAID,SERVICES,WEST
INV-03296,CUS-0306,2022-12-22,2023-01-21,2023-01-16,58357.06,58357.06,0.0,0,PAID,PAID,HARDWARE,WEST
INV-03297,CUS-0219,2023-09-27,2023-11-26,,1369.84,703.39,666.45,126,90+,PARTIAL,SERVICES,EAST
INV-03298,CUS-0012,2023-06-16,2023-07-31,2023-07-27,42916.55,42916.55,0.0,0,PAID,PAID,SOFTWARE,WEST
INV-03299,CUS-0214,2024-01-07,2024-02-06,2024-02-05,1280.47,1280.47,0.0,0,PAID,PAID,HARDWARE,NORTH
INV-03300,CUS-0394,2024-01-01,2024-02-15,2024-02-12,4580.74,4580.74,0.0,0,PAID,PAID,HARDWARE,WEST
INV-03301,CUS-0129,2022-11-26,2022-12-26,2022-12-22,10239.88,10239.88,0.0,0,PAID,PAID,HARDWARE,NORTH
INV-03302,CUS-0475,2023-07-13,2023-08-27,2023-08-25,7449.15,7449.15,0.0,0,PAID,PAID,SERVICES,NORTH
INV-03303,CUS-0167,2022-08-28,2022-09-27,2022-09-23,2246.47,2246.47,0.0,0,PAID,PAID,SOFTWARE,NORTH
INV-03304,CUS-0495,2022-08-21,2022-10-20,2022-10-15,67030.41,67030.41,0.0,0,PAID,PAID,SOFTWARE,WEST
INV-03305,CUS-0343,2023-10-24,2023-12-08,2023-12-03,2768.64,2768.64,0.0,0,PAID,PAID,HARDWARE,EAST
INV-03306,CUS-0088,2023-04-07,2023-05-07,,9789.89,0.0,9789.89,329,90+,OVERDUE,SOFTWARE,NORTH
INV-03307,CUS-0294,2023-01-23,2023-03-24,2023-03-21,33404.36,33404.36,0.0,0,PAID,PAID,SERVICES,NORTH
INV-03308,CUS-0265,2022-12-19,2023-02-02,2023-02-02,24959.43,24959.43,0.0,0,PAID,PAID,SERVICES,WEST
INV-03309,CUS-0249,2023-05-23,2023-06-22,2023-06-18,1083.6,1083.6,0.0,0,PAID,PAID,SERVICES,SOUTH
INV-03310,CUS-0366,2022-07-12,2022-08-11,2022-08-23,3395.23,3395.23,0.0,0,PAID,PAID,MAINTENANCE,EAST
INV-03311,CUS-0040,2024-01-17,2024-03-02,2024-03-27,20157.35,20157.35,0.0,0,PAID,PAID,SOFTWARE,WEST
INV-03312,CUS-0062,2023-01-12,2023-02-26,2023-02-22,1840.6,1840.6,0.0,0,PAID,PAID,HARDWARE,WEST
INV-03313,CUS-0288,2023-02-13,2023-04-14,2023-04-10,1525.83,1525.83,0.0,0,PAID,PAID,MAINTENANCE,SOUTH
INV-03314,CUS-0109,2023-09-22,2023-11-21,,3731.65,0.0,3731.65,131,90+,OVERDUE,HARDWARE,NORTH
INV-03315,CUS-0356,2023-09-09,2023-10-24,2023-10-23,523.44,523.44,0.0,0,PAID,PAID,MAINTENANCE,EAST
INV-03316,CUS-0279,2024-02-21,2024-04-06,2024-04-04,2917.7,2917.7,0.0,0,PAID,PAID,SERVICES,EAST
INV-03317,CUS-0450,2022-10-21,2022-12-20,2022-12-16,21603.02,21603.02,0.0,0,PAID,PAID,HARDWARE,WEST
INV-03318,CUS-0433,2023-05-01,2023-05-31,2023-05-29,167.25,167.25,0.0,0,PAID,PAID,MAINTENANCE,WEST
INV-03319,CUS-0442,2023-04-28,2023-06-12,2023-06-12,301.36,301.36,0.0,0,PAID,PAID,MAINTENANCE,SOUTH
INV-03320,CUS-0295,2023-12-01,2024-01-15,2024-01-13,84844.83,84844.83,0.0,0,PAID,PAID,MAINTENANCE,WEST
INV-03321,CUS-0271,2023-07-29,2023-08-28,2023-08-25,2220.65,2220.65,0.0,0,PAID,PAID,SOFTWARE,SOUTH
INV-03322,CUS-0500,2024-01-30,2024-02-29,2024-02-29,101874.56,101874.56,0.0,0,PAID,PAID,SERVICES,SOUTH
INV-03323,CUS-0245,2024-01-11,2024-03-11,,12163.63,0.0,12163.63,20,CURRENT,OVERDUE,SERVICES,WEST
INV-03324,CUS-0418,2023-12-29,2024-01-28,2024-01-26,5749.15,5749.15,0.0,0,PAID,PAID,MAINTENANCE,EAST
INV-03325,CUS-0437,2022-07-04,2022-09-02,2022-09-12,14161.06,14161.06,0.0,0,PAID,PAID,SERVICES,EAST
INV-03326,CUS-0419,2022-09-13,2022-11-12,2022-12-02,1948.42,1948.42,0.0,0,PAID,PAID,MAINTENANCE,EAST
INV-03327,CUS-0142,2023-03-27,2023-04-26,2023-04-25,13375.82,13375.82,0.0,0,PAID,PAID,SOFTWARE,EAST
INV-03328,CUS-0285,2022-07-27,2022-09-10,2022-09-10,843.91,843.91,0.0,0,PAID,PAID,SOFTWARE,EAST
INV-03329,CUS-0202,2022-09-15,2022-10-30,2022-11-06,3268.71,3268.71,0.0,0,PAID,PAID,HARDWARE,SOUTH
INV-03330,CUS-0459,2024-01-06,2024-02-05,2024-02-04,5748.91,5748.91,0.0,0,PAID,PAID,MAINTENANCE,SOUTH
INV-03331,CUS-0020,2022-04-07,2022-06-06,,2534.05,0.0,2534.05,664,90+,OVERDUE,HARDWARE,WEST
INV-03332,CUS-0333,2023-01-10,2023-03-11,2023-03-06,34156.74,34156.74,0.0,0,PAID,PAID,SOFTWARE,WEST
INV-03333,CUS-0390,2022-07-31,2022-08-30,2022-08-28,896.07,896.07,0.0,0,PAID,PAID,SOFTWARE,EAST
INV-03334,CUS-0217,2023-09-05,2023-11-04,2023-11-02,1271.1,1271.1,0.0,0,PAID,PAID,SERVICES,SOUTH
INV-03335,CUS-0074,2022-12-08,2023-01-07,2023-01-05,4145.86,4145.86,0.0,0,PAID,PAID,SOFTWARE,EAST
INV-03336,CUS-0085,2023-12-22,2024-02-20,2024-02-18,1580.95,1580.95,0.0,0,PAID,PAID,HARDWARE,WEST
INV-03337,CUS-0276,2022-07-12,2022-08-26,,10972.84,0.0,10972.84,583,90+,OVERDUE,SERVICES,WEST
INV-03338,CUS-0407,2022-05-31,2022-07-30,2022-07-30,819.29,819.29,0.0,0,PAID,PAID,MAINTENANCE,NORTH
INV-03339,CUS-0154,2022-07-06,2022-09-04,2022-09-04,2942.62,2942.62,0.0,0,PAID,PAID,HARDWARE,EAST
INV-03340,CUS-0127,2023-11-16,2023-12-31,,163.26,65.85,97.41,91,90+,PARTIAL,MAINTENANCE,EAST
INV-03341,CUS-0385,2024-01-22,2024-02-21,2024-02-20,959.19,959.19,0.0,0,PAID,PAID,SERVICES,SOUTH
INV-03342,CUS-0305,2024-02-07,2024-03-23,2024-04-02,2339.06,2339.06,0.0,0,PAID,PAID,MAINTENANCE,EAST
INV-03343,CUS-0152,2022-07-15,2022-08-29,2022-08-26,5053.8,5053.8,0.0,0,PAID,PAID,HARDWARE,EAST
INV-03344,CUS-0355,2023-08-15,2023-09-14,2023-10-03,1084.88,1084.88,0.0,0,PAID,PAID,MAINTENANCE,SOUTH
INV-03345,CUS-0267,2022-08-25,2022-10-09,2022-10-05,2652.84,2652.84,0.0,0,PAID,PAID,SOFTWARE,NORTH
INV-03346,CUS-0018,2022-12-26,2023-01-25,2023-01-21,911.51,911.51,0.0,0,PAID,PAID,HARDWARE,SOUTH
INV-03347,CUS-0436,2023-05-24,2023-06-23,2023-06-22,4649.86,4649.86,0.0,0,PAID,PAID,MAINTENANCE,NORTH
INV-03348,CUS-0113,2022-04-10,2022-05-25,2022-05-24,6514.68,6514.68,0.0,0,PAID,PAID,SOFTWARE,WEST
INV-03349,CUS-0411,2022-07-04,2022-08-18,2022-08-14,9569.79,9569.79,0.0,0,PAID,PAID,SOFTWARE,NORTH
INV-03350,CUS-0339,2023-06-28,2023-08-12,2023-08-09,6637.74,6637.74,0.0,0,PAID,PAID,MAINTENANCE,SOUTH
INV-03351,CUS-0352,2023-01-10,2023-03-11,2023-03-07,537.18,537.18,0.0,0,PAID,PAID,MAINTENANCE,SOUTH
INV-03352,CUS-0341,2022-08-14,2022-09-13,2022-09-11,3664.86,3664.86,0.0,0,PAID,PAID,SOFTWARE,NORTH
INV-03353,CUS-0421,2024-01-17,2024-03-17,2024-03-31,26948.64,26948.64,0.0,0,PAID,PAID,SERVICES,SOUTH
INV-03354,CUS-0376,2023-01-03,2023-02-17,2023-02-14,4859.29,4859.29,0.0,0,PAID,PAID,HARDWARE,NORTH
INV-03355,CUS-0397,2023-10-27,2023-12-26,2023-12-21,1345.79,1345.79,0.0,0,PAID,PAID,MAINTENANCE,SOUTH
INV-03356,CUS-0081,2024-01-18,2024-02-17,2024-03-01,259.21,259.21,0.0,0,PAID,PAID,MAINTENANCE,NORTH
INV-03357,CUS-0310,2024-01-21,2024-03-06,2024-03-03,49650.66,49650.66,0.0,0,PAID,PAID,SOFTWARE,WEST
INV-03358,CUS-0387,2022-11-15,2022-12-15,,1835.37,0.0,1835.37,472,90+,OVERDUE,SOFTWARE,SOUTH
INV-03359,CUS-0400,2023-05-30,2023-07-14,,5094.76,1806.71,3288.05,261,90+,PARTIAL,SERVICES,WEST
INV-03360,CUS-0469,2023-03-09,2023-04-23,2023-05-07,970.44,970.44,0.0,0,PAID,PAID,SERVICES,EAST
INV-03361,CUS-0164,2023-04-18,2023-05-18,2023-05-14,2107.75,2107.75,0.0,0,PAID,PAID,HARDWARE,NORTH
INV-03362,CUS-0433,2022-10-10,2022-11-09,2022-11-05,4754.38,4754.38,0.0,0,PAID,PAID,SERVICES,WEST
INV-03363,CUS-0486,2023-08-31,2023-10-15,2023-11-02,3030.96,3030.96,0.0,0,PAID,PAID,SOFTWARE,EAST
INV-03364,CUS-0366,2023-01-01,2023-01-31,2023-01-31,1747.57,1747.57,0.0,0,PAID,PAID,MAINTENANCE,EAST
INV-03365,CUS-0257,2023-09-20,2023-10-20,2023-10-18,5820.49,5820.49,0.0,0,PAID,PAID,MAINTENANCE,EAST
INV-03366,CUS-0148,2023-04-27,2023-06-26,2023-07-25,9511.97,9511.97,0.0,0,PAID,PAID,MAINTENANCE,EAST
INV-03367,CUS-0415,2023-08-06,2023-09-05,2023-09-03,12059.21,12059.21,0.0,0,PAID,PAID,MAINTENANCE,EAST
INV-03368,CUS-0325,2023-08-11,2023-09-10,2023-09-09,3618.55,3618.55,0.0,0,PAID,PAID,HARDWARE,NORTH
INV-03369,CUS-0228,2023-10-08,2023-12-07,2023-12-04,5351.59,5351.59,0.0,0,PAID,PAID,MAINTENANCE,NORTH
INV-03370,CUS-0108,2022-04-29,2022-06-13,2022-06-09,1165.07,1165.07,0.0,0,PAID,PAID,SOFTWARE,WEST
INV-03371,CUS-0448,2023-12-28,2024-02-26,2024-02-24,3347.51,3347.51,0.0,0,PAID,PAID,SERVICES,EAST
INV-03372,CUS-0500,2023-10-14,2023-11-13,,5954.81,0.0,5954.81,139,90+,OVERDUE,SERVICES,SOUTH
INV-03373,CUS-0345,2022-05-07,2022-07-06,2022-07-05,45245.39,45245.39,0.0,0,PAID,PAID,MAINTENANCE,NORTH
INV-03374,CUS-0154,2024-02-21,2024-04-21,2024-04-20,6662.11,6662.11,0.0,0,PAID,PAID,HARDWARE,SOUTH
INV-03375,CUS-0163,2023-10-15,2023-12-14,2023-12-10,2741.36,2741.36,0.0,0,PAID,PAID,HARDWARE,NORTH
INV-03376,CUS-0180,2022-09-18,2022-10-18,2022-10-15,4002.97,4002.97,0.0,0,PAID,PAID,HARDWARE,EAST
INV-03377,CUS-0479,2022-07-29,2022-09-12,2022-09-12,3941.05,3941.05,0.0,0,PAID,PAID,SOFTWARE,NORTH
INV-03378,CUS-0488,2023-08-08,2023-10-07,2023-10-07,2207.73,2207.73,0.0,0,PAID,PAID,SERVICES,EAST
INV-03379,CUS-0017,2023-09-14,2023-11-13,,4446.96,2090.47,2356.49,139,90+,PARTIAL,MAINTENANCE,SOUTH
INV-03380,CUS-0333,2023-07-25,2023-09-23,2023-09-21,9009.48,9009.48,0.0,0,PAID,PAID,HARDWARE,EAST
INV-03381,CUS-0097,2023-02-06,2023-04-07,2023-04-04,10652.62,10652.62,0.0,0,PAID,PAID,HARDWARE,EAST
INV-03382,CUS-0133,2023-09-11,2023-10-26,2023-10-23,2872.9,2872.9,0.0,0,PAID,PAID,HARDWARE,NORTH
INV-03383,CUS-0311,2024-03-07,2024-05-06,,33817.52,20794.59,13022.93,0,CURRENT,PARTIAL,HARDWARE,NORTH
INV-03384,CUS-0334,2022-04-29,2022-06-13,2022-06-09,9058.91,9058.91,0.0,0,PAID,PAID,SOFTWARE,WEST
INV-03385,CUS-0394,2023-06-11,2023-07-26,2023-07-24,3043.88,3043.88,0.0,0,PAID,PAID,SERVICES,NORTH
INV-03386,CUS-0497,2023-05-02,2023-06-01,2023-06-03,3691.5,3691.5,0.0,0,PAID,PAID,HARDWARE,EAST
INV-03387,CUS-0292,2023-06-09,2023-07-24,2023-08-16,42540.08,42540.08,0.0,0,PAID,PAID,HARDWARE,NORTH
INV-03388,CUS-0061,2023-08-21,2023-10-20,2023-11-18,619.11,619.11,0.0,0,PAID,PAID,SOFTWARE,EAST
INV-03389,CUS-0096,2023-04-18,2023-05-18,2023-05-17,8364.07,8364.07,0.0,0,PAID,PAID,MAINTENANCE,NORTH
INV-03390,CUS-0208,2022-09-21,2022-11-20,,700.51,0.0,700.51,497,90+,OVERDUE,MAINTENANCE,SOUTH
INV-03391,CUS-0409,2024-01-29,2024-02-28,2024-02-25,23166.83,23166.83,0.0,0,PAID,PAID,SOFTWARE,WEST
INV-03392,CUS-0190,2023-11-10,2023-12-25,2023-12-23,613.35,613.35,0.0,0,PAID,PAID,MAINTENANCE,SOUTH
INV-03393,CUS-0011,2024-01-21,2024-03-21,2024-03-17,4610.66,4610.66,0.0,0,PAID,PAID,HARDWARE,NORTH
INV-03394,CUS-0461,2023-10-05,2023-12-04,2023-12-01,8472.62,8472.62,0.0,0,PAID,PAID,HARDWARE,EAST
INV-03395,CUS-0247,2022-12-03,2023-01-02,2023-01-01,3457.63,3457.63,0.0,0,PAID,PAID,HARDWARE,EAST
INV-03396,CUS-0272,2023-03-01,2023-04-15,2023-04-14,629.9,629.9,0.0,0,PAID,PAID,MAINTENANCE,SOUTH
INV-03397,CUS-0071,2022-06-11,2022-07-26,2022-07-26,17802.16,17802.16,0.0,0,PAID,PAID,HARDWARE,WEST
INV-03398,CUS-0405,2022-11-23,2022-12-23,2022-12-18,940.15,940.15,0.0,0,PAID,PAID,HARDWARE,SOUTH
INV-03399,CUS-0382,2023-03-08,2023-05-07,2023-05-06,463.8,463.8,0.0,0,PAID,PAID,MAINTENANCE,NORTH
INV-03400,CUS-0312,2022-11-20,2023-01-04,2023-01-01,14310.32,14310.32,0.0,0,PAID,PAID,MAINTENANCE,WEST
INV-03401,CUS-0018,2023-11-23,2023-12-23,2023-12-22,2931.27,2931.27,0.0,0,PAID,PAID,SERVICES,SOUTH
INV-03402,CUS-0354,2023-08-02,2023-09-01,2023-08-30,61074.1,61074.1,0.0,0,PAID,PAID,SERVICES,NORTH
INV-03403,CUS-0296,2023-07-11,2023-08-10,2023-08-10,973.31,973.31,0.0,0,PAID,PAID,MAINTENANCE,EAST
INV-03404,CUS-0152,2022-04-05,2022-05-20,2022-05-15,347.11,347.11,0.0,0,PAID,PAID,SERVICES,WEST
INV-03405,CUS-0038,2022-07-20,2022-08-19,2022-08-17,13514.82,13514.82,0.0,0,PAID,PAID,HARDWARE,NORTH
INV-03406,CUS-0372,2023-12-28,2024-01-27,2024-01-23,3315.12,3315.12,0.0,0,PAID,PAID,HARDWARE,SOUTH
INV-03407,CUS-0435,2023-06-19,2023-08-18,,753.04,0.0,753.04,226,90+,OVERDUE,HARDWARE,EAST
INV-03408,CUS-0401,2023-03-31,2023-05-15,2023-05-12,16982.07,16982.07,0.0,0,PAID,PAID,SOFTWARE,WEST
INV-03409,CUS-0089,2022-12-25,2023-02-23,2023-03-12,12290.47,12290.47,0.0,0,PAID,PAID,HARDWARE,EAST
INV-03410,CUS-0396,2023-08-04,2023-09-18,2023-10-03,2558.28,2558.28,0.0,0,PAID,PAID,HARDWARE,SOUTH
INV-03411,CUS-0184,2022-12-07,2023-01-21,2023-02-20,57785.04,57785.04,0.0,0,PAID,PAID,HARDWARE,WEST
INV-03412,CUS-0215,2023-04-12,2023-05-12,2023-05-09,4576.28,4576.28,0.0,0,PAID,PAID,SERVICES,NORTH
INV-03413,CUS-0484,2022-05-17,2022-06-16,2022-06-12,2555.47,2555.47,0.0,0,PAID,PAID,SERVICES,WEST
INV-03414,CUS-0401,2023-03-08,2023-04-22,2023-05-17,6112.14,6112.14,0.0,0,PAID,PAID,SERVICES,NORTH
INV-03415,CUS-0091,2023-10-02,2023-11-01,,2309.18,0.0,2309.18,151,90+,OVERDUE,SERVICES,WEST
INV-03416,CUS-0068,2024-02-09,2024-03-25,2024-03-22,3462.43,3462.43,0.0,0,PAID,PAID,HARDWARE,WEST
INV-03417,CUS-0037,2024-01-02,2024-02-01,,1692.67,522.2,1170.47,59,31-60,PARTIAL,MAINTENANCE,NORTH
INV-03418,CUS-0333,2023-08-05,2023-10-04,2023-10-01,6539.03,6539.03,0.0,0,PAID,PAID,SERVICES,NORTH
INV-03419,CUS-0164,2022-08-10,2022-09-09,2022-09-08,2098.4,2098.4,0.0,0,PAID,PAID,HARDWARE,WEST
INV-03420,CUS-0030,2022-05-22,2022-06-21,2022-06-18,15194.49,15194.49,0.0,0,PAID,PAID,SERVICES,SOUTH
INV-03421,CUS-0144,2022-11-06,2022-12-06,2022-12-04,856.21,856.21,0.0,0,PAID,PAID,MAINTENANCE,WEST
INV-03422,CUS-0477,2023-07-21,2023-09-04,2023-09-04,1218.69,1218.69,0.0,0,PAID,PAID,SOFTWARE,NORTH
INV-03423,CUS-0466,2023-02-22,2023-04-23,2023-04-23,12093.06,12093.06,0.0,0,PAID,PAID,SERVICES,SOUTH
INV-03424,CUS-0177,2023-06-16,2023-07-31,,1382.97,517.94,865.03,244,90+,PARTIAL,SOFTWARE,WEST
INV-03425,CUS-0154,2023-09-01,2023-10-31,2023-10-29,1120.39,1120.39,0.0,0,PAID,PAID,SOFTWARE,NORTH
INV-03426,CUS-0474,2022-10-26,2022-12-25,2022-12-24,38331.96,38331.96,0.0,0,PAID,PAID,SOFTWARE,NORTH
INV-03427,CUS-0206,2022-07-10,2022-08-24,2022-09-05,6335.34,6335.34,0.0,0,PAID,PAID,MAINTENANCE,WEST
INV-03428,CUS-0156,2024-03-14,2024-05-13,2024-05-11,8160.19,8160.19,0.0,0,PAID,PAID,HARDWARE,NORTH
INV-03429,CUS-0404,2023-11-28,2024-01-27,2024-01-24,67568.89,67568.89,0.0,0,PAID,PAID,SERVICES,NORTH
INV-03430,CUS-0476,2023-03-21,2023-05-20,2023-05-18,23755.52,23755.52,0.0,0,PAID,PAID,SOFTWARE,NORTH
INV-03431,CUS-0158,2022-08-09,2022-09-08,2022-09-03,2494.12,2494.12,0.0,0,PAID,PAID,SERVICES,NORTH
INV-03432,CUS-0386,2023-11-26,2024-01-25,2024-01-23,485.97,485.97,0.0,0,PAID,PAID,MAINTENANCE,NORTH
INV-03433,CUS-0072,2023-02-14,2023-04-15,2023-04-12,27366.56,27366.56,0.0,0,PAID,PAID,SERVICES,WEST
INV-03434,CUS-0231,2023-01-10,2023-02-09,2023-02-07,9245.46,9245.46,0.0,0,PAID,PAID,HARDWARE,WEST
INV-03435,CUS-0160,2023-04-15,2023-05-30,2023-05-29,370.6,370.6,0.0,0,PAID,PAID,SERVICES,NORTH
INV-03436,CUS-0465,2023-06-08,2023-08-07,,1199.69,692.89,506.8,237,90+,PARTIAL,SOFTWARE,SOUTH
INV-03437,CUS-0163,2022-10-03,2022-12-02,2022-12-02,19301.79,19301.79,0.0,0,PAID,PAID,HARDWARE,NORTH
INV-03438,CUS-0375,2023-08-21,2023-10-05,2023-10-22,3805.73,3805.73,0.0,0,PAID,PAID,MAINTENANCE,NORTH
INV-03439,CUS-0339,2023-01-11,2023-02-25,2023-02-22,3457.2,3457.2,0.0,0,PAID,PAID,HARDWARE,SOUTH
INV-03440,CUS-0401,2022-11-17,2023-01-01,2022-12-27,2373.06,2373.06,0.0,0,PAID,PAID,SOFTWARE,NORTH
INV-03441,CUS-0481,2022-09-30,2022-11-14,2022-11-14,7429.95,7429.95,0.0,0,PAID,PAID,SERVICES,SOUTH
INV-03442,CUS-0298,2022-05-02,2022-06-01,,2046.11,952.75,1093.36,669,90+,PARTIAL,SOFTWARE,NORTH
INV-03443,CUS-0136,2023-05-21,2023-07-05,2023-07-04,5722.66,5722.66,0.0,0,PAID,PAID,MAINTENANCE,NORTH
INV-03444,CUS-0130,2022-06-20,2022-08-19,2022-08-16,1041.38,1041.38,0.0,0,PAID,PAID,SERVICES,NORTH
INV-03445,CUS-0374,2022-06-02,2022-08-01,2022-07-31,17769.21,17769.21,0.0,0,PAID,PAID,SOFTWARE,EAST
INV-03446,CUS-0252,2023-10-14,2023-11-13,2023-11-10,45760.86,45760.86,0.0,0,PAID,PAID,SOFTWARE,WEST
INV-03447,CUS-0004,2023-08-02,2023-09-16,2023-09-16,2826.51,2826.51,0.0,0,PAID,PAID,MAINTENANCE,SOUTH
INV-03448,CUS-0120,2023-12-27,2024-02-10,2024-02-09,3147.31,3147.31,0.0,0,PAID,PAID,MAINTENANCE,NORTH
INV-03449,CUS-0488,2023-10-20,2023-12-19,2024-01-09,3324.44,3324.44,0.0,0,PAID,PAID,MAINTENANCE,WEST
INV-03450,CUS-0114,2022-10-06,2022-11-20,2022-11-20,4898.67,4898.67,0.0,0,PAID,PAID,SERVICES,EAST
INV-03451,CUS-0215,2023-10-14,2023-11-13,2023-11-13,535.94,535.94,0.0,0,PAID,PAID,MAINTENANCE,NORTH
INV-03452,CUS-0178,2023-08-07,2023-09-21,2023-09-21,35030.21,35030.21,0.0,0,PAID,PAID,MAINTENANCE,NORTH
INV-03453,CUS-0141,2022-06-29,2022-08-28,2022-08-27,20658.88,20658.88,0.0,0,PAID,PAID,MAINTENANCE,NORTH
INV-03454,CUS-0278,2023-04-23,2023-06-07,,2212.64,0.0,2212.64,298,90+,OVERDUE,SERVICES,EAST
INV-03455,CUS-0220,2023-12-08,2024-01-07,2024-02-06,5736.69,5736.69,0.0,0,PAID,PAID,SOFTWARE,SOUTH
INV-03456,CUS-0253,2022-04-03,2022-05-18,2022-05-13,5846.38,5846.38,0.0,0,PAID,PAID,MAINTENANCE,NORTH
INV-03457,CUS-0250,2023-06-28,2023-07-28,2023-07-27,18616.44,18616.44,0.0,0,PAID,PAID,SERVICES,NORTH
INV-03458,CUS-0496,2023-04-10,2023-05-10,,13336.95,0.0,13336.95,326,90+,OVERDUE,HARDWARE,EAST
INV-03459,CUS-0270,2024-03-19,2024-05-18,2024-05-15,897.76,897.76,0.0,0,PAID,PAID,MAINTENANCE,SOUTH
INV-03460,CUS-0063,2022-09-25,2022-11-09,2022-11-08,9458.07,9458.07,0.0,0,PAID,PAID,SOFTWARE,WEST
INV-03461,CUS-0255,2023-08-10,2023-09-24,2023-10-02,1321.76,1321.76,0.0,0,PAID,PAID,SOFTWARE,WEST
INV-03462,CUS-0430,2022-06-16,2022-08-15,2022-08-12,1956.89,1956.89,0.0,0,PAID,PAID,SERVICES,NORTH
INV-03463,CUS-0293,2022-07-13,2022-08-27,2022-08-25,1137.01,1137.01,0.0,0,PAID,PAID,SERVICES,EAST
INV-03464,CUS-0179,2023-12-16,2024-02-14,2024-02-13,8636.25,8636.25,0.0,0,PAID,PAID,HARDWARE,NORTH
INV-03465,CUS-0305,2022-05-14,2022-06-28,2022-06-24,465.98,465.98,0.0,0,PAID,PAID,HARDWARE,SOUTH
INV-03466,CUS-0303,2022-05-04,2022-06-03,2022-06-16,6390.55,6390.55,0.0,0,PAID,PAID,SERVICES,WEST
INV-03467,CUS-0067,2022-10-18,2022-12-17,2022-12-31,18923.28,18923.28,0.0,0,PAID,PAID,MAINTENANCE,SOUTH
INV-03468,CUS-0359,2024-01-08,2024-02-07,2024-02-07,1194.47,1194.47,0.0,0,PAID,PAID,HARDWARE,EAST
INV-03469,CUS-0414,2023-12-22,2024-02-20,2024-02-20,28785.29,28785.29,0.0,0,PAID,PAID,SOFTWARE,WEST
INV-03470,CUS-0164,2023-05-21,2023-06-20,,2940.18,1010.88,1929.3,285,90+,PARTIAL,HARDWARE,WEST
INV-03471,CUS-0002,2022-07-25,2022-09-08,2022-09-04,8220.31,8220.31,0.0,0,PAID,PAID,SOFTWARE,NORTH
INV-03472,CUS-0309,2024-03-29,2024-05-28,2024-05-28,9887.09,9887.09,0.0,0,PAID,PAID,MAINTENANCE,SOUTH
INV-03473,CUS-0007,2022-10-31,2022-12-15,2023-01-08,1229.88,1229.88,0.0,0,PAID,PAID,SOFTWARE,SOUTH
INV-03474,CUS-0075,2022-09-16,2022-11-15,,2571.82,1058.15,1513.67,502,90+,PARTIAL,SERVICES,WEST
INV-03475,CUS-0308,2023-03-27,2023-05-11,2023-05-11,14229.37,14229.37,0.0,0,PAID,PAID,SOFTWARE,NORTH
INV-03476,CUS-0201,2022-06-14,2022-07-29,2022-08-15,1055.36,1055.36,0.0,0,PAID,PAID,MAINTENANCE,EAST
INV-03477,CUS-0248,2024-01-06,2024-02-05,2024-02-04,11562.33,11562.33,0.0,0,PAID,PAID,HARDWARE,SOUTH
INV-03478,CUS-0283,2024-03-10,2024-04-09,,1194.93,0.0,1194.93,0,CURRENT,OVERDUE,SOFTWARE,WEST
INV-03479,CUS-0320,2022-04-24,2022-06-23,2022-06-18,3559.78,3559.78,0.0,0,PAID,PAID,SOFTWARE,NORTH
INV-03480,CUS-0180,2023-06-21,2023-07-21,2023-07-22,1988.37,1988.37,0.0,0,PAID,PAID,SOFTWARE,SOUTH
INV-03481,CUS-0500,2023-05-03,2023-06-02,2023-06-02,7105.87,7105.87,0.0,0,PAID,PAID,MAINTENANCE,SOUTH
INV-03482,CUS-0122,2023-04-04,2023-05-19,2023-05-16,14215.5,14215.5,0.0,0,PAID,PAID,MAINTENANCE,SOUTH
INV-03483,CUS-0407,2023-03-18,2023-05-17,2023-05-17,789.76,789.76,0.0,0,PAID,PAID,HARDWARE,NORTH
INV-03484,CUS-0216,2022-09-01,2022-10-31,2022-10-31,10877.69,10877.69,0.0,0,PAID,PAID,HARDWARE,NORTH
INV-03485,CUS-0317,2023-08-23,2023-09-22,2023-10-16,550.48,550.48,0.0,0,PAID,PAID,SOFTWARE,SOUTH
INV-03486,CUS-0324,2023-09-24,2023-11-08,2023-11-15,24074.46,24074.46,0.0,0,PAID,PAID,MAINTENANCE,WEST
INV-03487,CUS-0260,2022-10-22,2022-12-06,2022-12-02,1079.17,1079.17,0.0,0,PAID,PAID,SERVICES,EAST
INV-03488,CUS-0376,2023-07-04,2023-08-18,2023-09-15,3574.45,3574.45,0.0,0,PAID,PAID,MAINTENANCE,WEST
INV-03489,CUS-0277,2023-11-12,2024-01-11,2024-01-11,1006.56,1006.56,0.0,0,PAID,PAID,HARDWARE,NORTH
INV-03490,CUS-0434,2023-03-24,2023-04-23,2023-05-01,331.24,331.24,0.0,0,PAID,PAID,MAINTENANCE,NORTH
INV-03491,CUS-0350,2023-03-22,2023-05-21,,16182.64,6436.28,9746.36,315,90+,PARTIAL,MAINTENANCE,NORTH
INV-03492,CUS-0500,2024-01-22,2024-02-21,,53240.19,0.0,53240.19,39,31-60,OVERDUE,HARDWARE,EAST
INV-03493,CUS-0127,2022-05-27,2022-07-11,2022-07-07,3171.64,3171.64,0.0,0,PAID,PAID,SERVICES,EAST
INV-03494,CUS-0060,2023-05-24,2023-06-23,2023-06-19,12296.3,12296.3,0.0,0,PAID,PAID,SERVICES,SOUTH
INV-03495,CUS-0053,2023-11-10,2024-01-09,2024-01-07,1667.21,1667.21,0.0,0,PAID,PAID,HARDWARE,NORTH
INV-03496,CUS-0210,2022-10-10,2022-12-09,2022-12-08,3305.52,3305.52,0.0,0,PAID,PAID,SERVICES,WEST
INV-03497,CUS-0386,2024-01-02,2024-03-02,2024-02-29,1604.92,1604.92,0.0,0,PAID,PAID,MAINTENANCE,EAST
INV-03498,CUS-0364,2023-02-09,2023-04-10,2023-04-05,2854.6,2854.6,0.0,0,PAID,PAID,SERVICES,WEST
INV-03499,CUS-0047,2023-05-12,2023-07-11,2023-07-06,5304.24,5304.24,0.0,0,PAID,PAID,HARDWARE,NORTH
INV-03500,CUS-0103,2023-08-18,2023-10-02,2023-10-11,2661.48,2661.48,0.0,0,PAID,PAID,HARDWARE,SOUTH
INV-03501,CUS-0117,2023-06-01,2023-07-01,2023-07-06,1413.23,1413.23,0.0,0,PAID,PAID,SOFTWARE,SOUTH
INV-03502,CUS-0482,2022-11-10,2023-01-09,2023-01-07,3750.67,3750.67,0.0,0,PAID,PAID,HARDWARE,SOUTH
INV-03503,CUS-0266,2024-01-30,2024-02-29,2024-02-25,15888.18,15888.18,0.0,0,PAID,PAID,SERVICES,NORTH
INV-03504,CUS-0075,2023-08-17,2023-10-16,2023-10-14,8239.78,8239.78,0.0,0,PAID,PAID,SOFTWARE,WEST
INV-03505,CUS-0452,2023-02-20,2023-03-22,2023-04-03,467.66,467.66,0.0,0,PAID,PAID,SOFTWARE,WEST
INV-03506,CUS-0113,2022-10-09,2022-11-23,2022-11-22,97888.39,97888.39,0.0,0,PAID,PAID,SERVICES,WEST
INV-03507,CUS-0332,2022-08-21,2022-10-20,2022-10-20,3297.41,3297.41,0.0,0,PAID,PAID,SOFTWARE,NORTH
INV-03508,CUS-0449,2023-01-03,2023-02-02,2023-01-31,1196.01,1196.01,0.0,0,PAID,PAID,HARDWARE,NORTH
INV-03509,CUS-0394,2022-04-15,2022-05-30,2022-06-20,7369.0,7369.0,0.0,0,PAID,PAID,SOFTWARE,EAST
INV-03510,CUS-0107,2022-12-22,2023-02-05,2023-02-03,735.97,735.97,0.0,0,PAID,PAID,MAINTENANCE,NORTH
INV-03511,CUS-0476,2022-05-18,2022-07-17,2022-07-13,7926.06,7926.06,0.0,0,PAID,PAID,SOFTWARE,SOUTH
INV-03512,CUS-0211,2022-12-21,2023-02-19,2023-02-16,6202.47,6202.47,0.0,0,PAID,PAID,HARDWARE,NORTH
INV-03513,CUS-0092,2023-03-26,2023-04-25,2023-04-24,1728.13,1728.13,0.0,0,PAID,PAID,SOFTWARE,WEST
INV-03514,CUS-0103,2022-04-23,2022-06-07,2022-06-02,3894.18,3894.18,0.0,0,PAID,PAID,SOFTWARE,SOUTH
INV-03515,CUS-0412,2022-06-18,2022-07-18,2022-08-17,2811.98,2811.98,0.0,0,PAID,PAID,MAINTENANCE,NORTH
INV-03516,CUS-0422,2024-02-04,2024-03-20,2024-03-20,2668.59,2668.59,0.0,0,PAID,PAID,SERVICES,EAST
INV-03517,CUS-0253,2022-05-13,2022-06-27,2022-06-24,14701.22,14701.22,0.0,0,PAID,PAID,MAINTENANCE,EAST
INV-03518,CUS-0172,2023-04-28,2023-06-12,,13924.54,8476.72,5447.82,293,90+,PARTIAL,SERVICES,EAST
INV-03519,CUS-0198,2023-11-10,2024-01-09,2024-01-09,3677.78,3677.78,0.0,0,PAID,PAID,SERVICES,SOUTH
INV-03520,CUS-0475,2023-12-01,2024-01-15,,4165.64,1947.79,2217.85,76,61-90,PARTIAL,SOFTWARE,EAST
INV-03521,CUS-0308,2023-08-03,2023-09-17,2023-09-17,2999.71,2999.71,0.0,0,PAID,PAID,HARDWARE,NORTH
INV-03522,CUS-0136,2023-06-19,2023-08-03,2023-08-01,7845.03,7845.03,0.0,0,PAID,PAID,MAINTENANCE,SOUTH
INV-03523,CUS-0009,2024-02-03,2024-03-04,2024-03-03,11573.37,11573.37,0.0,0,PAID,PAID,SERVICES,SOUTH
INV-03524,CUS-0243,2022-05-23,2022-07-07,,1116.33,523.27,593.06,633,90+,PARTIAL,MAINTENANCE,WEST
INV-03525,CUS-0011,2022-09-17,2022-11-16,2022-11-15,35548.57,35548.57,0.0,0,PAID,PAID,SERVICES,NORTH
INV-03526,CUS-0437,2022-10-12,2022-12-11,2022-12-06,24697.77,24697.77,0.0,0,PAID,PAID,SOFTWARE,WEST
INV-03527,CUS-0047,2023-04-10,2023-06-09,,17364.77,0.0,17364.77,296,90+,OVERDUE,MAINTENANCE,WEST
INV-03528,CUS-0493,2023-06-11,2023-07-11,2023-07-08,621.3,621.3,0.0,0,PAID,PAID,SERVICES,WEST
INV-03529,CUS-0205,2023-05-09,2023-06-23,,1503.02,616.88,886.14,282,90+,PARTIAL,HARDWARE,WEST
INV-03530,CUS-0097,2023-06-29,2023-08-28,2023-09-11,9055.29,9055.29,0.0,0,PAID,PAID,MAINTENANCE,EAST
INV-03531,CUS-0244,2022-07-22,2022-09-05,2022-09-05,5559.74,5559.74,0.0,0,PAID,PAID,SOFTWARE,NORTH
INV-03532,CUS-0060,2022-07-04,2022-08-03,2022-08-03,44733.23,44733.23,0.0,0,PAID,PAID,MAINTENANCE,NORTH
INV-03533,CUS-0054,2023-01-20,2023-02-19,2023-02-16,5565.43,5565.43,0.0,0,PAID,PAID,SERVICES,SOUTH
INV-03534,CUS-0216,2023-12-12,2024-02-10,2024-02-08,14301.2,14301.2,0.0,0,PAID,PAID,SOFTWARE,EAST
INV-03535,CUS-0458,2023-08-29,2023-09-28,2023-09-25,1178.37,1178.37,0.0,0,PAID,PAID,MAINTENANCE,SOUTH
INV-03536,CUS-0265,2022-07-21,2022-09-04,2022-09-02,29287.54,29287.54,0.0,0,PAID,PAID,MAINTENANCE,EAST
INV-03537,CUS-0277,2022-06-04,2022-08-03,2022-08-01,2361.54,2361.54,0.0,0,PAID,PAID,SOFTWARE,NORTH
INV-03538,CUS-0497,2022-04-23,2022-05-23,2022-06-01,498.95,498.95,0.0,0,PAID,PAID,SERVICES,NORTH
INV-03539,CUS-0358,2022-05-19,2022-07-03,2022-06-28,8673.3,8673.3,0.0,0,PAID,PAID,MAINTENANCE,SOUTH
INV-03540,CUS-0359,2024-02-15,2024-03-16,2024-03-13,10028.1,10028.1,0.0,0,PAID,PAID,SOFTWARE,NORTH
INV-03541,CUS-0137,2023-07-25,2023-09-23,2023-09-22,512.41,512.41,0.0,0,PAID,PAID,SERVICES,EAST
INV-03542,CUS-0252,2022-10-09,2022-11-08,,7231.62,3697.48,3534.14,509,90+,PARTIAL,SERVICES,WEST
INV-03543,CUS-0039,2023-04-23,2023-06-07,2023-06-04,3906.7,3906.7,0.0,0,PAID,PAID,MAINTENANCE,EAST
INV-03544,CUS-0254,2023-01-23,2023-03-09,2023-03-09,2754.35,2754.35,0.0,0,PAID,PAID,HARDWARE,NORTH
INV-03545,CUS-0457,2022-10-28,2022-12-27,2022-12-25,3725.65,3725.65,0.0,0,PAID,PAID,SERVICES,SOUTH
INV-03546,CUS-0229,2022-06-23,2022-07-23,2022-07-18,369.01,369.01,0.0,0,PAID,PAID,SOFTWARE,SOUTH
INV-03547,CUS-0303,2023-01-19,2023-02-18,2023-02-15,1951.85,1951.85,0.0,0,PAID,PAID,HARDWARE,EAST
INV-03548,CUS-0391,2023-05-26,2023-07-10,2023-07-09,3987.94,3987.94,0.0,0,PAID,PAID,MAINTENANCE,SOUTH
INV-03549,CUS-0084,2022-06-19,2022-08-18,2022-08-13,3018.4,3018.4,0.0,0,PAID,PAID,MAINTENANCE,NORTH
INV-03550,CUS-0446,2022-06-22,2022-08-21,2022-08-21,6455.9,6455.9,0.0,0,PAID,PAID,SOFTWARE,NORTH
INV-03551,CUS-0491,2023-05-14,2023-06-28,2023-06-24,1557.04,1557.04,0.0,0,PAID,PAID,HARDWARE,NORTH
INV-03552,CUS-0457,2023-01-02,2023-03-03,2023-03-03,1720.19,1720.19,0.0,0,PAID,PAID,HARDWARE,SOUTH
INV-03553,CUS-0133,2024-03-23,2024-05-07,2024-05-23,1801.84,1801.84,0.0,0,PAID,PAID,HARDWARE,SOUTH
INV-03554,CUS-0365,2023-01-04,2023-02-18,,6384.33,3182.93,3201.4,407,90+,PARTIAL,HARDWARE,WEST
INV-03555,CUS-0487,2023-06-28,2023-07-28,2023-07-24,297.43,297.43,0.0,0,PAID,PAID,MAINTENANCE,NORTH
INV-03556,CUS-0456,2023-06-03,2023-08-02,2023-08-27,1249.01,1249.01,0.0,0,PAID,PAID,MAINTENANCE,SOUTH
INV-03557,CUS-0378,2023-07-08,2023-08-07,2023-08-27,8706.98,8706.98,0.0,0,PAID,PAID,HARDWARE,EAST
INV-03558,CUS-0333,2023-03-15,2023-05-14,2023-05-12,764.08,764.08,0.0,0,PAID,PAID,MAINTENANCE,EAST
INV-03559,CUS-0175,2023-07-09,2023-09-07,2023-09-28,11895.43,11895.43,0.0,0,PAID,PAID,HARDWARE,NORTH
INV-03560,CUS-0072,2023-04-29,2023-06-28,,6438.75,0.0,6438.75,277,90+,OVERDUE,SERVICES,SOUTH
INV-03561,CUS-0290,2022-12-12,2023-02-10,2023-02-09,11555.51,11555.51,0.0,0,PAID,PAID,HARDWARE,NORTH
INV-03562,CUS-0096,2022-09-20,2022-10-20,2022-11-07,13317.46,13317.46,0.0,0,PAID,PAID,MAINTENANCE,NORTH
INV-03563,CUS-0017,2024-03-02,2024-05-01,2024-04-28,2188.83,2188.83,0.0,0,PAID,PAID,HARDWARE,SOUTH
INV-03564,CUS-0182,2023-05-24,2023-07-23,2023-07-20,2911.13,2911.13,0.0,0,PAID,PAID,HARDWARE,WEST
INV-03565,CUS-0200,2023-10-23,2023-11-22,2023-12-09,742.8,742.8,0.0,0,PAID,PAID,HARDWARE,WEST
INV-03566,CUS-0388,2023-08-28,2023-09-27,2023-09-26,5169.13,5169.13,0.0,0,PAID,PAID,MAINTENANCE,EAST
INV-03567,CUS-0487,2023-09-04,2023-10-04,2023-10-04,4518.81,4518.81,0.0,0,PAID,PAID,SOFTWARE,WEST
INV-03568,CUS-0017,2022-12-08,2023-02-06,,690.97,0.0,690.97,419,90+,OVERDUE,HARDWARE,WEST
INV-03569,CUS-0477,2022-12-25,2023-02-08,2023-02-26,4384.19,4384.19,0.0,0,PAID,PAID,HARDWARE,NORTH
INV-03570,CUS-0359,2022-09-12,2022-10-12,2022-10-08,5678.27,5678.27,0.0,0,PAID,PAID,HARDWARE,EAST
INV-03571,CUS-0266,2024-02-01,2024-03-02,2024-02-27,35034.5,35034.5,0.0,0,PAID,PAID,HARDWARE,NORTH
INV-03572,CUS-0082,2023-01-29,2023-03-15,2023-03-10,1030.03,1030.03,0.0,0,PAID,PAID,SERVICES,SOUTH
INV-03573,CUS-0230,2023-10-26,2023-12-10,2023-12-07,12403.13,12403.13,0.0,0,PAID,PAID,SOFTWARE,SOUTH
INV-03574,CUS-0001,2022-04-02,2022-06-01,2022-06-01,8991.72,8991.72,0.0,0,PAID,PAID,MAINTENANCE,WEST
INV-03575,CUS-0250,2023-11-02,2023-12-02,2023-11-30,16808.85,16808.85,0.0,0,PAID,PAID,MAINTENANCE,WEST
INV-03576,CUS-0379,2023-06-12,2023-07-27,2023-07-24,1625.21,1625.21,0.0,0,PAID,PAID,SERVICES,NORTH
INV-03577,CUS-0300,2024-01-27,2024-02-26,2024-02-26,1112.68,1112.68,0.0,0,PAID,PAID,SOFTWARE,EAST
INV-03578,CUS-0458,2022-12-30,2023-01-29,2023-01-29,2181.42,2181.42,0.0,0,PAID,PAID,HARDWARE,WEST
INV-03579,CUS-0208,2022-12-06,2023-02-04,,2075.51,0.0,2075.51,421,90+,OVERDUE,MAINTENANCE,NORTH
INV-03580,CUS-0327,2023-12-31,2024-01-30,2024-01-30,8713.68,8713.68,0.0,0,PAID,PAID,SOFTWARE,SOUTH
INV-03581,CUS-0075,2023-03-17,2023-05-16,2023-05-11,3414.41,3414.41,0.0,0,PAID,PAID,SERVICES,SOUTH
INV-03582,CUS-0170,2023-03-20,2023-05-04,2023-04-29,2248.91,2248.91,0.0,0,PAID,PAID,HARDWARE,SOUTH
INV-03583,CUS-0017,2023-07-11,2023-09-09,2023-10-07,3152.62,3152.62,0.0,0,PAID,PAID,SERVICES,NORTH
INV-03584,CUS-0024,2023-08-17,2023-10-01,2023-09-29,1096.32,1096.32,0.0,0,PAID,PAID,HARDWARE,WEST
INV-03585,CUS-0437,2022-05-15,2022-07-14,2022-07-12,24027.53,24027.53,0.0,0,PAID,PAID,SOFTWARE,NORTH
INV-03586,CUS-0469,2023-09-28,2023-11-12,2023-11-12,11580.95,11580.95,0.0,0,PAID,PAID,MAINTENANCE,WEST
INV-03587,CUS-0164,2023-02-26,2023-03-28,2023-03-23,5073.65,5073.65,0.0,0,PAID,PAID,MAINTENANCE,EAST
INV-03588,CUS-0304,2022-04-19,2022-05-19,2022-05-18,712.8,712.8,0.0,0,PAID,PAID,SOFTWARE,EAST
INV-03589,CUS-0074,2022-06-16,2022-07-16,2022-07-16,3351.7,3351.7,0.0,0,PAID,PAID,HARDWARE,NORTH
INV-03590,CUS-0404,2023-05-07,2023-07-06,2023-07-06,2049.24,2049.24,0.0,0,PAID,PAID,SERVICES,WEST
INV-03591,CUS-0086,2022-07-30,2022-09-28,2022-09-27,3342.98,3342.98,0.0,0,PAID,PAID,MAINTENANCE,WEST
INV-03592,CUS-0452,2023-03-08,2023-04-07,2023-04-06,7137.99,7137.99,0.0,0,PAID,PAID,SERVICES,EAST
INV-03593,CUS-0292,2023-08-05,2023-09-19,2023-09-19,35666.04,35666.04,0.0,0,PAID,PAID,MAINTENANCE,WEST
INV-03594,CUS-0198,2024-03-19,2024-05-18,,9290.77,3285.17,6005.6,0,CURRENT,PARTIAL,SERVICES,WEST
INV-03595,CUS-0137,2024-02-17,2024-04-17,2024-04-15,3329.59,3329.59,0.0,0,PAID,PAID,SERVICES,EAST
INV-03596,CUS-0057,2023-08-30,2023-09-29,2023-09-24,510.38,510.38,0.0,0,PAID,PAID,HARDWARE,WEST
INV-03597,CUS-0259,2022-12-25,2023-02-08,2023-02-05,933.97,933.97,0.0,0,PAID,PAID,HARDWARE,SOUTH
INV-03598,CUS-0194,2022-11-20,2022-12-20,2022-12-17,17121.24,17121.24,0.0,0,PAID,PAID,SERVICES,EAST
INV-03599,CUS-0376,2023-10-23,2023-12-07,2023-12-04,6094.76,6094.76,0.0,0,PAID,PAID,SOFTWARE,NORTH
INV-03600,CUS-0059,2022-07-12,2022-08-11,2022-08-11,2551.09,2551.09,0.0,0,PAID,PAID,HARDWARE,WEST
INV-03601,CUS-0114,2023-12-14,2024-01-28,2024-01-24,18771.35,18771.35,0.0,0,PAID,PAID,MAINTENANCE,NORTH
INV-03602,CUS-0475,2023-12-26,2024-02-09,2024-02-07,11378.55,11378.55,0.0,0,PAID,PAID,MAINTENANCE,SOUTH
INV-03603,CUS-0210,2022-12-18,2023-02-16,2023-02-18,10152.48,10152.48,0.0,0,PAID,PAID,SOFTWARE,NORTH
INV-03604,CUS-0430,2023-11-27,2024-01-26,2024-01-25,9691.11,9691.11,0.0,0,PAID,PAID,HARDWARE,SOUTH
INV-03605,CUS-0363,2024-03-20,2024-05-04,2024-05-07,7085.24,7085.24,0.0,0,PAID,PAID,SERVICES,EAST
INV-03606,CUS-0421,2024-03-12,2024-05-11,2024-05-24,6890.25,6890.25,0.0,0,PAID,PAID,HARDWARE,SOUTH
INV-03607,CUS-0453,2023-05-03,2023-06-02,2023-05-30,5673.71,5673.71,0.0,0,PAID,PAID,MAINTENANCE,SOUTH
INV-03608,CUS-0410,2024-01-07,2024-02-21,2024-02-17,842.35,842.35,0.0,0,PAID,PAID,SERVICES,NORTH
INV-03609,CUS-0444,2023-03-11,2023-05-10,2023-05-08,5156.44,5156.44,0.0,0,PAID,PAID,SOFTWARE,NORTH
INV-03610,CUS-0223,2022-10-12,2022-12-11,2022-12-24,18313.67,18313.67,0.0,0,PAID,PAID,SOFTWARE,SOUTH
INV-03611,CUS-0231,2022-12-21,2023-01-20,2023-02-17,8632.83,8632.83,0.0,0,PAID,PAID,SOFTWARE,EAST
INV-03612,CUS-0130,2023-04-22,2023-06-21,2023-07-21,1910.43,1910.43,0.0,0,PAID,PAID,MAINTENANCE,WEST
INV-03613,CUS-0251,2024-03-30,2024-05-29,2024-05-27,17435.53,17435.53,0.0,0,PAID,PAID,SOFTWARE,SOUTH
INV-03614,CUS-0117,2023-10-20,2023-11-19,2023-12-16,275.39,275.39,0.0,0,PAID,PAID,MAINTENANCE,NORTH
INV-03615,CUS-0280,2024-02-12,2024-04-12,2024-05-05,146.95,146.95,0.0,0,PAID,PAID,HARDWARE,EAST
INV-03616,CUS-0268,2023-12-14,2024-01-13,2024-01-12,389.35,389.35,0.0,0,PAID,PAID,SOFTWARE,NORTH
INV-03617,CUS-0405,2022-12-12,2023-01-11,2023-02-05,1138.25,1138.25,0.0,0,PAID,PAID,SOFTWARE,EAST
INV-03618,CUS-0123,2022-11-06,2022-12-21,2022-12-21,2478.59,2478.59,0.0,0,PAID,PAID,SOFTWARE,WEST
INV-03619,CUS-0459,2023-07-12,2023-08-11,2023-08-06,7556.49,7556.49,0.0,0,PAID,PAID,HARDWARE,EAST
INV-03620,CUS-0105,2024-03-09,2024-04-23,2024-04-21,374.92,374.92,0.0,0,PAID,PAID,HARDWARE,EAST
INV-03621,CUS-0206,2023-06-10,2023-07-25,2023-08-18,51294.96,51294.96,0.0,0,PAID,PAID,SERVICES,WEST
INV-03622,CUS-0269,2022-08-21,2022-10-05,2022-10-02,1121.05,1121.05,0.0,0,PAID,PAID,MAINTENANCE,WEST
INV-03623,CUS-0221,2022-09-02,2022-11-01,2022-10-31,21161.13,21161.13,0.0,0,PAID,PAID,MAINTENANCE,NORTH
INV-03624,CUS-0463,2024-01-20,2024-03-20,2024-03-16,9594.2,9594.2,0.0,0,PAID,PAID,SERVICES,SOUTH
INV-03625,CUS-0287,2022-10-16,2022-12-15,2022-12-12,7627.61,7627.61,0.0,0,PAID,PAID,SOFTWARE,WEST
INV-03626,CUS-0009,2023-02-18,2023-03-20,2023-03-15,4103.37,4103.37,0.0,0,PAID,PAID,SOFTWARE,SOUTH
INV-03627,CUS-0194,2023-10-06,2023-11-05,2023-11-05,7572.86,7572.86,0.0,0,PAID,PAID,HARDWARE,WEST
INV-03628,CUS-0023,2022-12-04,2023-02-02,2023-01-30,1778.19,1778.19,0.0,0,PAID,PAID,MAINTENANCE,NORTH
INV-03629,CUS-0500,2023-12-29,2024-01-28,2024-01-27,3328.76,3328.76,0.0,0,PAID,PAID,HARDWARE,EAST
INV-03630,CUS-0198,2023-06-30,2023-08-29,2023-09-16,573.08,573.08,0.0,0,PAID,PAID,SERVICES,NORTH
INV-03631,CUS-0407,2023-05-23,2023-07-22,2023-07-18,708.56,708.56,0.0,0,PAID,PAID,MAINTENANCE,SOUTH
INV-03632,CUS-0319,2023-01-03,2023-03-04,2023-03-04,1015.43,1015.43,0.0,0,PAID,PAID,MAINTENANCE,NORTH
INV-03633,CUS-0089,2023-07-15,2023-09-13,2023-09-12,21827.66,21827.66,0.0,0,PAID,PAID,SOFTWARE,NORTH
INV-03634,CUS-0254,2022-06-07,2022-07-22,2022-07-18,928.23,928.23,0.0,0,PAID,PAID,HARDWARE,NORTH
INV-03635,CUS-0189,2022-08-21,2022-10-05,2022-10-02,4222.7,4222.7,0.0,0,PAID,PAID,SERVICES,WEST
INV-03636,CUS-0100,2023-09-29,2023-10-29,2023-10-25,16283.69,16283.69,0.0,0,PAID,PAID,HARDWARE,NORTH
INV-03637,CUS-0386,2024-01-08,2024-03-08,2024-03-08,752.83,752.83,0.0,0,PAID,PAID,SOFTWARE,NORTH
INV-03638,CUS-0404,2023-05-24,2023-07-23,2023-08-07,8214.04,8214.04,0.0,0,PAID,PAID,HARDWARE,EAST
INV-03639,CUS-0215,2023-06-19,2023-07-19,2023-07-29,1286.67,1286.67,0.0,0,PAID,PAID,SOFTWARE,SOUTH
INV-03640,CUS-0387,2024-03-03,2024-04-02,2024-03-30,6950.67,6950.67,0.0,0,PAID,PAID,SOFTWARE,EAST
INV-03641,CUS-0405,2024-02-18,2024-03-19,2024-03-18,2074.43,2074.43,0.0,0,PAID,PAID,HARDWARE,WEST
INV-03642,CUS-0413,2023-11-04,2023-12-19,2023-12-16,1221.61,1221.61,0.0,0,PAID,PAID,MAINTENANCE,SOUTH
INV-03643,CUS-0158,2022-06-10,2022-07-10,2022-07-06,9002.95,9002.95,0.0,0,PAID,PAID,HARDWARE,WEST
INV-03644,CUS-0190,2023-10-06,2023-11-20,2023-11-19,713.96,713.96,0.0,0,PAID,PAID,SERVICES,EAST
INV-03645,CUS-0368,2023-07-02,2023-08-16,2023-08-15,2818.71,2818.71,0.0,0,PAID,PAID,SOFTWARE,SOUTH
INV-03646,CUS-0364,2022-11-15,2023-01-14,2023-01-11,3583.85,3583.85,0.0,0,PAID,PAID,SOFTWARE,NORTH
INV-03647,CUS-0080,2022-09-06,2022-10-21,2022-10-25,2953.96,2953.96,0.0,0,PAID,PAID,MAINTENANCE,SOUTH
INV-03648,CUS-0402,2022-05-10,2022-06-09,,1446.34,606.57,839.77,661,90+,PARTIAL,MAINTENANCE,NORTH
INV-03649,CUS-0232,2023-06-09,2023-07-09,2023-07-06,500.23,500.23,0.0,0,PAID,PAID,MAINTENANCE,WEST
INV-03650,CUS-0442,2023-12-24,2024-02-07,2024-03-05,7622.49,7622.49,0.0,0,PAID,PAID,SOFTWARE,WEST
INV-03651,CUS-0194,2024-02-02,2024-03-03,2024-03-01,7682.53,7682.53,0.0,0,PAID,PAID,SERVICES,SOUTH
INV-03652,CUS-0127,2022-06-04,2022-07-19,2022-08-12,88276.57,88276.57,0.0,0,PAID,PAID,SERVICES,NORTH
INV-03653,CUS-0091,2024-03-03,2024-04-02,,4265.77,2142.55,2123.22,0,CURRENT,PARTIAL,MAINTENANCE,EAST
INV-03654,CUS-0337,2022-07-28,2022-09-26,,8800.35,4113.97,4686.38,552,90+,PARTIAL,MAINTENANCE,EAST
INV-03655,CUS-0058,2022-07-28,2022-09-26,2022-10-24,187.05,187.05,0.0,0,PAID,PAID,HARDWARE,SOUTH
INV-03656,CUS-0204,2022-05-08,2022-06-22,2022-06-17,4388.89,4388.89,0.0,0,PAID,PAID,HARDWARE,SOUTH
INV-03657,CUS-0419,2022-11-21,2023-01-20,2023-01-20,132.42,132.42,0.0,0,PAID,PAID,SERVICES,EAST
INV-03658,CUS-0191,2023-05-19,2023-06-18,2023-06-16,53073.19,53073.19,0.0,0,PAID,PAID,SERVICES,NORTH
INV-03659,CUS-0317,2023-09-23,2023-10-23,2023-10-22,1224.39,1224.39,0.0,0,PAID,PAID,SERVICES,SOUTH
INV-03660,CUS-0358,2024-02-06,2024-03-22,2024-03-22,10011.19,10011.19,0.0,0,PAID,PAID,SOFTWARE,SOUTH
INV-03661,CUS-0251,2023-07-30,2023-09-28,2023-09-27,1872.8,1872.8,0.0,0,PAID,PAID,SERVICES,EAST
INV-03662,CUS-0159,2022-12-25,2023-01-24,2023-01-26,1018.02,1018.02,0.0,0,PAID,PAID,HARDWARE,SOUTH
INV-03663,CUS-0022,2022-07-01,2022-08-30,2022-08-25,6004.96,6004.96,0.0,0,PAID,PAID,HARDWARE,SOUTH
INV-03664,CUS-0092,2024-02-28,2024-03-29,2024-03-25,4893.96,4893.96,0.0,0,PAID,PAID,SERVICES,SOUTH
INV-03665,CUS-0432,2022-10-25,2022-12-09,,146.26,58.25,88.01,478,90+,PARTIAL,SOFTWARE,EAST
INV-03666,CUS-0054,2022-06-24,2022-07-24,,968.04,443.02,525.02,616,90+,PARTIAL,SOFTWARE,WEST
INV-03667,CUS-0303,2023-03-30,2023-04-29,2023-04-25,896.92,896.92,0.0,0,PAID,PAID,HARDWARE,EAST
INV-03668,CUS-0181,2022-10-23,2022-12-07,2022-12-05,1345.63,1345.63,0.0,0,PAID,PAID,SERVICES,NORTH
INV-03669,CUS-0415,2023-07-02,2023-08-01,2023-08-03,29629.6,29629.6,0.0,0,PAID,PAID,MAINTENANCE,EAST
INV-03670,CUS-0294,2023-05-11,2023-07-10,2023-08-07,2735.27,2735.27,0.0,0,PAID,PAID,SOFTWARE,NORTH
INV-03671,CUS-0039,2023-11-08,2023-12-23,2023-12-20,5218.73,5218.73,0.0,0,PAID,PAID,MAINTENANCE,SOUTH
INV-03672,CUS-0346,2023-11-17,2024-01-16,2024-01-14,721.06,721.06,0.0,0,PAID,PAID,SERVICES,EAST
INV-03673,CUS-0215,2023-03-22,2023-04-21,2023-04-21,2537.66,2537.66,0.0,0,PAID,PAID,MAINTENANCE,SOUTH
INV-03674,CUS-0458,2023-08-14,2023-09-13,2023-09-09,1344.75,1344.75,0.0,0,PAID,PAID,SOFTWARE,WEST
INV-03675,CUS-0180,2022-11-05,2022-12-05,2022-12-05,86.9,86.9,0.0,0,PAID,PAID,SOFTWARE,SOUTH
INV-03676,CUS-0305,2022-05-01,2022-06-15,2022-06-10,6076.28,6076.28,0.0,0,PAID,PAID,SOFTWARE,NORTH
INV-03677,CUS-0465,2022-11-02,2023-01-01,2022-12-27,1974.85,1974.85,0.0,0,PAID,PAID,MAINTENANCE,SOUTH
INV-03678,CUS-0325,2022-05-24,2022-06-23,2022-07-02,3090.71,3090.71,0.0,0,PAID,PAID,MAINTENANCE,EAST
INV-03679,CUS-0139,2023-02-21,2023-04-07,2023-04-03,6761.04,6761.04,0.0,0,PAID,PAID,MAINTENANCE,EAST
INV-03680,CUS-0002,2023-08-29,2023-10-13,2023-10-12,779.18,779.18,0.0,0,PAID,PAID,HARDWARE,WEST
INV-03681,CUS-0488,2023-04-20,2023-06-19,2023-06-18,5313.22,5313.22,0.0,0,PAID,PAID,HARDWARE,NORTH
INV-03682,CUS-0163,2022-10-05,2022-12-04,2022-11-30,7801.9,7801.9,0.0,0,PAID,PAID,SERVICES,EAST
INV-03683,CUS-0288,2022-05-02,2022-07-01,2022-06-30,5395.89,5395.89,0.0,0,PAID,PAID,SOFTWARE,NORTH
INV-03684,CUS-0136,2022-12-07,2023-01-21,2023-01-20,33545.73,33545.73,0.0,0,PAID,PAID,SERVICES,EAST
INV-03685,CUS-0221,2022-05-02,2022-07-01,2022-06-29,7398.75,7398.75,0.0,0,PAID,PAID,SOFTWARE,SOUTH
INV-03686,CUS-0233,2024-01-09,2024-02-08,2024-02-08,1619.93,1619.93,0.0,0,PAID,PAID,SERVICES,SOUTH
INV-03687,CUS-0423,2022-05-28,2022-07-12,2022-07-09,1192.69,1192.69,0.0,0,PAID,PAID,MAINTENANCE,WEST
INV-03688,CUS-0361,2023-03-14,2023-04-13,2023-05-03,640.17,640.17,0.0,0,PAID,PAID,SOFTWARE,EAST
INV-03689,CUS-0337,2022-08-13,2022-10-12,,9076.69,3279.68,5797.01,536,90+,PARTIAL,HARDWARE,SOUTH
INV-03690,CUS-0236,2023-10-30,2023-12-29,2023-12-27,11044.87,11044.87,0.0,0,PAID,PAID,SERVICES,NORTH
INV-03691,CUS-0500,2023-12-21,2024-01-20,,4056.24,2789.28,1266.96,71,61-90,PARTIAL,SERVICES,WEST
INV-03692,CUS-0213,2024-02-19,2024-04-19,2024-04-16,272.06,272.06,0.0,0,PAID,PAID,MAINTENANCE,WEST
INV-03693,CUS-0079,2023-01-15,2023-02-14,,781.62,0.0,781.62,411,90+,OVERDUE,SOFTWARE,SOUTH
INV-03694,CUS-0478,2023-02-03,2023-03-05,2023-03-01,1320.42,1320.42,0.0,0,PAID,PAID,MAINTENANCE,EAST
INV-03695,CUS-0050,2022-05-08,2022-06-22,2022-06-18,39837.18,39837.18,0.0,0,PAID,PAID,HARDWARE,SOUTH
INV-03696,CUS-0434,2023-02-10,2023-03-12,2023-03-08,4318.32,4318.32,0.0,0,PAID,PAID,SERVICES,WEST
INV-03697,CUS-0174,2022-04-17,2022-06-16,2022-06-12,2624.03,2624.03,0.0,0,PAID,PAID,SERVICES,EAST
INV-03698,CUS-0009,2023-10-09,2023-11-08,,5654.01,2920.83,2733.18,144,90+,PARTIAL,SERVICES,WEST
INV-03699,CUS-0156,2024-01-11,2024-03-11,2024-03-08,1232.77,1232.77,0.0,0,PAID,PAID,SOFTWARE,WEST
INV-03700,CUS-0058,2022-04-05,2022-06-04,2022-05-31,5328.58,5328.58,0.0,0,PAID,PAID,SERVICES,WEST
INV-03701,CUS-0166,2023-01-05,2023-02-19,2023-02-15,769.06,769.06,0.0,0,PAID,PAID,SOFTWARE,EAST
INV-03702,CUS-0187,2022-09-11,2022-10-11,2022-11-08,2491.0,2491.0,0.0,0,PAID,PAID,SERVICES,EAST
INV-03703,CUS-0325,2022-12-10,2023-01-09,2023-01-06,9476.48,9476.48,0.0,0,PAID,PAID,SOFTWARE,SOUTH
INV-03704,CUS-0082,2024-01-02,2024-02-16,2024-02-14,15791.69,15791.69,0.0,0,PAID,PAID,HARDWARE,NORTH
INV-03705,CUS-0236,2024-02-20,2024-04-20,2024-04-15,16868.01,16868.01,0.0,0,PAID,PAID,MAINTENANCE,SOUTH
INV-03706,CUS-0122,2022-06-04,2022-07-19,2022-07-15,2794.6,2794.6,0.0,0,PAID,PAID,MAINTENANCE,SOUTH
INV-03707,CUS-0423,2023-05-07,2023-06-21,2023-07-12,1763.96,1763.96,0.0,0,PAID,PAID,HARDWARE,NORTH
INV-03708,CUS-0069,2023-11-03,2024-01-02,2024-01-01,8924.74,8924.74,0.0,0,PAID,PAID,SERVICES,NORTH
INV-03709,CUS-0028,2022-08-20,2022-10-04,2022-10-10,57631.34,57631.34,0.0,0,PAID,PAID,HARDWARE,NORTH
INV-03710,CUS-0008,2023-02-27,2023-04-28,2023-04-23,35875.39,35875.39,0.0,0,PAID,PAID,MAINTENANCE,NORTH
INV-03711,CUS-0269,2023-08-31,2023-10-15,2023-10-15,363.22,363.22,0.0,0,PAID,PAID,SERVICES,EAST
INV-03712,CUS-0235,2023-11-02,2023-12-17,,565.24,0.0,565.24,105,90+,OVERDUE,SERVICES,WEST
INV-03713,CUS-0296,2024-01-19,2024-02-18,2024-02-18,2763.17,2763.17,0.0,0,PAID,PAID,MAINTENANCE,EAST
INV-03714,CUS-0160,2022-07-26,2022-09-09,2022-09-08,9802.9,9802.9,0.0,0,PAID,PAID,HARDWARE,NORTH
INV-03715,CUS-0156,2024-03-13,2024-05-12,2024-05-11,3705.81,3705.81,0.0,0,PAID,PAID,SERVICES,SOUTH
INV-03716,CUS-0204,2022-09-25,2022-11-09,2022-11-07,2245.83,2245.83,0.0,0,PAID,PAID,MAINTENANCE,NORTH
INV-03717,CUS-0398,2023-09-12,2023-10-12,2023-10-20,1421.79,1421.79,0.0,0,PAID,PAID,MAINTENANCE,NORTH
INV-03718,CUS-0334,2022-06-18,2022-08-02,2022-08-02,6298.73,6298.73,0.0,0,PAID,PAID,SOFTWARE,WEST
INV-03719,CUS-0467,2023-06-14,2023-07-29,2023-07-27,786.17,786.17,0.0,0,PAID,PAID,MAINTENANCE,EAST
INV-03720,CUS-0325,2022-08-10,2022-09-09,2022-09-04,1233.76,1233.76,0.0,0,PAID,PAID,MAINTENANCE,NORTH
INV-03721,CUS-0334,2022-12-06,2023-01-20,,7393.62,0.0,7393.62,436,90+,OVERDUE,SOFTWARE,WEST
INV-03722,CUS-0155,2022-06-03,2022-08-02,2022-07-28,3572.43,3572.43,0.0,0,PAID,PAID,SERVICES,NORTH
INV-03723,CUS-0076,2022-09-30,2022-11-29,2022-11-28,16306.07,16306.07,0.0,0,PAID,PAID,MAINTENANCE,SOUTH
INV-03724,CUS-0385,2022-07-09,2022-08-08,2022-08-08,15152.41,15152.41,0.0,0,PAID,PAID,MAINTENANCE,WEST
INV-03725,CUS-0136,2023-01-14,2023-02-28,2023-03-22,17070.91,17070.91,0.0,0,PAID,PAID,HARDWARE,SOUTH
INV-03726,CUS-0228,2022-05-27,2022-07-26,2022-07-26,65588.94,65588.94,0.0,0,PAID,PAID,HARDWARE,EAST
INV-03727,CUS-0199,2022-06-27,2022-08-11,2022-08-08,1498.13,1498.13,0.0,0,PAID,PAID,SERVICES,SOUTH
INV-03728,CUS-0100,2023-06-15,2023-07-15,2023-07-12,1332.66,1332.66,0.0,0,PAID,PAID,SERVICES,EAST
INV-03729,CUS-0382,2023-10-28,2023-12-27,2023-12-22,3824.55,3824.55,0.0,0,PAID,PAID,SOFTWARE,WEST
INV-03730,CUS-0102,2022-10-26,2022-12-25,2022-12-20,977.06,977.06,0.0,0,PAID,PAID,MAINTENANCE,EAST
INV-03731,CUS-0290,2023-05-30,2023-07-29,,325.76,214.26,111.5,246,90+,PARTIAL,HARDWARE,WEST
INV-03732,CUS-0019,2022-09-29,2022-10-29,,72856.28,27931.01,44925.27,519,90+,PARTIAL,SERVICES,EAST
INV-03733,CUS-0234,2023-06-19,2023-07-19,2023-07-19,5223.55,5223.55,0.0,0,PAID,PAID,SERVICES,WEST
INV-03734,CUS-0106,2022-08-17,2022-10-16,2022-10-14,598.24,598.24,0.0,0,PAID,PAID,HARDWARE,WEST
INV-03735,CUS-0049,2023-10-08,2023-11-22,,164.3,0.0,164.3,130,90+,OVERDUE,MAINTENANCE,SOUTH
INV-03736,CUS-0055,2023-01-08,2023-02-22,2023-02-17,1413.54,1413.54,0.0,0,PAID,PAID,SOFTWARE,NORTH
INV-03737,CUS-0165,2023-03-22,2023-04-21,2023-04-20,3448.65,3448.65,0.0,0,PAID,PAID,MAINTENANCE,EAST
INV-03738,CUS-0473,2022-05-22,2022-06-21,2022-06-24,6205.51,6205.51,0.0,0,PAID,PAID,MAINTENANCE,SOUTH
INV-03739,CUS-0025,2023-01-02,2023-02-01,2023-01-29,10575.22,10575.22,0.0,0,PAID,PAID,SERVICES,SOUTH
INV-03740,CUS-0047,2023-05-23,2023-07-22,2023-08-06,8452.94,8452.94,0.0,0,PAID,PAID,HARDWARE,SOUTH
INV-03741,CUS-0393,2023-01-22,2023-03-08,2023-04-02,3291.38,3291.38,0.0,0,PAID,PAID,SERVICES,SOUTH
INV-03742,CUS-0297,2022-12-26,2023-02-09,,5144.2,1824.78,3319.42,416,90+,PARTIAL,HARDWARE,EAST
INV-03743,CUS-0422,2022-08-06,2022-09-20,2022-09-19,6148.4,6148.4,0.0,0,PAID,PAID,SOFTWARE,WEST
INV-03744,CUS-0425,2023-05-02,2023-06-01,2023-06-01,808.41,808.41,0.0,0,PAID,PAID,HARDWARE,EAST
INV-03745,CUS-0106,2024-02-17,2024-04-17,2024-04-15,984.15,984.15,0.0,0,PAID,PAID,SERVICES,WEST
INV-03746,CUS-0346,2023-07-22,2023-09-20,2023-09-17,4737.97,4737.97,0.0,0,PAID,PAID,SERVICES,SOUTH
INV-03747,CUS-0173,2022-05-13,2022-07-12,2022-08-01,2464.33,2464.33,0.0,0,PAID,PAID,HARDWARE,NORTH
INV-03748,CUS-0138,2023-11-11,2023-12-26,2023-12-26,9086.73,9086.73,0.0,0,PAID,PAID,SERVICES,WEST
INV-03749,CUS-0237,2023-12-22,2024-02-05,2024-01-31,1591.55,1591.55,0.0,0,PAID,PAID,MAINTENANCE,NORTH
INV-03750,CUS-0324,2023-04-17,2023-06-01,2023-05-28,2754.03,2754.03,0.0,0,PAID,PAID,SERVICES,EAST
INV-03751,CUS-0140,2022-09-15,2022-10-15,2022-10-12,9484.73,9484.73,0.0,0,PAID,PAID,MAINTENANCE,NORTH
INV-03752,CUS-0430,2024-01-14,2024-03-14,2024-03-12,5571.1,5571.1,0.0,0,PAID,PAID,MAINTENANCE,EAST
INV-03753,CUS-0194,2022-11-08,2022-12-08,2022-12-07,9604.6,9604.6,0.0,0,PAID,PAID,MAINTENANCE,SOUTH
INV-03754,CUS-0035,2023-12-30,2024-02-13,,52004.48,32432.81,19571.67,47,31-60,PARTIAL,HARDWARE,EAST
INV-03755,CUS-0113,2022-04-12,2022-05-27,2022-05-22,9376.65,9376.65,0.0,0,PAID,PAID,HARDWARE,EAST
INV-03756,CUS-0370,2023-09-17,2023-11-01,2023-11-06,2653.48,2653.48,0.0,0,PAID,PAID,MAINTENANCE,WEST
INV-03757,CUS-0278,2023-06-08,2023-07-23,,256.58,88.26,168.32,252,90+,PARTIAL,SERVICES,EAST
INV-03758,CUS-0372,2023-12-31,2024-01-30,2024-01-27,16180.06,16180.06,0.0,0,PAID,PAID,MAINTENANCE,NORTH
INV-03759,CUS-0092,2023-10-12,2023-11-11,,1595.21,710.41,884.8,141,90+,PARTIAL,MAINTENANCE,NORTH
INV-03760,CUS-0360,2022-09-15,2022-10-30,2022-10-30,6558.0,6558.0,0.0,0,PAID,PAID,SOFTWARE,SOUTH
INV-03761,CUS-0441,2022-05-27,2022-06-26,2022-06-23,1952.47,1952.47,0.0,0,PAID,PAID,SOFTWARE,SOUTH
INV-03762,CUS-0394,2022-08-24,2022-10-08,2022-10-03,7756.3,7756.3,0.0,0,PAID,PAID,MAINTENANCE,SOUTH
INV-03763,CUS-0324,2023-07-25,2023-09-08,,23161.97,11312.34,11849.63,205,90+,PARTIAL,HARDWARE,SOUTH
INV-03764,CUS-0169,2023-08-07,2023-09-06,2023-09-05,1204.23,1204.23,0.0,0,PAID,PAID,MAINTENANCE,WEST
INV-03765,CUS-0104,2022-05-19,2022-07-18,2022-08-08,3702.57,3702.57,0.0,0,PAID,PAID,SERVICES,NORTH
INV-03766,CUS-0182,2023-02-22,2023-04-23,2023-05-08,129806.9,129806.9,0.0,0,PAID,PAID,MAINTENANCE,EAST
INV-03767,CUS-0498,2024-02-05,2024-04-05,2024-04-03,3545.21,3545.21,0.0,0,PAID,PAID,HARDWARE,WEST
INV-03768,CUS-0263,2023-10-10,2023-12-09,2023-12-28,2354.26,2354.26,0.0,0,PAID,PAID,MAINTENANCE,SOUTH
INV-03769,CUS-0484,2022-10-15,2022-11-14,2022-11-13,10931.41,10931.41,0.0,0,PAID,PAID,MAINTENANCE,WEST
INV-03770,CUS-0259,2022-09-13,2022-10-28,2022-10-26,798.63,798.63,0.0,0,PAID,PAID,SERVICES,NORTH
INV-03771,CUS-0277,2023-10-13,2023-12-12,2023-12-11,1265.97,1265.97,0.0,0,PAID,PAID,HARDWARE,WEST
INV-03772,CUS-0119,2024-03-24,2024-04-23,2024-04-19,893.89,893.89,0.0,0,PAID,PAID,MAINTENANCE,NORTH
INV-03773,CUS-0291,2022-07-19,2022-09-17,2022-10-02,19439.59,19439.59,0.0,0,PAID,PAID,HARDWARE,WEST
INV-03774,CUS-0163,2023-10-24,2023-12-23,2023-12-23,14177.61,14177.61,0.0,0,PAID,PAID,HARDWARE,WEST
INV-03775,CUS-0277,2022-06-25,2022-08-24,2022-08-19,245.66,245.66,0.0,0,PAID,PAID,HARDWARE,WEST
INV-03776,CUS-0303,2023-06-15,2023-07-15,,5235.16,0.0,5235.16,260,90+,OVERDUE,SOFTWARE,NORTH
INV-03777,CUS-0395,2022-07-12,2022-08-26,,4474.21,2356.39,2117.82,583,90+,PARTIAL,SOFTWARE,WEST
INV-03778,CUS-0343,2023-04-18,2023-06-02,2023-06-01,8301.64,8301.64,0.0,0,PAID,PAID,MAINTENANCE,EAST
INV-03779,CUS-0306,2023-01-05,2023-02-04,2023-02-03,2955.79,2955.79,0.0,0,PAID,PAID,MAINTENANCE,NORTH
INV-03780,CUS-0343,2022-12-20,2023-02-03,2023-02-03,6851.85,6851.85,0.0,0,PAID,PAID,MAINTENANCE,EAST
INV-03781,CUS-0467,2024-03-14,2024-04-28,2024-04-24,1028.13,1028.13,0.0,0,PAID,PAID,SERVICES,SOUTH
INV-03782,CUS-0165,2022-12-02,2023-01-01,2022-12-27,1138.57,1138.57,0.0,0,PAID,PAID,SOFTWARE,NORTH
INV-03783,CUS-0082,2023-09-23,2023-11-07,,990.83,417.13,573.7,145,90+,PARTIAL,HARDWARE,NORTH
INV-03784,CUS-0235,2023-09-13,2023-10-28,2023-10-24,5144.15,5144.15,0.0,0,PAID,PAID,MAINTENANCE,WEST
INV-03785,CUS-0386,2022-07-25,2022-09-23,,587.42,0.0,587.42,555,90+,OVERDUE,SOFTWARE,NORTH
INV-03786,CUS-0461,2022-11-09,2023-01-08,2023-01-04,3565.25,3565.25,0.0,0,PAID,PAID,MAINTENANCE,SOUTH
INV-03787,CUS-0262,2023-09-01,2023-10-31,2023-10-27,839.89,839.89,0.0,0,PAID,PAID,SOFTWARE,EAST
INV-03788,CUS-0106,2022-10-15,2022-12-14,2022-12-10,487.69,487.69,0.0,0,PAID,PAID,SERVICES,SOUTH
INV-03789,CUS-0086,2024-03-06,2024-05-05,2024-05-31,911.45,911.45,0.0,0,PAID,PAID,HARDWARE,WEST
INV-03790,CUS-0397,2023-05-07,2023-07-06,2023-07-02,1757.17,1757.17,0.0,0,PAID,PAID,HARDWARE,WEST
INV-03791,CUS-0170,2024-01-14,2024-02-28,,3505.21,1431.64,2073.57,32,31-60,PARTIAL,SOFTWARE,NORTH
INV-03792,CUS-0204,2023-02-17,2023-04-03,2023-03-29,4641.37,4641.37,0.0,0,PAID,PAID,HARDWARE,NORTH
INV-03793,CUS-0468,2023-04-19,2023-05-19,2023-05-17,1416.11,1416.11,0.0,0,PAID,PAID,SOFTWARE,NORTH
INV-03794,CUS-0405,2023-01-28,2023-02-27,2023-02-24,4279.81,4279.81,0.0,0,PAID,PAID,HARDWARE,NORTH
INV-03795,CUS-0282,2023-01-11,2023-03-12,2023-03-08,944.47,944.47,0.0,0,PAID,PAID,SOFTWARE,WEST
INV-03796,CUS-0124,2023-06-13,2023-07-28,2023-07-28,1616.54,1616.54,0.0,0,PAID,PAID,SOFTWARE,NORTH
INV-03797,CUS-0298,2023-10-12,2023-11-11,2023-11-11,405.45,405.45,0.0,0,PAID,PAID,MAINTENANCE,SOUTH
INV-03798,CUS-0354,2022-10-17,2022-11-16,2022-11-15,18556.06,18556.06,0.0,0,PAID,PAID,MAINTENANCE,SOUTH
INV-03799,CUS-0394,2023-11-06,2023-12-21,2023-12-17,5997.4,5997.4,0.0,0,PAID,PAID,SERVICES,NORTH
INV-03800,CUS-0186,2022-05-30,2022-07-14,2022-07-10,22014.58,22014.58,0.0,0,PAID,PAID,SERVICES,SOUTH
INV-03801,CUS-0481,2023-04-13,2023-05-28,2023-05-28,14201.65,14201.65,0.0,0,PAID,PAID,HARDWARE,WEST
INV-03802,CUS-0400,2022-09-21,2022-11-05,2022-11-01,8710.12,8710.12,0.0,0,PAID,PAID,HARDWARE,WEST
INV-03803,CUS-0166,2023-02-09,2023-03-26,2023-03-23,355.02,355.02,0.0,0,PAID,PAID,MAINTENANCE,WEST
INV-03804,CUS-0356,2023-07-05,2023-08-19,2023-08-19,1272.8,1272.8,0.0,0,PAID,PAID,SOFTWARE,NORTH
INV-03805,CUS-0194,2023-07-13,2023-08-12,2023-08-09,5947.25,5947.25,0.0,0,PAID,PAID,HARDWARE,SOUTH
INV-03806,CUS-0158,2022-12-28,2023-01-27,2023-01-25,11468.45,11468.45,0.0,0,PAID,PAID,SERVICES,EAST
INV-03807,CUS-0277,2024-01-23,2024-03-23,2024-03-19,822.66,822.66,0.0,0,PAID,PAID,MAINTENANCE,SOUTH
INV-03808,CUS-0318,2022-11-27,2023-01-26,2023-01-22,56820.11,56820.11,0.0,0,PAID,PAID,MAINTENANCE,NORTH
INV-03809,CUS-0014,2023-01-31,2023-04-01,2023-03-27,1265.54,1265.54,0.0,0,PAID,PAID,SERVICES,SOUTH
INV-03810,CUS-0480,2023-02-21,2023-03-23,2023-03-21,2726.13,2726.13,0.0,0,PAID,PAID,SOFTWARE,WEST
INV-03811,CUS-0058,2023-02-23,2023-04-24,2023-05-24,218.88,218.88,0.0,0,PAID,PAID,SOFTWARE,SOUTH
INV-03812,CUS-0439,2023-10-16,2023-11-30,2023-11-30,15865.25,15865.25,0.0,0,PAID,PAID,SOFTWARE,EAST
INV-03813,CUS-0297,2022-05-14,2022-06-28,2022-06-23,11403.85,11403.85,0.0,0,PAID,PAID,HARDWARE,SOUTH
INV-03814,CUS-0411,2024-03-27,2024-05-11,2024-05-26,4209.8,4209.8,0.0,0,PAID,PAID,HARDWARE,SOUTH
INV-03815,CUS-0430,2022-08-02,2022-10-01,2022-09-29,4356.56,4356.56,0.0,0,PAID,PAID,SOFTWARE,EAST
INV-03816,CUS-0231,2022-08-22,2022-09-21,2022-09-20,3456.28,3456.28,0.0,0,PAID,PAID,MAINTENANCE,EAST
INV-03817,CUS-0361,2022-04-29,2022-05-29,,58251.74,36469.14,21782.6,672,90+,PARTIAL,SERVICES,EAST
INV-03818,CUS-0496,2023-05-25,2023-06-24,2023-07-02,3356.07,3356.07,0.0,0,PAID,PAID,MAINTENANCE,EAST
INV-03819,CUS-0179,2023-01-30,2023-03-31,2023-03-26,12872.46,12872.46,0.0,0,PAID,PAID,MAINTENANCE,WEST
INV-03820,CUS-0292,2022-07-29,2022-09-12,2022-09-10,4226.02,4226.02,0.0,0,PAID,PAID,MAINTENANCE,WEST
INV-03821,CUS-0008,2023-02-10,2023-04-11,,3316.98,0.0,3316.98,355,90+,OVERDUE,SOFTWARE,SOUTH
INV-03822,CUS-0059,2022-07-19,2022-08-18,2022-08-15,4648.08,4648.08,0.0,0,PAID,PAID,MAINTENANCE,WEST
INV-03823,CUS-0283,2022-04-01,2022-05-01,2022-05-01,594.78,594.78,0.0,0,PAID,PAID,SOFTWARE,EAST
INV-03824,CUS-0169,2022-10-31,2022-11-30,2022-11-27,1346.28,1346.28,0.0,0,PAID,PAID,SOFTWARE,SOUTH
INV-03825,CUS-0062,2024-01-13,2024-02-27,,5279.91,1976.79,3303.12,33,31-60,PARTIAL,MAINTENANCE,SOUTH
INV-03826,CUS-0287,2022-06-23,2022-08-22,2022-08-19,995.49,995.49,0.0,0,PAID,PAID,SOFTWARE,NORTH
INV-03827,CUS-0364,2023-10-22,2023-12-21,2023-12-21,1134.99,1134.99,0.0,0,PAID,PAID,MAINTENANCE,WEST
INV-03828,CUS-0265,2022-10-10,2022-11-24,2022-11-22,74463.66,74463.66,0.0,0,PAID,PAID,MAINTENANCE,SOUTH
INV-03829,CUS-0086,2023-07-15,2023-09-13,2023-09-09,13641.3,13641.3,0.0,0,PAID,PAID,MAINTENANCE,WEST
INV-03830,CUS-0166,2023-02-10,2023-03-27,2023-03-24,364.49,364.49,0.0,0,PAID,PAID,SOFTWARE,EAST
INV-03831,CUS-0175,2022-05-09,2022-07-08,2022-07-08,16891.38,16891.38,0.0,0,PAID,PAID,SOFTWARE,EAST
INV-03832,CUS-0179,2023-11-26,2024-01-25,2024-01-23,25603.36,25603.36,0.0,0,PAID,PAID,SOFTWARE,NORTH
INV-03833,CUS-0304,2023-05-19,2023-06-18,2023-06-14,450.81,450.81,0.0,0,PAID,PAID,SOFTWARE,NORTH
INV-03834,CUS-0118,2022-12-08,2023-01-22,,840.65,0.0,840.65,434,90+,OVERDUE,MAINTENANCE,NORTH
INV-03835,CUS-0313,2022-04-24,2022-06-23,2022-06-23,3524.19,3524.19,0.0,0,PAID,PAID,SERVICES,EAST
INV-03836,CUS-0176,2024-02-09,2024-03-25,2024-03-20,6832.15,6832.15,0.0,0,PAID,PAID,MAINTENANCE,WEST
INV-03837,CUS-0461,2023-08-11,2023-10-10,2023-10-05,346.13,346.13,0.0,0,PAID,PAID,HARDWARE,EAST
INV-03838,CUS-0177,2024-01-22,2024-03-07,2024-04-04,12573.04,12573.04,0.0,0,PAID,PAID,SERVICES,NORTH
INV-03839,CUS-0084,2024-03-27,2024-05-26,2024-05-26,1095.62,1095.62,0.0,0,PAID,PAID,SOFTWARE,WEST
INV-03840,CUS-0486,2023-08-21,2023-10-05,2023-09-30,11985.0,11985.0,0.0,0,PAID,PAID,MAINTENANCE,SOUTH
INV-03841,CUS-0218,2023-12-18,2024-02-16,2024-03-05,50653.54,50653.54,0.0,0,PAID,PAID,MAINTENANCE,EAST
INV-03842,CUS-0286,2024-02-05,2024-03-21,2024-03-16,1140.14,1140.14,0.0,0,PAID,PAID,SOFTWARE,EAST
INV-03843,CUS-0437,2024-03-04,2024-05-03,2024-04-28,17846.12,17846.12,0.0,0,PAID,PAID,SOFTWARE,NORTH
INV-03844,CUS-0107,2023-12-24,2024-02-07,2024-02-06,11699.64,11699.64,0.0,0,PAID,PAID,HARDWARE,WEST
INV-03845,CUS-0170,2022-08-07,2022-09-21,2022-09-21,2002.67,2002.67,0.0,0,PAID,PAID,SERVICES,WEST
INV-03846,CUS-0127,2023-09-02,2023-10-17,,1805.13,0.0,1805.13,166,90+,OVERDUE,HARDWARE,EAST
INV-03847,CUS-0454,2022-09-16,2022-10-31,2022-11-05,5964.07,5964.07,0.0,0,PAID,PAID,HARDWARE,NORTH
INV-03848,CUS-0037,2023-09-27,2023-10-27,2023-11-04,1056.51,1056.51,0.0,0,PAID,PAID,HARDWARE,WEST
INV-03849,CUS-0311,2023-05-29,2023-07-28,2023-08-27,10248.1,10248.1,0.0,0,PAID,PAID,MAINTENANCE,EAST
INV-03850,CUS-0165,2022-11-10,2022-12-10,2022-12-05,6416.2,6416.2,0.0,0,PAID,PAID,SERVICES,NORTH
INV-03851,CUS-0410,2023-11-17,2024-01-01,2023-12-30,35272.56,35272.56,0.0,0,PAID,PAID,MAINTENANCE,EAST
INV-03852,CUS-0314,2023-04-12,2023-06-11,,2287.75,977.32,1310.43,294,90+,PARTIAL,HARDWARE,SOUTH
INV-03853,CUS-0410,2023-05-24,2023-07-08,2023-07-04,122383.7,122383.7,0.0,0,PAID,PAID,SERVICES,WEST
INV-03854,CUS-0318,2023-08-21,2023-10-20,2023-10-17,16065.21,16065.21,0.0,0,PAID,PAID,MAINTENANCE,WEST
INV-03855,CUS-0473,2023-03-26,2023-04-25,2023-04-28,872.37,872.37,0.0,0,PAID,PAID,MAINTENANCE,EAST
INV-03856,CUS-0338,2022-05-01,2022-06-30,2022-06-30,13463.65,13463.65,0.0,0,PAID,PAID,SOFTWARE,NORTH
INV-03857,CUS-0211,2023-04-27,2023-06-26,2023-06-22,1160.57,1160.57,0.0,0,PAID,PAID,HARDWARE,SOUTH
INV-03858,CUS-0340,2023-10-12,2023-12-11,2023-12-08,1089.62,1089.62,0.0,0,PAID,PAID,HARDWARE,SOUTH
INV-03859,CUS-0499,2022-04-29,2022-06-28,2022-06-26,3621.88,3621.88,0.0,0,PAID,PAID,SERVICES,EAST
INV-03860,CUS-0286,2023-04-12,2023-05-27,2023-05-23,4151.7,4151.7,0.0,0,PAID,PAID,HARDWARE,EAST
INV-03861,CUS-0175,2024-02-23,2024-04-23,2024-04-20,32926.61,32926.61,0.0,0,PAID,PAID,MAINTENANCE,SOUTH
INV-03862,CUS-0138,2022-12-06,2023-01-20,2023-01-20,1137.81,1137.81,0.0,0,PAID,PAID,HARDWARE,WEST
INV-03863,CUS-0203,2022-06-16,2022-08-15,2022-08-11,305.18,305.18,0.0,0,PAID,PAID,HARDWARE,WEST
INV-03864,CUS-0257,2023-10-15,2023-11-14,,26823.08,0.0,26823.08,138,90+,OVERDUE,SERVICES,NORTH
INV-03865,CUS-0338,2022-09-15,2022-11-14,2022-11-13,7184.47,7184.47,0.0,0,PAID,PAID,SOFTWARE,EAST
INV-03866,CUS-0375,2023-04-29,2023-06-13,2023-06-26,238.22,238.22,0.0,0,PAID,PAID,SOFTWARE,EAST
INV-03867,CUS-0284,2022-06-19,2022-08-03,2022-08-03,1146.75,1146.75,0.0,0,PAID,PAID,SERVICES,NORTH
INV-03868,CUS-0451,2023-06-09,2023-07-24,2023-07-19,27985.27,27985.27,0.0,0,PAID,PAID,HARDWARE,NORTH
INV-03869,CUS-0020,2023-12-24,2024-02-22,,2990.07,1437.5,1552.57,38,31-60,PARTIAL,SERVICES,WEST
INV-03870,CUS-0323,2023-07-16,2023-08-15,2023-08-14,10055.65,10055.65,0.0,0,PAID,PAID,HARDWARE,WEST
INV-03871,CUS-0384,2022-09-09,2022-10-24,2022-10-21,39200.91,39200.91,0.0,0,PAID,PAID,HARDWARE,NORTH
INV-03872,CUS-0121,2023-12-23,2024-02-06,2024-02-05,5678.4,5678.4,0.0,0,PAID,PAID,HARDWARE,EAST
INV-03873,CUS-0237,2024-02-18,2024-04-03,2024-04-07,3052.99,3052.99,0.0,0,PAID,PAID,SERVICES,NORTH
INV-03874,CUS-0376,2022-04-17,2022-06-01,2022-05-27,5072.87,5072.87,0.0,0,PAID,PAID,SOFTWARE,SOUTH
INV-03875,CUS-0186,2022-06-05,2022-07-20,2022-07-20,9541.86,9541.86,0.0,0,PAID,PAID,SOFTWARE,WEST
INV-03876,CUS-0162,2024-02-12,2024-03-13,2024-03-08,56433.19,56433.19,0.0,0,PAID,PAID,HARDWARE,SOUTH
INV-03877,CUS-0318,2024-03-15,2024-05-14,2024-06-01,961.19,961.19,0.0,0,PAID,PAID,MAINTENANCE,EAST
INV-03878,CUS-0287,2024-03-20,2024-05-19,2024-05-15,1889.19,1889.19,0.0,0,PAID,PAID,HARDWARE,SOUTH
INV-03879,CUS-0264,2022-12-08,2023-01-07,2023-01-03,2682.41,2682.41,0.0,0,PAID,PAID,SERVICES,NORTH
INV-03880,CUS-0379,2022-09-17,2022-11-01,2022-10-29,2463.66,2463.66,0.0,0,PAID,PAID,SOFTWARE,SOUTH
INV-03881,CUS-0230,2023-02-27,2023-04-13,2023-04-10,135097.53,135097.53,0.0,0,PAID,PAID,SOFTWARE,SOUTH
INV-03882,CUS-0425,2022-06-17,2022-07-17,2022-08-06,3477.28,3477.28,0.0,0,PAID,PAID,MAINTENANCE,EAST
INV-03883,CUS-0350,2023-09-18,2023-11-17,,5674.16,0.0,5674.16,135,90+,OVERDUE,HARDWARE,WEST
INV-03884,CUS-0241,2022-11-08,2023-01-07,2023-01-03,2106.13,2106.13,0.0,0,PAID,PAID,MAINTENANCE,NORTH
INV-03885,CUS-0220,2022-04-05,2022-05-05,2022-04-30,17740.27,17740.27,0.0,0,PAID,PAID,HARDWARE,NORTH
INV-03886,CUS-0362,2022-10-05,2022-11-04,2022-11-07,1679.61,1679.61,0.0,0,PAID,PAID,HARDWARE,SOUTH
INV-03887,CUS-0205,2022-12-04,2023-01-18,,252.66,114.06,138.6,438,90+,PARTIAL,HARDWARE,EAST
INV-03888,CUS-0296,2023-08-22,2023-09-21,2023-09-17,2316.95,2316.95,0.0,0,PAID,PAID,SERVICES,NORTH
INV-03889,CUS-0321,2023-01-08,2023-02-07,2023-02-04,832.16,832.16,0.0,0,PAID,PAID,SOFTWARE,SOUTH
INV-03890,CUS-0363,2023-06-21,2023-08-05,2023-07-31,7121.94,7121.94,0.0,0,PAID,PAID,MAINTENANCE,NORTH
INV-03891,CUS-0272,2022-05-15,2022-06-29,,3831.37,0.0,3831.37,641,90+,OVERDUE,SOFTWARE,SOUTH
INV-03892,CUS-0499,2023-07-01,2023-08-30,2023-08-29,516.64,516.64,0.0,0,PAID,PAID,MAINTENANCE,NORTH
INV-03893,CUS-0059,2023-04-03,2023-05-03,2023-05-01,30807.97,30807.97,0.0,0,PAID,PAID,SERVICES,EAST
INV-03894,CUS-0314,2023-07-02,2023-08-31,2023-09-23,2401.56,2401.56,0.0,0,PAID,PAID,HARDWARE,SOUTH
INV-03895,CUS-0258,2024-01-27,2024-02-26,2024-02-26,978.17,978.17,0.0,0,PAID,PAID,SERVICES,WEST
INV-03896,CUS-0132,2023-04-07,2023-05-22,,7698.61,4071.93,3626.68,314,90+,PARTIAL,SOFTWARE,EAST
INV-03897,CUS-0445,2024-01-21,2024-03-06,2024-03-03,28139.41,28139.41,0.0,0,PAID,PAID,MAINTENANCE,WEST
INV-03898,CUS-0391,2024-02-19,2024-04-04,,144.34,53.68,90.66,0,CURRENT,PARTIAL,SERVICES,WEST
INV-03899,CUS-0074,2022-09-01,2022-10-01,2022-10-13,39308.53,39308.53,0.0,0,PAID,PAID,SOFTWARE,NORTH
INV-03900,CUS-0441,2022-07-11,2022-08-10,2022-08-10,1202.08,1202.08,0.0,0,PAID,PAID,SERVICES,NORTH
INV-03901,CUS-0244,2023-05-18,2023-07-02,2023-06-28,26128.41,26128.41,0.0,0,PAID,PAID,MAINTENANCE,NORTH
INV-03902,CUS-0271,2023-08-14,2023-09-13,2023-09-30,933.42,933.42,0.0,0,PAID,PAID,MAINTENANCE,NORTH
INV-03903,CUS-0292,2022-09-16,2022-10-31,2022-11-02,6681.4,6681.4,0.0,0,PAID,PAID,MAINTENANCE,SOUTH
INV-03904,CUS-0352,2023-07-12,2023-09-10,2023-09-09,3256.94,3256.94,0.0,0,PAID,PAID,MAINTENANCE,NORTH
INV-03905,CUS-0326,2022-10-25,2022-12-24,2022-12-19,1590.32,1590.32,0.0,0,PAID,PAID,HARDWARE,WEST
INV-03906,CUS-0265,2024-02-29,2024-04-14,2024-04-10,23553.61,23553.61,0.0,0,PAID,PAID,HARDWARE,NORTH
INV-03907,CUS-0319,2024-01-25,2024-03-25,2024-03-21,3815.61,3815.61,0.0,0,PAID,PAID,HARDWARE,SOUTH
INV-03908,CUS-0464,2024-01-26,2024-03-11,,15674.14,6189.77,9484.37,20,CURRENT,PARTIAL,HARDWARE,SOUTH
INV-03909,CUS-0271,2022-08-22,2022-09-21,2022-09-21,779.45,779.45,0.0,0,PAID,PAID,SERVICES,EAST
INV-03910,CUS-0109,2023-09-15,2023-11-14,,2610.46,1584.44,1026.02,138,90+,PARTIAL,MAINTENANCE,EAST
INV-03911,CUS-0094,2024-01-18,2024-03-18,2024-03-13,1508.24,1508.24,0.0,0,PAID,PAID,SERVICES,SOUTH
INV-03912,CUS-0203,2024-03-06,2024-05-05,2024-06-01,1313.62,1313.62,0.0,0,PAID,PAID,SOFTWARE,WEST
INV-03913,CUS-0180,2022-08-12,2022-09-11,2022-09-06,5246.45,5246.45,0.0,0,PAID,PAID,MAINTENANCE,NORTH
INV-03914,CUS-0482,2022-11-09,2023-01-08,2023-01-23,1933.32,1933.32,0.0,0,PAID,PAID,SERVICES,WEST
INV-03915,CUS-0254,2023-03-27,2023-05-11,2023-05-09,2897.01,2897.01,0.0,0,PAID,PAID,SERVICES,SOUTH
INV-03916,CUS-0225,2023-11-21,2024-01-05,2023-12-31,630.86,630.86,0.0,0,PAID,PAID,SERVICES,EAST
INV-03917,CUS-0114,2022-06-01,2022-07-16,2022-07-16,3869.04,3869.04,0.0,0,PAID,PAID,HARDWARE,NORTH
INV-03918,CUS-0492,2023-06-04,2023-07-19,2023-07-15,2685.56,2685.56,0.0,0,PAID,PAID,MAINTENANCE,EAST
INV-03919,CUS-0251,2023-06-14,2023-08-13,2023-08-11,2809.19,2809.19,0.0,0,PAID,PAID,SERVICES,EAST
INV-03920,CUS-0485,2022-09-07,2022-11-06,,11761.23,0.0,11761.23,511,90+,OVERDUE,SOFTWARE,SOUTH
INV-03921,CUS-0426,2023-08-19,2023-10-03,2023-10-25,4665.81,4665.81,0.0,0,PAID,PAID,SERVICES,SOUTH
INV-03922,CUS-0282,2023-01-03,2023-03-04,2023-03-01,1932.94,1932.94,0.0,0,PAID,PAID,HARDWARE,EAST
INV-03923,CUS-0296,2023-09-22,2023-10-22,2023-10-21,1539.54,1539.54,0.0,0,PAID,PAID,MAINTENANCE,NORTH
INV-03924,CUS-0059,2022-07-02,2022-08-01,2022-07-30,2980.75,2980.75,0.0,0,PAID,PAID,MAINTENANCE,NORTH
INV-03925,CUS-0124,2022-04-03,2022-05-18,2022-05-15,1783.22,1783.22,0.0,0,PAID,PAID,SOFTWARE,WEST
INV-03926,CUS-0401,2022-08-10,2022-09-24,2022-09-23,6311.7,6311.7,0.0,0,PAID,PAID,SERVICES,NORTH
INV-03927,CUS-0013,2024-02-25,2024-03-26,2024-03-26,45513.46,45513.46,0.0,0,PAID,PAID,HARDWARE,EAST
INV-03928,CUS-0205,2022-07-10,2022-08-24,2022-08-27,5784.48,5784.48,0.0,0,PAID,PAID,MAINTENANCE,SOUTH
INV-03929,CUS-0082,2022-11-25,2023-01-09,2023-01-09,3448.85,3448.85,0.0,0,PAID,PAID,SERVICES,WEST
INV-03930,CUS-0115,2023-05-22,2023-07-21,2023-07-18,7872.26,7872.26,0.0,0,PAID,PAID,HARDWARE,EAST
INV-03931,CUS-0423,2022-07-18,2022-09-01,2022-08-30,490.59,490.59,0.0,0,PAID,PAID,HARDWARE,SOUTH
INV-03932,CUS-0105,2022-07-02,2022-08-16,2022-08-14,109.13,109.13,0.0,0,PAID,PAID,MAINTENANCE,EAST
INV-03933,CUS-0027,2023-04-05,2023-05-05,2023-05-14,151195.11,151195.11,0.0,0,PAID,PAID,SERVICES,SOUTH
INV-03934,CUS-0437,2023-01-31,2023-04-01,2023-03-30,17029.45,17029.45,0.0,0,PAID,PAID,MAINTENANCE,NORTH
INV-03935,CUS-0084,2023-02-02,2023-04-03,2023-04-03,5363.78,5363.78,0.0,0,PAID,PAID,HARDWARE,WEST
INV-03936,CUS-0432,2023-09-19,2023-11-03,,1214.42,0.0,1214.42,149,90+,OVERDUE,SERVICES,WEST
INV-03937,CUS-0423,2022-09-07,2022-10-22,2022-10-19,2167.84,2167.84,0.0,0,PAID,PAID,SERVICES,WEST
INV-03938,CUS-0364,2024-03-04,2024-05-03,2024-05-02,5128.02,5128.02,0.0,0,PAID,PAID,SERVICES,WEST
INV-03939,CUS-0320,2022-04-20,2022-06-19,2022-06-15,8499.43,8499.43,0.0,0,PAID,PAID,MAINTENANCE,WEST
INV-03940,CUS-0456,2023-09-20,2023-11-19,2023-11-16,4822.55,4822.55,0.0,0,PAID,PAID,HARDWARE,SOUTH
INV-03941,CUS-0005,2022-07-19,2022-09-17,,763.5,0.0,763.5,561,90+,OVERDUE,MAINTENANCE,WEST
INV-03942,CUS-0058,2022-12-18,2023-02-16,,1571.63,527.25,1044.38,409,90+,PARTIAL,SERVICES,SOUTH
INV-03943,CUS-0416,2023-02-15,2023-03-17,2023-04-12,635.77,635.77,0.0,0,PAID,PAID,HARDWARE,SOUTH
INV-03944,CUS-0484,2022-07-29,2022-08-28,2022-08-26,1642.63,1642.63,0.0,0,PAID,PAID,MAINTENANCE,WEST
INV-03945,CUS-0173,2022-09-08,2022-11-07,2022-11-06,1984.85,1984.85,0.0,0,PAID,PAID,MAINTENANCE,SOUTH
INV-03946,CUS-0065,2022-09-18,2022-10-18,2022-10-15,3536.87,3536.87,0.0,0,PAID,PAID,SERVICES,EAST
INV-03947,CUS-0338,2023-02-02,2023-04-03,2023-03-30,31702.37,31702.37,0.0,0,PAID,PAID,SOFTWARE,EAST
INV-03948,CUS-0479,2023-08-11,2023-09-25,2023-09-22,4381.42,4381.42,0.0,0,PAID,PAID,MAINTENANCE,WEST
INV-03949,CUS-0395,2023-10-09,2023-11-23,2023-12-08,5960.51,5960.51,0.0,0,PAID,PAID,MAINTENANCE,SOUTH
INV-03950,CUS-0421,2022-07-07,2022-09-05,2022-09-01,16895.93,16895.93,0.0,0,PAID,PAID,SERVICES,SOUTH
INV-03951,CUS-0081,2022-08-17,2022-09-16,2022-09-11,1239.64,1239.64,0.0,0,PAID,PAID,SOFTWARE,NORTH
INV-03952,CUS-0093,2023-06-16,2023-07-31,2023-07-31,601.9,601.9,0.0,0,PAID,PAID,HARDWARE,WEST
INV-03953,CUS-0027,2023-01-14,2023-02-13,2023-02-12,15773.26,15773.26,0.0,0,PAID,PAID,SERVICES,EAST
INV-03954,CUS-0048,2022-11-03,2023-01-02,2022-12-31,15759.94,15759.94,0.0,0,PAID,PAID,MAINTENANCE,NORTH
INV-03955,CUS-0465,2022-11-10,2023-01-09,,1263.94,383.78,880.16,447,90+,PARTIAL,MAINTENANCE,EAST
INV-03956,CUS-0113,2022-06-27,2022-08-11,2022-08-11,20460.08,20460.08,0.0,0,PAID,PAID,SERVICES,EAST
INV-03957,CUS-0231,2023-06-24,2023-07-24,2023-07-21,2019.1,2019.1,0.0,0,PAID,PAID,HARDWARE,WEST
INV-03958,CUS-0049,2023-10-29,2023-12-13,2024-01-05,623.69,623.69,0.0,0,PAID,PAID,HARDWARE,SOUTH
INV-03959,CUS-0064,2023-01-09,2023-02-08,2023-02-08,9929.51,9929.51,0.0,0,PAID,PAID,MAINTENANCE,EAST
INV-03960,CUS-0118,2022-09-03,2022-10-18,2022-10-17,760.74,760.74,0.0,0,PAID,PAID,SOFTWARE,WEST
INV-03961,CUS-0407,2022-08-06,2022-10-05,2022-10-21,2540.66,2540.66,0.0,0,PAID,PAID,MAINTENANCE,WEST
INV-03962,CUS-0263,2024-01-10,2024-03-10,2024-03-10,422.44,422.44,0.0,0,PAID,PAID,MAINTENANCE,NORTH
INV-03963,CUS-0205,2024-03-08,2024-04-22,2024-04-20,268.48,268.48,0.0,0,PAID,PAID,MAINTENANCE,NORTH
INV-03964,CUS-0219,2023-01-24,2023-03-25,2023-03-21,5071.04,5071.04,0.0,0,PAID,PAID,SERVICES,NORTH
INV-03965,CUS-0426,2023-08-30,2023-10-14,2023-10-14,2425.01,2425.01,0.0,0,PAID,PAID,SERVICES,EAST
INV-03966,CUS-0464,2023-06-14,2023-07-29,2023-08-24,8637.95,8637.95,0.0,0,PAID,PAID,SERVICES,SOUTH
INV-03967,CUS-0085,2023-05-02,2023-07-01,2023-07-01,5919.66,5919.66,0.0,0,PAID,PAID,MAINTENANCE,EAST
INV-03968,CUS-0332,2022-09-02,2022-11-01,2022-10-29,2754.37,2754.37,0.0,0,PAID,PAID,SERVICES,NORTH
INV-03969,CUS-0311,2023-08-24,2023-10-23,2023-11-17,19909.11,19909.11,0.0,0,PAID,PAID,SERVICES,SOUTH
INV-03970,CUS-0387,2023-08-19,2023-09-18,2023-09-17,23029.52,23029.52,0.0,0,PAID,PAID,SERVICES,NORTH
INV-03971,CUS-0413,2023-05-30,2023-07-14,2023-07-14,12824.48,12824.48,0.0,0,PAID,PAID,HARDWARE,SOUTH
INV-03972,CUS-0046,2023-11-20,2023-12-20,2023-12-16,729.05,729.05,0.0,0,PAID,PAID,SERVICES,WEST
INV-03973,CUS-0438,2022-04-11,2022-05-26,,7079.38,0.0,7079.38,675,90+,OVERDUE,HARDWARE,EAST
INV-03974,CUS-0330,2022-10-04,2022-12-03,2022-12-12,6331.55,6331.55,0.0,0,PAID,PAID,SERVICES,WEST
INV-03975,CUS-0325,2023-06-25,2023-07-25,2023-07-24,930.91,930.91,0.0,0,PAID,PAID,MAINTENANCE,EAST
INV-03976,CUS-0402,2023-03-17,2023-04-16,2023-05-16,451.96,451.96,0.0,0,PAID,PAID,MAINTENANCE,NORTH
INV-03977,CUS-0036,2022-07-09,2022-08-08,2022-08-08,1210.78,1210.78,0.0,0,PAID,PAID,SERVICES,SOUTH
INV-03978,CUS-0438,2022-12-18,2023-02-01,,27606.45,0.0,27606.45,424,90+,OVERDUE,MAINTENANCE,EAST
INV-03979,CUS-0265,2022-08-17,2022-10-01,2022-09-30,5125.04,5125.04,0.0,0,PAID,PAID,SOFTWARE,EAST
INV-03980,CUS-0223,2023-11-09,2024-01-08,2024-01-08,5149.26,5149.26,0.0,0,PAID,PAID,SOFTWARE,NORTH
INV-03981,CUS-0307,2023-12-16,2024-02-14,2024-02-12,423.52,423.52,0.0,0,PAID,PAID,SERVICES,SOUTH
INV-03982,CUS-0436,2022-09-22,2022-10-22,2022-10-17,905.51,905.51,0.0,0,PAID,PAID,HARDWARE,SOUTH
INV-03983,CUS-0381,2022-04-13,2022-05-13,2022-05-08,1195.46,1195.46,0.0,0,PAID,PAID,SOFTWARE,SOUTH
INV-03984,CUS-0167,2022-05-30,2022-06-29,2022-06-25,662.07,662.07,0.0,0,PAID,PAID,SERVICES,WEST
INV-03985,CUS-0258,2023-04-04,2023-05-04,2023-04-29,5860.39,5860.39,0.0,0,PAID,PAID,SOFTWARE,EAST
INV-03986,CUS-0020,2022-08-28,2022-10-27,2022-11-20,7201.17,7201.17,0.0,0,PAID,PAID,MAINTENANCE,NORTH
INV-03987,CUS-0473,2023-01-16,2023-02-15,,4907.47,1725.01,3182.46,410,90+,PARTIAL,MAINTENANCE,WEST
INV-03988,CUS-0494,2023-04-15,2023-06-14,2023-06-09,372.21,372.21,0.0,0,PAID,PAID,SERVICES,NORTH
INV-03989,CUS-0357,2022-11-20,2022-12-20,2022-12-17,1306.52,1306.52,0.0,0,PAID,PAID,HARDWARE,SOUTH
INV-03990,CUS-0473,2023-05-16,2023-06-15,2023-06-27,1604.92,1604.92,0.0,0,PAID,PAID,MAINTENANCE,EAST
INV-03991,CUS-0075,2023-04-04,2023-06-03,2023-05-30,915.52,915.52,0.0,0,PAID,PAID,SERVICES,WEST
INV-03992,CUS-0071,2023-03-03,2023-04-17,2023-04-28,9513.54,9513.54,0.0,0,PAID,PAID,MAINTENANCE,WEST
INV-03993,CUS-0305,2022-08-15,2022-09-29,2022-10-25,3772.03,3772.03,0.0,0,PAID,PAID,MAINTENANCE,SOUTH
INV-03994,CUS-0314,2022-04-14,2022-06-13,,2848.44,0.0,2848.44,657,90+,OVERDUE,MAINTENANCE,SOUTH
INV-03995,CUS-0019,2022-04-12,2022-05-12,2022-05-12,51919.4,51919.4,0.0,0,PAID,PAID,HARDWARE,NORTH
INV-03996,CUS-0411,2022-12-09,2023-01-23,2023-01-20,2881.17,2881.17,0.0,0,PAID,PAID,MAINTENANCE,SOUTH
INV-03997,CUS-0353,2023-12-22,2024-01-21,2024-01-19,10140.85,10140.85,0.0,0,PAID,PAID,SERVICES,EAST
INV-03998,CUS-0463,2024-02-03,2024-04-03,2024-04-17,4748.31,4748.31,0.0,0,PAID,PAID,SERVICES,EAST
INV-03999,CUS-0021,2023-03-30,2023-04-29,2023-04-25,1302.23,1302.23,0.0,0,PAID,PAID,MAINTENANCE,EAST
INV-04000,CUS-0190,2023-12-08,2024-01-22,2024-01-20,205.45,205.45,0.0,0,PAID,PAID,MAINTENANCE,EAST
INV-04001,CUS-0186,2023-10-13,2023-11-27,,15541.67,0.0,15541.67,125,90+,OVERDUE,SOFTWARE,EAST
INV-04002,CUS-0170,2022-11-30,2023-01-14,2023-01-12,6061.17,6061.17,0.0,0,PAID,PAID,HARDWARE,NORTH
INV-04003,CUS-0472,2023-10-22,2023-11-21,2023-11-18,316.38,316.38,0.0,0,PAID,PAID,SERVICES,WEST
INV-04004,CUS-0258,2022-08-19,2022-09-18,2022-09-18,3002.14,3002.14,0.0,0,PAID,PAID,SERVICES,NORTH
INV-04005,CUS-0004,2022-05-18,2022-07-02,2022-06-30,21944.6,21944.6,0.0,0,PAID,PAID,SERVICES,NORTH
INV-04006,CUS-0081,2023-04-07,2023-05-07,2023-05-05,446.53,446.53,0.0,0,PAID,PAID,SERVICES,EAST
INV-04007,CUS-0404,2022-09-21,2022-11-20,2022-11-16,28999.64,28999.64,0.0,0,PAID,PAID,MAINTENANCE,EAST
INV-04008,CUS-0071,2023-02-13,2023-03-30,2023-03-29,72117.13,72117.13,0.0,0,PAID,PAID,SOFTWARE,WEST
INV-04009,CUS-0338,2022-05-08,2022-07-07,2022-07-06,118800.41,118800.41,0.0,0,PAID,PAID,SERVICES,WEST
INV-04010,CUS-0169,2022-10-06,2022-11-05,2022-11-02,472.38,472.38,0.0,0,PAID,PAID,HARDWARE,SOUTH
INV-04011,CUS-0322,2023-04-06,2023-05-21,2023-05-17,4874.72,4874.72,0.0,0,PAID,PAID,SERVICES,EAST
INV-04012,CUS-0076,2023-01-31,2023-04-01,2023-04-18,34878.67,34878.67,0.0,0,PAID,PAID,MAINTENANCE,NORTH
INV-04013,CUS-0482,2023-05-08,2023-07-07,2023-07-02,4010.75,4010.75,0.0,0,PAID,PAID,SERVICES,NORTH
INV-04014,CUS-0461,2023-10-23,2023-12-22,2023-12-18,5304.18,5304.18,0.0,0,PAID,PAID,SERVICES,NORTH
INV-04015,CUS-0051,2024-02-12,2024-03-28,2024-03-24,1233.68,1233.68,0.0,0,PAID,PAID,HARDWARE,WEST
INV-04016,CUS-0189,2023-08-11,2023-09-25,,11208.05,5494.77,5713.28,188,90+,PARTIAL,MAINTENANCE,WEST
INV-04017,CUS-0049,2024-01-20,2024-03-05,2024-03-03,269.3,269.3,0.0,0,PAID,PAID,SERVICES,SOUTH
INV-04018,CUS-0292,2022-10-16,2022-11-30,2022-11-28,7291.02,7291.02,0.0,0,PAID,PAID,MAINTENANCE,EAST
INV-04019,CUS-0127,2023-03-24,2023-05-08,2023-06-07,4653.92,4653.92,0.0,0,PAID,PAID,HARDWARE,WEST
INV-04020,CUS-0049,2022-12-18,2023-02-01,2023-02-26,675.96,675.96,0.0,0,PAID,PAID,MAINTENANCE,WEST
INV-04021,CUS-0350,2023-03-27,2023-05-26,,19024.82,0.0,19024.82,310,90+,OVERDUE,HARDWARE,EAST
INV-04022,CUS-0079,2023-09-24,2023-10-24,2023-10-19,825.45,825.45,0.0,0,PAID,PAID,SOFTWARE,EAST
INV-04023,CUS-0067,2023-06-03,2023-08-02,,12979.4,0.0,12979.4,242,90+,OVERDUE,HARDWARE,SOUTH
INV-04024,CUS-0015,2024-03-15,2024-04-14,2024-04-11,1130.78,1130.78,0.0,0,PAID,PAID,HARDWARE,SOUTH
INV-04025,CUS-0485,2022-11-01,2022-12-31,2022-12-26,107986.96,107986.96,0.0,0,PAID,PAID,HARDWARE,SOUTH
INV-04026,CUS-0092,2022-09-16,2022-10-16,2022-10-12,853.39,853.39,0.0,0,PAID,PAID,SOFTWARE,EAST
INV-04027,CUS-0166,2023-09-19,2023-11-03,2023-11-03,5251.99,5251.99,0.0,0,PAID,PAID,MAINTENANCE,SOUTH
INV-04028,CUS-0428,2022-12-25,2023-02-08,2023-02-07,4174.63,4174.63,0.0,0,PAID,PAID,HARDWARE,WEST
INV-04029,CUS-0026,2023-03-04,2023-04-18,2023-04-14,3495.6,3495.6,0.0,0,PAID,PAID,MAINTENANCE,WEST
INV-04030,CUS-0403,2022-09-30,2022-11-14,2022-11-14,1933.18,1933.18,0.0,0,PAID,PAID,SERVICES,NORTH
INV-04031,CUS-0382,2023-05-15,2023-07-14,2023-07-09,26169.72,26169.72,0.0,0,PAID,PAID,SOFTWARE,SOUTH
INV-04032,CUS-0152,2024-03-02,2024-04-16,2024-04-11,3376.2,3376.2,0.0,0,PAID,PAID,SOFTWARE,EAST
INV-04033,CUS-0086,2022-12-15,2023-02-13,2023-03-11,2603.57,2603.57,0.0,0,PAID,PAID,SERVICES,NORTH
INV-04034,CUS-0205,2024-01-16,2024-03-01,2024-02-25,1665.92,1665.92,0.0,0,PAID,PAID,SOFTWARE,SOUTH
INV-04035,CUS-0366,2024-02-27,2024-03-28,2024-03-23,3122.9,3122.9,0.0,0,PAID,PAID,SERVICES,WEST
INV-04036,CUS-0105,2022-05-21,2022-07-05,2022-07-02,1016.96,1016.96,0.0,0,PAID,PAID,MAINTENANCE,EAST
INV-04037,CUS-0168,2023-12-20,2024-02-18,2024-02-15,3815.89,3815.89,0.0,0,PAID,PAID,SOFTWARE,NORTH
INV-04038,CUS-0211,2023-12-26,2024-02-24,2024-02-20,1169.2,1169.2,0.0,0,PAID,PAID,SOFTWARE,NORTH
INV-04039,CUS-0015,2022-04-25,2022-05-25,2022-05-21,110.23,110.23,0.0,0,PAID,PAID,HARDWARE,WEST
INV-04040,CUS-0171,2023-03-05,2023-04-19,2023-04-18,3155.41,3155.41,0.0,0,PAID,PAID,MAINTENANCE,EAST
INV-04041,CUS-0308,2022-09-05,2022-10-20,2022-10-17,2809.67,2809.67,0.0,0,PAID,PAID,HARDWARE,WEST
INV-04042,CUS-0416,2023-02-02,2023-03-04,2023-03-01,460.48,460.48,0.0,0,PAID,PAID,SOFTWARE,SOUTH
INV-04043,CUS-0377,2022-12-16,2023-01-15,2023-01-11,2176.26,2176.26,0.0,0,PAID,PAID,HARDWARE,SOUTH
INV-04044,CUS-0418,2022-12-12,2023-01-11,2023-01-06,3164.5,3164.5,0.0,0,PAID,PAID,HARDWARE,NORTH
INV-04045,CUS-0305,2022-11-05,2022-12-20,2022-12-18,12843.29,12843.29,0.0,0,PAID,PAID,MAINTENANCE,NORTH
INV-04046,CUS-0409,2022-12-31,2023-01-30,,61439.19,42624.81,18814.38,426,90+,PARTIAL,SERVICES,EAST
INV-04047,CUS-0416,2023-03-12,2023-04-11,2023-04-08,344.28,344.28,0.0,0,PAID,PAID,MAINTENANCE,WEST
INV-04048,CUS-0148,2022-09-10,2022-11-09,2022-11-05,1773.32,1773.32,0.0,0,PAID,PAID,HARDWARE,NORTH
INV-04049,CUS-0215,2022-11-05,2022-12-05,2022-12-02,8455.62,8455.62,0.0,0,PAID,PAID,HARDWARE,EAST
INV-04050,CUS-0346,2023-11-17,2024-01-16,2024-01-12,2350.88,2350.88,0.0,0,PAID,PAID,HARDWARE,EAST
INV-04051,CUS-0378,2023-01-29,2023-02-28,2023-02-24,8960.26,8960.26,0.0,0,PAID,PAID,MAINTENANCE,SOUTH
INV-04052,CUS-0029,2023-05-02,2023-06-16,2023-06-15,1385.79,1385.79,0.0,0,PAID,PAID,SERVICES,WEST
INV-04053,CUS-0407,2024-03-15,2024-05-14,2024-05-14,861.43,861.43,0.0,0,PAID,PAID,SOFTWARE,NORTH
INV-04054,CUS-0105,2023-03-27,2023-05-11,2023-05-10,632.03,632.03,0.0,0,PAID,PAID,SOFTWARE,WEST
INV-04055,CUS-0463,2023-09-10,2023-11-09,2023-11-04,6317.13,6317.13,0.0,0,PAID,PAID,HARDWARE,EAST
INV-04056,CUS-0306,2023-09-26,2023-10-26,2023-10-22,83620.93,83620.93,0.0,0,PAID,PAID,HARDWARE,SOUTH
INV-04057,CUS-0242,2023-05-04,2023-06-03,2023-06-03,1057.27,1057.27,0.0,0,PAID,PAID,SOFTWARE,NORTH
INV-04058,CUS-0216,2022-09-18,2022-11-17,2022-11-14,13299.02,13299.02,0.0,0,PAID,PAID,MAINTENANCE,NORTH
INV-04059,CUS-0219,2023-03-11,2023-05-10,2023-05-06,53231.28,53231.28,0.0,0,PAID,PAID,SOFTWARE,SOUTH
INV-04060,CUS-0267,2022-07-02,2022-08-16,2022-09-04,9652.39,9652.39,0.0,0,PAID,PAID,SOFTWARE,WEST
INV-04061,CUS-0304,2023-12-12,2024-01-11,2024-01-06,9814.24,9814.24,0.0,0,PAID,PAID,MAINTENANCE,EAST
INV-04062,CUS-0421,2023-05-05,2023-07-04,,14176.4,0.0,14176.4,271,90+,OVERDUE,SOFTWARE,EAST
INV-04063,CUS-0343,2022-08-19,2022-10-03,2022-09-30,29313.68,29313.68,0.0,0,PAID,PAID,SERVICES,WEST
INV-04064,CUS-0432,2022-04-02,2022-05-17,,1367.45,0.0,1367.45,684,90+,OVERDUE,SOFTWARE,SOUTH
INV-04065,CUS-0136,2023-04-11,2023-05-26,2023-05-21,29944.24,29944.24,0.0,0,PAID,PAID,MAINTENANCE,NORTH
INV-04066,CUS-0481,2023-05-24,2023-07-08,2023-07-03,12246.38,12246.38,0.0,0,PAID,PAID,HARDWARE,SOUTH
INV-04067,CUS-0074,2023-03-26,2023-04-25,2023-04-23,10071.41,10071.41,0.0,0,PAID,PAID,SERVICES,NORTH
INV-04068,CUS-0106,2022-08-07,2022-10-06,2022-10-06,3617.56,3617.56,0.0,0,PAID,PAID,SERVICES,SOUTH
INV-04069,CUS-0086,2022-11-06,2023-01-05,2023-01-01,1204.16,1204.16,0.0,0,PAID,PAID,SOFTWARE,EAST
INV-04070,CUS-0127,2024-02-16,2024-04-01,2024-04-11,4263.92,4263.92,0.0,0,PAID,PAID,SERVICES,SOUTH
INV-04071,CUS-0426,2023-11-26,2024-01-10,,10987.34,0.0,10987.34,81,61-90,OVERDUE,SERVICES,NORTH
INV-04072,CUS-0320,2022-04-05,2022-06-04,2022-06-01,11911.21,11911.21,0.0,0,PAID,PAID,HARDWARE,NORTH
INV-04073,CUS-0310,2024-02-13,2024-03-29,2024-04-19,7408.09,7408.09,0.0,0,PAID,PAID,SERVICES,NORTH
INV-04074,CUS-0451,2023-07-08,2023-08-22,2023-08-19,12596.06,12596.06,0.0,0,PAID,PAID,HARDWARE,EAST
INV-04075,CUS-0332,2024-01-15,2024-03-15,2024-03-11,11591.19,11591.19,0.0,0,PAID,PAID,HARDWARE,NORTH
INV-04076,CUS-0336,2022-10-15,2022-11-29,,560.42,269.08,291.34,488,90+,PARTIAL,MAINTENANCE,NORTH
INV-04077,CUS-0480,2024-01-04,2024-02-03,2024-02-08,11863.41,11863.41,0.0,0,PAID,PAID,SOFTWARE,EAST
INV-04078,CUS-0458,2022-06-04,2022-07-04,2022-06-30,993.49,993.49,0.0,0,PAID,PAID,SERVICES,EAST
INV-04079,CUS-0410,2022-06-27,2022-08-11,,27634.64,14640.89,12993.75,598,90+,PARTIAL,SERVICES,NORTH
INV-04080,CUS-0439,2023-09-19,2023-11-03,2023-11-11,363.98,363.98,0.0,0,PAID,PAID,MAINTENANCE,WEST
INV-04081,CUS-0485,2024-03-26,2024-05-25,,29368.41,9590.47,19777.94,0,CURRENT,PARTIAL,SOFTWARE,SOUTH
INV-04082,CUS-0283,2022-09-24,2022-10-24,2022-10-21,3829.69,3829.69,0.0,0,PAID,PAID,SOFTWARE,WEST
INV-04083,CUS-0160,2023-08-10,2023-09-24,2023-10-06,9843.28,9843.28,0.0,0,PAID,PAID,MAINTENANCE,EAST
INV-04084,CUS-0039,2022-09-19,2022-11-03,2022-11-02,2235.49,2235.49,0.0,0,PAID,PAID,SOFTWARE,WEST
INV-04085,CUS-0201,2022-04-25,2022-06-09,2022-06-06,23460.08,23460.08,0.0,0,PAID,PAID,SOFTWARE,NORTH
INV-04086,CUS-0107,2023-04-21,2023-06-05,2023-06-05,3713.99,3713.99,0.0,0,PAID,PAID,SERVICES,EAST
INV-04087,CUS-0026,2023-02-07,2023-03-24,2023-03-23,13372.75,13372.75,0.0,0,PAID,PAID,SOFTWARE,SOUTH
INV-04088,CUS-0255,2024-01-06,2024-02-20,2024-02-15,688.8,688.8,0.0,0,PAID,PAID,SERVICES,NORTH
INV-04089,CUS-0473,2023-11-24,2023-12-24,2024-01-02,3098.17,3098.17,0.0,0,PAID,PAID,SOFTWARE,WEST
INV-04090,CUS-0389,2023-11-25,2023-12-25,2023-12-22,6598.76,6598.76,0.0,0,PAID,PAID,SOFTWARE,EAST
INV-04091,CUS-0311,2023-01-08,2023-03-09,,23152.84,14785.95,8366.89,388,90+,PARTIAL,SERVICES,WEST
INV-04092,CUS-0250,2022-04-19,2022-05-19,2022-05-19,6247.42,6247.42,0.0,0,PAID,PAID,SERVICES,EAST
INV-04093,CUS-0263,2023-02-08,2023-04-09,2023-05-09,1476.84,1476.84,0.0,0,PAID,PAID,MAINTENANCE,EAST
INV-04094,CUS-0028,2024-01-21,2024-03-06,2024-03-03,6440.19,6440.19,0.0,0,PAID,PAID,HARDWARE,EAST
INV-04095,CUS-0481,2024-03-18,2024-05-02,2024-05-31,9926.6,9926.6,0.0,0,PAID,PAID,SOFTWARE,NORTH
INV-04096,CUS-0103,2023-10-03,2023-11-17,2023-11-13,1103.22,1103.22,0.0,0,PAID,PAID,HARDWARE,EAST
INV-04097,CUS-0394,2023-12-20,2024-02-03,2024-02-01,669.15,669.15,0.0,0,PAID,PAID,SERVICES,WEST
INV-04098,CUS-0245,2023-02-24,2023-04-25,,25651.64,8296.5,17355.14,341,90+,PARTIAL,SERVICES,SOUTH
INV-04099,CUS-0201,2024-03-15,2024-04-29,2024-05-25,1703.28,1703.28,0.0,0,PAID,PAID,MAINTENANCE,EAST
INV-04100,CUS-0167,2023-08-18,2023-09-17,2023-09-16,480.15,480.15,0.0,0,PAID,PAID,SOFTWARE,WEST
INV-04101,CUS-0470,2022-10-01,2022-11-30,2022-11-29,1984.78,1984.78,0.0,0,PAID,PAID,SOFTWARE,NORTH
INV-04102,CUS-0357,2023-06-09,2023-07-09,2023-07-04,23211.23,23211.23,0.0,0,PAID,PAID,SERVICES,NORTH
INV-04103,CUS-0108,2023-10-09,2023-11-23,2023-11-29,6604.5,6604.5,0.0,0,PAID,PAID,HARDWARE,SOUTH
INV-04104,CUS-0294,2022-10-19,2022-12-18,2023-01-02,2012.02,2012.02,0.0,0,PAID,PAID,HARDWARE,WEST
INV-04105,CUS-0166,2023-03-06,2023-04-20,2023-04-20,4265.91,4265.91,0.0,0,PAID,PAID,HARDWARE,SOUTH
INV-04106,CUS-0316,2023-05-19,2023-07-03,2023-08-02,839.58,839.58,0.0,0,PAID,PAID,SOFTWARE,EAST
INV-04107,CUS-0234,2023-12-08,2024-01-07,2024-01-07,25608.76,25608.76,0.0,0,PAID,PAID,SOFTWARE,SOUTH
INV-04108,CUS-0284,2023-03-12,2023-04-26,2023-04-25,521.85,521.85,0.0,0,PAID,PAID,SERVICES,NORTH
INV-04109,CUS-0227,2022-12-08,2023-01-07,2023-01-14,3089.42,3089.42,0.0,0,PAID,PAID,MAINTENANCE,WEST
INV-04110,CUS-0470,2023-07-10,2023-09-08,2023-09-24,7145.68,7145.68,0.0,0,PAID,PAID,SERVICES,NORTH
INV-04111,CUS-0031,2023-08-22,2023-10-21,2023-10-18,5748.38,5748.38,0.0,0,PAID,PAID,HARDWARE,EAST
INV-04112,CUS-0361,2022-10-14,2022-11-13,,4973.38,2041.23,2932.15,504,90+,PARTIAL,MAINTENANCE,NORTH
INV-04113,CUS-0477,2023-11-03,2023-12-18,2023-12-18,4883.76,4883.76,0.0,0,PAID,PAID,SOFTWARE,SOUTH
INV-04114,CUS-0349,2022-10-28,2022-11-27,2022-11-25,355.1,355.1,0.0,0,PAID,PAID,HARDWARE,WEST
INV-04115,CUS-0472,2022-10-17,2022-11-16,2022-12-16,2333.26,2333.26,0.0,0,PAID,PAID,SERVICES,WEST
INV-04116,CUS-0238,2023-07-27,2023-09-10,2023-09-07,430.39,430.39,0.0,0,PAID,PAID,HARDWARE,NORTH
INV-04117,CUS-0031,2023-10-09,2023-12-08,2023-12-07,17702.68,17702.68,0.0,0,PAID,PAID,MAINTENANCE,SOUTH
INV-04118,CUS-0442,2023-06-10,2023-07-25,2023-08-20,9786.01,9786.01,0.0,0,PAID,PAID,SERVICES,WEST
INV-04119,CUS-0298,2022-11-18,2022-12-18,2022-12-17,3137.52,3137.52,0.0,0,PAID,PAID,SOFTWARE,WEST
INV-04120,CUS-0285,2023-02-27,2023-04-13,2023-04-11,388.44,388.44,0.0,0,PAID,PAID,HARDWARE,EAST
INV-04121,CUS-0018,2023-05-17,2023-06-16,2023-06-12,11086.93,11086.93,0.0,0,PAID,PAID,SERVICES,NORTH
INV-04122,CUS-0126,2023-06-28,2023-08-27,2023-08-25,797.14,797.14,0.0,0,PAID,PAID,SERVICES,NORTH
INV-04123,CUS-0440,2023-12-31,2024-01-30,2024-01-28,2013.91,2013.91,0.0,0,PAID,PAID,SERVICES,EAST
INV-04124,CUS-0359,2023-10-30,2023-11-29,2023-11-28,2123.58,2123.58,0.0,0,PAID,PAID,SOFTWARE,NORTH
INV-04125,CUS-0333,2023-02-15,2023-04-16,2023-04-15,2741.46,2741.46,0.0,0,PAID,PAID,SOFTWARE,NORTH
INV-04126,CUS-0216,2022-11-04,2023-01-03,2023-01-12,5499.16,5499.16,0.0,0,PAID,PAID,MAINTENANCE,NORTH
INV-04127,CUS-0114,2022-10-29,2022-12-13,2022-12-23,2986.13,2986.13,0.0,0,PAID,PAID,SOFTWARE,SOUTH
INV-04128,CUS-0500,2022-06-21,2022-07-21,2022-07-19,71237.95,71237.95,0.0,0,PAID,PAID,MAINTENANCE,WEST
INV-04129,CUS-0439,2022-07-09,2022-08-23,2022-08-22,871.75,871.75,0.0,0,PAID,PAID,HARDWARE,EAST
INV-04130,CUS-0271,2022-12-17,2023-01-16,2023-01-14,937.69,937.69,0.0,0,PAID,PAID,SOFTWARE,WEST
INV-04131,CUS-0042,2024-03-17,2024-05-16,2024-05-13,2188.58,2188.58,0.0,0,PAID,PAID,HARDWARE,SOUTH
INV-04132,CUS-0310,2022-07-29,2022-09-12,2022-09-10,4136.7,4136.7,0.0,0,PAID,PAID,HARDWARE,NORTH
INV-04133,CUS-0198,2023-10-08,2023-12-07,2023-12-25,1579.13,1579.13,0.0,0,PAID,PAID,MAINTENANCE,SOUTH
INV-04134,CUS-0278,2024-01-09,2024-02-23,2024-03-13,2051.1,2051.1,0.0,0,PAID,PAID,HARDWARE,EAST
INV-04135,CUS-0038,2023-04-26,2023-05-26,,1942.93,0.0,1942.93,310,90+,OVERDUE,SERVICES,SOUTH
INV-04136,CUS-0061,2023-10-08,2023-12-07,2023-12-25,667.44,667.44,0.0,0,PAID,PAID,MAINTENANCE,SOUTH
INV-04137,CUS-0209,2023-10-26,2023-11-25,2023-11-26,2250.4,2250.4,0.0,0,PAID,PAID,MAINTENANCE,NORTH
INV-04138,CUS-0295,2022-12-26,2023-02-09,2023-02-05,20095.85,20095.85,0.0,0,PAID,PAID,MAINTENANCE,EAST
INV-04139,CUS-0396,2023-09-26,2023-11-10,2023-11-08,83308.6,83308.6,0.0,0,PAID,PAID,MAINTENANCE,NORTH
INV-04140,CUS-0230,2024-01-12,2024-02-26,2024-02-21,3817.51,3817.51,0.0,0,PAID,PAID,HARDWARE,SOUTH
INV-04141,CUS-0186,2022-04-29,2022-06-13,2022-06-08,17234.52,17234.52,0.0,0,PAID,PAID,SOFTWARE,SOUTH
INV-04142,CUS-0045,2023-09-28,2023-11-27,2023-11-25,2180.75,2180.75,0.0,0,PAID,PAID,SOFTWARE,SOUTH
INV-04143,CUS-0473,2023-02-19,2023-03-21,2023-03-21,10579.62,10579.62,0.0,0,PAID,PAID,SOFTWARE,SOUTH
INV-04144,CUS-0347,2023-04-13,2023-05-13,2023-05-09,6558.41,6558.41,0.0,0,PAID,PAID,MAINTENANCE,EAST
INV-04145,CUS-0300,2023-05-17,2023-06-16,2023-06-17,1325.9,1325.9,0.0,0,PAID,PAID,SERVICES,SOUTH
INV-04146,CUS-0121,2023-05-31,2023-07-15,2023-07-15,4091.22,4091.22,0.0,0,PAID,PAID,HARDWARE,EAST
INV-04147,CUS-0125,2023-09-29,2023-11-13,2023-11-10,2883.22,2883.22,0.0,0,PAID,PAID,MAINTENANCE,NORTH
INV-04148,CUS-0339,2023-08-10,2023-09-24,2023-09-22,9604.47,9604.47,0.0,0,PAID,PAID,SERVICES,SOUTH
INV-04149,CUS-0070,2022-07-14,2022-08-13,2022-08-10,16656.57,16656.57,0.0,0,PAID,PAID,MAINTENANCE,SOUTH
INV-04150,CUS-0077,2024-03-07,2024-05-06,,6297.65,3197.46,3100.19,0,CURRENT,PARTIAL,SOFTWARE,SOUTH
INV-04151,CUS-0174,2023-07-25,2023-09-23,,465.23,191.28,273.95,190,90+,PARTIAL,HARDWARE,EAST
INV-04152,CUS-0178,2024-02-14,2024-03-30,2024-03-26,7327.03,7327.03,0.0,0,PAID,PAID,SOFTWARE,SOUTH
INV-04153,CUS-0208,2022-10-23,2022-12-22,2022-12-19,18306.41,18306.41,0.0,0,PAID,PAID,SOFTWARE,NORTH
INV-04154,CUS-0027,2022-04-18,2022-05-18,,36932.64,0.0,36932.64,683,90+,OVERDUE,HARDWARE,NORTH
INV-04155,CUS-0422,2022-05-06,2022-06-20,2022-06-19,11408.19,11408.19,0.0,0,PAID,PAID,SERVICES,EAST
INV-04156,CUS-0106,2024-03-05,2024-05-04,2024-05-04,2555.14,2555.14,0.0,0,PAID,PAID,SOFTWARE,SOUTH
INV-04157,CUS-0206,2022-10-14,2022-11-28,2022-11-24,3422.01,3422.01,0.0,0,PAID,PAID,MAINTENANCE,NORTH
INV-04158,CUS-0479,2023-11-14,2023-12-29,2023-12-24,10760.27,10760.27,0.0,0,PAID,PAID,SERVICES,EAST
INV-04159,CUS-0479,2023-11-12,2023-12-27,2023-12-25,38568.16,38568.16,0.0,0,PAID,PAID,SOFTWARE,SOUTH
INV-04160,CUS-0256,2022-05-03,2022-07-02,2022-06-29,3175.81,3175.81,0.0,0,PAID,PAID,SERVICES,EAST
INV-04161,CUS-0372,2022-11-21,2022-12-21,2022-12-21,1694.1,1694.1,0.0,0,PAID,PAID,SOFTWARE,EAST
INV-04162,CUS-0318,2022-10-22,2022-12-21,2022-12-19,10527.62,10527.62,0.0,0,PAID,PAID,SOFTWARE,NORTH
INV-04163,CUS-0063,2022-10-02,2022-11-16,2022-11-13,5008.85,5008.85,0.0,0,PAID,PAID,MAINTENANCE,SOUTH
INV-04164,CUS-0306,2024-03-19,2024-04-18,2024-04-14,4003.22,4003.22,0.0,0,PAID,PAID,SERVICES,SOUTH
INV-04165,CUS-0235,2022-05-20,2022-07-04,,684.18,302.74,381.44,636,90+,PARTIAL,HARDWARE,EAST
INV-04166,CUS-0280,2023-09-25,2023-11-24,2023-11-21,531.27,531.27,0.0,0,PAID,PAID,MAINTENANCE,EAST
INV-04167,CUS-0210,2022-05-17,2022-07-16,2022-07-19,387.54,387.54,0.0,0,PAID,PAID,SERVICES,WEST
INV-04168,CUS-0040,2022-12-19,2023-02-02,,47731.1,0.0,47731.1,423,90+,OVERDUE,SERVICES,SOUTH
INV-04169,CUS-0276,2024-02-01,2024-03-17,,10871.29,5483.03,5388.26,14,CURRENT,PARTIAL,MAINTENANCE,WEST
INV-04170,CUS-0271,2022-09-18,2022-10-18,2022-10-16,9270.53,9270.53,0.0,0,PAID,PAID,MAINTENANCE,EAST
INV-04171,CUS-0085,2023-06-12,2023-08-11,2023-08-07,892.33,892.33,0.0,0,PAID,PAID,SERVICES,SOUTH
INV-04172,CUS-0357,2024-01-23,2024-02-22,,791.71,483.72,307.99,38,31-60,PARTIAL,SERVICES,WEST
INV-04173,CUS-0229,2023-04-18,2023-05-18,2023-05-16,11909.3,11909.3,0.0,0,PAID,PAID,SOFTWARE,EAST
INV-04174,CUS-0303,2024-01-13,2024-02-12,,2332.57,1351.72,980.85,48,31-60,PARTIAL,MAINTENANCE,SOUTH
INV-04175,CUS-0356,2022-11-08,2022-12-23,2023-01-21,2335.31,2335.31,0.0,0,PAID,PAID,SERVICES,SOUTH
INV-04176,CUS-0097,2022-12-20,2023-02-18,2023-02-13,19514.02,19514.02,0.0,0,PAID,PAID,MAINTENANCE,WEST
INV-04177,CUS-0098,2023-01-30,2023-03-01,2023-02-27,2118.47,2118.47,0.0,0,PAID,PAID,MAINTENANCE,NORTH
INV-04178,CUS-0032,2022-07-21,2022-09-19,2022-09-14,3958.89,3958.89,0.0,0,PAID,PAID,MAINTENANCE,SOUTH
INV-04179,CUS-0305,2024-03-04,2024-04-18,2024-04-17,2130.78,2130.78,0.0,0,PAID,PAID,SERVICES,WEST
INV-04180,CUS-0291,2022-07-26,2022-09-24,2022-09-21,24124.07,24124.07,0.0,0,PAID,PAID,SOFTWARE,NORTH
INV-04181,CUS-0078,2024-02-23,2024-04-08,2024-04-05,1323.18,1323.18,0.0,0,PAID,PAID,SOFTWARE,EAST
INV-04182,CUS-0415,2023-08-04,2023-09-03,2023-09-02,85270.73,85270.73,0.0,0,PAID,PAID,HARDWARE,WEST
INV-04183,CUS-0213,2023-11-19,2024-01-18,2024-01-17,505.72,505.72,0.0,0,PAID,PAID,HARDWARE,NORTH
INV-04184,CUS-0326,2024-02-04,2024-04-04,,4460.44,2257.46,2202.98,0,CURRENT,PARTIAL,SOFTWARE,WEST
INV-04185,CUS-0134,2024-03-05,2024-05-04,2024-05-03,1708.45,1708.45,0.0,0,PAID,PAID,HARDWARE,WEST
INV-04186,CUS-0381,2023-03-03,2023-04-02,2023-03-30,1724.2,1724.2,0.0,0,PAID,PAID,HARDWARE,WEST
INV-04187,CUS-0210,2023-01-30,2023-03-31,2023-04-25,10529.73,10529.73,0.0,0,PAID,PAID,HARDWARE,NORTH
INV-04188,CUS-0158,2023-01-22,2023-02-21,2023-02-18,9731.85,9731.85,0.0,0,PAID,PAID,MAINTENANCE,NORTH
INV-04189,CUS-0158,2022-09-16,2022-10-16,2022-10-14,10547.6,10547.6,0.0,0,PAID,PAID,SOFTWARE,NORTH
INV-04190,CUS-0382,2023-07-27,2023-09-25,,577.71,399.55,178.16,188,90+,PARTIAL,MAINTENANCE,SOUTH
INV-04191,CUS-0076,2022-11-30,2023-01-29,2023-01-27,21000.36,21000.36,0.0,0,PAID,PAID,MAINTENANCE,WEST
INV-04192,CUS-0342,2024-01-24,2024-03-24,2024-03-22,1355.89,1355.89,0.0,0,PAID,PAID,SOFTWARE,SOUTH
INV-04193,CUS-0212,2022-09-23,2022-11-22,2022-11-20,2936.28,2936.28,0.0,0,PAID,PAID,SERVICES,WEST
INV-04194,CUS-0229,2024-03-20,2024-04-19,2024-04-26,12913.53,12913.53,0.0,0,PAID,PAID,HARDWARE,WEST
INV-04195,CUS-0152,2023-07-27,2023-09-10,2023-09-06,2060.99,2060.99,0.0,0,PAID,PAID,SERVICES,NORTH
INV-04196,CUS-0125,2022-12-02,2023-01-16,2023-01-12,1475.41,1475.41,0.0,0,PAID,PAID,SERVICES,NORTH
INV-04197,CUS-0234,2022-12-22,2023-01-21,2023-01-18,24113.61,24113.61,0.0,0,PAID,PAID,MAINTENANCE,EAST
INV-04198,CUS-0387,2023-11-03,2023-12-03,2023-11-30,24122.38,24122.38,0.0,0,PAID,PAID,MAINTENANCE,NORTH
INV-04199,CUS-0438,2022-04-28,2022-06-12,,1329.07,691.49,637.58,658,90+,PARTIAL,SOFTWARE,EAST
INV-04200,CUS-0158,2023-10-11,2023-11-10,2023-11-10,3206.65,3206.65,0.0,0,PAID,PAID,HARDWARE,NORTH
INV-04201,CUS-0334,2022-07-31,2022-09-14,2022-09-12,29693.28,29693.28,0.0,0,PAID,PAID,HARDWARE,NORTH
INV-04202,CUS-0086,2023-07-04,2023-09-02,2023-09-10,654.72,654.72,0.0,0,PAID,PAID,SERVICES,NORTH
INV-04203,CUS-0306,2023-02-24,2023-03-26,2023-03-25,8530.74,8530.74,0.0,0,PAID,PAID,SERVICES,EAST
INV-04204,CUS-0167,2023-02-12,2023-03-14,2023-03-09,1545.48,1545.48,0.0,0,PAID,PAID,MAINTENANCE,WEST
INV-04205,CUS-0250,2023-06-29,2023-07-29,,1864.68,763.5,1101.18,246,90+,PARTIAL,HARDWARE,EAST
INV-04206,CUS-0419,2022-12-12,2023-02-10,2023-02-06,1549.61,1549.61,0.0,0,PAID,PAID,SERVICES,NORTH
INV-04207,CUS-0173,2022-04-16,2022-06-15,,7606.08,0.0,7606.08,655,90+,OVERDUE,MAINTENANCE,WEST
INV-04208,CUS-0160,2023-02-13,2023-03-30,2023-03-30,539.49,539.49,0.0,0,PAID,PAID,HARDWARE,EAST
INV-04209,CUS-0060,2022-08-25,2022-09-24,2022-09-24,26077.99,26077.99,0.0,0,PAID,PAID,SERVICES,NORTH
INV-04210,CUS-0007,2023-08-27,2023-10-11,2023-10-09,738.82,738.82,0.0,0,PAID,PAID,SOFTWARE,NORTH
INV-04211,CUS-0114,2023-09-21,2023-11-05,2023-11-02,6832.0,6832.0,0.0,0,PAID,PAID,MAINTENANCE,NORTH
INV-04212,CUS-0022,2023-08-29,2023-10-28,2023-10-30,4846.32,4846.32,0.0,0,PAID,PAID,HARDWARE,NORTH
INV-04213,CUS-0395,2022-08-24,2022-10-08,2022-10-12,1220.19,1220.19,0.0,0,PAID,PAID,SOFTWARE,EAST
INV-04214,CUS-0185,2023-10-14,2023-12-13,2023-12-11,27245.73,27245.73,0.0,0,PAID,PAID,SOFTWARE,NORTH
INV-04215,CUS-0136,2023-09-26,2023-11-10,2023-11-10,2506.32,2506.32,0.0,0,PAID,PAID,MAINTENANCE,NORTH
INV-04216,CUS-0171,2023-11-07,2023-12-22,2023-12-17,5459.13,5459.13,0.0,0,PAID,PAID,HARDWARE,WEST
INV-04217,CUS-0243,2023-01-02,2023-02-16,2023-02-12,1262.09,1262.09,0.0,0,PAID,PAID,MAINTENANCE,NORTH
INV-04218,CUS-0337,2022-12-04,2023-02-02,2023-01-30,5942.67,5942.67,0.0,0,PAID,PAID,HARDWARE,NORTH
INV-04219,CUS-0474,2023-05-06,2023-07-05,2023-07-04,4288.74,4288.74,0.0,0,PAID,PAID,HARDWARE,EAST
INV-04220,CUS-0437,2022-08-20,2022-10-19,,8627.59,0.0,8627.59,529,90+,OVERDUE,SERVICES,WEST
INV-04221,CUS-0334,2023-04-19,2023-06-03,2023-06-04,7064.07,7064.07,0.0,0,PAID,PAID,SOFTWARE,NORTH
INV-04222,CUS-0187,2023-11-03,2023-12-03,2023-12-02,3859.8,3859.8,0.0,0,PAID,PAID,MAINTENANCE,EAST
INV-04223,CUS-0143,2022-11-03,2022-12-18,2022-12-15,1357.63,1357.63,0.0,0,PAID,PAID,HARDWARE,SOUTH
INV-04224,CUS-0378,2024-01-31,2024-03-01,2024-02-26,10851.77,10851.77,0.0,0,PAID,PAID,SERVICES,WEST
INV-04225,CUS-0430,2022-09-21,2022-11-20,2022-11-17,6289.61,6289.61,0.0,0,PAID,PAID,SOFTWARE,NORTH
INV-04226,CUS-0473,2022-10-08,2022-11-07,2022-11-10,1663.62,1663.62,0.0,0,PAID,PAID,HARDWARE,WEST
INV-04227,CUS-0468,2022-12-14,2023-01-13,2023-01-13,28655.34,28655.34,0.0,0,PAID,PAID,MAINTENANCE,NORTH
INV-04228,CUS-0473,2023-06-17,2023-07-17,2023-07-12,5159.03,5159.03,0.0,0,PAID,PAID,SOFTWARE,NORTH
INV-04229,CUS-0179,2023-05-20,2023-07-19,2023-07-19,10043.97,10043.97,0.0,0,PAID,PAID,HARDWARE,SOUTH
INV-04230,CUS-0147,2022-06-12,2022-08-11,2022-08-18,288.18,288.18,0.0,0,PAID,PAID,SERVICES,NORTH
INV-04231,CUS-0224,2023-03-08,2023-04-07,2023-04-04,560.79,560.79,0.0,0,PAID,PAID,SOFTWARE,WEST
INV-04232,CUS-0247,2023-07-01,2023-07-31,2023-07-29,17180.25,17180.25,0.0,0,PAID,PAID,SERVICES,EAST
INV-04233,CUS-0131,2024-02-26,2024-03-27,,836.5,0.0,836.5,4,CURRENT,OVERDUE,SOFTWARE,WEST
INV-04234,CUS-0192,2023-05-28,2023-06-27,2023-07-26,75236.21,75236.21,0.0,0,PAID,PAID,HARDWARE,NORTH
INV-04235,CUS-0350,2024-02-06,2024-04-06,,79545.72,32868.15,46677.57,0,CURRENT,PARTIAL,HARDWARE,WEST
INV-04236,CUS-0329,2022-10-07,2022-12-06,2022-12-26,5631.52,5631.52,0.0,0,PAID,PAID,SERVICES,EAST
INV-04237,CUS-0020,2023-02-19,2023-04-20,2023-04-18,2464.13,2464.13,0.0,0,PAID,PAID,SOFTWARE,NORTH
INV-04238,CUS-0201,2022-11-05,2022-12-20,2022-12-16,2240.21,2240.21,0.0,0,PAID,PAID,SERVICES,WEST
INV-04239,CUS-0172,2022-10-11,2022-11-25,2022-11-20,15235.5,15235.5,0.0,0,PAID,PAID,MAINTENANCE,SOUTH
INV-04240,CUS-0411,2023-12-20,2024-02-03,2024-01-30,13909.03,13909.03,0.0,0,PAID,PAID,SERVICES,SOUTH
INV-04241,CUS-0442,2023-10-24,2023-12-08,2023-12-03,8889.23,8889.23,0.0,0,PAID,PAID,HARDWARE,WEST
INV-04242,CUS-0455,2024-02-29,2024-03-30,2024-04-04,348.64,348.64,0.0,0,PAID,PAID,SERVICES,WEST
INV-04243,CUS-0022,2023-03-15,2023-05-14,2023-05-11,23871.47,23871.47,0.0,0,PAID,PAID,HARDWARE,WEST
INV-04244,CUS-0362,2023-01-23,2023-02-22,2023-02-22,7521.77,7521.77,0.0,0,PAID,PAID,SERVICES,EAST
INV-04245,CUS-0365,2022-10-09,2022-11-23,,14203.07,0.0,14203.07,494,90+,OVERDUE,HARDWARE,WEST
INV-04246,CUS-0308,2023-05-08,2023-06-22,2023-06-19,1698.75,1698.75,0.0,0,PAID,PAID,SOFTWARE,EAST
INV-04247,CUS-0207,2022-11-05,2023-01-04,2022-12-31,294.92,294.92,0.0,0,PAID,PAID,MAINTENANCE,NORTH
INV-04248,CUS-0161,2022-08-09,2022-10-08,2022-10-03,74505.19,74505.19,0.0,0,PAID,PAID,MAINTENANCE,WEST
INV-04249,CUS-0293,2023-05-12,2023-06-26,2023-06-26,4408.27,4408.27,0.0,0,PAID,PAID,MAINTENANCE,SOUTH
INV-04250,CUS-0457,2022-08-30,2022-10-29,2022-10-26,1988.88,1988.88,0.0,0,PAID,PAID,SOFTWARE,SOUTH
INV-04251,CUS-0054,2024-03-25,2024-04-24,2024-04-19,11823.96,11823.96,0.0,0,PAID,PAID,SOFTWARE,SOUTH
INV-04252,CUS-0407,2022-08-24,2022-10-23,2022-10-22,4037.92,4037.92,0.0,0,PAID,PAID,SOFTWARE,SOUTH
INV-04253,CUS-0430,2022-10-21,2022-12-20,2022-12-16,2467.27,2467.27,0.0,0,PAID,PAID,SERVICES,WEST
INV-04254,CUS-0357,2024-03-13,2024-04-12,,10980.22,5604.34,5375.88,0,CURRENT,PARTIAL,SERVICES,EAST
INV-04255,CUS-0388,2023-10-16,2023-11-15,2023-11-13,77908.34,77908.34,0.0,0,PAID,PAID,HARDWARE,NORTH
INV-04256,CUS-0146,2024-02-11,2024-03-27,2024-03-27,16835.97,16835.97,0.0,0,PAID,PAID,SOFTWARE,EAST
INV-04257,CUS-0045,2023-06-09,2023-08-08,2023-08-07,2505.26,2505.26,0.0,0,PAID,PAID,SERVICES,NORTH
INV-04258,CUS-0219,2023-09-15,2023-11-14,2023-11-11,1609.6,1609.6,0.0,0,PAID,PAID,SOFTWARE,SOUTH
INV-04259,CUS-0111,2023-04-09,2023-05-24,,6051.23,0.0,6051.23,312,90+,OVERDUE,HARDWARE,WEST
INV-04260,CUS-0436,2024-03-22,2024-04-21,2024-04-16,4065.48,4065.48,0.0,0,PAID,PAID,SERVICES,WEST
INV-04261,CUS-0008,2022-07-23,2022-09-21,2022-10-06,14334.62,14334.62,0.0,0,PAID,PAID,SOFTWARE,NORTH
INV-04262,CUS-0130,2023-04-06,2023-06-05,,3236.61,0.0,3236.61,300,90+,OVERDUE,HARDWARE,NORTH
INV-04263,CUS-0002,2022-12-08,2023-01-22,2023-01-20,11688.65,11688.65,0.0,0,PAID,PAID,HARDWARE,EAST
INV-04264,CUS-0450,2022-12-22,2023-02-20,2023-02-20,11909.43,11909.43,0.0,0,PAID,PAID,SERVICES,SOUTH
INV-04265,CUS-0212,2022-11-11,2023-01-10,2023-01-19,2789.03,2789.03,0.0,0,PAID,PAID,SERVICES,WEST
INV-04266,CUS-0150,2022-05-27,2022-07-11,2022-07-09,1524.0,1524.0,0.0,0,PAID,PAID,SOFTWARE,NORTH
INV-04267,CUS-0163,2023-10-27,2023-12-26,2023-12-22,638.31,638.31,0.0,0,PAID,PAID,SOFTWARE,NORTH
INV-04268,CUS-0027,2022-11-19,2022-12-19,2022-12-17,30252.45,30252.45,0.0,0,PAID,PAID,MAINTENANCE,NORTH
INV-04269,CUS-0158,2024-03-14,2024-04-13,2024-04-09,697.8,697.8,0.0,0,PAID,PAID,HARDWARE,SOUTH
INV-04270,CUS-0062,2024-02-03,2024-03-19,2024-03-14,1894.62,1894.62,0.0,0,PAID,PAID,MAINTENANCE,EAST
INV-04271,CUS-0324,2023-09-14,2023-10-29,,72802.36,33561.81,39240.55,154,90+,PARTIAL,HARDWARE,EAST
INV-04272,CUS-0336,2022-11-13,2022-12-28,,198.07,103.2,94.87,459,90+,PARTIAL,SERVICES,WEST
INV-04273,CUS-0314,2022-07-12,2022-09-10,,978.22,525.25,452.97,568,90+,PARTIAL,SERVICES,NORTH
INV-04274,CUS-0339,2023-09-15,2023-10-30,2023-10-28,49680.8,49680.8,0.0,0,PAID,PAID,SOFTWARE,NORTH
INV-04275,CUS-0070,2023-02-10,2023-03-12,2023-03-26,7249.89,7249.89,0.0,0,PAID,PAID,HARDWARE,EAST
INV-04276,CUS-0217,2023-07-03,2023-09-01,2023-09-18,3117.09,3117.09,0.0,0,PAID,PAID,MAINTENANCE,NORTH
INV-04277,CUS-0160,2022-09-10,2022-10-25,2022-10-25,1984.9,1984.9,0.0,0,PAID,PAID,MAINTENANCE,EAST
INV-04278,CUS-0446,2022-12-06,2023-02-04,2023-02-03,1044.81,1044.81,0.0,0,PAID,PAID,MAINTENANCE,EAST
INV-04279,CUS-0376,2023-07-20,2023-09-03,2023-09-03,2447.06,2447.06,0.0,0,PAID,PAID,HARDWARE,WEST
INV-04280,CUS-0389,2023-09-28,2023-10-28,2023-10-25,811.43,811.43,0.0,0,PAID,PAID,HARDWARE,SOUTH
INV-04281,CUS-0480,2022-10-09,2022-11-08,2022-11-08,4508.12,4508.12,0.0,0,PAID,PAID,SERVICES,NORTH
INV-04282,CUS-0463,2022-08-28,2022-10-27,2022-10-22,8503.34,8503.34,0.0,0,PAID,PAID,HARDWARE,EAST
INV-04283,CUS-0377,2023-01-18,2023-02-17,2023-03-02,1337.57,1337.57,0.0,0,PAID,PAID,SOFTWARE,WEST
INV-04284,CUS-0030,2022-10-17,2022-11-16,2022-11-13,33421.51,33421.51,0.0,0,PAID,PAID,MAINTENANCE,SOUTH
INV-04285,CUS-0194,2023-08-28,2023-09-27,2023-09-27,61786.0,61786.0,0.0,0,PAID,PAID,SERVICES,SOUTH
INV-04286,CUS-0500,2023-01-07,2023-02-06,,16775.04,11077.93,5697.11,419,90+,PARTIAL,SOFTWARE,SOUTH
INV-04287,CUS-0309,2024-01-03,2024-03-03,2024-03-03,24070.12,24070.12,0.0,0,PAID,PAID,HARDWARE,EAST
INV-04288,CUS-0488,2022-05-23,2022-07-22,2022-07-21,5452.38,5452.38,0.0,0,PAID,PAID,SERVICES,NORTH
INV-04289,CUS-0208,2023-03-15,2023-05-14,2023-06-11,4980.48,4980.48,0.0,0,PAID,PAID,MAINTENANCE,NORTH
INV-04290,CUS-0226,2023-07-27,2023-08-26,2023-08-24,772.92,772.92,0.0,0,PAID,PAID,MAINTENANCE,EAST
INV-04291,CUS-0039,2024-03-24,2024-05-08,2024-05-05,4839.19,4839.19,0.0,0,PAID,PAID,MAINTENANCE,NORTH
INV-04292,CUS-0411,2023-04-24,2023-06-08,2023-06-06,4278.37,4278.37,0.0,0,PAID,PAID,MAINTENANCE,NORTH
INV-04293,CUS-0073,2022-10-01,2022-10-31,,13172.07,0.0,13172.07,517,90+,OVERDUE,SOFTWARE,SOUTH
INV-04294,CUS-0277,2022-05-27,2022-07-26,2022-07-22,6088.37,6088.37,0.0,0,PAID,PAID,SERVICES,EAST
INV-04295,CUS-0083,2022-08-15,2022-09-14,2022-09-13,10369.21,10369.21,0.0,0,PAID,PAID,HARDWARE,EAST
INV-04296,CUS-0084,2023-04-27,2023-06-26,2023-06-25,3918.35,3918.35,0.0,0,PAID,PAID,HARDWARE,EAST
INV-04297,CUS-0437,2023-11-11,2024-01-10,2024-01-15,5326.33,5326.33,0.0,0,PAID,PAID,MAINTENANCE,WEST
INV-04298,CUS-0194,2022-09-28,2022-10-28,2022-11-20,25979.91,25979.91,0.0,0,PAID,PAID,HARDWARE,WEST
INV-04299,CUS-0001,2023-10-18,2023-12-17,2023-12-15,441.82,441.82,0.0,0,PAID,PAID,SOFTWARE,SOUTH
INV-04300,CUS-0103,2023-06-15,2023-07-30,2023-07-30,4497.15,4497.15,0.0,0,PAID,PAID,MAINTENANCE,WEST
INV-04301,CUS-0435,2023-06-15,2023-08-14,2023-08-26,2178.68,2178.68,0.0,0,PAID,PAID,SOFTWARE,SOUTH
INV-04302,CUS-0115,2022-11-07,2023-01-06,2023-01-05,4066.08,4066.08,0.0,0,PAID,PAID,MAINTENANCE,NORTH
INV-04303,CUS-0008,2023-04-01,2023-05-31,2023-05-30,9522.63,9522.63,0.0,0,PAID,PAID,SERVICES,NORTH
INV-04304,CUS-0463,2022-07-13,2022-09-11,2022-09-10,10106.82,10106.82,0.0,0,PAID,PAID,SOFTWARE,NORTH
INV-04305,CUS-0094,2022-07-07,2022-09-05,2022-09-03,4003.4,4003.4,0.0,0,PAID,PAID,HARDWARE,SOUTH
INV-04306,CUS-0288,2023-06-10,2023-08-09,2023-08-09,2084.26,2084.26,0.0,0,PAID,PAID,HARDWARE,NORTH
INV-04307,CUS-0462,2023-11-07,2024-01-06,2024-01-05,1529.83,1529.83,0.0,0,PAID,PAID,SERVICES,SOUTH
INV-04308,CUS-0119,2022-04-01,2022-05-01,2022-05-01,667.25,667.25,0.0,0,PAID,PAID,HARDWARE,NORTH
INV-04309,CUS-0490,2023-10-22,2023-12-06,2023-12-05,780.23,780.23,0.0,0,PAID,PAID,SERVICES,WEST
INV-04310,CUS-0466,2022-12-19,2023-02-17,2023-02-16,6614.84,6614.84,0.0,0,PAID,PAID,SERVICES,WEST
INV-04311,CUS-0436,2022-07-16,2022-08-15,2022-08-18,1652.14,1652.14,0.0,0,PAID,PAID,SERVICES,EAST
INV-04312,CUS-0005,2023-01-19,2023-03-20,2023-03-17,407.52,407.52,0.0,0,PAID,PAID,SOFTWARE,SOUTH
INV-04313,CUS-0156,2022-07-14,2022-09-12,2022-09-10,1372.56,1372.56,0.0,0,PAID,PAID,SOFTWARE,SOUTH
INV-04314,CUS-0233,2022-06-18,2022-07-18,2022-07-15,949.48,949.48,0.0,0,PAID,PAID,MAINTENANCE,WEST
INV-04315,CUS-0347,2022-12-15,2023-01-14,2023-01-11,24017.42,24017.42,0.0,0,PAID,PAID,SERVICES,WEST
INV-04316,CUS-0151,2023-10-24,2023-11-23,2023-11-20,588.33,588.33,0.0,0,PAID,PAID,HARDWARE,NORTH
INV-04317,CUS-0063,2023-06-28,2023-08-12,2023-08-24,2206.15,2206.15,0.0,0,PAID,PAID,SOFTWARE,NORTH
INV-04318,CUS-0167,2023-08-24,2023-09-23,2023-09-20,1943.24,1943.24,0.0,0,PAID,PAID,MAINTENANCE,WEST
INV-04319,CUS-0459,2023-09-12,2023-10-12,2023-10-10,1876.86,1876.86,0.0,0,PAID,PAID,SOFTWARE,WEST
INV-04320,CUS-0217,2023-06-30,2023-08-29,2023-08-29,2477.98,2477.98,0.0,0,PAID,PAID,SOFTWARE,NORTH
INV-04321,CUS-0487,2024-01-14,2024-02-13,2024-02-13,7599.73,7599.73,0.0,0,PAID,PAID,MAINTENANCE,NORTH
INV-04322,CUS-0284,2022-11-20,2023-01-04,2023-01-03,526.81,526.81,0.0,0,PAID,PAID,HARDWARE,NORTH
INV-04323,CUS-0271,2022-08-17,2022-09-16,2022-09-12,2049.59,2049.59,0.0,0,PAID,PAID,MAINTENANCE,NORTH
INV-04324,CUS-0061,2024-02-23,2024-04-23,,153.6,75.44,78.16,0,CURRENT,PARTIAL,MAINTENANCE,SOUTH
INV-04325,CUS-0253,2022-06-16,2022-07-31,2022-07-30,4595.68,4595.68,0.0,0,PAID,PAID,SOFTWARE,SOUTH
INV-04326,CUS-0213,2022-11-26,2023-01-25,2023-01-23,1250.56,1250.56,0.0,0,PAID,PAID,SOFTWARE,NORTH
INV-04327,CUS-0454,2022-11-24,2023-01-08,2023-01-29,13309.23,13309.23,0.0,0,PAID,PAID,SERVICES,EAST
INV-04328,CUS-0488,2024-01-18,2024-03-18,2024-03-15,4519.71,4519.71,0.0,0,PAID,PAID,HARDWARE,NORTH
INV-04329,CUS-0320,2022-09-19,2022-11-18,2022-11-14,885.91,885.91,0.0,0,PAID,PAID,SERVICES,SOUTH
INV-04330,CUS-0081,2024-01-28,2024-02-27,2024-02-22,718.86,718.86,0.0,0,PAID,PAID,SOFTWARE,WEST
INV-04331,CUS-0451,2023-10-11,2023-11-25,2023-12-03,3415.64,3415.64,0.0,0,PAID,PAID,SOFTWARE,SOUTH
INV-04332,CUS-0152,2023-08-02,2023-09-16,2023-09-14,4044.46,4044.46,0.0,0,PAID,PAID,MAINTENANCE,EAST
INV-04333,CUS-0433,2024-02-25,2024-03-26,2024-03-25,5601.94,5601.94,0.0,0,PAID,PAID,SOFTWARE,WEST
INV-04334,CUS-0451,2023-02-07,2023-03-24,2023-03-19,14963.33,14963.33,0.0,0,PAID,PAID,SOFTWARE,WEST
INV-04335,CUS-0356,2023-10-29,2023-12-13,2023-12-13,2137.82,2137.82,0.0,0,PAID,PAID,SERVICES,SOUTH
INV-04336,CUS-0150,2023-01-08,2023-02-22,2023-02-22,909.12,909.12,0.0,0,PAID,PAID,SERVICES,NORTH
INV-04337,CUS-0138,2023-05-30,2023-07-14,2023-07-13,7339.27,7339.27,0.0,0,PAID,PAID,MAINTENANCE,WEST
INV-04338,CUS-0260,2023-11-11,2023-12-26,2023-12-23,1071.61,1071.61,0.0,0,PAID,PAID,SOFTWARE,EAST
INV-04339,CUS-0365,2023-04-28,2023-06-12,,9926.95,0.0,9926.95,293,90+,OVERDUE,MAINTENANCE,SOUTH
INV-04340,CUS-0232,2022-09-07,2022-10-07,,4906.42,0.0,4906.42,541,90+,OVERDUE,SERVICES,EAST
INV-04341,CUS-0252,2022-07-18,2022-08-17,2022-08-16,35567.93,35567.93,0.0,0,PAID,PAID,MAINTENANCE,EAST
INV-04342,CUS-0252,2022-10-20,2022-11-19,2022-12-14,11335.97,11335.97,0.0,0,PAID,PAID,MAINTENANCE,WEST
INV-04343,CUS-0378,2023-01-02,2023-02-01,2023-01-29,11825.95,11825.95,0.0,0,PAID,PAID,SERVICES,WEST
INV-04344,CUS-0434,2022-09-29,2022-10-29,2022-10-25,1093.35,1093.35,0.0,0,PAID,PAID,SERVICES,EAST
INV-04345,CUS-0302,2022-07-11,2022-08-10,2022-08-07,376.49,376.49,0.0,0,PAID,PAID,SOFTWARE,EAST
INV-04346,CUS-0357,2023-01-28,2023-02-27,,4720.62,0.0,4720.62,398,90+,OVERDUE,SOFTWARE,WEST
INV-04347,CUS-0265,2023-06-01,2023-07-16,2023-07-12,9744.66,9744.66,0.0,0,PAID,PAID,SERVICES,NORTH
INV-04348,CUS-0300,2022-05-06,2022-06-05,2022-06-05,17866.56,17866.56,0.0,0,PAID,PAID,MAINTENANCE,SOUTH
INV-04349,CUS-0288,2023-09-18,2023-11-17,2023-12-10,2492.4,2492.4,0.0,0,PAID,PAID,MAINTENANCE,SOUTH
INV-04350,CUS-0422,2023-11-29,2024-01-13,2024-01-08,3013.41,3013.41,0.0,0,PAID,PAID,HARDWARE,WEST
INV-04351,CUS-0169,2022-05-15,2022-06-14,2022-06-12,243.22,243.22,0.0,0,PAID,PAID,SOFTWARE,NORTH
INV-04352,CUS-0211,2024-01-22,2024-03-22,2024-03-20,3839.42,3839.42,0.0,0,PAID,PAID,MAINTENANCE,EAST
INV-04353,CUS-0374,2023-06-18,2023-08-17,2023-08-16,6868.35,6868.35,0.0,0,PAID,PAID,SERVICES,WEST
INV-04354,CUS-0329,2022-04-18,2022-06-17,2022-07-15,29150.8,29150.8,0.0,0,PAID,PAID,HARDWARE,EAST
INV-04355,CUS-0449,2022-10-17,2022-11-16,,363.32,214.07,149.25,501,90+,PARTIAL,MAINTENANCE,SOUTH
INV-04356,CUS-0096,2023-06-28,2023-07-28,2023-07-24,6752.96,6752.96,0.0,0,PAID,PAID,SERVICES,NORTH
INV-04357,CUS-0222,2023-09-07,2023-11-06,2023-11-05,5860.14,5860.14,0.0,0,PAID,PAID,SOFTWARE,NORTH
INV-04358,CUS-0240,2024-01-31,2024-03-31,2024-03-26,20954.54,20954.54,0.0,0,PAID,PAID,SOFTWARE,SOUTH
INV-04359,CUS-0332,2023-05-15,2023-07-14,2023-07-09,3763.78,3763.78,0.0,0,PAID,PAID,SOFTWARE,NORTH
INV-04360,CUS-0383,2022-09-12,2022-10-12,2022-11-04,205.23,205.23,0.0,0,PAID,PAID,MAINTENANCE,WEST
INV-04361,CUS-0273,2022-10-25,2022-11-24,2022-11-21,3085.71,3085.71,0.0,0,PAID,PAID,HARDWARE,WEST
INV-04362,CUS-0094,2023-01-02,2023-03-03,2023-03-02,7189.98,7189.98,0.0,0,PAID,PAID,SOFTWARE,WEST
INV-04363,CUS-0024,2023-08-03,2023-09-17,2023-09-17,1411.44,1411.44,0.0,0,PAID,PAID,SOFTWARE,SOUTH
INV-04364,CUS-0138,2022-07-27,2022-09-10,2022-09-10,32383.31,32383.31,0.0,0,PAID,PAID,SERVICES,EAST
INV-04365,CUS-0434,2024-01-15,2024-02-14,2024-02-12,2522.64,2522.64,0.0,0,PAID,PAID,SOFTWARE,SOUTH
INV-04366,CUS-0243,2023-07-16,2023-08-30,2023-09-14,4892.23,4892.23,0.0,0,PAID,PAID,MAINTENANCE,NORTH
INV-04367,CUS-0338,2023-12-25,2024-02-23,2024-03-17,44370.03,44370.03,0.0,0,PAID,PAID,MAINTENANCE,WEST
INV-04368,CUS-0199,2023-07-08,2023-08-22,2023-08-19,1013.64,1013.64,0.0,0,PAID,PAID,HARDWARE,EAST
INV-04369,CUS-0204,2024-02-21,2024-04-06,2024-04-16,389.72,389.72,0.0,0,PAID,PAID,MAINTENANCE,SOUTH
INV-04370,CUS-0240,2024-02-13,2024-04-13,2024-04-11,5210.73,5210.73,0.0,0,PAID,PAID,MAINTENANCE,EAST
INV-04371,CUS-0292,2022-06-07,2022-07-22,2022-07-21,5438.83,5438.83,0.0,0,PAID,PAID,SOFTWARE,EAST
INV-04372,CUS-0207,2022-04-05,2022-06-04,2022-06-04,1577.57,1577.57,0.0,0,PAID,PAID,SOFTWARE,EAST
INV-04373,CUS-0247,2023-04-30,2023-05-30,2023-05-30,3549.4,3549.4,0.0,0,PAID,PAID,HARDWARE,NORTH
INV-04374,CUS-0325,2023-12-23,2024-01-22,2024-01-22,5709.42,5709.42,0.0,0,PAID,PAID,MAINTENANCE,EAST
INV-04375,CUS-0055,2022-07-01,2022-08-15,2022-08-15,1582.81,1582.81,0.0,0,PAID,PAID,SOFTWARE,NORTH
INV-04376,CUS-0360,2024-01-20,2024-03-05,2024-03-05,2848.75,2848.75,0.0,0,PAID,PAID,HARDWARE,EAST
INV-04377,CUS-0127,2023-07-06,2023-08-20,2023-08-23,7188.75,7188.75,0.0,0,PAID,PAID,SERVICES,WEST
INV-04378,CUS-0419,2023-09-04,2023-11-03,,2103.85,917.22,1186.63,149,90+,PARTIAL,SOFTWARE,EAST
INV-04379,CUS-0310,2024-03-22,2024-05-06,2024-05-01,80019.43,80019.43,0.0,0,PAID,PAID,HARDWARE,EAST
INV-04380,CUS-0401,2023-10-01,2023-11-15,2023-11-12,13148.53,13148.53,0.0,0,PAID,PAID,SERVICES,EAST
INV-04381,CUS-0486,2023-01-05,2023-02-19,2023-02-15,7557.86,7557.86,0.0,0,PAID,PAID,HARDWARE,NORTH
INV-04382,CUS-0104,2022-08-01,2022-09-30,2022-09-28,4859.36,4859.36,0.0,0,PAID,PAID,MAINTENANCE,EAST
INV-04383,CUS-0318,2023-05-03,2023-07-02,2023-06-29,25861.62,25861.62,0.0,0,PAID,PAID,SERVICES,NORTH
INV-04384,CUS-0249,2022-06-01,2022-07-01,,1250.72,679.49,571.23,639,90+,PARTIAL,SOFTWARE,WEST
INV-04385,CUS-0308,2023-10-01,2023-11-15,2023-11-10,1122.08,1122.08,0.0,0,PAID,PAID,HARDWARE,WEST
INV-04386,CUS-0470,2024-03-27,2024-05-26,2024-05-26,1140.69,1140.69,0.0,0,PAID,PAID,MAINTENANCE,NORTH
INV-04387,CUS-0279,2022-08-02,2022-09-16,2022-09-13,13996.69,13996.69,0.0,0,PAID,PAID,MAINTENANCE,WEST
INV-04388,CUS-0316,2024-02-09,2024-03-25,2024-03-21,2310.88,2310.88,0.0,0,PAID,PAID,MAINTENANCE,WEST
INV-04389,CUS-0288,2023-12-13,2024-02-11,2024-02-06,17460.16,17460.16,0.0,0,PAID,PAID,SOFTWARE,SOUTH
INV-04390,CUS-0102,2023-04-04,2023-06-03,2023-05-31,6022.16,6022.16,0.0,0,PAID,PAID,HARDWARE,EAST
INV-04391,CUS-0411,2023-12-17,2024-01-31,2024-01-27,5079.54,5079.54,0.0,0,PAID,PAID,SOFTWARE,EAST
INV-04392,CUS-0279,2022-09-06,2022-10-21,2022-10-16,763.77,763.77,0.0,0,PAID,PAID,HARDWARE,EAST
INV-04393,CUS-0296,2022-04-15,2022-05-15,2022-05-10,668.21,668.21,0.0,0,PAID,PAID,SOFTWARE,EAST
INV-04394,CUS-0436,2023-12-22,2024-01-21,2024-01-20,6112.8,6112.8,0.0,0,PAID,PAID,SOFTWARE,SOUTH
INV-04395,CUS-0268,2022-04-20,2022-05-20,2022-05-17,1176.85,1176.85,0.0,0,PAID,PAID,SOFTWARE,NORTH
INV-04396,CUS-0301,2022-07-02,2022-08-16,,6561.08,3806.47,2754.61,593,90+,PARTIAL,SERVICES,NORTH
INV-04397,CUS-0064,2023-12-13,2024-01-12,2024-01-10,4440.59,4440.59,0.0,0,PAID,PAID,SERVICES,WEST
INV-04398,CUS-0307,2023-12-18,2024-02-16,2024-02-12,404.65,404.65,0.0,0,PAID,PAID,SOFTWARE,NORTH
INV-04399,CUS-0471,2023-01-19,2023-03-05,2023-03-01,41952.83,41952.83,0.0,0,PAID,PAID,SERVICES,SOUTH
INV-04400,CUS-0056,2023-06-09,2023-07-09,2023-07-24,5611.11,5611.11,0.0,0,PAID,PAID,SOFTWARE,WEST
INV-04401,CUS-0499,2023-08-13,2023-10-12,2023-10-08,437.21,437.21,0.0,0,PAID,PAID,SOFTWARE,EAST
INV-04402,CUS-0271,2023-07-27,2023-08-26,2023-08-24,3857.19,3857.19,0.0,0,PAID,PAID,HARDWARE,SOUTH
INV-04403,CUS-0500,2023-12-21,2024-01-20,2024-01-16,38811.28,38811.28,0.0,0,PAID,PAID,SERVICES,EAST
INV-04404,CUS-0264,2023-10-09,2023-11-08,2023-11-07,1211.76,1211.76,0.0,0,PAID,PAID,HARDWARE,WEST
INV-04405,CUS-0146,2023-02-11,2023-03-28,2023-03-29,10967.98,10967.98,0.0,0,PAID,PAID,MAINTENANCE,SOUTH
INV-04406,CUS-0278,2023-03-09,2023-04-23,,510.16,309.26,200.9,343,90+,PARTIAL,SOFTWARE,SOUTH
INV-04407,CUS-0356,2023-03-20,2023-05-04,,3633.64,0.0,3633.64,332,90+,OVERDUE,MAINTENANCE,WEST
INV-04408,CUS-0102,2023-01-14,2023-03-15,2023-03-10,3283.28,3283.28,0.0,0,PAID,PAID,HARDWARE,NORTH
INV-04409,CUS-0492,2022-04-09,2022-05-24,2022-05-23,645.91,645.91,0.0,0,PAID,PAID,MAINTENANCE,WEST
INV-04410,CUS-0382,2022-04-03,2022-06-02,2022-05-29,1986.49,1986.49,0.0,0,PAID,PAID,HARDWARE,NORTH
INV-04411,CUS-0433,2023-03-02,2023-04-01,,374.84,134.41,240.43,365,90+,PARTIAL,HARDWARE,SOUTH
INV-04412,CUS-0058,2024-01-10,2024-03-10,2024-03-19,389.43,389.43,0.0,0,PAID,PAID,SOFTWARE,SOUTH
INV-04413,CUS-0270,2023-11-03,2024-01-02,2023-12-30,3831.48,3831.48,0.0,0,PAID,PAID,SOFTWARE,NORTH
INV-04414,CUS-0076,2023-03-11,2023-05-10,2023-05-07,14031.66,14031.66,0.0,0,PAID,PAID,MAINTENANCE,WEST
INV-04415,CUS-0476,2022-06-08,2022-08-07,2022-08-02,2679.93,2679.93,0.0,0,PAID,PAID,MAINTENANCE,NORTH
INV-04416,CUS-0303,2023-01-11,2023-02-10,2023-02-08,2992.0,2992.0,0.0,0,PAID,PAID,MAINTENANCE,EAST
INV-04417,CUS-0222,2023-03-03,2023-05-02,2023-04-29,980.51,980.51,0.0,0,PAID,PAID,MAINTENANCE,EAST
INV-04418,CUS-0305,2022-07-11,2022-08-25,2022-09-18,6656.42,6656.42,0.0,0,PAID,PAID,MAINTENANCE,SOUTH
INV-04419,CUS-0440,2022-08-24,2022-09-23,2022-09-21,2447.73,2447.73,0.0,0,PAID,PAID,HARDWARE,NORTH
INV-04420,CUS-0094,2022-04-04,2022-06-03,2022-06-01,4133.89,4133.89,0.0,0,PAID,PAID,SOFTWARE,WEST
INV-04421,CUS-0257,2023-10-12,2023-11-11,2023-11-08,3694.38,3694.38,0.0,0,PAID,PAID,SOFTWARE,SOUTH
INV-04422,CUS-0476,2023-08-22,2023-10-21,2023-10-17,83912.28,83912.28,0.0,0,PAID,PAID,HARDWARE,EAST
INV-04423,CUS-0184,2022-09-11,2022-10-26,,9620.38,0.0,9620.38,522,90+,OVERDUE,HARDWARE,WEST
INV-04424,CUS-0090,2023-05-25,2023-07-09,2023-07-04,14536.72,14536.72,0.0,0,PAID,PAID,SERVICES,WEST
INV-04425,CUS-0137,2022-07-12,2022-09-10,2022-09-10,903.77,903.77,0.0,0,PAID,PAID,SERVICES,WEST
INV-04426,CUS-0321,2024-03-25,2024-04-24,2024-04-22,753.03,753.03,0.0,0,PAID,PAID,HARDWARE,NORTH
INV-04427,CUS-0114,2023-03-31,2023-05-15,2023-05-10,978.99,978.99,0.0,0,PAID,PAID,SOFTWARE,WEST
INV-04428,CUS-0068,2022-10-07,2022-11-21,2022-11-21,1034.81,1034.81,0.0,0,PAID,PAID,SOFTWARE,WEST
INV-04429,CUS-0477,2024-03-25,2024-05-09,2024-05-04,2668.71,2668.71,0.0,0,PAID,PAID,SOFTWARE,EAST
INV-04430,CUS-0156,2024-01-30,2024-03-30,2024-04-19,959.89,959.89,0.0,0,PAID,PAID,MAINTENANCE,SOUTH
INV-04431,CUS-0278,2023-07-12,2023-08-26,2023-09-12,1843.63,1843.63,0.0,0,PAID,PAID,SOFTWARE,EAST
INV-04432,CUS-0164,2023-08-19,2023-09-18,2023-10-08,710.31,710.31,0.0,0,PAID,PAID,SOFTWARE,NORTH
INV-04433,CUS-0164,2022-09-03,2022-10-03,2022-09-30,6182.62,6182.62,0.0,0,PAID,PAID,HARDWARE,EAST
INV-04434,CUS-0291,2023-02-11,2023-04-12,2023-04-07,6700.0,6700.0,0.0,0,PAID,PAID,MAINTENANCE,WEST
INV-04435,CUS-0233,2024-03-22,2024-04-21,2024-04-20,1481.89,1481.89,0.0,0,PAID,PAID,SOFTWARE,NORTH
INV-04436,CUS-0173,2024-03-29,2024-05-28,2024-05-25,2546.17,2546.17,0.0,0,PAID,PAID,SOFTWARE,WEST
INV-04437,CUS-0305,2023-04-29,2023-06-13,2023-06-09,13712.29,13712.29,0.0,0,PAID,PAID,SOFTWARE,EAST
INV-04438,CUS-0391,2023-08-23,2023-10-07,2023-10-05,698.33,698.33,0.0,0,PAID,PAID,SOFTWARE,WEST
INV-04439,CUS-0277,2023-09-14,2023-11-13,2023-11-13,351.93,351.93,0.0,0,PAID,PAID,HARDWARE,SOUTH
INV-04440,CUS-0094,2022-09-10,2022-11-09,2022-11-04,2402.06,2402.06,0.0,0,PAID,PAID,HARDWARE,NORTH
INV-04441,CUS-0173,2022-10-05,2022-12-04,2022-12-17,6880.15,6880.15,0.0,0,PAID,PAID,HARDWARE,EAST
INV-04442,CUS-0390,2023-05-05,2023-06-04,2023-05-31,508.81,508.81,0.0,0,PAID,PAID,SERVICES,EAST
INV-04443,CUS-0352,2023-06-09,2023-08-08,,131.21,65.37,65.84,236,90+,PARTIAL,HARDWARE,WEST
INV-04444,CUS-0165,2023-03-18,2023-04-17,,3917.02,1493.04,2423.98,349,90+,PARTIAL,HARDWARE,SOUTH
INV-04445,CUS-0082,2023-04-11,2023-05-26,,529.48,0.0,529.48,310,90+,OVERDUE,SERVICES,WEST
INV-04446,CUS-0177,2022-07-10,2022-08-24,2022-08-23,4037.04,4037.04,0.0,0,PAID,PAID,MAINTENANCE,SOUTH
INV-04447,CUS-0202,2023-10-06,2023-11-20,2023-11-20,14670.26,14670.26,0.0,0,PAID,PAID,HARDWARE,NORTH
INV-04448,CUS-0351,2022-09-01,2022-10-31,2022-10-27,3868.91,3868.91,0.0,0,PAID,PAID,SOFTWARE,NORTH
INV-04449,CUS-0425,2024-01-07,2024-02-06,2024-02-01,1041.84,1041.84,0.0,0,PAID,PAID,HARDWARE,EAST
INV-04450,CUS-0009,2022-08-02,2022-09-01,2022-08-27,11411.49,11411.49,0.0,0,PAID,PAID,SOFTWARE,EAST
INV-04451,CUS-0455,2024-03-04,2024-04-03,2024-03-30,728.1,728.1,0.0,0,PAID,PAID,SOFTWARE,NORTH
INV-04452,CUS-0488,2022-05-12,2022-07-11,2022-07-09,10343.07,10343.07,0.0,0,PAID,PAID,SOFTWARE,WEST
INV-04453,CUS-0012,2023-08-10,2023-09-24,2023-09-23,12269.01,12269.01,0.0,0,PAID,PAID,MAINTENANCE,WEST
INV-04454,CUS-0287,2024-01-16,2024-03-16,2024-03-11,3853.36,3853.36,0.0,0,PAID,PAID,HARDWARE,NORTH
INV-04455,CUS-0092,2024-03-19,2024-04-18,,2312.91,0.0,2312.91,0,CURRENT,OVERDUE,MAINTENANCE,NORTH
INV-04456,CUS-0211,2022-04-12,2022-06-11,2022-06-07,2430.25,2430.25,0.0,0,PAID,PAID,SERVICES,WEST
INV-04457,CUS-0298,2023-02-10,2023-03-12,2023-04-09,3045.64,3045.64,0.0,0,PAID,PAID,HARDWARE,EAST
INV-04458,CUS-0138,2024-01-20,2024-03-05,2024-03-05,54406.61,54406.61,0.0,0,PAID,PAID,HARDWARE,EAST
INV-04459,CUS-0482,2023-12-05,2024-02-03,2024-01-29,2067.56,2067.56,0.0,0,PAID,PAID,SOFTWARE,NORTH
INV-04460,CUS-0036,2023-04-29,2023-05-29,2023-05-28,7237.46,7237.46,0.0,0,PAID,PAID,MAINTENANCE,EAST
INV-04461,CUS-0009,2022-05-30,2022-06-29,2022-06-25,4170.09,4170.09,0.0,0,PAID,PAID,HARDWARE,EAST
INV-04462,CUS-0274,2022-11-27,2023-01-26,2023-02-15,18605.8,18605.8,0.0,0,PAID,PAID,SOFTWARE,WEST
INV-04463,CUS-0304,2024-03-15,2024-04-14,2024-04-12,1853.89,1853.89,0.0,0,PAID,PAID,HARDWARE,NORTH
INV-04464,CUS-0314,2023-02-23,2023-04-24,,271.14,0.0,271.14,342,90+,OVERDUE,MAINTENANCE,WEST
INV-04465,CUS-0326,2022-08-01,2022-09-30,2022-10-04,2848.3,2848.3,0.0,0,PAID,PAID,MAINTENANCE,WEST
INV-04466,CUS-0413,2023-01-24,2023-03-10,2023-03-15,427.24,427.24,0.0,0,PAID,PAID,SOFTWARE,WEST
INV-04467,CUS-0016,2024-03-19,2024-05-18,2024-05-14,899.16,899.16,0.0,0,PAID,PAID,SERVICES,NORTH
INV-04468,CUS-0405,2022-08-28,2022-09-27,2022-10-10,1839.63,1839.63,0.0,0,PAID,PAID,SOFTWARE,WEST
INV-04469,CUS-0075,2023-04-17,2023-06-16,2023-06-15,3375.1,3375.1,0.0,0,PAID,PAID,SOFTWARE,WEST
INV-04470,CUS-0084,2023-05-06,2023-07-05,2023-07-01,6746.81,6746.81,0.0,0,PAID,PAID,HARDWARE,SOUTH
INV-04471,CUS-0215,2022-08-10,2022-09-09,2022-09-09,3510.93,3510.93,0.0,0,PAID,PAID,MAINTENANCE,EAST
INV-04472,CUS-0093,2023-09-15,2023-10-30,2023-10-25,1662.75,1662.75,0.0,0,PAID,PAID,HARDWARE,WEST
INV-04473,CUS-0492,2022-05-20,2022-07-04,2022-07-03,2682.13,2682.13,0.0,0,PAID,PAID,SERVICES,NORTH
INV-04474,CUS-0229,2023-05-19,2023-06-18,2023-06-14,2783.21,2783.21,0.0,0,PAID,PAID,MAINTENANCE,WEST
INV-04475,CUS-0436,2022-07-13,2022-08-12,2022-08-10,3498.19,3498.19,0.0,0,PAID,PAID,MAINTENANCE,WEST
INV-04476,CUS-0444,2023-05-26,2023-07-25,2023-07-24,4610.52,4610.52,0.0,0,PAID,PAID,SERVICES,NORTH
INV-04477,CUS-0183,2024-02-28,2024-03-29,2024-03-29,316.02,316.02,0.0,0,PAID,PAID,SERVICES,NORTH
INV-04478,CUS-0417,2022-10-31,2022-11-30,2022-11-27,11786.75,11786.75,0.0,0,PAID,PAID,SERVICES,WEST
INV-04479,CUS-0461,2023-03-06,2023-05-05,2023-05-04,6471.95,6471.95,0.0,0,PAID,PAID,SERVICES,WEST
INV-04480,CUS-0176,2022-11-29,2023-01-13,2023-01-09,3550.38,3550.38,0.0,0,PAID,PAID,MAINTENANCE,NORTH
INV-04481,CUS-0492,2023-01-26,2023-03-12,2023-03-10,3524.94,3524.94,0.0,0,PAID,PAID,MAINTENANCE,NORTH
INV-04482,CUS-0472,2023-05-01,2023-05-31,2023-06-12,546.11,546.11,0.0,0,PAID,PAID,HARDWARE,NORTH
INV-04483,CUS-0350,2024-01-10,2024-03-10,2024-03-30,3914.58,3914.58,0.0,0,PAID,PAID,SOFTWARE,WEST
INV-04484,CUS-0340,2022-12-01,2023-01-30,2023-01-27,7553.68,7553.68,0.0,0,PAID,PAID,HARDWARE,SOUTH
INV-04485,CUS-0340,2024-01-02,2024-03-02,2024-03-21,2909.6,2909.6,0.0,0,PAID,PAID,SOFTWARE,NORTH
INV-04486,CUS-0371,2023-01-11,2023-02-10,2023-02-09,13810.24,13810.24,0.0,0,PAID,PAID,SERVICES,NORTH
INV-04487,CUS-0137,2022-05-03,2022-07-02,2022-06-29,3681.87,3681.87,0.0,0,PAID,PAID,HARDWARE,WEST
INV-04488,CUS-0279,2023-05-08,2023-06-22,2023-06-22,669.21,669.21,0.0,0,PAID,PAID,MAINTENANCE,EAST
INV-04489,CUS-0466,2022-05-25,2022-07-24,,18296.1,0.0,18296.1,616,90+,OVERDUE,SOFTWARE,SOUTH
INV-04490,CUS-0163,2023-06-12,2023-08-11,2023-08-25,4448.05,4448.05,0.0,0,PAID,PAID,SOFTWARE,NORTH
INV-04491,CUS-0272,2023-06-29,2023-08-13,2023-08-13,2803.13,2803.13,0.0,0,PAID,PAID,HARDWARE,WEST
INV-04492,CUS-0413,2023-07-02,2023-08-16,2023-08-15,12168.72,12168.72,0.0,0,PAID,PAID,SERVICES,SOUTH
INV-04493,CUS-0491,2023-09-05,2023-10-20,2023-10-17,12856.95,12856.95,0.0,0,PAID,PAID,SOFTWARE,EAST
INV-04494,CUS-0237,2022-11-12,2022-12-27,2022-12-24,426.31,426.31,0.0,0,PAID,PAID,SERVICES,NORTH
INV-04495,CUS-0440,2022-04-11,2022-05-11,2022-05-06,1297.12,1297.12,0.0,0,PAID,PAID,HARDWARE,EAST
INV-04496,CUS-0142,2023-07-11,2023-08-10,2023-09-01,3220.38,3220.38,0.0,0,PAID,PAID,SERVICES,WEST
INV-04497,CUS-0256,2022-10-30,2022-12-29,2022-12-24,704.79,704.79,0.0,0,PAID,PAID,MAINTENANCE,WEST
INV-04498,CUS-0137,2023-08-02,2023-10-01,2023-09-29,551.14,551.14,0.0,0,PAID,PAID,SERVICES,EAST
INV-04499,CUS-0225,2023-01-03,2023-02-17,2023-02-12,2176.98,2176.98,0.0,0,PAID,PAID,HARDWARE,EAST
INV-04500,CUS-0186,2023-03-21,2023-05-05,2023-05-01,8771.68,8771.68,0.0,0,PAID,PAID,MAINTENANCE,EAST
INV-04501,CUS-0297,2023-01-18,2023-03-04,2023-04-01,412.01,412.01,0.0,0,PAID,PAID,SERVICES,SOUTH
INV-04502,CUS-0371,2023-08-08,2023-09-07,2023-10-05,13878.1,13878.1,0.0,0,PAID,PAID,SOFTWARE,EAST
INV-04503,CUS-0029,2023-11-15,2023-12-30,2023-12-27,1746.86,1746.86,0.0,0,PAID,PAID,MAINTENANCE,SOUTH
INV-04504,CUS-0164,2024-03-11,2024-04-10,,1703.69,1076.64,627.05,0,CURRENT,PARTIAL,SERVICES,SOUTH
INV-04505,CUS-0349,2023-03-08,2023-04-07,2023-04-02,1218.95,1218.95,0.0,0,PAID,PAID,MAINTENANCE,WEST
INV-04506,CUS-0005,2022-10-15,2022-12-14,2022-12-14,5007.0,5007.0,0.0,0,PAID,PAID,SERVICES,SOUTH
INV-04507,CUS-0006,2023-10-28,2023-11-27,2023-11-22,4476.25,4476.25,0.0,0,PAID,PAID,MAINTENANCE,SOUTH
INV-04508,CUS-0295,2024-02-17,2024-04-02,2024-03-28,18586.27,18586.27,0.0,0,PAID,PAID,MAINTENANCE,EAST
INV-04509,CUS-0500,2023-07-17,2023-08-16,2023-09-10,12759.19,12759.19,0.0,0,PAID,PAID,SERVICES,EAST
INV-04510,CUS-0363,2023-10-05,2023-11-19,2023-12-13,10326.44,10326.44,0.0,0,PAID,PAID,HARDWARE,SOUTH
INV-04511,CUS-0289,2023-11-29,2023-12-29,2024-01-04,1678.59,1678.59,0.0,0,PAID,PAID,HARDWARE,NORTH
INV-04512,CUS-0094,2022-12-09,2023-02-07,2023-02-06,4538.77,4538.77,0.0,0,PAID,PAID,SOFTWARE,NORTH
INV-04513,CUS-0121,2024-03-29,2024-05-13,2024-05-08,56478.18,56478.18,0.0,0,PAID,PAID,MAINTENANCE,SOUTH
INV-04514,CUS-0385,2024-01-22,2024-02-21,2024-02-19,6988.75,6988.75,0.0,0,PAID,PAID,HARDWARE,SOUTH
INV-04515,CUS-0245,2023-05-29,2023-07-28,2023-07-27,17169.88,17169.88,0.0,0,PAID,PAID,SERVICES,EAST
INV-04516,CUS-0175,2022-10-21,2022-12-20,2022-12-15,6798.09,6798.09,0.0,0,PAID,PAID,SOFTWARE,NORTH
INV-04517,CUS-0076,2023-12-25,2024-02-23,,16195.38,0.0,16195.38,37,31-60,OVERDUE,HARDWARE,SOUTH
INV-04518,CUS-0411,2022-12-23,2023-02-06,,8562.53,0.0,8562.53,419,90+,OVERDUE,HARDWARE,EAST
INV-04519,CUS-0180,2024-02-05,2024-03-06,2024-03-05,11061.71,11061.71,0.0,0,PAID,PAID,HARDWARE,SOUTH
INV-04520,CUS-0483,2023-03-05,2023-04-04,2023-03-30,1452.08,1452.08,0.0,0,PAID,PAID,SOFTWARE,SOUTH
INV-04521,CUS-0105,2023-08-31,2023-10-15,2023-10-13,1181.65,1181.65,0.0,0,PAID,PAID,SOFTWARE,NORTH
INV-04522,CUS-0095,2022-10-29,2022-11-28,2022-11-27,1967.66,1967.66,0.0,0,PAID,PAID,SERVICES,NORTH
INV-04523,CUS-0050,2023-05-18,2023-07-02,,21432.0,0.0,21432.0,273,90+,OVERDUE,SOFTWARE,WEST
INV-04524,CUS-0234,2022-10-15,2022-11-14,2022-11-11,37652.68,37652.68,0.0,0,PAID,PAID,SERVICES,SOUTH
INV-04525,CUS-0232,2023-02-09,2023-03-11,2023-03-08,1648.09,1648.09,0.0,0,PAID,PAID,SOFTWARE,EAST
INV-04526,CUS-0181,2024-03-03,2024-04-17,2024-04-13,1633.49,1633.49,0.0,0,PAID,PAID,SERVICES,WEST
INV-04527,CUS-0020,2024-03-06,2024-05-05,2024-05-01,10324.51,10324.51,0.0,0,PAID,PAID,SERVICES,EAST
INV-04528,CUS-0426,2023-03-17,2023-05-01,2023-05-01,10453.37,10453.37,0.0,0,PAID,PAID,SERVICES,WEST
INV-04529,CUS-0357,2023-08-05,2023-09-04,2023-10-01,18564.25,18564.25,0.0,0,PAID,PAID,HARDWARE,SOUTH
INV-04530,CUS-0417,2023-07-26,2023-08-25,2023-08-22,7887.82,7887.82,0.0,0,PAID,PAID,SERVICES,EAST
INV-04531,CUS-0017,2024-01-17,2024-03-17,2024-04-08,2500.61,2500.61,0.0,0,PAID,PAID,SOFTWARE,WEST
INV-04532,CUS-0001,2023-08-11,2023-10-10,,3401.61,0.0,3401.61,173,90+,OVERDUE,MAINTENANCE,SOUTH
INV-04533,CUS-0359,2023-10-31,2023-11-30,2023-11-26,3498.35,3498.35,0.0,0,PAID,PAID,HARDWARE,WEST
INV-04534,CUS-0060,2024-02-27,2024-03-28,2024-03-25,5940.21,5940.21,0.0,0,PAID,PAID,SERVICES,WEST
INV-04535,CUS-0342,2023-02-10,2023-04-11,,1623.94,0.0,1623.94,355,90+,OVERDUE,SOFTWARE,NORTH
INV-04536,CUS-0182,2023-01-17,2023-03-18,2023-04-14,2548.62,2548.62,0.0,0,PAID,PAID,MAINTENANCE,EAST
INV-04537,CUS-0047,2023-02-11,2023-04-12,2023-05-07,42549.09,42549.09,0.0,0,PAID,PAID,SOFTWARE,WEST
INV-04538,CUS-0162,2023-11-23,2023-12-23,2023-12-29,2625.84,2625.84,0.0,0,PAID,PAID,MAINTENANCE,NORTH
INV-04539,CUS-0339,2022-05-10,2022-06-24,2022-06-20,9412.59,9412.59,0.0,0,PAID,PAID,MAINTENANCE,WEST
INV-04540,CUS-0234,2023-11-18,2023-12-18,2023-12-14,4060.6,4060.6,0.0,0,PAID,PAID,HARDWARE,WEST
INV-04541,CUS-0286,2022-09-27,2022-11-11,2022-11-08,4237.29,4237.29,0.0,0,PAID,PAID,SOFTWARE,NORTH
INV-04542,CUS-0282,2023-09-20,2023-11-19,,7788.03,0.0,7788.03,133,90+,OVERDUE,SERVICES,NORTH
INV-04543,CUS-0004,2023-10-04,2023-11-18,2023-11-15,11099.29,11099.29,0.0,0,PAID,PAID,HARDWARE,EAST
INV-04544,CUS-0062,2023-05-08,2023-06-22,2023-06-20,2555.56,2555.56,0.0,0,PAID,PAID,SOFTWARE,SOUTH
INV-04545,CUS-0225,2022-04-03,2022-05-18,2022-05-13,797.52,797.52,0.0,0,PAID,PAID,HARDWARE,SOUTH
INV-04546,CUS-0368,2023-03-06,2023-04-20,2023-04-19,1530.9,1530.9,0.0,0,PAID,PAID,HARDWARE,EAST
INV-04547,CUS-0292,2024-01-17,2024-03-02,2024-03-05,6661.22,6661.22,0.0,0,PAID,PAID,SERVICES,SOUTH
INV-04548,CUS-0496,2023-06-16,2023-07-16,2023-07-12,1593.51,1593.51,0.0,0,PAID,PAID,SOFTWARE,WEST
INV-04549,CUS-0087,2023-01-06,2023-02-05,2023-01-31,3829.01,3829.01,0.0,0,PAID,PAID,SOFTWARE,SOUTH
INV-04550,CUS-0275,2023-02-25,2023-04-11,2023-04-09,11130.66,11130.66,0.0,0,PAID,PAID,SOFTWARE,WEST
INV-04551,CUS-0359,2022-05-08,2022-06-07,2022-06-04,3204.35,3204.35,0.0,0,PAID,PAID,MAINTENANCE,WEST
INV-04552,CUS-0407,2023-03-14,2023-05-13,2023-05-13,330.66,330.66,0.0,0,PAID,PAID,HARDWARE,EAST
INV-04553,CUS-0147,2023-06-25,2023-08-24,2023-08-19,6845.29,6845.29,0.0,0,PAID,PAID,SERVICES,EAST
INV-04554,CUS-0042,2023-03-10,2023-05-09,2023-05-26,2620.49,2620.49,0.0,0,PAID,PAID,SOFTWARE,EAST
INV-04555,CUS-0134,2022-12-15,2023-02-13,2023-02-09,3979.02,3979.02,0.0,0,PAID,PAID,SERVICES,SOUTH
INV-04556,CUS-0239,2022-10-22,2022-12-06,2022-12-28,6579.58,6579.58,0.0,0,PAID,PAID,SOFTWARE,WEST
INV-04557,CUS-0190,2023-04-28,2023-06-12,2023-06-07,2890.68,2890.68,0.0,0,PAID,PAID,HARDWARE,EAST
INV-04558,CUS-0283,2023-11-13,2023-12-13,2023-12-08,6206.28,6206.28,0.0,0,PAID,PAID,HARDWARE,WEST
INV-04559,CUS-0444,2023-12-04,2024-02-02,2024-01-31,1083.39,1083.39,0.0,0,PAID,PAID,HARDWARE,WEST
INV-04560,CUS-0142,2023-07-31,2023-08-30,,54028.83,0.0,54028.83,214,90+,OVERDUE,HARDWARE,WEST
INV-04561,CUS-0484,2024-01-24,2024-02-23,2024-02-19,4086.74,4086.74,0.0,0,PAID,PAID,HARDWARE,NORTH
INV-04562,CUS-0308,2023-10-21,2023-12-05,2023-12-01,2946.69,2946.69,0.0,0,PAID,PAID,SOFTWARE,SOUTH
INV-04563,CUS-0070,2023-07-26,2023-08-25,2023-09-02,8397.89,8397.89,0.0,0,PAID,PAID,MAINTENANCE,NORTH
INV-04564,CUS-0320,2023-12-08,2024-02-06,2024-02-01,8250.46,8250.46,0.0,0,PAID,PAID,MAINTENANCE,WEST
INV-04565,CUS-0269,2022-05-07,2022-06-21,2022-06-21,366.78,366.78,0.0,0,PAID,PAID,SERVICES,SOUTH
INV-04566,CUS-0378,2024-02-23,2024-03-24,2024-03-21,15706.07,15706.07,0.0,0,PAID,PAID,SERVICES,EAST
INV-04567,CUS-0481,2022-04-14,2022-05-29,2022-05-28,11692.0,11692.0,0.0,0,PAID,PAID,HARDWARE,EAST
INV-04568,CUS-0058,2023-09-07,2023-11-06,2023-11-06,1475.63,1475.63,0.0,0,PAID,PAID,SOFTWARE,NORTH
INV-04569,CUS-0322,2023-05-29,2023-07-13,2023-07-26,14987.52,14987.52,0.0,0,PAID,PAID,SOFTWARE,WEST
INV-04570,CUS-0286,2023-03-12,2023-04-26,,1556.88,930.87,626.01,340,90+,PARTIAL,SERVICES,EAST
INV-04571,CUS-0375,2022-05-22,2022-07-06,,2263.16,0.0,2263.16,634,90+,OVERDUE,SOFTWARE,EAST
INV-04572,CUS-0386,2023-02-05,2023-04-06,2023-04-03,2030.8,2030.8,0.0,0,PAID,PAID,MAINTENANCE,NORTH
INV-04573,CUS-0017,2023-09-12,2023-11-11,,2266.6,723.07,1543.53,141,90+,PARTIAL,HARDWARE,SOUTH
INV-04574,CUS-0461,2022-05-23,2022-07-22,2022-07-17,1808.24,1808.24,0.0,0,PAID,PAID,MAINTENANCE,EAST
INV-04575,CUS-0285,2023-04-05,2023-05-20,2023-05-16,398.37,398.37,0.0,0,PAID,PAID,SOFTWARE,SOUTH
INV-04576,CUS-0099,2023-02-23,2023-04-09,2023-04-13,73785.47,73785.47,0.0,0,PAID,PAID,HARDWARE,NORTH
INV-04577,CUS-0124,2023-07-26,2023-09-09,2023-09-04,600.56,600.56,0.0,0,PAID,PAID,SOFTWARE,WEST
INV-04578,CUS-0103,2022-11-14,2022-12-29,2022-12-27,3176.23,3176.23,0.0,0,PAID,PAID,HARDWARE,SOUTH
INV-04579,CUS-0400,2022-12-12,2023-01-26,2023-01-26,5169.55,5169.55,0.0,0,PAID,PAID,HARDWARE,EAST
INV-04580,CUS-0270,2022-05-14,2022-07-13,2022-07-13,1463.9,1463.9,0.0,0,PAID,PAID,SOFTWARE,SOUTH
INV-04581,CUS-0423,2022-10-04,2022-11-18,2022-11-17,2821.51,2821.51,0.0,0,PAID,PAID,HARDWARE,SOUTH
INV-04582,CUS-0093,2024-03-18,2024-05-02,,221.6,126.06,95.54,0,CURRENT,PARTIAL,HARDWARE,WEST
INV-04583,CUS-0086,2023-10-27,2023-12-26,2023-12-26,2749.64,2749.64,0.0,0,PAID,PAID,SOFTWARE,NORTH
INV-04584,CUS-0381,2022-11-16,2022-12-16,,910.11,0.0,910.11,471,90+,OVERDUE,MAINTENANCE,NORTH
INV-04585,CUS-0215,2024-01-21,2024-02-20,2024-02-16,2439.57,2439.57,0.0,0,PAID,PAID,SERVICES,WEST
INV-04586,CUS-0175,2023-03-28,2023-05-27,2023-05-27,93564.96,93564.96,0.0,0,PAID,PAID,HARDWARE,NORTH
INV-04587,CUS-0500,2022-07-20,2022-08-19,2022-08-17,2031.31,2031.31,0.0,0,PAID,PAID,HARDWARE,NORTH
INV-04588,CUS-0039,2022-04-26,2022-06-10,2022-06-25,1812.12,1812.12,0.0,0,PAID,PAID,HARDWARE,WEST
INV-04589,CUS-0481,2022-11-06,2022-12-21,2022-12-19,68611.38,68611.38,0.0,0,PAID,PAID,HARDWARE,EAST
INV-04590,CUS-0411,2023-04-21,2023-06-05,2023-06-02,1354.93,1354.93,0.0,0,PAID,PAID,HARDWARE,EAST
INV-04591,CUS-0474,2022-04-02,2022-06-01,2022-05-28,55485.46,55485.46,0.0,0,PAID,PAID,HARDWARE,EAST
INV-04592,CUS-0094,2022-10-06,2022-12-05,2022-12-03,8308.47,8308.47,0.0,0,PAID,PAID,MAINTENANCE,WEST
INV-04593,CUS-0178,2024-03-04,2024-04-18,2024-04-30,27345.94,27345.94,0.0,0,PAID,PAID,SERVICES,WEST
INV-04594,CUS-0242,2024-03-28,2024-04-27,2024-04-24,1752.19,1752.19,0.0,0,PAID,PAID,MAINTENANCE,WEST
INV-04595,CUS-0333,2022-04-19,2022-06-18,2022-06-15,3177.11,3177.11,0.0,0,PAID,PAID,HARDWARE,WEST
INV-04596,CUS-0047,2023-06-22,2023-08-21,,19664.84,7791.35,11873.49,223,90+,PARTIAL,SERVICES,WEST
INV-04597,CUS-0470,2024-01-22,2024-03-22,2024-03-17,2568.72,2568.72,0.0,0,PAID,PAID,MAINTENANCE,WEST
INV-04598,CUS-0370,2023-10-08,2023-11-22,2023-11-22,64916.36,64916.36,0.0,0,PAID,PAID,SERVICES,EAST
INV-04599,CUS-0277,2023-12-18,2024-02-16,2024-02-16,4163.96,4163.96,0.0,0,PAID,PAID,SOFTWARE,WEST
INV-04600,CUS-0296,2022-08-09,2022-09-08,2022-09-08,655.55,655.55,0.0,0,PAID,PAID,SOFTWARE,SOUTH
INV-04601,CUS-0225,2022-09-08,2022-10-23,2022-10-18,3509.06,3509.06,0.0,0,PAID,PAID,SERVICES,WEST
INV-04602,CUS-0242,2023-03-01,2023-03-31,2023-03-28,5108.8,5108.8,0.0,0,PAID,PAID,MAINTENANCE,SOUTH
INV-04603,CUS-0176,2022-11-05,2022-12-20,2022-12-15,12048.18,12048.18,0.0,0,PAID,PAID,SOFTWARE,NORTH
INV-04604,CUS-0111,2022-10-07,2022-11-21,,5591.66,0.0,5591.66,496,90+,OVERDUE,HARDWARE,NORTH
INV-04605,CUS-0104,2024-01-19,2024-03-19,2024-03-16,1932.17,1932.17,0.0,0,PAID,PAID,HARDWARE,EAST
INV-04606,CUS-0228,2023-01-20,2023-03-21,2023-03-21,3575.8,3575.8,0.0,0,PAID,PAID,SERVICES,SOUTH
INV-04607,CUS-0232,2022-11-16,2022-12-16,2022-12-16,967.18,967.18,0.0,0,PAID,PAID,MAINTENANCE,WEST
INV-04608,CUS-0078,2023-03-05,2023-04-19,2023-05-03,1702.77,1702.77,0.0,0,PAID,PAID,SERVICES,WEST
INV-04609,CUS-0141,2023-11-29,2024-01-28,2024-01-25,7540.61,7540.61,0.0,0,PAID,PAID,SERVICES,WEST
INV-04610,CUS-0319,2023-12-15,2024-02-13,2024-02-10,6339.42,6339.42,0.0,0,PAID,PAID,HARDWARE,SOUTH
INV-04611,CUS-0232,2023-01-07,2023-02-06,2023-02-05,1064.43,1064.43,0.0,0,PAID,PAID,HARDWARE,NORTH
INV-04612,CUS-0122,2022-05-04,2022-06-18,2022-06-15,3339.89,3339.89,0.0,0,PAID,PAID,SOFTWARE,WEST
INV-04613,CUS-0488,2023-10-02,2023-12-01,2023-12-01,946.89,946.89,0.0,0,PAID,PAID,SERVICES,SOUTH
INV-04614,CUS-0229,2022-09-22,2022-10-22,2022-10-17,650.1,650.1,0.0,0,PAID,PAID,HARDWARE,SOUTH
INV-04615,CUS-0069,2023-10-22,2023-12-21,2024-01-03,2095.74,2095.74,0.0,0,PAID,PAID,SERVICES,SOUTH
INV-04616,CUS-0164,2023-12-15,2024-01-14,2024-01-12,4804.24,4804.24,0.0,0,PAID,PAID,HARDWARE,WEST
INV-04617,CUS-0163,2023-06-17,2023-08-16,2023-08-16,3538.13,3538.13,0.0,0,PAID,PAID,MAINTENANCE,SOUTH
INV-04618,CUS-0420,2022-08-02,2022-09-16,2022-09-14,7875.69,7875.69,0.0,0,PAID,PAID,MAINTENANCE,NORTH
INV-04619,CUS-0225,2022-06-22,2022-08-06,2022-08-02,592.09,592.09,0.0,0,PAID,PAID,HARDWARE,WEST
INV-04620,CUS-0057,2023-12-05,2024-01-04,2024-01-01,312.64,312.64,0.0,0,PAID,PAID,SERVICES,WEST
INV-04621,CUS-0297,2022-09-07,2022-10-22,,7471.93,3667.42,3804.51,526,90+,PARTIAL,SERVICES,WEST
INV-04622,CUS-0248,2022-07-06,2022-08-05,2022-08-05,4633.45,4633.45,0.0,0,PAID,PAID,SERVICES,SOUTH
INV-04623,CUS-0017,2022-05-29,2022-07-28,2022-07-28,2715.43,2715.43,0.0,0,PAID,PAID,HARDWARE,EAST
INV-04624,CUS-0480,2023-12-09,2024-01-08,2024-01-05,6694.97,6694.97,0.0,0,PAID,PAID,SERVICES,NORTH
INV-04625,CUS-0306,2022-10-25,2022-11-24,,2592.08,0.0,2592.08,493,90+,OVERDUE,HARDWARE,WEST
INV-04626,CUS-0395,2023-01-20,2023-03-06,2023-03-05,3940.77,3940.77,0.0,0,PAID,PAID,SERVICES,WEST
INV-04627,CUS-0396,2024-01-20,2024-03-05,2024-03-02,6398.16,6398.16,0.0,0,PAID,PAID,SOFTWARE,NORTH
INV-04628,CUS-0321,2022-05-15,2022-06-14,,2092.54,1448.93,643.61,656,90+,PARTIAL,SERVICES,EAST
INV-04629,CUS-0372,2024-03-01,2024-03-31,2024-03-30,9545.66,9545.66,0.0,0,PAID,PAID,MAINTENANCE,NORTH
INV-04630,CUS-0178,2023-08-25,2023-10-09,2023-10-29,57430.59,57430.59,0.0,0,PAID,PAID,MAINTENANCE,SOUTH
INV-04631,CUS-0459,2024-02-25,2024-03-26,2024-04-12,1744.84,1744.84,0.0,0,PAID,PAID,HARDWARE,NORTH
INV-04632,CUS-0148,2023-10-29,2023-12-28,2023-12-23,9625.89,9625.89,0.0,0,PAID,PAID,HARDWARE,WEST
INV-04633,CUS-0030,2022-06-18,2022-07-18,2022-07-22,3820.52,3820.52,0.0,0,PAID,PAID,SOFTWARE,NORTH
INV-04634,CUS-0234,2024-03-03,2024-04-02,2024-03-30,16520.69,16520.69,0.0,0,PAID,PAID,SERVICES,SOUTH
INV-04635,CUS-0495,2023-04-02,2023-06-01,2023-05-31,274.29,274.29,0.0,0,PAID,PAID,SOFTWARE,WEST
INV-04636,CUS-0070,2022-08-28,2022-09-27,,33801.72,13413.56,20388.16,551,90+,PARTIAL,MAINTENANCE,EAST
INV-04637,CUS-0462,2022-05-28,2022-07-27,2022-07-27,1237.05,1237.05,0.0,0,PAID,PAID,HARDWARE,EAST
INV-04638,CUS-0040,2023-02-02,2023-03-19,2023-03-14,13705.2,13705.2,0.0,0,PAID,PAID,SOFTWARE,EAST
INV-04639,CUS-0298,2022-07-18,2022-08-17,2022-08-15,436.79,436.79,0.0,0,PAID,PAID,SOFTWARE,EAST
INV-04640,CUS-0367,2024-01-07,2024-02-06,2024-03-04,15919.84,15919.84,0.0,0,PAID,PAID,SOFTWARE,NORTH
INV-04641,CUS-0206,2023-08-12,2023-09-26,2023-09-24,17828.8,17828.8,0.0,0,PAID,PAID,SOFTWARE,SOUTH
INV-04642,CUS-0029,2022-06-05,2022-07-20,2022-08-14,1988.32,1988.32,0.0,0,PAID,PAID,SERVICES,NORTH
INV-04643,CUS-0223,2022-05-14,2022-07-13,,87266.61,28614.37,58652.24,627,90+,PARTIAL,SOFTWARE,EAST
INV-04644,CUS-0153,2023-11-15,2024-01-14,2024-01-14,4189.95,4189.95,0.0,0,PAID,PAID,SERVICES,WEST
INV-04645,CUS-0117,2023-02-16,2023-03-18,,851.21,563.37,287.84,379,90+,PARTIAL,HARDWARE,SOUTH
INV-04646,CUS-0343,2022-04-26,2022-06-10,2022-06-07,3348.72,3348.72,0.0,0,PAID,PAID,HARDWARE,NORTH
INV-04647,CUS-0428,2023-06-03,2023-07-18,2023-07-14,8779.51,8779.51,0.0,0,PAID,PAID,SERVICES,EAST
INV-04648,CUS-0405,2023-09-17,2023-10-17,2023-10-16,293.27,293.27,0.0,0,PAID,PAID,SERVICES,EAST
INV-04649,CUS-0018,2022-09-24,2022-10-24,2022-10-21,3610.62,3610.62,0.0,0,PAID,PAID,SOFTWARE,NORTH
INV-04650,CUS-0356,2024-03-18,2024-05-02,2024-04-29,3195.72,3195.72,0.0,0,PAID,PAID,MAINTENANCE,EAST
INV-04651,CUS-0079,2024-02-14,2024-03-15,2024-03-29,503.88,503.88,0.0,0,PAID,PAID,SERVICES,EAST
INV-04652,CUS-0475,2022-06-06,2022-07-21,2022-07-19,5575.43,5575.43,0.0,0,PAID,PAID,HARDWARE,SOUTH
INV-04653,CUS-0443,2022-10-31,2022-12-15,2022-12-10,3641.53,3641.53,0.0,0,PAID,PAID,SOFTWARE,EAST
INV-04654,CUS-0282,2023-01-03,2023-03-04,2023-02-28,3301.13,3301.13,0.0,0,PAID,PAID,HARDWARE,NORTH
INV-04655,CUS-0266,2023-05-21,2023-06-20,2023-06-16,12907.37,12907.37,0.0,0,PAID,PAID,MAINTENANCE,SOUTH
INV-04656,CUS-0457,2022-12-01,2023-01-30,2023-01-27,627.22,627.22,0.0,0,PAID,PAID,SOFTWARE,NORTH
INV-04657,CUS-0434,2022-05-28,2022-06-27,2022-07-20,6366.07,6366.07,0.0,0,PAID,PAID,SERVICES,NORTH
INV-04658,CUS-0166,2024-01-23,2024-03-08,2024-03-03,3393.08,3393.08,0.0,0,PAID,PAID,SOFTWARE,SOUTH
INV-04659,CUS-0421,2024-02-21,2024-04-21,2024-04-17,34968.73,34968.73,0.0,0,PAID,PAID,SOFTWARE,NORTH
INV-04660,CUS-0352,2023-04-01,2023-05-31,2023-06-08,148.04,148.04,0.0,0,PAID,PAID,SOFTWARE,SOUTH
INV-04661,CUS-0208,2024-02-13,2024-04-13,2024-05-12,2005.11,2005.11,0.0,0,PAID,PAID,HARDWARE,NORTH
INV-04662,CUS-0074,2023-01-24,2023-02-23,2023-02-21,20208.47,20208.47,0.0,0,PAID,PAID,SERVICES,EAST
INV-04663,CUS-0321,2023-05-01,2023-05-31,2023-06-18,1072.54,1072.54,0.0,0,PAID,PAID,SERVICES,SOUTH
INV-04664,CUS-0362,2023-09-02,2023-10-02,2023-09-30,7476.74,7476.74,0.0,0,PAID,PAID,SOFTWARE,EAST
INV-04665,CUS-0290,2023-10-03,2023-12-02,2023-11-30,747.08,747.08,0.0,0,PAID,PAID,MAINTENANCE,WEST
INV-04666,CUS-0067,2023-05-11,2023-07-10,,7305.16,4932.39,2372.77,265,90+,PARTIAL,HARDWARE,WEST
INV-04667,CUS-0187,2024-01-16,2024-02-15,2024-02-13,5793.45,5793.45,0.0,0,PAID,PAID,MAINTENANCE,EAST
INV-04668,CUS-0176,2023-07-08,2023-08-22,2023-08-18,2396.99,2396.99,0.0,0,PAID,PAID,SERVICES,NORTH
INV-04669,CUS-0434,2022-11-19,2022-12-19,2022-12-18,4801.18,4801.18,0.0,0,PAID,PAID,HARDWARE,SOUTH
INV-04670,CUS-0121,2023-06-15,2023-07-30,2023-07-28,44502.96,44502.96,0.0,0,PAID,PAID,SOFTWARE,EAST
INV-04671,CUS-0012,2022-12-27,2023-02-10,,4256.18,0.0,4256.18,415,90+,OVERDUE,HARDWARE,SOUTH
INV-04672,CUS-0430,2023-09-02,2023-11-01,2023-11-01,2375.3,2375.3,0.0,0,PAID,PAID,HARDWARE,NORTH
INV-04673,CUS-0312,2023-12-16,2024-01-30,2024-01-28,4595.11,4595.11,0.0,0,PAID,PAID,SERVICES,SOUTH
INV-04674,CUS-0085,2022-08-04,2022-10-03,2022-10-02,3175.9,3175.9,0.0,0,PAID,PAID,SOFTWARE,WEST
INV-04675,CUS-0083,2023-07-29,2023-08-28,2023-09-11,2962.4,2962.4,0.0,0,PAID,PAID,MAINTENANCE,SOUTH
INV-04676,CUS-0051,2023-05-11,2023-06-25,2023-06-24,430.21,430.21,0.0,0,PAID,PAID,SOFTWARE,WEST
INV-04677,CUS-0492,2023-06-14,2023-07-29,2023-07-29,2104.71,2104.71,0.0,0,PAID,PAID,HARDWARE,SOUTH
INV-04678,CUS-0285,2022-10-07,2022-11-21,2022-11-20,1269.9,1269.9,0.0,0,PAID,PAID,SERVICES,SOUTH
INV-04679,CUS-0192,2022-06-17,2022-07-17,2022-08-14,74709.98,74709.98,0.0,0,PAID,PAID,SOFTWARE,EAST
INV-04680,CUS-0282,2023-08-26,2023-10-25,2023-10-20,14612.46,14612.46,0.0,0,PAID,PAID,SOFTWARE,SOUTH
INV-04681,CUS-0496,2024-02-17,2024-03-18,2024-03-17,6694.91,6694.91,0.0,0,PAID,PAID,SERVICES,SOUTH
INV-04682,CUS-0369,2024-02-21,2024-04-06,2024-04-03,6299.52,6299.52,0.0,0,PAID,PAID,SERVICES,NORTH
INV-04683,CUS-0098,2023-11-06,2023-12-06,2023-12-02,1414.56,1414.56,0.0,0,PAID,PAID,SERVICES,NORTH
INV-04684,CUS-0319,2022-09-19,2022-11-18,2022-11-16,1493.38,1493.38,0.0,0,PAID,PAID,SERVICES,SOUTH
INV-04685,CUS-0208,2023-08-25,2023-10-24,2023-10-20,948.68,948.68,0.0,0,PAID,PAID,SOFTWARE,WEST
INV-04686,CUS-0180,2022-06-19,2022-07-19,2022-07-17,11173.94,11173.94,0.0,0,PAID,PAID,HARDWARE,WEST
INV-04687,CUS-0176,2023-09-21,2023-11-05,2023-11-05,1704.43,1704.43,0.0,0,PAID,PAID,SERVICES,SOUTH
INV-04688,CUS-0056,2022-10-31,2022-11-30,2022-11-27,7764.89,7764.89,0.0,0,PAID,PAID,HARDWARE,SOUTH
INV-04689,CUS-0185,2023-03-19,2023-05-18,,630.53,341.76,288.77,318,90+,PARTIAL,MAINTENANCE,EAST
INV-04690,CUS-0051,2022-09-20,2022-11-04,2022-11-02,3027.91,3027.91,0.0,0,PAID,PAID,HARDWARE,WEST
INV-04691,CUS-0351,2024-03-07,2024-05-06,2024-05-04,5720.06,5720.06,0.0,0,PAID,PAID,MAINTENANCE,NORTH
INV-04692,CUS-0008,2022-08-07,2022-10-06,2022-10-02,5382.42,5382.42,0.0,0,PAID,PAID,SERVICES,EAST
INV-04693,CUS-0385,2022-12-21,2023-01-20,2023-01-17,7152.76,7152.76,0.0,0,PAID,PAID,SOFTWARE,EAST
INV-04694,CUS-0449,2022-10-22,2022-11-21,2022-11-17,3468.17,3468.17,0.0,0,PAID,PAID,MAINTENANCE,WEST
INV-04695,CUS-0135,2023-06-24,2023-07-24,2023-07-20,2611.7,2611.7,0.0,0,PAID,PAID,SERVICES,WEST
INV-04696,CUS-0456,2022-08-01,2022-09-30,2022-09-30,387.72,387.72,0.0,0,PAID,PAID,MAINTENANCE,NORTH
INV-04697,CUS-0350,2023-06-02,2023-08-01,,29757.45,9939.03,19818.42,243,90+,PARTIAL,SERVICES,WEST
INV-04698,CUS-0300,2022-04-21,2022-05-21,2022-05-24,2009.61,2009.61,0.0,0,PAID,PAID,HARDWARE,SOUTH
INV-04699,CUS-0359,2022-06-06,2022-07-06,2022-07-01,1488.12,1488.12,0.0,0,PAID,PAID,MAINTENANCE,NORTH
INV-04700,CUS-0398,2023-08-08,2023-09-07,2023-09-05,3216.52,3216.52,0.0,0,PAID,PAID,MAINTENANCE,WEST
INV-04701,CUS-0273,2023-04-18,2023-05-18,2023-05-16,1559.86,1559.86,0.0,0,PAID,PAID,HARDWARE,WEST
INV-04702,CUS-0149,2022-10-24,2022-12-08,2022-12-05,3268.12,3268.12,0.0,0,PAID,PAID,MAINTENANCE,EAST
INV-04703,CUS-0490,2022-09-09,2022-10-24,2022-10-19,4513.34,4513.34,0.0,0,PAID,PAID,SOFTWARE,SOUTH
INV-04704,CUS-0456,2023-08-01,2023-09-30,2023-09-28,10847.57,10847.57,0.0,0,PAID,PAID,MAINTENANCE,EAST
INV-04705,CUS-0248,2022-04-08,2022-05-08,2022-06-07,8401.62,8401.62,0.0,0,PAID,PAID,SERVICES,EAST
INV-04706,CUS-0147,2023-09-18,2023-11-17,2023-11-14,1898.83,1898.83,0.0,0,PAID,PAID,MAINTENANCE,SOUTH
INV-04707,CUS-0410,2024-02-05,2024-03-21,2024-03-21,42124.23,42124.23,0.0,0,PAID,PAID,SOFTWARE,EAST
INV-04708,CUS-0146,2023-01-09,2023-02-23,2023-02-20,1809.73,1809.73,0.0,0,PAID,PAID,HARDWARE,WEST
INV-04709,CUS-0465,2024-01-07,2024-03-07,,898.88,557.86,341.02,24,CURRENT,PARTIAL,HARDWARE,EAST
INV-04710,CUS-0060,2024-03-10,2024-04-09,,5237.71,3340.58,1897.13,0,CURRENT,PARTIAL,SERVICES,NORTH
INV-04711,CUS-0262,2023-06-23,2023-08-22,,249.39,0.0,249.39,222,90+,OVERDUE,SOFTWARE,EAST
INV-04712,CUS-0190,2022-06-27,2022-08-11,2022-08-27,3807.36,3807.36,0.0,0,PAID,PAID,MAINTENANCE,SOUTH
INV-04713,CUS-0107,2023-08-30,2023-10-14,2023-10-24,17851.62,17851.62,0.0,0,PAID,PAID,HARDWARE,WEST
INV-04714,CUS-0374,2023-10-24,2023-12-23,2023-12-21,41622.2,41622.2,0.0,0,PAID,PAID,SOFTWARE,WEST
INV-04715,CUS-0324,2023-09-13,2023-10-28,2023-11-04,34965.22,34965.22,0.0,0,PAID,PAID,SERVICES,EAST
INV-04716,CUS-0451,2023-05-03,2023-06-17,2023-06-17,10791.21,10791.21,0.0,0,PAID,PAID,HARDWARE,NORTH
INV-04717,CUS-0391,2023-07-13,2023-08-27,2023-08-23,1891.97,1891.97,0.0,0,PAID,PAID,MAINTENANCE,EAST
INV-04718,CUS-0341,2022-11-16,2022-12-16,,11668.78,6349.64,5319.14,471,90+,PARTIAL,SOFTWARE,NORTH
INV-04719,CUS-0299,2024-03-01,2024-04-30,,3014.24,1679.17,1335.07,0,CURRENT,PARTIAL,SERVICES,SOUTH
INV-04720,CUS-0322,2023-01-06,2023-02-20,,9625.16,6366.86,3258.3,405,90+,PARTIAL,MAINTENANCE,WEST
INV-04721,CUS-0349,2023-03-14,2023-04-13,2023-04-10,3147.29,3147.29,0.0,0,PAID,PAID,MAINTENANCE,NORTH
INV-04722,CUS-0322,2023-05-09,2023-06-23,2023-06-20,6850.1,6850.1,0.0,0,PAID,PAID,SOFTWARE,NORTH
INV-04723,CUS-0071,2023-01-20,2023-03-06,2023-03-13,15255.68,15255.68,0.0,0,PAID,PAID,SERVICES,EAST
INV-04724,CUS-0234,2022-09-15,2022-10-15,2022-10-11,46090.91,46090.91,0.0,0,PAID,PAID,SERVICES,WEST
INV-04725,CUS-0447,2022-07-27,2022-09-10,2022-09-05,4448.28,4448.28,0.0,0,PAID,PAID,SOFTWARE,SOUTH
INV-04726,CUS-0054,2023-06-09,2023-07-09,2023-07-04,695.61,695.61,0.0,0,PAID,PAID,SOFTWARE,SOUTH
INV-04727,CUS-0129,2022-11-07,2022-12-07,2022-12-02,15147.51,15147.51,0.0,0,PAID,PAID,MAINTENANCE,NORTH
INV-04728,CUS-0371,2022-04-06,2022-05-06,2022-05-30,20558.3,20558.3,0.0,0,PAID,PAID,HARDWARE,WEST
INV-04729,CUS-0105,2023-09-13,2023-10-28,2023-10-25,4033.01,4033.01,0.0,0,PAID,PAID,SERVICES,EAST
INV-04730,CUS-0255,2022-04-19,2022-06-03,2022-07-02,1112.83,1112.83,0.0,0,PAID,PAID,MAINTENANCE,SOUTH
INV-04731,CUS-0203,2023-07-21,2023-09-19,,665.72,303.07,362.65,194,90+,PARTIAL,MAINTENANCE,WEST
INV-04732,CUS-0391,2024-02-29,2024-04-14,2024-04-09,1664.09,1664.09,0.0,0,PAID,PAID,HARDWARE,WEST
INV-04733,CUS-0070,2022-12-14,2023-01-13,2023-01-10,10652.57,10652.57,0.0,0,PAID,PAID,SERVICES,EAST
INV-04734,CUS-0476,2023-08-29,2023-10-28,2023-10-26,38002.21,38002.21,0.0,0,PAID,PAID,SERVICES,SOUTH
INV-04735,CUS-0380,2023-04-28,2023-06-12,2023-06-09,317.53,317.53,0.0,0,PAID,PAID,MAINTENANCE,EAST
INV-04736,CUS-0122,2022-12-06,2023-01-20,,14523.04,8911.38,5611.66,436,90+,PARTIAL,MAINTENANCE,WEST
INV-04737,CUS-0397,2022-04-19,2022-06-18,2022-06-14,526.6,526.6,0.0,0,PAID,PAID,MAINTENANCE,EAST
INV-04738,CUS-0243,2023-07-16,2023-08-30,2023-09-04,6792.15,6792.15,0.0,0,PAID,PAID,HARDWARE,WEST
INV-04739,CUS-0413,2023-10-26,2023-12-10,2023-12-10,1210.41,1210.41,0.0,0,PAID,PAID,SERVICES,WEST
INV-04740,CUS-0387,2023-12-17,2024-01-16,2024-01-16,70174.65,70174.65,0.0,0,PAID,PAID,HARDWARE,EAST
INV-04741,CUS-0285,2023-03-23,2023-05-07,2023-05-02,3409.0,3409.0,0.0,0,PAID,PAID,SOFTWARE,NORTH
INV-04742,CUS-0334,2024-01-23,2024-03-08,2024-03-29,3970.89,3970.89,0.0,0,PAID,PAID,HARDWARE,EAST
INV-04743,CUS-0266,2023-09-11,2023-10-11,2023-10-09,14541.82,14541.82,0.0,0,PAID,PAID,MAINTENANCE,EAST
INV-04744,CUS-0298,2023-01-14,2023-02-13,2023-02-11,725.99,725.99,0.0,0,PAID,PAID,SERVICES,EAST
INV-04745,CUS-0477,2024-01-11,2024-02-25,2024-02-23,1365.36,1365.36,0.0,0,PAID,PAID,MAINTENANCE,EAST
INV-04746,CUS-0016,2023-08-20,2023-10-19,2023-10-18,2801.44,2801.44,0.0,0,PAID,PAID,SOFTWARE,SOUTH
INV-04747,CUS-0323,2023-01-28,2023-02-27,2023-02-27,815.4,815.4,0.0,0,PAID,PAID,HARDWARE,NORTH
INV-04748,CUS-0357,2023-11-25,2023-12-25,2023-12-21,3138.69,3138.69,0.0,0,PAID,PAID,HARDWARE,NORTH
INV-04749,CUS-0058,2022-12-30,2023-02-28,2023-03-27,495.13,495.13,0.0,0,PAID,PAID,SERVICES,EAST
INV-04750,CUS-0420,2022-10-02,2022-11-16,2022-11-12,3580.79,3580.79,0.0,0,PAID,PAID,MAINTENANCE,EAST
INV-04751,CUS-0250,2022-09-08,2022-10-08,2022-10-08,18384.36,18384.36,0.0,0,PAID,PAID,SERVICES,SOUTH
INV-04752,CUS-0366,2022-09-30,2022-10-30,2022-10-28,972.4,972.4,0.0,0,PAID,PAID,MAINTENANCE,WEST
INV-04753,CUS-0293,2022-08-10,2022-09-24,2022-09-22,1973.63,1973.63,0.0,0,PAID,PAID,MAINTENANCE,WEST
INV-04754,CUS-0343,2023-11-29,2024-01-13,2024-01-30,3876.99,3876.99,0.0,0,PAID,PAID,MAINTENANCE,WEST
INV-04755,CUS-0286,2023-06-10,2023-07-25,2023-07-22,1454.68,1454.68,0.0,0,PAID,PAID,MAINTENANCE,WEST
INV-04756,CUS-0076,2023-11-30,2024-01-29,2024-01-28,14742.38,14742.38,0.0,0,PAID,PAID,HARDWARE,EAST
INV-04757,CUS-0051,2022-09-23,2022-11-07,2022-11-05,150.1,150.1,0.0,0,PAID,PAID,SERVICES,NORTH
INV-04758,CUS-0118,2022-11-23,2023-01-07,2023-01-06,38449.1,38449.1,0.0,0,PAID,PAID,SOFTWARE,SOUTH
INV-04759,CUS-0052,2023-05-30,2023-07-29,2023-08-17,788.77,788.77,0.0,0,PAID,PAID,SOFTWARE,WEST
INV-04760,CUS-0327,2022-04-27,2022-05-27,2022-06-24,21531.29,21531.29,0.0,0,PAID,PAID,HARDWARE,EAST
INV-04761,CUS-0386,2023-01-23,2023-03-24,2023-03-19,896.0,896.0,0.0,0,PAID,PAID,SOFTWARE,WEST
INV-04762,CUS-0390,2024-03-11,2024-04-10,2024-04-13,1117.19,1117.19,0.0,0,PAID,PAID,SERVICES,NORTH
INV-04763,CUS-0175,2023-03-11,2023-05-10,2023-05-10,6913.87,6913.87,0.0,0,PAID,PAID,MAINTENANCE,WEST
INV-04764,CUS-0043,2022-11-12,2022-12-12,2022-12-10,11443.78,11443.78,0.0,0,PAID,PAID,MAINTENANCE,SOUTH
INV-04765,CUS-0195,2023-10-07,2023-11-21,2023-11-21,3333.21,3333.21,0.0,0,PAID,PAID,SERVICES,WEST
INV-04766,CUS-0284,2022-06-10,2022-07-25,2022-07-22,14354.97,14354.97,0.0,0,PAID,PAID,SERVICES,EAST
INV-04767,CUS-0113,2023-02-25,2023-04-11,2023-04-09,7737.36,7737.36,0.0,0,PAID,PAID,SERVICES,EAST
INV-04768,CUS-0188,2023-09-16,2023-10-31,2023-10-26,300.18,300.18,0.0,0,PAID,PAID,SOFTWARE,SOUTH
INV-04769,CUS-0338,2022-08-11,2022-10-10,2022-10-08,32459.34,32459.34,0.0,0,PAID,PAID,HARDWARE,WEST
INV-04770,CUS-0077,2023-02-28,2023-04-29,2023-04-26,5729.21,5729.21,0.0,0,PAID,PAID,MAINTENANCE,EAST
INV-04771,CUS-0185,2022-08-31,2022-10-30,2022-10-29,4063.08,4063.08,0.0,0,PAID,PAID,SERVICES,NORTH
INV-04772,CUS-0035,2022-11-26,2023-01-10,2023-01-08,6278.87,6278.87,0.0,0,PAID,PAID,SERVICES,SOUTH
INV-04773,CUS-0274,2022-05-21,2022-07-20,,50852.51,34996.59,15855.92,620,90+,PARTIAL,SERVICES,NORTH
INV-04774,CUS-0384,2023-12-18,2024-02-01,2024-01-28,18644.16,18644.16,0.0,0,PAID,PAID,SERVICES,SOUTH
INV-04775,CUS-0441,2024-01-06,2024-02-05,2024-02-01,3478.38,3478.38,0.0,0,PAID,PAID,SERVICES,EAST
INV-04776,CUS-0147,2023-10-26,2023-12-25,2023-12-21,4209.77,4209.77,0.0,0,PAID,PAID,SERVICES,NORTH
INV-04777,CUS-0336,2023-02-09,2023-03-26,,6656.45,0.0,6656.45,371,90+,OVERDUE,MAINTENANCE,EAST
INV-04778,CUS-0302,2023-09-23,2023-10-23,2023-10-19,2236.14,2236.14,0.0,0,PAID,PAID,HARDWARE,WEST
INV-04779,CUS-0397,2024-01-27,2024-03-27,2024-03-23,3806.62,3806.62,0.0,0,PAID,PAID,SOFTWARE,SOUTH
INV-04780,CUS-0137,2022-04-20,2022-06-19,2022-06-23,3172.64,3172.64,0.0,0,PAID,PAID,SOFTWARE,EAST
INV-04781,CUS-0469,2023-11-27,2024-01-11,2024-01-06,7804.31,7804.31,0.0,0,PAID,PAID,HARDWARE,NORTH
INV-04782,CUS-0075,2022-06-05,2022-08-04,,3600.48,1173.8,2426.68,605,90+,PARTIAL,SERVICES,WEST
INV-04783,CUS-0209,2023-06-16,2023-07-16,2023-07-15,8512.26,8512.26,0.0,0,PAID,PAID,SOFTWARE,EAST
INV-04784,CUS-0023,2023-11-06,2024-01-05,2024-01-01,1146.02,1146.02,0.0,0,PAID,PAID,SERVICES,WEST
INV-04785,CUS-0046,2022-04-01,2022-05-01,,1690.9,1080.14,610.76,700,90+,PARTIAL,HARDWARE,SOUTH
INV-04786,CUS-0039,2022-09-09,2022-10-24,2022-10-22,3435.65,3435.65,0.0,0,PAID,PAID,SOFTWARE,WEST
INV-04787,CUS-0256,2022-04-28,2022-06-27,2022-06-27,402.47,402.47,0.0,0,PAID,PAID,SERVICES,WEST
INV-04788,CUS-0463,2022-04-24,2022-06-23,2022-06-23,21179.85,21179.85,0.0,0,PAID,PAID,SERVICES,EAST
INV-04789,CUS-0048,2023-03-05,2023-05-04,2023-05-04,2210.18,2210.18,0.0,0,PAID,PAID,HARDWARE,EAST
INV-04790,CUS-0136,2023-04-29,2023-06-13,2023-06-13,5956.91,5956.91,0.0,0,PAID,PAID,SERVICES,EAST
INV-04791,CUS-0295,2022-09-14,2022-10-29,2022-10-25,4749.03,4749.03,0.0,0,PAID,PAID,HARDWARE,NORTH
INV-04792,CUS-0374,2022-12-30,2023-02-28,2023-02-23,33894.35,33894.35,0.0,0,PAID,PAID,MAINTENANCE,EAST
INV-04793,CUS-0214,2023-08-10,2023-09-09,2023-09-07,701.36,701.36,0.0,0,PAID,PAID,SERVICES,WEST
INV-04794,CUS-0131,2022-05-18,2022-06-17,2022-06-12,1302.69,1302.69,0.0,0,PAID,PAID,MAINTENANCE,SOUTH
INV-04795,CUS-0151,2024-01-11,2024-02-10,2024-02-08,4946.77,4946.77,0.0,0,PAID,PAID,HARDWARE,SOUTH
INV-04796,CUS-0048,2023-06-04,2023-08-03,2023-07-30,7051.66,7051.66,0.0,0,PAID,PAID,SERVICES,EAST
INV-04797,CUS-0130,2023-07-14,2023-09-12,2023-09-10,10830.64,10830.64,0.0,0,PAID,PAID,HARDWARE,NORTH
INV-04798,CUS-0369,2022-06-28,2022-08-12,2022-08-12,106974.01,106974.01,0.0,0,PAID,PAID,MAINTENANCE,WEST
INV-04799,CUS-0068,2023-08-15,2023-09-29,2023-09-24,768.48,768.48,0.0,0,PAID,PAID,SOFTWARE,SOUTH
INV-04800,CUS-0107,2024-03-17,2024-05-01,2024-04-26,5837.09,5837.09,0.0,0,PAID,PAID,HARDWARE,WEST
INV-04801,CUS-0487,2022-08-30,2022-09-29,2022-09-25,1681.53,1681.53,0.0,0,PAID,PAID,SOFTWARE,SOUTH
INV-04802,CUS-0456,2022-04-23,2022-06-22,2022-06-19,79898.38,79898.38,0.0,0,PAID,PAID,SERVICES,WEST
INV-04803,CUS-0353,2023-12-08,2024-01-07,2024-01-04,206585.86,206585.86,0.0,0,PAID,PAID,MAINTENANCE,SOUTH
INV-04804,CUS-0214,2022-06-10,2022-07-10,2022-07-05,1565.19,1565.19,0.0,0,PAID,PAID,SERVICES,WEST
INV-04805,CUS-0037,2022-12-31,2023-01-30,2023-01-31,93.32,93.32,0.0,0,PAID,PAID,SERVICES,SOUTH
INV-04806,CUS-0100,2023-05-26,2023-06-25,2023-06-20,4251.73,4251.73,0.0,0,PAID,PAID,SERVICES,WEST
INV-04807,CUS-0341,2023-06-25,2023-07-25,2023-07-21,5148.72,5148.72,0.0,0,PAID,PAID,MAINTENANCE,NORTH
INV-04808,CUS-0326,2023-11-13,2024-01-12,2024-01-12,2090.82,2090.82,0.0,0,PAID,PAID,HARDWARE,WEST
INV-04809,CUS-0066,2023-02-03,2023-03-20,2023-04-09,7659.06,7659.06,0.0,0,PAID,PAID,MAINTENANCE,SOUTH
INV-04810,CUS-0245,2023-03-19,2023-05-18,,9444.62,0.0,9444.62,318,90+,OVERDUE,MAINTENANCE,NORTH
INV-04811,CUS-0219,2023-02-01,2023-04-02,2023-03-31,6915.12,6915.12,0.0,0,PAID,PAID,HARDWARE,EAST
INV-04812,CUS-0224,2024-01-09,2024-02-08,2024-02-03,5108.79,5108.79,0.0,0,PAID,PAID,HARDWARE,EAST
INV-04813,CUS-0189,2022-12-19,2023-02-02,2023-02-07,51554.84,51554.84,0.0,0,PAID,PAID,MAINTENANCE,NORTH
INV-04814,CUS-0219,2023-03-24,2023-05-23,2023-05-19,17715.45,17715.45,0.0,0,PAID,PAID,HARDWARE,SOUTH
INV-04815,CUS-0113,2023-08-25,2023-10-09,2023-10-06,54221.8,54221.8,0.0,0,PAID,PAID,SERVICES,EAST
INV-04816,CUS-0226,2024-03-08,2024-04-07,2024-04-04,3447.73,3447.73,0.0,0,PAID,PAID,SERVICES,NORTH
INV-04817,CUS-0473,2022-10-29,2022-11-28,2022-11-28,14744.53,14744.53,0.0,0,PAID,PAID,SERVICES,WEST
INV-04818,CUS-0206,2023-06-23,2023-08-07,,26719.7,0.0,26719.7,237,90+,OVERDUE,SERVICES,SOUTH
INV-04819,CUS-0353,2023-12-01,2023-12-31,2023-12-28,4820.79,4820.79,0.0,0,PAID,PAID,SERVICES,EAST
INV-04820,CUS-0087,2023-02-09,2023-03-11,2023-03-10,8784.26,8784.26,0.0,0,PAID,PAID,MAINTENANCE,WEST
INV-04821,CUS-0299,2022-12-31,2023-03-01,2023-03-24,2367.35,2367.35,0.0,0,PAID,PAID,SOFTWARE,NORTH
INV-04822,CUS-0097,2022-05-08,2022-07-07,2022-07-07,4355.46,4355.46,0.0,0,PAID,PAID,MAINTENANCE,SOUTH
INV-04823,CUS-0048,2023-06-17,2023-08-16,2023-08-16,72066.14,72066.14,0.0,0,PAID,PAID,HARDWARE,NORTH
INV-04824,CUS-0206,2023-07-25,2023-09-08,2023-09-09,11558.05,11558.05,0.0,0,PAID,PAID,SERVICES,WEST
INV-04825,CUS-0377,2024-03-28,2024-04-27,,5752.45,2754.77,2997.68,0,CURRENT,PARTIAL,HARDWARE,NORTH
INV-04826,CUS-0002,2024-01-18,2024-03-03,2024-03-03,3569.19,3569.19,0.0,0,PAID,PAID,SOFTWARE,EAST
INV-04827,CUS-0028,2022-06-29,2022-08-13,2022-09-06,5704.94,5704.94,0.0,0,PAID,PAID,SERVICES,EAST
INV-04828,CUS-0038,2023-06-09,2023-07-09,2023-08-01,5414.28,5414.28,0.0,0,PAID,PAID,SERVICES,EAST
INV-04829,CUS-0499,2023-07-25,2023-09-23,2023-09-23,1891.43,1891.43,0.0,0,PAID,PAID,SERVICES,WEST
INV-04830,CUS-0384,2022-07-26,2022-09-09,,60109.54,23643.69,36465.85,569,90+,PARTIAL,MAINTENANCE,SOUTH
INV-04831,CUS-0343,2023-10-02,2023-11-16,2023-11-12,24857.56,24857.56,0.0,0,PAID,PAID,SERVICES,NORTH
INV-04832,CUS-0104,2024-01-23,2024-03-23,2024-03-18,2705.49,2705.49,0.0,0,PAID,PAID,HARDWARE,EAST
INV-04833,CUS-0137,2024-02-12,2024-04-12,2024-04-07,3576.2,3576.2,0.0,0,PAID,PAID,MAINTENANCE,WEST
INV-04834,CUS-0243,2023-06-11,2023-07-26,,15374.55,0.0,15374.55,249,90+,OVERDUE,SERVICES,WEST
INV-04835,CUS-0474,2023-05-04,2023-07-03,2023-06-29,2082.55,2082.55,0.0,0,PAID,PAID,MAINTENANCE,EAST
INV-04836,CUS-0070,2023-09-05,2023-10-05,2023-10-10,6360.34,6360.34,0.0,0,PAID,PAID,SOFTWARE,EAST
INV-04837,CUS-0044,2022-05-14,2022-06-13,,2154.28,783.17,1371.11,657,90+,PARTIAL,SOFTWARE,NORTH
INV-04838,CUS-0430,2022-06-11,2022-08-10,2022-08-10,2388.14,2388.14,0.0,0,PAID,PAID,SOFTWARE,SOUTH
INV-04839,CUS-0418,2022-07-05,2022-08-04,2022-08-04,3739.63,3739.63,0.0,0,PAID,PAID,MAINTENANCE,EAST
INV-04840,CUS-0091,2023-01-06,2023-02-05,2023-02-15,1236.99,1236.99,0.0,0,PAID,PAID,MAINTENANCE,WEST
INV-04841,CUS-0104,2023-07-17,2023-09-15,2023-09-11,14087.57,14087.57,0.0,0,PAID,PAID,HARDWARE,WEST
INV-04842,CUS-0028,2023-07-22,2023-09-05,2023-09-01,1875.07,1875.07,0.0,0,PAID,PAID,SOFTWARE,WEST
INV-04843,CUS-0278,2022-05-11,2022-06-25,,977.2,517.73,459.47,645,90+,PARTIAL,MAINTENANCE,EAST
INV-04844,CUS-0152,2023-04-18,2023-06-02,2023-06-01,1878.41,1878.41,0.0,0,PAID,PAID,SERVICES,SOUTH
INV-04845,CUS-0348,2022-04-11,2022-05-11,2022-05-22,1637.17,1637.17,0.0,0,PAID,PAID,SERVICES,EAST
INV-04846,CUS-0133,2023-04-24,2023-06-08,2023-07-01,20365.63,20365.63,0.0,0,PAID,PAID,MAINTENANCE,EAST
INV-04847,CUS-0449,2023-06-30,2023-07-30,,3376.16,1130.32,2245.84,245,90+,PARTIAL,HARDWARE,EAST
INV-04848,CUS-0231,2022-11-27,2022-12-27,,2598.79,1180.65,1418.14,460,90+,PARTIAL,SOFTWARE,WEST
INV-04849,CUS-0449,2023-11-20,2023-12-20,2023-12-20,3983.67,3983.67,0.0,0,PAID,PAID,HARDWARE,WEST
INV-04850,CUS-0481,2024-02-03,2024-03-19,2024-03-18,40197.27,40197.27,0.0,0,PAID,PAID,SERVICES,WEST
INV-04851,CUS-0252,2022-12-19,2023-01-18,,46874.48,15411.23,31463.25,438,90+,PARTIAL,SERVICES,WEST
INV-04852,CUS-0370,2022-05-10,2022-06-24,2022-06-24,15134.48,15134.48,0.0,0,PAID,PAID,MAINTENANCE,WEST
INV-04853,CUS-0461,2023-10-19,2023-12-18,2023-12-13,17254.52,17254.52,0.0,0,PAID,PAID,HARDWARE,NORTH
INV-04854,CUS-0150,2023-02-24,2023-04-10,2023-04-06,433.25,433.25,0.0,0,PAID,PAID,SOFTWARE,NORTH
INV-04855,CUS-0080,2022-04-23,2022-06-07,2022-06-06,1031.3,1031.3,0.0,0,PAID,PAID,HARDWARE,NORTH
INV-04856,CUS-0018,2023-02-02,2023-03-04,2023-03-25,5115.34,5115.34,0.0,0,PAID,PAID,SOFTWARE,SOUTH
INV-04857,CUS-0362,2022-10-20,2022-11-19,2022-11-15,5613.98,5613.98,0.0,0,PAID,PAID,SERVICES,SOUTH
INV-04858,CUS-0499,2022-08-17,2022-10-16,2022-10-12,3477.95,3477.95,0.0,0,PAID,PAID,SOFTWARE,WEST
INV-04859,CUS-0245,2023-07-04,2023-09-02,2023-09-04,7424.27,7424.27,0.0,0,PAID,PAID,SERVICES,WEST
INV-04860,CUS-0402,2022-08-16,2022-09-15,,5740.95,0.0,5740.95,563,90+,OVERDUE,HARDWARE,EAST
INV-04861,CUS-0102,2023-04-07,2023-06-06,2023-06-05,1725.38,1725.38,0.0,0,PAID,PAID,SOFTWARE,EAST
INV-04862,CUS-0343,2023-07-24,2023-09-07,2023-09-05,2751.69,2751.69,0.0,0,PAID,PAID,SOFTWARE,WEST
INV-04863,CUS-0050,2023-01-18,2023-03-04,2023-02-28,2555.74,2555.74,0.0,0,PAID,PAID,MAINTENANCE,WEST
INV-04864,CUS-0385,2022-04-08,2022-05-08,2022-05-06,40430.66,40430.66,0.0,0,PAID,PAID,SERVICES,EAST
INV-04865,CUS-0397,2022-11-14,2023-01-13,2023-01-13,5515.07,5515.07,0.0,0,PAID,PAID,SERVICES,SOUTH
INV-04866,CUS-0439,2022-05-10,2022-06-24,2022-06-26,631.63,631.63,0.0,0,PAID,PAID,MAINTENANCE,WEST
INV-04867,CUS-0330,2022-06-13,2022-08-12,,22666.15,0.0,22666.15,597,90+,OVERDUE,MAINTENANCE,SOUTH
INV-04868,CUS-0437,2023-01-04,2023-03-05,2023-03-05,82996.79,82996.79,0.0,0,PAID,PAID,SERVICES,SOUTH
INV-04869,CUS-0091,2022-04-19,2022-05-19,,3406.26,0.0,3406.26,682,90+,OVERDUE,SERVICES,NORTH
INV-04870,CUS-0055,2022-08-02,2022-09-16,2022-09-11,2463.62,2463.62,0.0,0,PAID,PAID,SOFTWARE,EAST
INV-04871,CUS-0155,2023-10-29,2023-12-28,2023-12-23,2710.58,2710.58,0.0,0,PAID,PAID,SOFTWARE,EAST
INV-04872,CUS-0474,2022-04-01,2022-05-31,2022-05-31,5743.21,5743.21,0.0,0,PAID,PAID,SERVICES,EAST
INV-04873,CUS-0315,2023-11-08,2024-01-07,2024-01-07,10605.55,10605.55,0.0,0,PAID,PAID,MAINTENANCE,WEST
INV-04874,CUS-0126,2023-11-24,2024-01-23,2024-02-10,404.11,404.11,0.0,0,PAID,PAID,SOFTWARE,NORTH
INV-04875,CUS-0061,2023-10-29,2023-12-28,2024-01-11,908.94,908.94,0.0,0,PAID,PAID,SERVICES,SOUTH
INV-04876,CUS-0421,2022-06-29,2022-08-28,2022-08-23,86374.26,86374.26,0.0,0,PAID,PAID,SERVICES,EAST
INV-04877,CUS-0314,2023-11-27,2024-01-26,2024-01-22,2085.55,2085.55,0.0,0,PAID,PAID,HARDWARE,WEST
INV-04878,CUS-0428,2023-06-09,2023-07-24,2023-07-20,15841.48,15841.48,0.0,0,PAID,PAID,HARDWARE,NORTH
INV-04879,CUS-0445,2023-05-31,2023-07-15,2023-07-13,2236.18,2236.18,0.0,0,PAID,PAID,HARDWARE,SOUTH
INV-04880,CUS-0178,2022-07-03,2022-08-17,2022-08-15,70623.32,70623.32,0.0,0,PAID,PAID,SOFTWARE,EAST
INV-04881,CUS-0333,2022-05-27,2022-07-26,2022-07-23,930.49,930.49,0.0,0,PAID,PAID,SERVICES,SOUTH
INV-04882,CUS-0294,2023-07-01,2023-08-30,2023-09-20,13845.81,13845.81,0.0,0,PAID,PAID,SERVICES,WEST
INV-04883,CUS-0160,2023-05-04,2023-06-18,2023-06-15,593.34,593.34,0.0,0,PAID,PAID,SERVICES,WEST
INV-04884,CUS-0105,2023-07-27,2023-09-10,2023-09-10,3694.72,3694.72,0.0,0,PAID,PAID,MAINTENANCE,NORTH
INV-04885,CUS-0373,2024-03-08,2024-04-22,2024-04-17,7578.12,7578.12,0.0,0,PAID,PAID,SERVICES,SOUTH
INV-04886,CUS-0494,2023-07-09,2023-09-07,2023-09-04,1911.28,1911.28,0.0,0,PAID,PAID,MAINTENANCE,WEST
INV-04887,CUS-0119,2022-06-06,2022-07-06,2022-07-03,327.11,327.11,0.0,0,PAID,PAID,SOFTWARE,SOUTH
INV-04888,CUS-0467,2022-10-11,2022-11-25,2022-11-23,6860.51,6860.51,0.0,0,PAID,PAID,HARDWARE,WEST
INV-04889,CUS-0225,2023-06-15,2023-07-30,2023-08-22,676.24,676.24,0.0,0,PAID,PAID,SOFTWARE,EAST
INV-04890,CUS-0439,2022-05-24,2022-07-08,2022-07-06,1081.13,1081.13,0.0,0,PAID,PAID,MAINTENANCE,WEST
INV-04891,CUS-0429,2022-06-24,2022-07-24,,27090.23,0.0,27090.23,616,90+,OVERDUE,HARDWARE,NORTH
INV-04892,CUS-0204,2022-12-14,2023-01-28,2023-01-26,2710.01,2710.01,0.0,0,PAID,PAID,SERVICES,WEST
INV-04893,CUS-0239,2023-06-16,2023-07-31,2023-08-25,20422.29,20422.29,0.0,0,PAID,PAID,SERVICES,EAST
INV-04894,CUS-0428,2022-04-26,2022-06-10,2022-06-05,852.1,852.1,0.0,0,PAID,PAID,SERVICES,WEST
INV-04895,CUS-0423,2022-07-30,2022-09-13,2022-09-11,1453.11,1453.11,0.0,0,PAID,PAID,MAINTENANCE,EAST
INV-04896,CUS-0169,2022-05-19,2022-06-18,2022-06-17,308.25,308.25,0.0,0,PAID,PAID,SERVICES,EAST
INV-04897,CUS-0086,2023-09-16,2023-11-15,2023-11-12,7572.71,7572.71,0.0,0,PAID,PAID,SERVICES,EAST
INV-04898,CUS-0215,2023-06-03,2023-07-03,2023-06-28,9408.21,9408.21,0.0,0,PAID,PAID,SERVICES,SOUTH
INV-04899,CUS-0179,2022-11-16,2023-01-15,,11288.08,5808.42,5479.66,441,90+,PARTIAL,SERVICES,EAST
INV-04900,CUS-0483,2023-12-10,2024-01-09,2024-01-04,4229.69,4229.69,0.0,0,PAID,PAID,SERVICES,WEST
INV-04901,CUS-0312,2022-07-11,2022-08-25,2022-08-23,7827.96,7827.96,0.0,0,PAID,PAID,HARDWARE,WEST
INV-04902,CUS-0278,2022-09-26,2022-11-10,2022-11-06,2520.86,2520.86,0.0,0,PAID,PAID,SERVICES,NORTH
INV-04903,CUS-0496,2022-06-18,2022-07-18,2022-07-17,2213.63,2213.63,0.0,0,PAID,PAID,SOFTWARE,EAST
INV-04904,CUS-0495,2023-06-13,2023-08-12,2023-08-12,1150.19,1150.19,0.0,0,PAID,PAID,MAINTENANCE,NORTH
INV-04905,CUS-0209,2023-09-06,2023-10-06,2023-10-02,3703.33,3703.33,0.0,0,PAID,PAID,MAINTENANCE,NORTH
INV-04906,CUS-0486,2023-07-29,2023-09-12,2023-09-28,4990.63,4990.63,0.0,0,PAID,PAID,MAINTENANCE,SOUTH
INV-04907,CUS-0238,2023-08-09,2023-09-23,2023-09-21,948.33,948.33,0.0,0,PAID,PAID,SERVICES,EAST
INV-04908,CUS-0345,2022-04-03,2022-06-02,2022-06-01,12107.05,12107.05,0.0,0,PAID,PAID,MAINTENANCE,EAST
INV-04909,CUS-0417,2023-10-16,2023-11-15,2023-11-12,25980.39,25980.39,0.0,0,PAID,PAID,HARDWARE,NORTH
INV-04910,CUS-0299,2023-04-09,2023-06-08,2023-06-04,3374.85,3374.85,0.0,0,PAID,PAID,MAINTENANCE,NORTH
INV-04911,CUS-0076,2022-04-30,2022-06-29,2022-06-27,9521.28,9521.28,0.0,0,PAID,PAID,HARDWARE,NORTH
INV-04912,CUS-0008,2024-02-11,2024-04-11,2024-04-11,19378.31,19378.31,0.0,0,PAID,PAID,MAINTENANCE,WEST
INV-04913,CUS-0195,2023-06-06,2023-07-21,2023-07-18,8043.03,8043.03,0.0,0,PAID,PAID,MAINTENANCE,SOUTH
INV-04914,CUS-0119,2023-03-17,2023-04-16,2023-04-16,4386.25,4386.25,0.0,0,PAID,PAID,MAINTENANCE,SOUTH
INV-04915,CUS-0198,2023-11-07,2024-01-06,2024-01-18,5631.17,5631.17,0.0,0,PAID,PAID,SOFTWARE,WEST
INV-04916,CUS-0322,2024-01-04,2024-02-18,2024-02-17,46567.06,46567.06,0.0,0,PAID,PAID,SERVICES,SOUTH
INV-04917,CUS-0121,2022-06-12,2022-07-27,2022-07-26,18501.85,18501.85,0.0,0,PAID,PAID,SERVICES,EAST
INV-04918,CUS-0498,2022-09-09,2022-11-08,2022-11-08,1427.83,1427.83,0.0,0,PAID,PAID,MAINTENANCE,SOUTH
INV-04919,CUS-0137,2023-09-05,2023-11-04,2023-11-03,3330.51,3330.51,0.0,0,PAID,PAID,SERVICES,NORTH
INV-04920,CUS-0358,2023-10-05,2023-11-19,2023-11-17,9600.94,9600.94,0.0,0,PAID,PAID,HARDWARE,SOUTH
INV-04921,CUS-0225,2022-05-05,2022-06-19,2022-06-18,122.66,122.66,0.0,0,PAID,PAID,HARDWARE,WEST
INV-04922,CUS-0426,2022-11-03,2022-12-18,2022-12-13,340.43,340.43,0.0,0,PAID,PAID,SERVICES,SOUTH
INV-04923,CUS-0337,2023-03-20,2023-05-19,2023-05-14,8775.94,8775.94,0.0,0,PAID,PAID,SOFTWARE,EAST
INV-04924,CUS-0079,2024-01-08,2024-02-07,2024-03-02,3856.27,3856.27,0.0,0,PAID,PAID,MAINTENANCE,WEST
INV-04925,CUS-0466,2023-09-11,2023-11-10,,1845.93,751.68,1094.25,142,90+,PARTIAL,HARDWARE,SOUTH
INV-04926,CUS-0277,2022-08-20,2022-10-19,2022-10-14,670.92,670.92,0.0,0,PAID,PAID,HARDWARE,NORTH
INV-04927,CUS-0127,2023-11-23,2024-01-07,,3319.1,1298.87,2020.23,84,61-90,PARTIAL,SERVICES,WEST
INV-04928,CUS-0206,2023-07-15,2023-08-29,,17786.04,9325.01,8461.03,215,90+,PARTIAL,SOFTWARE,WEST
INV-04929,CUS-0135,2024-03-01,2024-03-31,2024-03-27,165244.65,165244.65,0.0,0,PAID,PAID,SOFTWARE,EAST
INV-04930,CUS-0185,2022-12-10,2023-02-08,,1296.09,0.0,1296.09,417,90+,OVERDUE,MAINTENANCE,SOUTH
INV-04931,CUS-0163,2023-09-14,2023-11-13,2023-11-29,2447.32,2447.32,0.0,0,PAID,PAID,SERVICES,NORTH
INV-04932,CUS-0022,2023-09-02,2023-11-01,2023-11-29,15698.32,15698.32,0.0,0,PAID,PAID,MAINTENANCE,WEST
INV-04933,CUS-0197,2023-01-22,2023-02-21,2023-02-20,42829.17,42829.17,0.0,0,PAID,PAID,SOFTWARE,SOUTH
INV-04934,CUS-0444,2022-07-23,2022-09-21,2022-09-16,3615.2,3615.2,0.0,0,PAID,PAID,SOFTWARE,EAST
INV-04935,CUS-0499,2022-05-27,2022-07-26,2022-07-26,1536.03,1536.03,0.0,0,PAID,PAID,HARDWARE,WEST
INV-04936,CUS-0343,2023-04-16,2023-05-31,2023-05-27,2836.59,2836.59,0.0,0,PAID,PAID,SERVICES,WEST
INV-04937,CUS-0047,2023-07-19,2023-09-17,2023-09-15,20495.85,20495.85,0.0,0,PAID,PAID,SERVICES,WEST
INV-04938,CUS-0304,2022-10-12,2022-11-11,2022-11-10,1503.38,1503.38,0.0,0,PAID,PAID,SERVICES,EAST
INV-04939,CUS-0427,2022-09-05,2022-11-04,2022-11-04,3321.59,3321.59,0.0,0,PAID,PAID,HARDWARE,NORTH
INV-04940,CUS-0202,2023-04-10,2023-05-25,2023-05-22,14899.19,14899.19,0.0,0,PAID,PAID,MAINTENANCE,SOUTH
INV-04941,CUS-0446,2022-09-25,2022-11-24,2022-11-23,9864.89,9864.89,0.0,0,PAID,PAID,HARDWARE,SOUTH
INV-04942,CUS-0329,2024-01-23,2024-03-23,2024-03-30,8410.69,8410.69,0.0,0,PAID,PAID,MAINTENANCE,WEST
INV-04943,CUS-0336,2023-07-07,2023-08-21,2023-09-08,1065.71,1065.71,0.0,0,PAID,PAID,SERVICES,WEST
INV-04944,CUS-0268,2022-06-13,2022-07-13,2022-07-08,822.85,822.85,0.0,0,PAID,PAID,SOFTWARE,SOUTH
INV-04945,CUS-0451,2023-10-11,2023-11-25,,23906.73,0.0,23906.73,127,90+,OVERDUE,SERVICES,SOUTH
INV-04946,CUS-0402,2023-02-11,2023-03-13,2023-03-11,332.8,332.8,0.0,0,PAID,PAID,SERVICES,NORTH
INV-04947,CUS-0153,2023-10-22,2023-12-21,2023-12-18,7086.25,7086.25,0.0,0,PAID,PAID,SOFTWARE,SOUTH
INV-04948,CUS-0237,2022-11-21,2023-01-05,2023-01-05,373.89,373.89,0.0,0,PAID,PAID,MAINTENANCE,WEST
INV-04949,CUS-0230,2022-08-13,2022-09-27,2022-09-24,38182.73,38182.73,0.0,0,PAID,PAID,HARDWARE,NORTH
INV-04950,CUS-0011,2022-12-05,2023-02-03,2023-01-31,270.26,270.26,0.0,0,PAID,PAID,MAINTENANCE,NORTH
INV-04951,CUS-0474,2022-10-07,2022-12-06,2022-12-03,9435.49,9435.49,0.0,0,PAID,PAID,SOFTWARE,EAST
INV-04952,CUS-0352,2022-05-04,2022-07-03,2022-06-28,1170.2,1170.2,0.0,0,PAID,PAID,MAINTENANCE,NORTH
INV-04953,CUS-0094,2023-10-02,2023-12-01,2023-12-01,14334.92,14334.92,0.0,0,PAID,PAID,MAINTENANCE,SOUTH
INV-04954,CUS-0439,2023-02-24,2023-04-10,2023-04-06,1523.52,1523.52,0.0,0,PAID,PAID,MAINTENANCE,NORTH
INV-04955,CUS-0484,2023-11-29,2023-12-29,2023-12-26,1049.6,1049.6,0.0,0,PAID,PAID,SOFTWARE,NORTH
INV-04956,CUS-0418,2022-06-18,2022-07-18,2022-08-09,1614.9,1614.9,0.0,0,PAID,PAID,SOFTWARE,WEST
INV-04957,CUS-0287,2022-10-19,2022-12-18,2022-12-15,622.73,622.73,0.0,0,PAID,PAID,SERVICES,WEST
INV-04958,CUS-0309,2022-10-01,2022-11-30,2022-11-26,56515.51,56515.51,0.0,0,PAID,PAID,HARDWARE,WEST
INV-04959,CUS-0193,2023-06-03,2023-07-18,2023-08-16,972.67,972.67,0.0,0,PAID,PAID,SOFTWARE,NORTH
INV-04960,CUS-0391,2022-07-18,2022-09-01,2022-09-10,818.96,818.96,0.0,0,PAID,PAID,HARDWARE,WEST
INV-04961,CUS-0315,2023-08-13,2023-10-12,2023-10-11,1734.69,1734.69,0.0,0,PAID,PAID,SERVICES,NORTH
INV-04962,CUS-0371,2024-02-16,2024-03-17,2024-03-21,14226.75,14226.75,0.0,0,PAID,PAID,HARDWARE,EAST
INV-04963,CUS-0160,2022-08-08,2022-09-22,2022-09-18,2545.92,2545.92,0.0,0,PAID,PAID,SOFTWARE,WEST
INV-04964,CUS-0496,2023-07-28,2023-08-27,,648.32,0.0,648.32,217,90+,OVERDUE,MAINTENANCE,EAST
INV-04965,CUS-0241,2022-09-08,2022-11-07,2022-11-05,1564.83,1564.83,0.0,0,PAID,PAID,SOFTWARE,NORTH
INV-04966,CUS-0316,2023-09-17,2023-11-01,2023-11-14,1865.45,1865.45,0.0,0,PAID,PAID,SOFTWARE,EAST
INV-04967,CUS-0225,2023-04-02,2023-05-17,2023-05-17,412.31,412.31,0.0,0,PAID,PAID,SOFTWARE,SOUTH
INV-04968,CUS-0401,2022-07-05,2022-08-19,2022-08-14,4331.28,4331.28,0.0,0,PAID,PAID,HARDWARE,WEST
INV-04969,CUS-0201,2022-08-28,2022-10-12,2022-10-29,3676.93,3676.93,0.0,0,PAID,PAID,HARDWARE,SOUTH
INV-04970,CUS-0111,2023-11-28,2024-01-12,2024-01-10,18971.22,18971.22,0.0,0,PAID,PAID,SOFTWARE,EAST
INV-04971,CUS-0260,2023-05-16,2023-06-30,2023-07-20,29825.27,29825.27,0.0,0,PAID,PAID,HARDWARE,NORTH
INV-04972,CUS-0007,2024-02-02,2024-03-18,2024-03-17,564.28,564.28,0.0,0,PAID,PAID,SERVICES,NORTH
INV-04973,CUS-0339,2023-09-18,2023-11-02,2023-10-31,9729.66,9729.66,0.0,0,PAID,PAID,MAINTENANCE,SOUTH
INV-04974,CUS-0441,2022-12-05,2023-01-04,2023-01-03,2640.32,2640.32,0.0,0,PAID,PAID,HARDWARE,EAST
INV-04975,CUS-0229,2023-09-10,2023-10-10,2023-11-04,1563.15,1563.15,0.0,0,PAID,PAID,HARDWARE,SOUTH
INV-04976,CUS-0494,2022-06-05,2022-08-04,2022-07-31,4693.58,4693.58,0.0,0,PAID,PAID,SERVICES,EAST
INV-04977,CUS-0335,2022-08-09,2022-10-08,2022-10-08,11664.85,11664.85,0.0,0,PAID,PAID,SOFTWARE,EAST
INV-04978,CUS-0400,2022-05-23,2022-07-07,2022-07-04,15419.81,15419.81,0.0,0,PAID,PAID,HARDWARE,WEST
INV-04979,CUS-0409,2022-05-11,2022-06-10,2022-06-08,2483.3,2483.3,0.0,0,PAID,PAID,MAINTENANCE,WEST
INV-04980,CUS-0203,2022-10-08,2022-12-07,,1548.76,652.63,896.13,480,90+,PARTIAL,SOFTWARE,EAST
INV-04981,CUS-0024,2023-11-20,2024-01-04,2024-01-27,961.95,961.95,0.0,0,PAID,PAID,MAINTENANCE,NORTH
INV-04982,CUS-0127,2023-01-19,2023-03-05,2023-03-02,1201.19,1201.19,0.0,0,PAID,PAID,SERVICES,SOUTH
INV-04983,CUS-0376,2022-06-11,2022-07-26,2022-07-23,1057.68,1057.68,0.0,0,PAID,PAID,MAINTENANCE,EAST
INV-04984,CUS-0379,2022-10-10,2022-11-24,2022-11-21,1845.72,1845.72,0.0,0,PAID,PAID,MAINTENANCE,WEST
INV-04985,CUS-0204,2023-04-12,2023-05-27,,2552.09,1210.29,1341.8,309,90+,PARTIAL,HARDWARE,NORTH
INV-04986,CUS-0465,2023-12-30,2024-02-28,2024-02-27,966.66,966.66,0.0,0,PAID,PAID,SERVICES,EAST
INV-04987,CUS-0464,2022-07-06,2022-08-20,2022-09-11,7288.22,7288.22,0.0,0,PAID,PAID,SOFTWARE,NORTH
INV-04988,CUS-0164,2022-07-21,2022-08-20,2022-08-20,13660.22,13660.22,0.0,0,PAID,PAID,SOFTWARE,SOUTH
INV-04989,CUS-0235,2024-02-14,2024-03-30,2024-03-27,5696.22,5696.22,0.0,0,PAID,PAID,MAINTENANCE,EAST
INV-04990,CUS-0227,2023-11-12,2023-12-12,2023-12-21,1786.43,1786.43,0.0,0,PAID,PAID,SERVICES,NORTH
INV-04991,CUS-0079,2023-09-29,2023-10-29,2023-10-27,1047.08,1047.08,0.0,0,PAID,PAID,HARDWARE,EAST
INV-04992,CUS-0483,2023-04-18,2023-05-18,2023-05-17,1140.89,1140.89,0.0,0,PAID,PAID,HARDWARE,NORTH
INV-04993,CUS-0064,2022-08-11,2022-09-10,2022-09-08,3682.92,3682.92,0.0,0,PAID,PAID,SERVICES,SOUTH
INV-04994,CUS-0444,2022-10-13,2022-12-12,2022-12-08,410.81,410.81,0.0,0,PAID,PAID,SERVICES,EAST
INV-04995,CUS-0486,2022-07-23,2022-09-06,2022-09-06,7966.6,7966.6,0.0,0,PAID,PAID,HARDWARE,NORTH
INV-04996,CUS-0159,2022-06-17,2022-07-17,2022-07-13,1116.49,1116.49,0.0,0,PAID,PAID,MAINTENANCE,WEST
INV-04997,CUS-0067,2022-12-09,2023-02-07,,10719.79,0.0,10719.79,418,90+,OVERDUE,SERVICES,EAST
INV-04998,CUS-0375,2022-07-12,2022-08-26,,973.56,428.79,544.77,583,90+,PARTIAL,SERVICES,WEST
INV-04999,CUS-0122,2023-01-08,2023-02-22,2023-02-18,387.72,387.72,0.0,0,PAID,PAID,MAINTENANCE,SOUTH
INV-05000,CUS-0166,2024-03-17,2024-05-01,2024-04-27,3891.94,3891.94,0.0,0,PAID,PAID,SOFTWARE,EAST
INV-05001,CUS-0217,2023-09-24,2023-11-23,2023-11-18,986.41,986.41,0.0,0,PAID,PAID,HARDWARE,SOUTH
INV-05002,CUS-0012,2022-05-02,2022-06-16,2022-06-14,13321.12,13321.12,0.0,0,PAID,PAID,MAINTENANCE,EAST
INV-05003,CUS-0055,2023-12-03,2024-01-17,2024-01-14,1692.31,1692.31,0.0,0,PAID,PAID,MAINTENANCE,SOUTH
INV-05004,CUS-0012,2022-12-01,2023-01-15,2023-01-11,5877.78,5877.78,0.0,0,PAID,PAID,SOFTWARE,WEST
INV-05005,CUS-0467,2023-11-24,2024-01-08,2024-01-05,722.69,722.69,0.0,0,PAID,PAID,MAINTENANCE,WEST
INV-05006,CUS-0013,2024-01-24,2024-02-23,2024-03-09,4342.84,4342.84,0.0,0,PAID,PAID,HARDWARE,SOUTH
INV-05007,CUS-0404,2022-08-28,2022-10-27,2022-10-26,12278.75,12278.75,0.0,0,PAID,PAID,MAINTENANCE,WEST
INV-05008,CUS-0287,2024-01-19,2024-03-19,2024-04-14,2985.05,2985.05,0.0,0,PAID,PAID,MAINTENANCE,NORTH
INV-05009,CUS-0260,2023-03-26,2023-05-10,2023-05-07,27024.52,27024.52,0.0,0,PAID,PAID,SOFTWARE,EAST
INV-05010,CUS-0446,2023-10-25,2023-12-24,2023-12-20,10091.93,10091.93,0.0,0,PAID,PAID,MAINTENANCE,SOUTH
INV-05011,CUS-0105,2022-05-02,2022-06-16,2022-06-16,244.58,244.58,0.0,0,PAID,PAID,MAINTENANCE,SOUTH
INV-05012,CUS-0171,2023-02-14,2023-03-31,2023-03-30,3040.98,3040.98,0.0,0,PAID,PAID,SOFTWARE,SOUTH
INV-05013,CUS-0032,2022-08-23,2022-10-22,2022-10-21,1126.93,1126.93,0.0,0,PAID,PAID,SOFTWARE,EAST
INV-05014,CUS-0259,2022-09-14,2022-10-29,2022-10-26,308.57,308.57,0.0,0,PAID,PAID,HARDWARE,WEST
INV-05015,CUS-0444,2022-12-02,2023-01-31,2023-02-22,1765.53,1765.53,0.0,0,PAID,PAID,HARDWARE,WEST
INV-05016,CUS-0420,2022-08-03,2022-09-17,2022-09-16,1345.04,1345.04,0.0,0,PAID,PAID,SERVICES,WEST
INV-05017,CUS-0068,2023-07-28,2023-09-11,2023-09-10,2230.74,2230.74,0.0,0,PAID,PAID,SERVICES,NORTH
INV-05018,CUS-0468,2022-07-16,2022-08-15,2022-08-14,3734.22,3734.22,0.0,0,PAID,PAID,MAINTENANCE,NORTH
INV-05019,CUS-0176,2022-10-17,2022-12-01,2022-11-29,1913.21,1913.21,0.0,0,PAID,PAID,SERVICES,EAST
INV-05020,CUS-0477,2023-01-16,2023-03-02,2023-02-28,933.34,933.34,0.0,0,PAID,PAID,SOFTWARE,NORTH
INV-05021,CUS-0351,2024-03-08,2024-05-07,,2689.15,1486.29,1202.86,0,CURRENT,PARTIAL,HARDWARE,EAST
INV-05022,CUS-0014,2023-12-10,2024-02-08,2024-02-06,3322.85,3322.85,0.0,0,PAID,PAID,SERVICES,SOUTH
INV-05023,CUS-0378,2023-03-22,2023-04-21,2023-04-18,2447.92,2447.92,0.0,0,PAID,PAID,MAINTENANCE,EAST
INV-05024,CUS-0137,2022-04-18,2022-06-17,2022-06-17,2913.63,2913.63,0.0,0,PAID,PAID,MAINTENANCE,WEST
INV-05025,CUS-0100,2022-12-29,2023-01-28,2023-01-28,777.99,777.99,0.0,0,PAID,PAID,SOFTWARE,NORTH
INV-05026,CUS-0259,2022-05-09,2022-06-23,2022-06-22,855.02,855.02,0.0,0,PAID,PAID,SOFTWARE,NORTH
INV-05027,CUS-0050,2022-11-22,2023-01-06,2023-02-05,5340.02,5340.02,0.0,0,PAID,PAID,MAINTENANCE,NORTH
INV-05028,CUS-0205,2022-11-20,2023-01-04,2023-01-27,1746.19,1746.19,0.0,0,PAID,PAID,SERVICES,WEST
INV-05029,CUS-0393,2023-03-08,2023-04-22,2023-05-11,2399.78,2399.78,0.0,0,PAID,PAID,SOFTWARE,WEST
INV-05030,CUS-0081,2023-10-15,2023-11-14,2023-11-10,16486.52,16486.52,0.0,0,PAID,PAID,MAINTENANCE,SOUTH
INV-05031,CUS-0042,2024-02-21,2024-04-21,2024-04-20,8627.72,8627.72,0.0,0,PAID,PAID,SERVICES,EAST
INV-05032,CUS-0084,2024-01-05,2024-03-05,2024-03-05,1223.9,1223.9,0.0,0,PAID,PAID,MAINTENANCE,WEST
INV-05033,CUS-0474,2023-11-06,2024-01-05,2024-01-02,66251.99,66251.99,0.0,0,PAID,PAID,HARDWARE,SOUTH
INV-05034,CUS-0279,2023-12-09,2024-01-23,2024-01-19,1422.06,1422.06,0.0,0,PAID,PAID,HARDWARE,WEST
INV-05035,CUS-0315,2022-05-25,2022-07-24,2022-07-24,2127.12,2127.12,0.0,0,PAID,PAID,HARDWARE,SOUTH
INV-05036,CUS-0322,2022-06-29,2022-08-13,2022-08-08,7761.19,7761.19,0.0,0,PAID,PAID,HARDWARE,SOUTH
INV-05037,CUS-0404,2023-09-25,2023-11-24,2023-11-23,22884.66,22884.66,0.0,0,PAID,PAID,HARDWARE,NORTH
INV-05038,CUS-0218,2023-07-13,2023-09-11,2023-09-09,56944.96,56944.96,0.0,0,PAID,PAID,SERVICES,NORTH
INV-05039,CUS-0431,2024-01-04,2024-02-18,2024-02-15,1837.66,1837.66,0.0,0,PAID,PAID,SOFTWARE,NORTH
INV-05040,CUS-0378,2023-11-06,2023-12-06,,27680.19,11283.11,16397.08,116,90+,PARTIAL,MAINTENANCE,SOUTH
INV-05041,CUS-0193,2024-02-15,2024-03-31,,5088.04,0.0,5088.04,0,CURRENT,OVERDUE,SERVICES,NORTH
INV-05042,CUS-0395,2022-12-26,2023-02-09,,1227.53,542.82,684.71,416,90+,PARTIAL,MAINTENANCE,WEST
INV-05043,CUS-0041,2022-09-09,2022-10-09,2022-10-08,2172.82,2172.82,0.0,0,PAID,PAID,HARDWARE,SOUTH
INV-05044,CUS-0249,2022-04-07,2022-05-07,2022-05-03,1893.56,1893.56,0.0,0,PAID,PAID,SERVICES,EAST
INV-05045,CUS-0276,2023-11-05,2023-12-20,2023-12-16,28653.68,28653.68,0.0,0,PAID,PAID,SERVICES,WEST
INV-05046,CUS-0335,2022-11-03,2023-01-02,2023-01-25,12053.38,12053.38,0.0,0,PAID,PAID,SOFTWARE,WEST
INV-05047,CUS-0004,2023-06-03,2023-07-18,2023-07-18,15056.46,15056.46,0.0,0,PAID,PAID,SERVICES,EAST
INV-05048,CUS-0084,2023-05-25,2023-07-24,,4245.83,1534.49,2711.34,251,90+,PARTIAL,SOFTWARE,WEST
INV-05049,CUS-0350,2024-01-06,2024-03-06,2024-03-15,58480.59,58480.59,0.0,0,PAID,PAID,SERVICES,NORTH
INV-05050,CUS-0091,2023-07-02,2023-08-01,2023-07-30,1034.63,1034.63,0.0,0,PAID,PAID,HARDWARE,NORTH
INV-05051,CUS-0500,2022-11-11,2022-12-11,2023-01-08,18871.44,18871.44,0.0,0,PAID,PAID,MAINTENANCE,SOUTH
INV-05052,CUS-0225,2022-12-13,2023-01-27,2023-01-25,758.62,758.62,0.0,0,PAID,PAID,HARDWARE,SOUTH
INV-05053,CUS-0477,2023-02-07,2023-03-24,2023-03-20,1329.72,1329.72,0.0,0,PAID,PAID,SOFTWARE,EAST
INV-05054,CUS-0255,2023-12-09,2024-01-23,2024-01-18,2710.27,2710.27,0.0,0,PAID,PAID,SOFTWARE,WEST
INV-05055,CUS-0291,2023-01-29,2023-03-30,,8396.53,4451.33,3945.2,367,90+,PARTIAL,SOFTWARE,WEST
INV-05056,CUS-0085,2024-03-20,2024-05-19,2024-05-15,2012.77,2012.77,0.0,0,PAID,PAID,SOFTWARE,NORTH
INV-05057,CUS-0272,2023-03-02,2023-04-16,2023-04-11,3224.51,3224.51,0.0,0,PAID,PAID,SERVICES,EAST
INV-05058,CUS-0225,2022-07-23,2022-09-06,2022-09-05,1048.29,1048.29,0.0,0,PAID,PAID,MAINTENANCE,NORTH
INV-05059,CUS-0369,2022-12-11,2023-01-25,2023-01-26,118725.76,118725.76,0.0,0,PAID,PAID,MAINTENANCE,EAST
INV-05060,CUS-0007,2022-06-08,2022-07-23,2022-07-23,901.51,901.51,0.0,0,PAID,PAID,SERVICES,SOUTH
INV-05061,CUS-0490,2022-11-13,2022-12-28,2022-12-25,2497.31,2497.31,0.0,0,PAID,PAID,SOFTWARE,WEST
INV-05062,CUS-0307,2024-03-24,2024-05-23,2024-05-21,866.73,866.73,0.0,0,PAID,PAID,HARDWARE,SOUTH
INV-05063,CUS-0054,2023-04-04,2023-05-04,2023-04-29,768.75,768.75,0.0,0,PAID,PAID,MAINTENANCE,WEST
INV-05064,CUS-0091,2022-10-13,2022-11-12,,1764.19,984.96,779.23,505,90+,PARTIAL,MAINTENANCE,WEST
INV-05065,CUS-0063,2023-12-22,2024-02-05,2024-02-03,4839.35,4839.35,0.0,0,PAID,PAID,SERVICES,SOUTH
INV-05066,CUS-0266,2024-03-19,2024-04-18,2024-04-16,8568.92,8568.92,0.0,0,PAID,PAID,SERVICES,WEST
INV-05067,CUS-0382,2023-06-05,2023-08-04,2023-08-01,4498.83,4498.83,0.0,0,PAID,PAID,SERVICES,WEST
INV-05068,CUS-0154,2023-10-22,2023-12-21,2023-12-18,16544.44,16544.44,0.0,0,PAID,PAID,SERVICES,SOUTH
INV-05069,CUS-0113,2024-03-28,2024-05-12,2024-05-08,14777.91,14777.91,0.0,0,PAID,PAID,HARDWARE,SOUTH
INV-05070,CUS-0170,2022-05-31,2022-07-15,2022-08-05,28788.67,28788.67,0.0,0,PAID,PAID,HARDWARE,EAST
INV-05071,CUS-0374,2023-03-18,2023-05-17,2023-05-13,44509.04,44509.04,0.0,0,PAID,PAID,MAINTENANCE,NORTH
INV-05072,CUS-0242,2024-01-24,2024-02-23,2024-02-19,2247.08,2247.08,0.0,0,PAID,PAID,SERVICES,NORTH
INV-05073,CUS-0172,2024-01-19,2024-03-04,2024-03-02,31168.66,31168.66,0.0,0,PAID,PAID,MAINTENANCE,SOUTH
INV-05074,CUS-0271,2023-01-13,2023-02-12,2023-02-10,416.4,416.4,0.0,0,PAID,PAID,SOFTWARE,WEST
INV-05075,CUS-0100,2022-12-21,2023-01-20,2023-01-15,4825.6,4825.6,0.0,0,PAID,PAID,SOFTWARE,SOUTH
INV-05076,CUS-0179,2022-12-22,2023-02-20,2023-02-19,5903.04,5903.04,0.0,0,PAID,PAID,HARDWARE,SOUTH
INV-05077,CUS-0104,2023-11-04,2024-01-03,2024-01-02,1827.53,1827.53,0.0,0,PAID,PAID,HARDWARE,NORTH
INV-05078,CUS-0112,2023-01-18,2023-03-19,2023-04-09,1023.95,1023.95,0.0,0,PAID,PAID,HARDWARE,NORTH
INV-05079,CUS-0259,2023-05-06,2023-06-20,2023-06-19,897.24,897.24,0.0,0,PAID,PAID,HARDWARE,NORTH
INV-05080,CUS-0379,2023-03-21,2023-05-05,2023-05-04,1224.67,1224.67,0.0,0,PAID,PAID,MAINTENANCE,EAST
INV-05081,CUS-0045,2023-07-29,2023-09-27,2023-09-25,510.39,510.39,0.0,0,PAID,PAID,MAINTENANCE,NORTH
INV-05082,CUS-0117,2022-10-05,2022-11-04,2022-11-21,393.76,393.76,0.0,0,PAID,PAID,SERVICES,SOUTH
INV-05083,CUS-0404,2023-12-15,2024-02-13,2024-02-11,1761.25,1761.25,0.0,0,PAID,PAID,SERVICES,WEST
INV-05084,CUS-0283,2022-06-07,2022-07-07,2022-07-03,2581.52,2581.52,0.0,0,PAID,PAID,SOFTWARE,EAST
INV-05085,CUS-0330,2022-12-20,2023-02-18,2023-03-20,11988.36,11988.36,0.0,0,PAID,PAID,MAINTENANCE,WEST
INV-05086,CUS-0222,2024-02-15,2024-04-15,,6684.71,0.0,6684.71,0,CURRENT,OVERDUE,SOFTWARE,NORTH
INV-05087,CUS-0196,2023-08-10,2023-09-24,2023-09-30,5675.17,5675.17,0.0,0,PAID,PAID,MAINTENANCE,SOUTH
INV-05088,CUS-0419,2023-03-16,2023-05-15,2023-05-14,11156.18,11156.18,0.0,0,PAID,PAID,MAINTENANCE,EAST
INV-05089,CUS-0041,2024-02-13,2024-03-14,2024-03-13,11916.51,11916.51,0.0,0,PAID,PAID,SOFTWARE,NORTH
INV-05090,CUS-0360,2023-08-22,2023-10-06,2023-10-01,454.34,454.34,0.0,0,PAID,PAID,HARDWARE,WEST
INV-05091,CUS-0413,2022-08-10,2022-09-24,2022-09-21,679.6,679.6,0.0,0,PAID,PAID,HARDWARE,EAST
INV-05092,CUS-0330,2023-05-18,2023-07-17,2023-07-13,29422.22,29422.22,0.0,0,PAID,PAID,MAINTENANCE,SOUTH
INV-05093,CUS-0160,2023-03-19,2023-05-03,2023-04-28,2442.23,2442.23,0.0,0,PAID,PAID,HARDWARE,EAST
INV-05094,CUS-0354,2023-01-26,2023-02-25,2023-03-01,3665.71,3665.71,0.0,0,PAID,PAID,MAINTENANCE,WEST
INV-05095,CUS-0079,2022-08-07,2022-09-06,2022-09-30,831.2,831.2,0.0,0,PAID,PAID,HARDWARE,WEST
INV-05096,CUS-0286,2022-09-02,2022-10-17,,1365.91,0.0,1365.91,531,90+,OVERDUE,SERVICES,SOUTH
INV-05097,CUS-0485,2022-08-31,2022-10-30,2022-11-09,17972.04,17972.04,0.0,0,PAID,PAID,SOFTWARE,WEST
INV-05098,CUS-0258,2022-12-20,2023-01-19,2023-01-18,7240.49,7240.49,0.0,0,PAID,PAID,SOFTWARE,EAST
INV-05099,CUS-0056,2024-02-21,2024-03-22,2024-03-18,3990.39,3990.39,0.0,0,PAID,PAID,SOFTWARE,EAST
INV-05100,CUS-0435,2022-12-14,2023-02-12,2023-02-08,1937.62,1937.62,0.0,0,PAID,PAID,HARDWARE,SOUTH
INV-05101,CUS-0154,2022-07-07,2022-09-05,2022-09-02,922.81,922.81,0.0,0,PAID,PAID,SOFTWARE,EAST
INV-05102,CUS-0280,2022-05-09,2022-07-08,2022-07-03,4668.84,4668.84,0.0,0,PAID,PAID,SOFTWARE,NORTH
INV-05103,CUS-0273,2023-11-21,2023-12-21,,6800.59,0.0,6800.59,101,90+,OVERDUE,MAINTENANCE,EAST
INV-05104,CUS-0305,2022-07-14,2022-08-28,2022-08-27,28525.09,28525.09,0.0,0,PAID,PAID,SOFTWARE,EAST
INV-05105,CUS-0265,2023-06-08,2023-07-23,2023-07-24,8677.62,8677.62,0.0,0,PAID,PAID,SERVICES,SOUTH
INV-05106,CUS-0245,2023-07-07,2023-09-05,2023-09-04,3488.34,3488.34,0.0,0,PAID,PAID,SOFTWARE,EAST
INV-05107,CUS-0283,2022-04-06,2022-05-06,2022-05-06,20416.68,20416.68,0.0,0,PAID,PAID,MAINTENANCE,NORTH
INV-05108,CUS-0022,2023-06-25,2023-08-24,2023-08-23,52308.25,52308.25,0.0,0,PAID,PAID,SERVICES,NORTH
INV-05109,CUS-0151,2024-02-15,2024-03-16,2024-03-16,2346.16,2346.16,0.0,0,PAID,PAID,SERVICES,EAST
INV-05110,CUS-0256,2022-08-01,2022-09-30,2022-09-27,217.43,217.43,0.0,0,PAID,PAID,HARDWARE,EAST
INV-05111,CUS-0112,2024-01-12,2024-03-12,2024-03-11,3449.85,3449.85,0.0,0,PAID,PAID,SERVICES,EAST
INV-05112,CUS-0086,2022-06-19,2022-08-18,2022-08-18,358.76,358.76,0.0,0,PAID,PAID,SOFTWARE,EAST
INV-05113,CUS-0256,2022-08-12,2022-10-11,,1602.42,565.07,1037.35,537,90+,PARTIAL,SOFTWARE,NORTH
INV-05114,CUS-0302,2023-08-27,2023-09-26,2023-10-21,1988.48,1988.48,0.0,0,PAID,PAID,HARDWARE,NORTH
INV-05115,CUS-0301,2022-12-15,2023-01-29,,29144.44,17285.68,11858.76,427,90+,PARTIAL,SERVICES,NORTH
INV-05116,CUS-0338,2023-06-29,2023-08-28,2023-08-23,62832.97,62832.97,0.0,0,PAID,PAID,SOFTWARE,EAST
INV-05117,CUS-0417,2022-04-18,2022-05-18,2022-05-21,12673.71,12673.71,0.0,0,PAID,PAID,MAINTENANCE,NORTH
INV-05118,CUS-0113,2022-06-18,2022-08-02,2022-07-31,8434.97,8434.97,0.0,0,PAID,PAID,SERVICES,WEST
INV-05119,CUS-0175,2023-02-10,2023-04-11,2023-04-24,6606.03,6606.03,0.0,0,PAID,PAID,MAINTENANCE,SOUTH
INV-05120,CUS-0492,2023-03-20,2023-05-04,,2882.19,1593.05,1289.14,332,90+,PARTIAL,SOFTWARE,EAST
INV-05121,CUS-0217,2022-08-20,2022-10-19,2022-10-19,2134.82,2134.82,0.0,0,PAID,PAID,MAINTENANCE,NORTH
INV-05122,CUS-0326,2022-07-19,2022-09-17,2022-09-17,1551.09,1551.09,0.0,0,PAID,PAID,SERVICES,WEST
INV-05123,CUS-0423,2022-11-02,2022-12-17,2022-12-17,2070.28,2070.28,0.0,0,PAID,PAID,HARDWARE,WEST
INV-05124,CUS-0154,2023-10-12,2023-12-11,2023-12-22,14094.09,14094.09,0.0,0,PAID,PAID,HARDWARE,EAST
INV-05125,CUS-0170,2023-12-15,2024-01-29,2024-01-25,1302.86,1302.86,0.0,0,PAID,PAID,MAINTENANCE,EAST
INV-05126,CUS-0367,2022-06-04,2022-07-04,2022-07-01,6149.98,6149.98,0.0,0,PAID,PAID,HARDWARE,EAST
INV-05127,CUS-0463,2022-05-30,2022-07-29,2022-08-21,28528.33,28528.33,0.0,0,PAID,PAID,MAINTENANCE,NORTH
INV-05128,CUS-0299,2022-04-08,2022-06-07,,2230.63,1198.17,1032.46,663,90+,PARTIAL,HARDWARE,NORTH
INV-05129,CUS-0022,2022-10-25,2022-12-24,2022-12-22,4301.71,4301.71,0.0,0,PAID,PAID,MAINTENANCE,NORTH
INV-05130,CUS-0213,2022-06-29,2022-08-28,2022-08-24,276.73,276.73,0.0,0,PAID,PAID,SOFTWARE,WEST
INV-05131,CUS-0487,2023-06-16,2023-07-16,2023-07-15,5596.46,5596.46,0.0,0,PAID,PAID,HARDWARE,EAST
INV-05132,CUS-0269,2023-12-04,2024-01-18,2024-01-15,3827.97,3827.97,0.0,0,PAID,PAID,SOFTWARE,NORTH
INV-05133,CUS-0003,2022-05-29,2022-07-13,,5816.5,0.0,5816.5,627,90+,OVERDUE,MAINTENANCE,EAST
INV-05134,CUS-0313,2023-05-11,2023-07-10,2023-07-05,4567.11,4567.11,0.0,0,PAID,PAID,SERVICES,WEST
INV-05135,CUS-0484,2023-09-25,2023-10-25,,1072.58,0.0,1072.58,158,90+,OVERDUE,HARDWARE,WEST
INV-05136,CUS-0302,2023-12-25,2024-01-24,2024-01-21,3834.33,3834.33,0.0,0,PAID,PAID,SOFTWARE,WEST
INV-05137,CUS-0447,2024-03-08,2024-04-22,2024-04-22,2135.28,2135.28,0.0,0,PAID,PAID,HARDWARE,WEST
INV-05138,CUS-0085,2022-11-19,2023-01-18,2023-01-17,821.31,821.31,0.0,0,PAID,PAID,HARDWARE,NORTH
INV-05139,CUS-0169,2022-09-09,2022-10-09,2022-10-04,9391.51,9391.51,0.0,0,PAID,PAID,SOFTWARE,WEST
INV-05140,CUS-0011,2023-02-23,2023-04-24,2023-04-22,6765.45,6765.45,0.0,0,PAID,PAID,HARDWARE,WEST
INV-05141,CUS-0195,2024-03-24,2024-05-08,2024-05-03,1395.77,1395.77,0.0,0,PAID,PAID,HARDWARE,SOUTH
INV-05142,CUS-0367,2023-06-17,2023-07-17,2023-07-13,9797.39,9797.39,0.0,0,PAID,PAID,MAINTENANCE,EAST
INV-05143,CUS-0334,2022-11-11,2022-12-26,2023-01-07,4742.46,4742.46,0.0,0,PAID,PAID,SERVICES,SOUTH
INV-05144,CUS-0219,2023-01-31,2023-04-01,2023-04-04,592.22,592.22,0.0,0,PAID,PAID,SERVICES,WEST
INV-05145,CUS-0399,2023-09-11,2023-11-10,2023-11-12,4908.69,4908.69,0.0,0,PAID,PAID,MAINTENANCE,WEST
INV-05146,CUS-0293,2023-08-19,2023-10-03,2023-10-03,6463.65,6463.65,0.0,0,PAID,PAID,SERVICES,WEST
INV-05147,CUS-0139,2023-12-03,2024-01-17,2024-01-15,1573.82,1573.82,0.0,0,PAID,PAID,SERVICES,WEST
INV-05148,CUS-0234,2023-12-16,2024-01-15,2024-01-11,9615.72,9615.72,0.0,0,PAID,PAID,SERVICES,WEST
INV-05149,CUS-0124,2022-12-02,2023-01-16,,9875.52,0.0,9875.52,440,90+,OVERDUE,SOFTWARE,NORTH
INV-05150,CUS-0340,2022-05-10,2022-07-09,2022-07-04,1285.96,1285.96,0.0,0,PAID,PAID,MAINTENANCE,SOUTH
INV-05151,CUS-0317,2023-07-12,2023-08-11,2023-08-11,1750.82,1750.82,0.0,0,PAID,PAID,SOFTWARE,EAST
INV-05152,CUS-0288,2023-10-20,2023-12-19,2023-12-18,3826.35,3826.35,0.0,0,PAID,PAID,SOFTWARE,WEST
INV-05153,CUS-0057,2023-01-08,2023-02-07,2023-02-06,131.75,131.75,0.0,0,PAID,PAID,HARDWARE,SOUTH
INV-05154,CUS-0081,2024-03-07,2024-04-06,2024-04-29,903.95,903.95,0.0,0,PAID,PAID,MAINTENANCE,NORTH
INV-05155,CUS-0157,2022-10-17,2022-11-16,2022-11-16,9106.87,9106.87,0.0,0,PAID,PAID,SERVICES,EAST
INV-05156,CUS-0468,2023-01-08,2023-02-07,2023-02-07,1873.06,1873.06,0.0,0,PAID,PAID,HARDWARE,SOUTH
INV-05157,CUS-0108,2023-06-11,2023-07-26,2023-07-31,6973.6,6973.6,0.0,0,PAID,PAID,SERVICES,EAST
INV-05158,CUS-0176,2024-03-07,2024-04-21,2024-04-16,540.2,540.2,0.0,0,PAID,PAID,HARDWARE,EAST
INV-05159,CUS-0409,2024-01-21,2024-02-20,2024-02-22,23401.45,23401.45,0.0,0,PAID,PAID,HARDWARE,SOUTH
INV-05160,CUS-0294,2022-08-29,2022-10-28,2022-11-12,6925.28,6925.28,0.0,0,PAID,PAID,SOFTWARE,WEST
INV-05161,CUS-0476,2023-05-27,2023-07-26,2023-07-26,34889.27,34889.27,0.0,0,PAID,PAID,MAINTENANCE,SOUTH
INV-05162,CUS-0206,2023-12-28,2024-02-11,2024-02-09,26632.09,26632.09,0.0,0,PAID,PAID,SOFTWARE,SOUTH
INV-05163,CUS-0419,2023-05-15,2023-07-14,2023-07-10,2341.97,2341.97,0.0,0,PAID,PAID,HARDWARE,EAST
INV-05164,CUS-0007,2023-03-31,2023-05-15,2023-05-11,567.55,567.55,0.0,0,PAID,PAID,SERVICES,SOUTH
INV-05165,CUS-0067,2022-07-29,2022-09-27,2022-10-20,31472.79,31472.79,0.0,0,PAID,PAID,SERVICES,NORTH
INV-05166,CUS-0098,2023-04-27,2023-05-27,,707.1,0.0,707.1,309,90+,OVERDUE,MAINTENANCE,EAST
INV-05167,CUS-0049,2024-03-26,2024-05-10,,595.69,0.0,595.69,0,CURRENT,OVERDUE,MAINTENANCE,WEST
INV-05168,CUS-0476,2023-08-15,2023-10-14,2023-10-10,23277.72,23277.72,0.0,0,PAID,PAID,MAINTENANCE,SOUTH
INV-05169,CUS-0292,2022-09-24,2022-11-08,2022-11-04,9499.52,9499.52,0.0,0,PAID,PAID,MAINTENANCE,SOUTH
INV-05170,CUS-0393,2022-04-09,2022-05-24,2022-05-21,2766.3,2766.3,0.0,0,PAID,PAID,SERVICES,WEST
INV-05171,CUS-0185,2022-04-17,2022-06-16,2022-06-15,3850.6,3850.6,0.0,0,PAID,PAID,SOFTWARE,NORTH
INV-05172,CUS-0275,2023-08-15,2023-09-29,2023-09-27,32287.96,32287.96,0.0,0,PAID,PAID,HARDWARE,EAST
INV-05173,CUS-0240,2022-10-20,2022-12-19,2022-12-16,10296.56,10296.56,0.0,0,PAID,PAID,HARDWARE,SOUTH
INV-05174,CUS-0030,2023-05-17,2023-06-16,2023-06-14,29117.62,29117.62,0.0,0,PAID,PAID,HARDWARE,EAST
INV-05175,CUS-0256,2022-06-30,2022-08-29,,1753.5,0.0,1753.5,580,90+,OVERDUE,SOFTWARE,NORTH
INV-05176,CUS-0063,2022-04-15,2022-05-30,2022-05-27,53886.92,53886.92,0.0,0,PAID,PAID,MAINTENANCE,WEST
INV-05177,CUS-0009,2023-01-26,2023-02-25,2023-03-23,37396.91,37396.91,0.0,0,PAID,PAID,HARDWARE,SOUTH
INV-05178,CUS-0489,2022-04-07,2022-06-06,2022-06-22,646.95,646.95,0.0,0,PAID,PAID,SERVICES,EAST
INV-05179,CUS-0159,2022-11-20,2022-12-20,2022-12-20,5820.45,5820.45,0.0,0,PAID,PAID,MAINTENANCE,SOUTH
INV-05180,CUS-0106,2022-06-23,2022-08-22,2022-08-21,3347.68,3347.68,0.0,0,PAID,PAID,MAINTENANCE,WEST
INV-05181,CUS-0498,2023-09-19,2023-11-18,2023-11-16,1397.86,1397.86,0.0,0,PAID,PAID,SERVICES,EAST
INV-05182,CUS-0006,2022-05-19,2022-06-18,2022-06-17,810.68,810.68,0.0,0,PAID,PAID,SERVICES,SOUTH
INV-05183,CUS-0500,2024-03-14,2024-04-13,2024-05-10,3066.07,3066.07,0.0,0,PAID,PAID,MAINTENANCE,SOUTH
INV-05184,CUS-0456,2022-09-15,2022-11-14,2022-11-11,1959.03,1959.03,0.0,0,PAID,PAID,SOFTWARE,WEST
INV-05185,CUS-0393,2022-10-19,2022-12-03,2022-12-03,294.73,294.73,0.0,0,PAID,PAID,SOFTWARE,NORTH
INV-05186,CUS-0290,2022-07-06,2022-09-04,2022-09-06,40837.05,40837.05,0.0,0,PAID,PAID,SOFTWARE,WEST
INV-05187,CUS-0412,2022-04-08,2022-05-08,2022-06-03,4513.6,4513.6,0.0,0,PAID,PAID,HARDWARE,EAST
INV-05188,CUS-0293,2022-08-25,2022-10-09,2022-10-08,5582.52,5582.52,0.0,0,PAID,PAID,MAINTENANCE,NORTH
INV-05189,CUS-0340,2023-01-05,2023-03-06,2023-03-04,7048.38,7048.38,0.0,0,PAID,PAID,MAINTENANCE,NORTH
INV-05190,CUS-0430,2023-04-08,2023-06-07,2023-06-03,2706.56,2706.56,0.0,0,PAID,PAID,SOFTWARE,EAST
INV-05191,CUS-0387,2022-07-16,2022-08-15,,12928.63,0.0,12928.63,594,90+,OVERDUE,SOFTWARE,EAST
INV-05192,CUS-0304,2023-12-28,2024-01-27,2024-01-24,10389.56,10389.56,0.0,0,PAID,PAID,SOFTWARE,EAST
INV-05193,CUS-0138,2023-05-09,2023-06-23,,27305.32,10599.32,16706.0,282,90+,PARTIAL,HARDWARE,EAST
INV-05194,CUS-0467,2023-07-13,2023-08-27,2023-08-27,3016.6,3016.6,0.0,0,PAID,PAID,HARDWARE,NORTH
INV-05195,CUS-0449,2022-05-27,2022-06-26,2022-06-24,16339.97,16339.97,0.0,0,PAID,PAID,HARDWARE,SOUTH
INV-05196,CUS-0339,2023-12-19,2024-02-02,2024-02-02,17385.8,17385.8,0.0,0,PAID,PAID,MAINTENANCE,NORTH
INV-05197,CUS-0181,2023-10-13,2023-11-27,2023-11-27,1752.97,1752.97,0.0,0,PAID,PAID,SERVICES,WEST
INV-05198,CUS-0098,2023-08-21,2023-09-20,2023-09-18,3621.9,3621.9,0.0,0,PAID,PAID,HARDWARE,WEST
INV-05199,CUS-0135,2022-08-14,2022-09-13,2022-09-08,10673.17,10673.17,0.0,0,PAID,PAID,MAINTENANCE,SOUTH
INV-05200,CUS-0074,2022-06-20,2022-07-20,2022-07-20,9702.78,9702.78,0.0,0,PAID,PAID,SERVICES,EAST
INV-05201,CUS-0459,2022-08-22,2022-09-21,2022-09-18,12208.45,12208.45,0.0,0,PAID,PAID,SOFTWARE,SOUTH
INV-05202,CUS-0494,2023-11-20,2024-01-19,2024-02-04,8188.27,8188.27,0.0,0,PAID,PAID,SERVICES,NORTH
INV-05203,CUS-0426,2022-10-29,2022-12-13,2022-12-14,22858.51,22858.51,0.0,0,PAID,PAID,SOFTWARE,SOUTH
INV-05204,CUS-0116,2022-12-02,2023-01-01,2022-12-28,3809.56,3809.56,0.0,0,PAID,PAID,MAINTENANCE,NORTH
INV-05205,CUS-0083,2023-01-26,2023-02-25,2023-02-25,3471.3,3471.3,0.0,0,PAID,PAID,SOFTWARE,WEST
INV-05206,CUS-0321,2022-09-01,2022-10-01,2022-09-26,229.98,229.98,0.0,0,PAID,PAID,MAINTENANCE,EAST
INV-05207,CUS-0225,2022-05-23,2022-07-07,2022-07-04,226.06,226.06,0.0,0,PAID,PAID,HARDWARE,SOUTH
INV-05208,CUS-0148,2023-12-28,2024-02-26,2024-02-23,16308.53,16308.53,0.0,0,PAID,PAID,SERVICES,SOUTH
INV-05209,CUS-0481,2022-04-14,2022-05-29,2022-05-25,3623.6,3623.6,0.0,0,PAID,PAID,HARDWARE,EAST
INV-05210,CUS-0001,2023-02-19,2023-04-20,,10076.87,0.0,10076.87,346,90+,OVERDUE,MAINTENANCE,SOUTH
INV-05211,CUS-0288,2023-08-24,2023-10-23,2023-10-23,363.83,363.83,0.0,0,PAID,PAID,HARDWARE,NORTH
INV-05212,CUS-0236,2023-04-28,2023-06-27,2023-06-25,22214.98,22214.98,0.0,0,PAID,PAID,MAINTENANCE,NORTH
INV-05213,CUS-0483,2022-04-14,2022-05-14,2022-05-11,3649.83,3649.83,0.0,0,PAID,PAID,HARDWARE,WEST
INV-05214,CUS-0233,2023-08-12,2023-09-11,2023-09-09,5348.56,5348.56,0.0,0,PAID,PAID,MAINTENANCE,EAST
INV-05215,CUS-0093,2022-04-29,2022-06-13,2022-06-11,3070.48,3070.48,0.0,0,PAID,PAID,MAINTENANCE,EAST
INV-05216,CUS-0434,2022-10-21,2022-11-20,2022-11-17,2403.38,2403.38,0.0,0,PAID,PAID,HARDWARE,SOUTH
INV-05217,CUS-0301,2022-09-30,2022-11-14,,20796.99,6450.0,14346.99,503,90+,PARTIAL,HARDWARE,WEST
INV-05218,CUS-0493,2023-06-18,2023-07-18,2023-07-18,4124.73,4124.73,0.0,0,PAID,PAID,HARDWARE,WEST
INV-05219,CUS-0012,2022-12-26,2023-02-09,2023-03-06,5451.93,5451.93,0.0,0,PAID,PAID,SOFTWARE,WEST
INV-05220,CUS-0187,2022-12-17,2023-01-16,2023-01-14,4810.81,4810.81,0.0,0,PAID,PAID,SOFTWARE,SOUTH
INV-05221,CUS-0092,2022-11-16,2022-12-16,2022-12-16,2586.5,2586.5,0.0,0,PAID,PAID,HARDWARE,NORTH
INV-05222,CUS-0165,2022-11-20,2022-12-20,2022-12-15,1449.43,1449.43,0.0,0,PAID,PAID,MAINTENANCE,NORTH
INV-05223,CUS-0304,2023-01-31,2023-03-02,2023-03-02,3630.14,3630.14,0.0,0,PAID,PAID,SOFTWARE,NORTH
INV-05224,CUS-0206,2022-08-26,2022-10-10,2022-10-10,19098.01,19098.01,0.0,0,PAID,PAID,SERVICES,EAST
INV-05225,CUS-0270,2024-02-26,2024-04-26,2024-04-25,461.45,461.45,0.0,0,PAID,PAID,SOFTWARE,SOUTH
INV-05226,CUS-0180,2023-02-23,2023-03-25,2023-03-20,1275.78,1275.78,0.0,0,PAID,PAID,MAINTENANCE,EAST
INV-05227,CUS-0362,2023-04-30,2023-05-30,2023-06-07,2326.02,2326.02,0.0,0,PAID,PAID,HARDWARE,WEST
INV-05228,CUS-0049,2023-06-29,2023-08-13,,320.08,0.0,320.08,231,90+,OVERDUE,SOFTWARE,EAST
INV-05229,CUS-0308,2024-02-03,2024-03-19,2024-03-19,850.57,850.57,0.0,0,PAID,PAID,HARDWARE,EAST
INV-05230,CUS-0358,2022-04-23,2022-06-07,2022-06-04,9302.69,9302.69,0.0,0,PAID,PAID,SERVICES,SOUTH
INV-05231,CUS-0377,2022-04-25,2022-05-25,,5469.59,3735.17,1734.42,676,90+,PARTIAL,MAINTENANCE,WEST
INV-05232,CUS-0064,2023-05-01,2023-05-31,2023-05-28,2774.19,2774.19,0.0,0,PAID,PAID,SOFTWARE,EAST
INV-05233,CUS-0442,2022-07-26,2022-09-09,2022-09-14,14602.13,14602.13,0.0,0,PAID,PAID,SERVICES,WEST
INV-05234,CUS-0323,2023-01-26,2023-02-25,2023-03-04,1720.18,1720.18,0.0,0,PAID,PAID,SERVICES,WEST
INV-05235,CUS-0450,2024-03-06,2024-05-05,,33508.27,13317.54,20190.73,0,CURRENT,PARTIAL,SOFTWARE,WEST
INV-05236,CUS-0172,2022-07-29,2022-09-12,2022-09-09,28202.95,28202.95,0.0,0,PAID,PAID,MAINTENANCE,NORTH
INV-05237,CUS-0496,2024-02-04,2024-03-05,2024-04-04,2475.42,2475.42,0.0,0,PAID,PAID,SOFTWARE,EAST
INV-05238,CUS-0461,2023-12-31,2024-02-29,2024-02-26,9823.93,9823.93,0.0,0,PAID,PAID,MAINTENANCE,WEST
INV-05239,CUS-0092,2023-03-12,2023-04-11,2023-04-09,3744.79,3744.79,0.0,0,PAID,PAID,SERVICES,NORTH
INV-05240,CUS-0260,2023-06-26,2023-08-10,,18683.49,11768.78,6914.71,234,90+,PARTIAL,MAINTENANCE,SOUTH
INV-05241,CUS-0426,2022-05-02,2022-06-16,2022-06-11,12854.05,12854.05,0.0,0,PAID,PAID,HARDWARE,WEST
INV-05242,CUS-0031,2022-12-29,2023-02-27,2023-02-24,6928.31,6928.31,0.0,0,PAID,PAID,SOFTWARE,EAST
INV-05243,CUS-0290,2023-06-02,2023-08-01,2023-07-29,7727.23,7727.23,0.0,0,PAID,PAID,SOFTWARE,WEST
INV-05244,CUS-0115,2022-09-13,2022-11-12,2022-11-10,4148.93,4148.93,0.0,0,PAID,PAID,SERVICES,EAST
INV-05245,CUS-0031,2022-04-26,2022-06-25,2022-06-24,26110.85,26110.85,0.0,0,PAID,PAID,SOFTWARE,EAST
INV-05246,CUS-0474,2022-05-23,2022-07-22,2022-07-22,4782.08,4782.08,0.0,0,PAID,PAID,MAINTENANCE,WEST
INV-05247,CUS-0445,2022-04-14,2022-05-29,2022-05-28,11830.39,11830.39,0.0,0,PAID,PAID,HARDWARE,EAST
INV-05248,CUS-0014,2022-11-06,2023-01-05,2023-01-04,4505.19,4505.19,0.0,0,PAID,PAID,MAINTENANCE,NORTH
INV-05249,CUS-0480,2024-03-11,2024-04-10,2024-04-10,3315.39,3315.39,0.0,0,PAID,PAID,HARDWARE,NORTH
INV-05250,CUS-0299,2023-01-04,2023-03-05,,202.5,0.0,202.5,392,90+,OVERDUE,MAINTENANCE,NORTH
INV-05251,CUS-0282,2023-01-06,2023-03-07,2023-03-03,323.44,323.44,0.0,0,PAID,PAID,MAINTENANCE,SOUTH
INV-05252,CUS-0241,2023-11-10,2024-01-09,2024-01-04,467.52,467.52,0.0,0,PAID,PAID,HARDWARE,SOUTH
INV-05253,CUS-0239,2023-05-20,2023-07-04,2023-07-05,11208.74,11208.74,0.0,0,PAID,PAID,HARDWARE,SOUTH
INV-05254,CUS-0042,2023-12-15,2024-02-13,2024-02-11,5972.77,5972.77,0.0,0,PAID,PAID,MAINTENANCE,NORTH
INV-05255,CUS-0433,2023-12-19,2024-01-18,2024-01-17,1922.16,1922.16,0.0,0,PAID,PAID,SOFTWARE,NORTH
INV-05256,CUS-0371,2022-11-03,2022-12-03,2022-12-01,7929.38,7929.38,0.0,0,PAID,PAID,HARDWARE,WEST
INV-05257,CUS-0012,2023-02-12,2023-03-29,2023-04-06,11806.86,11806.86,0.0,0,PAID,PAID,MAINTENANCE,EAST
INV-05258,CUS-0173,2023-04-20,2023-06-19,2023-06-22,26962.81,26962.81,0.0,0,PAID,PAID,SOFTWARE,SOUTH
INV-05259,CUS-0077,2024-02-29,2024-04-29,2024-05-16,5459.72,5459.72,0.0,0,PAID,PAID,SOFTWARE,SOUTH
INV-05260,CUS-0188,2023-04-10,2023-05-25,2023-06-19,6535.06,6535.06,0.0,0,PAID,PAID,HARDWARE,WEST
INV-05261,CUS-0367,2024-02-11,2024-03-12,2024-03-09,16696.02,16696.02,0.0,0,PAID,PAID,HARDWARE,SOUTH
INV-05262,CUS-0275,2023-01-05,2023-02-19,2023-02-16,35991.97,35991.97,0.0,0,PAID,PAID,SERVICES,NORTH
INV-05263,CUS-0401,2022-06-30,2022-08-14,2022-08-11,3176.49,3176.49,0.0,0,PAID,PAID,SOFTWARE,EAST
INV-05264,CUS-0383,2023-12-06,2024-01-05,2024-01-20,1334.98,1334.98,0.0,0,PAID,PAID,MAINTENANCE,EAST
INV-05265,CUS-0297,2023-02-27,2023-04-13,,54857.91,19690.52,35167.39,353,90+,PARTIAL,HARDWARE,SOUTH
INV-05266,CUS-0108,2022-07-10,2022-08-24,2022-09-04,26619.19,26619.19,0.0,0,PAID,PAID,SOFTWARE,SOUTH
INV-05267,CUS-0267,2023-09-05,2023-10-20,,10397.21,6910.02,3487.19,163,90+,PARTIAL,SOFTWARE,WEST
INV-05268,CUS-0431,2022-04-23,2022-06-07,,899.7,356.43,543.27,663,90+,PARTIAL,SERVICES,EAST
INV-05269,CUS-0242,2023-02-17,2023-03-19,2023-03-18,3110.88,3110.88,0.0,0,PAID,PAID,SOFTWARE,EAST
INV-05270,CUS-0063,2022-07-18,2022-09-01,2022-09-15,1854.16,1854.16,0.0,0,PAID,PAID,SERVICES,EAST
INV-05271,CUS-0301,2023-11-20,2024-01-04,2024-01-13,151895.63,151895.63,0.0,0,PAID,PAID,SOFTWARE,WEST
INV-05272,CUS-0012,2022-09-24,2022-11-08,2022-11-08,22617.17,22617.17,0.0,0,PAID,PAID,HARDWARE,EAST
INV-05273,CUS-0322,2022-10-07,2022-11-21,2022-11-18,36587.29,36587.29,0.0,0,PAID,PAID,SERVICES,NORTH
INV-05274,CUS-0122,2022-08-24,2022-10-08,2022-10-05,22344.22,22344.22,0.0,0,PAID,PAID,MAINTENANCE,NORTH
INV-05275,CUS-0156,2022-04-06,2022-06-05,2022-06-03,6243.55,6243.55,0.0,0,PAID,PAID,HARDWARE,WEST
INV-05276,CUS-0460,2023-03-02,2023-04-16,2023-04-12,2413.25,2413.25,0.0,0,PAID,PAID,MAINTENANCE,NORTH
INV-05277,CUS-0402,2023-11-27,2023-12-27,,1093.28,0.0,1093.28,95,90+,OVERDUE,HARDWARE,SOUTH
INV-05278,CUS-0044,2022-12-04,2023-01-03,2022-12-29,1719.17,1719.17,0.0,0,PAID,PAID,SERVICES,WEST
INV-05279,CUS-0344,2023-06-20,2023-08-04,2023-08-04,387.91,387.91,0.0,0,PAID,PAID,MAINTENANCE,SOUTH
INV-05280,CUS-0260,2022-07-02,2022-08-16,2022-08-16,4136.32,4136.32,0.0,0,PAID,PAID,SOFTWARE,SOUTH
INV-05281,CUS-0365,2023-11-10,2023-12-25,2024-01-04,14916.77,14916.77,0.0,0,PAID,PAID,HARDWARE,NORTH
INV-05282,CUS-0019,2023-03-19,2023-04-18,2023-04-30,6105.63,6105.63,0.0,0,PAID,PAID,MAINTENANCE,WEST
INV-05283,CUS-0382,2023-02-04,2023-04-05,2023-04-01,3354.41,3354.41,0.0,0,PAID,PAID,SOFTWARE,EAST
INV-05284,CUS-0190,2023-12-21,2024-02-04,2024-02-15,1051.26,1051.26,0.0,0,PAID,PAID,SERVICES,NORTH
INV-05285,CUS-0319,2024-03-20,2024-05-19,2024-05-16,1127.2,1127.2,0.0,0,PAID,PAID,SERVICES,NORTH
INV-05286,CUS-0171,2022-08-17,2022-10-01,2022-09-26,7713.14,7713.14,0.0,0,PAID,PAID,SOFTWARE,WEST
INV-05287,CUS-0121,2024-03-10,2024-04-24,2024-04-19,36203.75,36203.75,0.0,0,PAID,PAID,MAINTENANCE,SOUTH
INV-05288,CUS-0162,2022-09-15,2022-10-15,2022-10-10,6098.77,6098.77,0.0,0,PAID,PAID,MAINTENANCE,WEST
INV-05289,CUS-0386,2022-12-13,2023-02-11,2023-02-09,4933.62,4933.62,0.0,0,PAID,PAID,SERVICES,SOUTH
INV-05290,CUS-0167,2023-07-23,2023-08-22,2023-08-22,4809.79,4809.79,0.0,0,PAID,PAID,HARDWARE,EAST
INV-05291,CUS-0029,2023-06-29,2023-08-13,,5299.91,1657.97,3641.94,231,90+,PARTIAL,SOFTWARE,SOUTH
INV-05292,CUS-0406,2022-07-08,2022-09-06,2022-09-01,1201.08,1201.08,0.0,0,PAID,PAID,SOFTWARE,WEST
INV-05293,CUS-0465,2022-09-25,2022-11-24,,6051.47,0.0,6051.47,493,90+,OVERDUE,SOFTWARE,NORTH
INV-05294,CUS-0241,2024-01-17,2024-03-17,2024-03-14,621.2,621.2,0.0,0,PAID,PAID,SOFTWARE,NORTH
INV-05295,CUS-0061,2023-06-29,2023-08-28,,4007.06,1570.01,2437.05,216,90+,PARTIAL,MAINTENANCE,EAST
INV-05296,CUS-0073,2023-04-08,2023-05-08,2023-05-06,18334.52,18334.52,0.0,0,PAID,PAID,SERVICES,SOUTH
INV-05297,CUS-0274,2024-02-05,2024-04-05,2024-04-04,39051.48,39051.48,0.0,0,PAID,PAID,HARDWARE,NORTH
INV-05298,CUS-0064,2024-02-11,2024-03-12,2024-03-08,98476.19,98476.19,0.0,0,PAID,PAID,SERVICES,SOUTH
INV-05299,CUS-0153,2023-01-07,2023-03-08,2023-03-03,2704.91,2704.91,0.0,0,PAID,PAID,HARDWARE,WEST
INV-05300,CUS-0451,2022-05-19,2022-07-03,2022-06-28,18960.03,18960.03,0.0,0,PAID,PAID,MAINTENANCE,SOUTH
INV-05301,CUS-0171,2023-08-24,2023-10-08,2023-10-07,5752.98,5752.98,0.0,0,PAID,PAID,SERVICES,EAST
INV-05302,CUS-0482,2022-08-16,2022-10-15,2022-10-10,5506.0,5506.0,0.0,0,PAID,PAID,HARDWARE,NORTH
INV-05303,CUS-0073,2024-02-12,2024-03-13,2024-03-15,17249.03,17249.03,0.0,0,PAID,PAID,HARDWARE,EAST
INV-05304,CUS-0356,2023-02-07,2023-03-24,2023-03-29,6630.45,6630.45,0.0,0,PAID,PAID,MAINTENANCE,SOUTH
INV-05305,CUS-0443,2022-08-25,2022-10-09,2022-10-09,437.56,437.56,0.0,0,PAID,PAID,SOFTWARE,WEST
INV-05306,CUS-0292,2022-12-26,2023-02-09,,26078.42,0.0,26078.42,416,90+,OVERDUE,SOFTWARE,SOUTH
INV-05307,CUS-0031,2023-12-17,2024-02-15,2024-02-15,6190.72,6190.72,0.0,0,PAID,PAID,SOFTWARE,SOUTH
INV-05308,CUS-0139,2022-12-06,2023-01-20,2023-01-19,5298.14,5298.14,0.0,0,PAID,PAID,SERVICES,SOUTH
INV-05309,CUS-0446,2023-09-18,2023-11-17,2023-11-14,3513.57,3513.57,0.0,0,PAID,PAID,SERVICES,SOUTH
INV-05310,CUS-0060,2023-06-05,2023-07-05,,14117.89,0.0,14117.89,270,90+,OVERDUE,SOFTWARE,NORTH
INV-05311,CUS-0256,2024-03-12,2024-05-11,,1715.66,591.46,1124.2,0,CURRENT,PARTIAL,MAINTENANCE,WEST
INV-05312,CUS-0415,2022-04-28,2022-05-28,2022-05-25,3777.39,3777.39,0.0,0,PAID,PAID,MAINTENANCE,WEST
INV-05313,CUS-0430,2022-11-19,2023-01-18,2023-01-16,2120.33,2120.33,0.0,0,PAID,PAID,HARDWARE,SOUTH
INV-05314,CUS-0480,2023-08-21,2023-09-20,2023-09-29,1446.79,1446.79,0.0,0,PAID,PAID,SERVICES,EAST
INV-05315,CUS-0498,2022-09-20,2022-11-19,2022-11-19,388.48,388.48,0.0,0,PAID,PAID,MAINTENANCE,NORTH
INV-05316,CUS-0140,2023-02-19,2023-03-21,2023-03-17,2577.39,2577.39,0.0,0,PAID,PAID,MAINTENANCE,NORTH
INV-05317,CUS-0220,2023-04-29,2023-05-29,2023-05-27,12268.32,12268.32,0.0,0,PAID,PAID,SERVICES,EAST
INV-05318,CUS-0169,2022-09-05,2022-10-05,2022-09-30,922.12,922.12,0.0,0,PAID,PAID,HARDWARE,WEST
INV-05319,CUS-0036,2023-03-22,2023-04-21,2023-04-17,19246.54,19246.54,0.0,0,PAID,PAID,MAINTENANCE,SOUTH
INV-05320,CUS-0315,2023-02-08,2023-04-09,2023-04-07,970.97,970.97,0.0,0,PAID,PAID,HARDWARE,NORTH
INV-05321,CUS-0018,2022-09-09,2022-10-09,2022-10-09,624.4,624.4,0.0,0,PAID,PAID,MAINTENANCE,WEST
INV-05322,CUS-0098,2024-03-25,2024-04-24,2024-04-23,1202.55,1202.55,0.0,0,PAID,PAID,HARDWARE,EAST
INV-05323,CUS-0020,2022-12-17,2023-02-15,2023-02-27,10093.87,10093.87,0.0,0,PAID,PAID,SOFTWARE,SOUTH
INV-05324,CUS-0257,2024-01-18,2024-02-17,2024-02-13,1628.18,1628.18,0.0,0,PAID,PAID,HARDWARE,EAST
INV-05325,CUS-0427,2024-03-13,2024-05-12,,4092.54,0.0,4092.54,0,CURRENT,OVERDUE,MAINTENANCE,EAST
INV-05326,CUS-0134,2023-10-13,2023-12-12,2023-12-10,1752.65,1752.65,0.0,0,PAID,PAID,HARDWARE,EAST
INV-05327,CUS-0466,2024-02-03,2024-04-03,,4633.34,0.0,4633.34,0,CURRENT,OVERDUE,SOFTWARE,EAST
INV-05328,CUS-0315,2023-08-08,2023-10-07,2023-10-02,2910.31,2910.31,0.0,0,PAID,PAID,SOFTWARE,EAST
INV-05329,CUS-0440,2023-06-21,2023-07-21,2023-07-21,5693.84,5693.84,0.0,0,PAID,PAID,HARDWARE,EAST
INV-05330,CUS-0286,2023-05-17,2023-07-01,,1122.5,480.13,642.37,274,90+,PARTIAL,MAINTENANCE,SOUTH
INV-05331,CUS-0245,2023-02-14,2023-04-15,2023-05-08,43533.46,43533.46,0.0,0,PAID,PAID,SOFTWARE,WEST
INV-05332,CUS-0031,2022-05-15,2022-07-14,2022-07-11,25329.32,25329.32,0.0,0,PAID,PAID,SERVICES,NORTH
INV-05333,CUS-0209,2023-05-12,2023-06-11,2023-06-09,2999.94,2999.94,0.0,0,PAID,PAID,HARDWARE,WEST
INV-05334,CUS-0258,2023-04-17,2023-05-17,2023-05-14,8635.31,8635.31,0.0,0,PAID,PAID,HARDWARE,EAST
INV-05335,CUS-0027,2023-10-30,2023-11-29,2023-11-28,26437.47,26437.47,0.0,0,PAID,PAID,SERVICES,EAST
INV-05336,CUS-0453,2024-02-22,2024-03-23,2024-03-21,11255.71,11255.71,0.0,0,PAID,PAID,SOFTWARE,NORTH
INV-05337,CUS-0180,2023-06-26,2023-07-26,2023-07-24,7014.4,7014.4,0.0,0,PAID,PAID,MAINTENANCE,WEST
INV-05338,CUS-0292,2022-12-23,2023-02-06,2023-02-02,14391.41,14391.41,0.0,0,PAID,PAID,HARDWARE,NORTH
INV-05339,CUS-0127,2023-01-22,2023-03-08,,2023.72,1408.06,615.66,389,90+,PARTIAL,SOFTWARE,NORTH
INV-05340,CUS-0399,2022-04-23,2022-06-22,,77109.42,46530.79,30578.63,648,90+,PARTIAL,MAINTENANCE,WEST
INV-05341,CUS-0166,2023-10-16,2023-11-30,,16893.55,8055.87,8837.68,122,90+,PARTIAL,SERVICES,EAST
INV-05342,CUS-0126,2022-10-31,2022-12-30,2022-12-25,1243.62,1243.62,0.0,0,PAID,PAID,HARDWARE,NORTH
INV-05343,CUS-0141,2023-03-30,2023-05-29,2023-05-25,18940.96,18940.96,0.0,0,PAID,PAID,SERVICES,WEST
INV-05344,CUS-0307,2022-05-15,2022-07-14,2022-07-14,4733.53,4733.53,0.0,0,PAID,PAID,SERVICES,SOUTH
INV-05345,CUS-0150,2023-09-30,2023-11-14,2023-11-13,1616.81,1616.81,0.0,0,PAID,PAID,SOFTWARE,WEST
INV-05346,CUS-0227,2023-07-09,2023-08-08,2023-08-04,1126.63,1126.63,0.0,0,PAID,PAID,SOFTWARE,EAST
INV-05347,CUS-0436,2023-11-05,2023-12-05,2023-11-30,2983.66,2983.66,0.0,0,PAID,PAID,HARDWARE,SOUTH
INV-05348,CUS-0305,2023-12-31,2024-02-14,2024-02-11,1470.03,1470.03,0.0,0,PAID,PAID,SERVICES,WEST
INV-05349,CUS-0175,2023-04-11,2023-06-10,2023-06-05,4827.52,4827.52,0.0,0,PAID,PAID,SOFTWARE,WEST
INV-05350,CUS-0146,2023-07-14,2023-08-28,2023-08-23,9061.87,9061.87,0.0,0,PAID,PAID,SERVICES,WEST
INV-05351,CUS-0272,2022-07-03,2022-08-17,2022-09-14,784.1,784.1,0.0,0,PAID,PAID,SOFTWARE,SOUTH
INV-05352,CUS-0086,2022-07-28,2022-09-26,2022-10-25,2351.9,2351.9,0.0,0,PAID,PAID,SERVICES,SOUTH
INV-05353,CUS-0220,2023-06-15,2023-07-15,2023-07-11,7337.48,7337.48,0.0,0,PAID,PAID,MAINTENANCE,NORTH
INV-05354,CUS-0269,2023-07-23,2023-09-06,2023-09-02,4936.27,4936.27,0.0,0,PAID,PAID,MAINTENANCE,WEST
INV-05355,CUS-0167,2022-06-18,2022-07-18,2022-07-14,3767.01,3767.01,0.0,0,PAID,PAID,HARDWARE,NORTH
INV-05356,CUS-0121,2023-01-12,2023-02-26,2023-02-22,21184.69,21184.69,0.0,0,PAID,PAID,SERVICES,EAST
INV-05357,CUS-0497,2022-12-06,2023-01-05,2022-12-31,2770.43,2770.43,0.0,0,PAID,PAID,SERVICES,EAST
INV-05358,CUS-0161,2022-04-03,2022-06-02,2022-06-02,3602.07,3602.07,0.0,0,PAID,PAID,MAINTENANCE,WEST
INV-05359,CUS-0170,2022-10-16,2022-11-30,2022-11-29,26512.66,26512.66,0.0,0,PAID,PAID,MAINTENANCE,EAST
INV-05360,CUS-0131,2023-06-28,2023-07-28,2023-07-26,1132.86,1132.86,0.0,0,PAID,PAID,MAINTENANCE,EAST
INV-05361,CUS-0204,2022-04-27,2022-06-11,2022-06-12,10066.12,10066.12,0.0,0,PAID,PAID,SERVICES,SOUTH
INV-05362,CUS-0467,2023-06-22,2023-08-06,2023-08-02,329.57,329.57,0.0,0,PAID,PAID,SOFTWARE,EAST
INV-05363,CUS-0030,2023-03-26,2023-04-25,2023-04-21,33813.69,33813.69,0.0,0,PAID,PAID,MAINTENANCE,EAST
INV-05364,CUS-0252,2024-02-08,2024-03-09,2024-04-03,31306.91,31306.91,0.0,0,PAID,PAID,SOFTWARE,WEST
INV-05365,CUS-0238,2023-09-26,2023-11-10,2023-11-06,2124.15,2124.15,0.0,0,PAID,PAID,HARDWARE,WEST
INV-05366,CUS-0251,2022-06-23,2022-08-22,2022-08-21,8137.56,8137.56,0.0,0,PAID,PAID,SERVICES,NORTH
INV-05367,CUS-0467,2023-04-08,2023-05-23,2023-05-18,798.91,798.91,0.0,0,PAID,PAID,SOFTWARE,NORTH
INV-05368,CUS-0239,2023-04-30,2023-06-14,2023-06-14,6230.49,6230.49,0.0,0,PAID,PAID,MAINTENANCE,WEST
INV-05369,CUS-0097,2024-03-05,2024-05-04,2024-04-29,8346.41,8346.41,0.0,0,PAID,PAID,SOFTWARE,EAST
INV-05370,CUS-0316,2023-07-19,2023-09-02,2023-09-03,461.07,461.07,0.0,0,PAID,PAID,MAINTENANCE,SOUTH
INV-05371,CUS-0347,2023-10-10,2023-11-09,2023-11-14,10981.62,10981.62,0.0,0,PAID,PAID,SOFTWARE,SOUTH
INV-05372,CUS-0211,2023-06-19,2023-08-18,2023-08-17,1478.74,1478.74,0.0,0,PAID,PAID,SOFTWARE,WEST
INV-05373,CUS-0429,2023-08-04,2023-09-03,2023-08-30,8249.86,8249.86,0.0,0,PAID,PAID,SERVICES,NORTH
INV-05374,CUS-0217,2022-07-01,2022-08-30,2022-08-29,472.62,472.62,0.0,0,PAID,PAID,MAINTENANCE,EAST
INV-05375,CUS-0003,2022-07-02,2022-08-16,2022-08-15,21944.95,21944.95,0.0,0,PAID,PAID,SERVICES,EAST
INV-05376,CUS-0455,2023-12-02,2024-01-01,2024-01-16,415.23,415.23,0.0,0,PAID,PAID,SOFTWARE,EAST
INV-05377,CUS-0427,2023-08-18,2023-10-17,2023-10-16,592.16,592.16,0.0,0,PAID,PAID,SOFTWARE,EAST
INV-05378,CUS-0009,2023-01-17,2023-02-16,2023-02-14,23516.18,23516.18,0.0,0,PAID,PAID,MAINTENANCE,EAST
INV-05379,CUS-0071,2022-12-26,2023-02-09,2023-03-04,10229.55,10229.55,0.0,0,PAID,PAID,SERVICES,EAST
INV-05380,CUS-0493,2022-10-04,2022-11-03,2022-10-31,1305.5,1305.5,0.0,0,PAID,PAID,HARDWARE,SOUTH
INV-05381,CUS-0373,2024-03-22,2024-05-06,2024-05-06,9247.03,9247.03,0.0,0,PAID,PAID,MAINTENANCE,EAST
INV-05382,CUS-0329,2023-02-26,2023-04-27,2023-04-25,13173.13,13173.13,0.0,0,PAID,PAID,SERVICES,EAST
INV-05383,CUS-0277,2022-06-26,2022-08-25,2022-08-22,368.44,368.44,0.0,0,PAID,PAID,HARDWARE,SOUTH
INV-05384,CUS-0382,2023-07-11,2023-09-09,2023-09-08,819.69,819.69,0.0,0,PAID,PAID,HARDWARE,SOUTH
INV-05385,CUS-0358,2023-12-07,2024-01-21,2024-01-21,15316.83,15316.83,0.0,0,PAID,PAID,MAINTENANCE,EAST
INV-05386,CUS-0101,2023-02-11,2023-03-13,2023-03-10,4006.28,4006.28,0.0,0,PAID,PAID,HARDWARE,SOUTH
INV-05387,CUS-0369,2023-12-30,2024-02-13,,14657.41,9711.13,4946.28,47,31-60,PARTIAL,SOFTWARE,NORTH
INV-05388,CUS-0372,2024-01-14,2024-02-13,2024-02-11,1183.13,1183.13,0.0,0,PAID,PAID,SERVICES,WEST
INV-05389,CUS-0299,2022-10-06,2022-12-05,2022-12-05,1087.15,1087.15,0.0,0,PAID,PAID,SERVICES,EAST
INV-05390,CUS-0045,2024-01-25,2024-03-25,2024-03-23,1717.62,1717.62,0.0,0,PAID,PAID,SERVICES,NORTH
INV-05391,CUS-0484,2023-05-01,2023-05-31,,361.27,139.05,222.22,305,90+,PARTIAL,SERVICES,WEST
INV-05392,CUS-0444,2022-11-06,2023-01-05,2023-01-02,533.32,533.32,0.0,0,PAID,PAID,MAINTENANCE,EAST
INV-05393,CUS-0305,2023-09-02,2023-10-17,2023-10-16,4838.99,4838.99,0.0,0,PAID,PAID,MAINTENANCE,WEST
INV-05394,CUS-0215,2022-09-27,2022-10-27,2022-10-23,8852.63,8852.63,0.0,0,PAID,PAID,HARDWARE,EAST
INV-05395,CUS-0316,2023-06-10,2023-07-25,2023-07-21,3704.57,3704.57,0.0,0,PAID,PAID,SOFTWARE,SOUTH
INV-05396,CUS-0373,2023-03-25,2023-05-09,2023-06-02,35276.3,35276.3,0.0,0,PAID,PAID,SOFTWARE,WEST
INV-05397,CUS-0430,2022-12-05,2023-02-03,2023-01-29,4220.79,4220.79,0.0,0,PAID,PAID,SOFTWARE,SOUTH
INV-05398,CUS-0013,2024-01-24,2024-02-23,2024-03-06,11415.55,11415.55,0.0,0,PAID,PAID,SERVICES,NORTH
INV-05399,CUS-0470,2023-01-24,2023-03-25,2023-03-21,1038.88,1038.88,0.0,0,PAID,PAID,HARDWARE,WEST
INV-05400,CUS-0245,2023-01-01,2023-03-02,2023-02-25,1287.08,1287.08,0.0,0,PAID,PAID,HARDWARE,EAST
INV-05401,CUS-0121,2023-05-03,2023-06-17,2023-06-17,3471.44,3471.44,0.0,0,PAID,PAID,SOFTWARE,SOUTH
INV-05402,CUS-0426,2023-10-22,2023-12-06,2023-12-06,9754.88,9754.88,0.0,0,PAID,PAID,MAINTENANCE,WEST
INV-05403,CUS-0182,2022-05-07,2022-07-06,,10388.96,6908.1,3480.86,634,90+,PARTIAL,MAINTENANCE,SOUTH
INV-05404,CUS-0361,2022-10-04,2022-11-03,,15941.19,8297.28,7643.91,514,90+,PARTIAL,SOFTWARE,SOUTH
INV-05405,CUS-0403,2022-07-25,2022-09-08,2022-09-07,5970.35,5970.35,0.0,0,PAID,PAID,HARDWARE,SOUTH
INV-05406,CUS-0243,2023-07-30,2023-09-13,,1291.8,702.43,589.37,200,90+,PARTIAL,HARDWARE,NORTH
INV-05407,CUS-0055,2023-11-18,2024-01-02,2024-01-10,10105.7,10105.7,0.0,0,PAID,PAID,HARDWARE,WEST
INV-05408,CUS-0500,2022-09-16,2022-10-16,2022-10-13,2077.13,2077.13,0.0,0,PAID,PAID,HARDWARE,NORTH
INV-05409,CUS-0144,2022-07-30,2022-08-29,2022-09-15,814.55,814.55,0.0,0,PAID,PAID,SOFTWARE,WEST
INV-05410,CUS-0169,2023-03-30,2023-04-29,2023-04-28,744.5,744.5,0.0,0,PAID,PAID,MAINTENANCE,NORTH
INV-05411,CUS-0447,2023-08-30,2023-10-14,2023-10-10,578.71,578.71,0.0,0,PAID,PAID,SERVICES,WEST
INV-05412,CUS-0186,2022-10-17,2022-12-01,2022-11-27,3039.67,3039.67,0.0,0,PAID,PAID,SOFTWARE,NORTH
INV-05413,CUS-0227,2022-07-14,2022-08-13,2022-08-12,3700.06,3700.06,0.0,0,PAID,PAID,HARDWARE,NORTH
INV-05414,CUS-0452,2022-06-02,2022-07-02,2022-06-28,1282.55,1282.55,0.0,0,PAID,PAID,HARDWARE,EAST
INV-05415,CUS-0428,2022-10-18,2022-12-02,2022-11-29,3044.33,3044.33,0.0,0,PAID,PAID,SERVICES,EAST
INV-05416,CUS-0042,2023-03-21,2023-05-20,2023-05-18,17819.85,17819.85,0.0,0,PAID,PAID,MAINTENANCE,WEST
INV-05417,CUS-0397,2023-09-05,2023-11-04,2023-11-01,2347.73,2347.73,0.0,0,PAID,PAID,HARDWARE,WEST
INV-05418,CUS-0304,2023-11-15,2023-12-15,2023-12-10,3965.4,3965.4,0.0,0,PAID,PAID,SERVICES,EAST
INV-05419,CUS-0075,2023-12-09,2024-02-07,2024-02-06,2014.45,2014.45,0.0,0,PAID,PAID,MAINTENANCE,WEST
INV-05420,CUS-0085,2022-08-26,2022-10-25,2022-10-21,1359.94,1359.94,0.0,0,PAID,PAID,SERVICES,NORTH
INV-05421,CUS-0347,2023-11-02,2023-12-02,2023-11-27,10357.39,10357.39,0.0,0,PAID,PAID,SERVICES,WEST
INV-05422,CUS-0254,2023-09-17,2023-11-01,2023-10-29,16746.18,16746.18,0.0,0,PAID,PAID,HARDWARE,WEST
INV-05423,CUS-0450,2022-05-22,2022-07-21,2022-07-17,14075.78,14075.78,0.0,0,PAID,PAID,MAINTENANCE,SOUTH
INV-05424,CUS-0069,2023-07-19,2023-09-17,2023-09-13,5481.64,5481.64,0.0,0,PAID,PAID,HARDWARE,SOUTH
INV-05425,CUS-0386,2022-06-09,2022-08-08,2022-08-30,1640.91,1640.91,0.0,0,PAID,PAID,HARDWARE,WEST
INV-05426,CUS-0172,2022-08-31,2022-10-15,2022-10-15,24367.33,24367.33,0.0,0,PAID,PAID,HARDWARE,EAST
INV-05427,CUS-0160,2023-08-06,2023-09-20,2023-09-23,2329.94,2329.94,0.0,0,PAID,PAID,MAINTENANCE,NORTH
INV-05428,CUS-0033,2022-11-03,2022-12-03,2022-11-28,83070.07,83070.07,0.0,0,PAID,PAID,MAINTENANCE,NORTH
INV-05429,CUS-0110,2024-02-25,2024-03-26,2024-03-21,8547.14,8547.14,0.0,0,PAID,PAID,MAINTENANCE,WEST
INV-05430,CUS-0449,2024-02-07,2024-03-08,,13607.68,0.0,13607.68,23,CURRENT,OVERDUE,SERVICES,NORTH
INV-05431,CUS-0281,2023-04-29,2023-06-28,2023-06-24,3493.83,3493.83,0.0,0,PAID,PAID,SOFTWARE,NORTH
INV-05432,CUS-0028,2024-03-29,2024-05-13,2024-05-22,2434.03,2434.03,0.0,0,PAID,PAID,SOFTWARE,EAST
INV-05433,CUS-0383,2023-09-24,2023-10-24,,2672.75,0.0,2672.75,159,90+,OVERDUE,SERVICES,NORTH
INV-05434,CUS-0418,2022-07-23,2022-08-22,2022-08-22,1687.02,1687.02,0.0,0,PAID,PAID,HARDWARE,NORTH
INV-05435,CUS-0187,2023-01-01,2023-01-31,2023-01-27,173.72,173.72,0.0,0,PAID,PAID,MAINTENANCE,NORTH
INV-05436,CUS-0089,2022-11-03,2023-01-02,2022-12-28,9743.52,9743.52,0.0,0,PAID,PAID,MAINTENANCE,WEST
INV-05437,CUS-0284,2023-07-10,2023-08-24,2023-08-24,1298.32,1298.32,0.0,0,PAID,PAID,MAINTENANCE,WEST
INV-05438,CUS-0454,2022-10-13,2022-11-27,,4077.36,1312.61,2764.75,490,90+,PARTIAL,SERVICES,NORTH
INV-05439,CUS-0324,2023-10-29,2023-12-13,2023-12-12,11543.96,11543.96,0.0,0,PAID,PAID,MAINTENANCE,EAST
INV-05440,CUS-0051,2022-10-15,2022-11-29,2022-11-26,1187.43,1187.43,0.0,0,PAID,PAID,SOFTWARE,EAST
INV-05441,CUS-0223,2023-03-29,2023-05-28,2023-05-28,3663.33,3663.33,0.0,0,PAID,PAID,SERVICES,NORTH
INV-05442,CUS-0462,2023-07-23,2023-09-21,2023-09-17,746.45,746.45,0.0,0,PAID,PAID,HARDWARE,NORTH
INV-05443,CUS-0124,2022-10-21,2022-12-05,2022-12-05,2051.79,2051.79,0.0,0,PAID,PAID,MAINTENANCE,EAST
INV-05444,CUS-0342,2022-06-09,2022-08-08,2022-08-08,4790.33,4790.33,0.0,0,PAID,PAID,SERVICES,NORTH
INV-05445,CUS-0159,2023-02-11,2023-03-13,2023-03-11,7694.94,7694.94,0.0,0,PAID,PAID,MAINTENANCE,SOUTH
INV-05446,CUS-0296,2022-04-03,2022-05-03,2022-04-29,23569.67,23569.67,0.0,0,PAID,PAID,SOFTWARE,NORTH
INV-05447,CUS-0017,2024-03-23,2024-05-22,2024-05-17,40742.34,40742.34,0.0,0,PAID,PAID,SOFTWARE,WEST
INV-05448,CUS-0467,2022-07-11,2022-08-25,2022-09-20,1647.28,1647.28,0.0,0,PAID,PAID,MAINTENANCE,EAST
INV-05449,CUS-0044,2024-02-04,2024-03-05,2024-03-26,1110.24,1110.24,0.0,0,PAID,PAID,SERVICES,SOUTH
INV-05450,CUS-0477,2023-07-28,2023-09-11,2023-09-06,4730.35,4730.35,0.0,0,PAID,PAID,MAINTENANCE,EAST
INV-05451,CUS-0121,2022-04-18,2022-06-02,2022-06-01,4160.62,4160.62,0.0,0,PAID,PAID,SERVICES,SOUTH
INV-05452,CUS-0370,2023-11-05,2023-12-20,2023-12-15,47100.12,47100.12,0.0,0,PAID,PAID,SERVICES,SOUTH
INV-05453,CUS-0290,2022-07-31,2022-09-29,2022-09-26,3010.67,3010.67,0.0,0,PAID,PAID,SERVICES,NORTH
INV-05454,CUS-0128,2023-05-04,2023-07-03,2023-07-02,2875.67,2875.67,0.0,0,PAID,PAID,MAINTENANCE,EAST
INV-05455,CUS-0453,2022-09-20,2022-10-20,2022-11-15,3931.93,3931.93,0.0,0,PAID,PAID,SERVICES,NORTH
INV-05456,CUS-0219,2024-02-17,2024-04-17,2024-04-13,978.27,978.27,0.0,0,PAID,PAID,SOFTWARE,WEST
INV-05457,CUS-0372,2022-07-21,2022-08-20,2022-08-17,3247.03,3247.03,0.0,0,PAID,PAID,MAINTENANCE,WEST
INV-05458,CUS-0328,2022-11-14,2022-12-29,2022-12-26,1487.19,1487.19,0.0,0,PAID,PAID,HARDWARE,EAST
INV-05459,CUS-0208,2022-08-22,2022-10-21,2022-10-24,6544.14,6544.14,0.0,0,PAID,PAID,MAINTENANCE,EAST
INV-05460,CUS-0096,2023-10-02,2023-11-01,2023-10-28,4268.39,4268.39,0.0,0,PAID,PAID,SERVICES,WEST
INV-05461,CUS-0066,2023-09-24,2023-11-08,2023-11-04,4486.71,4486.71,0.0,0,PAID,PAID,HARDWARE,NORTH
INV-05462,CUS-0428,2022-09-25,2022-11-09,,2360.37,1460.56,899.81,508,90+,PARTIAL,MAINTENANCE,SOUTH
INV-05463,CUS-0252,2023-06-09,2023-07-09,2023-07-11,27520.95,27520.95,0.0,0,PAID,PAID,SERVICES,WEST
INV-05464,CUS-0336,2024-03-25,2024-05-09,2024-05-09,128.96,128.96,0.0,0,PAID,PAID,MAINTENANCE,SOUTH
INV-05465,CUS-0260,2023-03-31,2023-05-15,2023-05-14,1696.8,1696.8,0.0,0,PAID,PAID,SERVICES,SOUTH
INV-05466,CUS-0439,2023-04-28,2023-06-12,2023-06-12,900.42,900.42,0.0,0,PAID,PAID,HARDWARE,NORTH
INV-05467,CUS-0406,2022-06-12,2022-08-11,2022-08-11,2800.41,2800.41,0.0,0,PAID,PAID,SERVICES,NORTH
INV-05468,CUS-0021,2022-04-30,2022-05-30,2022-05-27,1110.02,1110.02,0.0,0,PAID,PAID,SERVICES,SOUTH
INV-05469,CUS-0435,2023-05-03,2023-07-02,2023-06-30,304.37,304.37,0.0,0,PAID,PAID,MAINTENANCE,NORTH
INV-05470,CUS-0260,2023-05-31,2023-07-15,2023-07-10,4223.63,4223.63,0.0,0,PAID,PAID,MAINTENANCE,SOUTH
INV-05471,CUS-0190,2022-06-26,2022-08-10,2022-08-06,1246.4,1246.4,0.0,0,PAID,PAID,HARDWARE,NORTH
INV-05472,CUS-0197,2023-09-22,2023-10-22,2023-10-19,15121.88,15121.88,0.0,0,PAID,PAID,SERVICES,SOUTH
INV-05473,CUS-0422,2022-04-06,2022-05-21,2022-05-18,3086.96,3086.96,0.0,0,PAID,PAID,SOFTWARE,NORTH
INV-05474,CUS-0449,2023-01-06,2023-02-05,2023-02-15,2310.75,2310.75,0.0,0,PAID,PAID,SOFTWARE,WEST
INV-05475,CUS-0057,2023-06-19,2023-07-19,2023-07-18,485.68,485.68,0.0,0,PAID,PAID,HARDWARE,EAST
INV-05476,CUS-0398,2023-07-28,2023-08-27,,220.76,88.78,131.98,217,90+,PARTIAL,SERVICES,WEST
INV-05477,CUS-0339,2023-12-25,2024-02-08,2024-02-08,9660.19,9660.19,0.0,0,PAID,PAID,SERVICES,SOUTH
INV-05478,CUS-0331,2024-03-03,2024-05-02,2024-05-06,3365.35,3365.35,0.0,0,PAID,PAID,MAINTENANCE,EAST
INV-05479,CUS-0298,2024-01-07,2024-02-06,,6791.4,0.0,6791.4,54,31-60,OVERDUE,SOFTWARE,NORTH
INV-05480,CUS-0017,2022-05-12,2022-07-11,2022-07-14,2922.65,2922.65,0.0,0,PAID,PAID,MAINTENANCE,SOUTH
INV-05481,CUS-0355,2023-04-14,2023-05-14,2023-05-14,4351.93,4351.93,0.0,0,PAID,PAID,SERVICES,EAST
INV-05482,CUS-0399,2023-09-04,2023-11-03,,49251.71,32448.12,16803.59,149,90+,PARTIAL,MAINTENANCE,WEST
INV-05483,CUS-0480,2022-09-01,2022-10-01,2022-10-28,5769.02,5769.02,0.0,0,PAID,PAID,MAINTENANCE,WEST
INV-05484,CUS-0140,2023-03-14,2023-04-13,2023-04-24,2278.98,2278.98,0.0,0,PAID,PAID,SERVICES,EAST
INV-05485,CUS-0192,2022-06-08,2022-07-08,2022-07-05,7742.61,7742.61,0.0,0,PAID,PAID,SERVICES,NORTH
INV-05486,CUS-0297,2023-04-21,2023-06-05,2023-06-05,584.3,584.3,0.0,0,PAID,PAID,SOFTWARE,SOUTH
INV-05487,CUS-0241,2022-08-28,2022-10-27,,606.3,0.0,606.3,521,90+,OVERDUE,HARDWARE,EAST
INV-05488,CUS-0238,2023-05-31,2023-07-15,,3538.44,1677.17,1861.27,260,90+,PARTIAL,MAINTENANCE,EAST
INV-05489,CUS-0183,2023-03-03,2023-04-02,2023-04-02,1692.7,1692.7,0.0,0,PAID,PAID,SOFTWARE,EAST
INV-05490,CUS-0137,2024-01-22,2024-03-22,2024-04-08,1777.81,1777.81,0.0,0,PAID,PAID,HARDWARE,NORTH
INV-05491,CUS-0428,2022-06-22,2022-08-06,2022-08-02,1710.86,1710.86,0.0,0,PAID,PAID,SERVICES,EAST
INV-05492,CUS-0427,2022-12-18,2023-02-16,2023-02-13,1717.57,1717.57,0.0,0,PAID,PAID,SERVICES,WEST
INV-05493,CUS-0096,2023-03-22,2023-04-21,2023-04-24,25921.33,25921.33,0.0,0,PAID,PAID,SERVICES,WEST
INV-05494,CUS-0061,2023-03-20,2023-05-19,2023-05-18,3227.85,3227.85,0.0,0,PAID,PAID,SOFTWARE,NORTH
INV-05495,CUS-0455,2022-09-06,2022-10-06,2022-10-03,1066.01,1066.01,0.0,0,PAID,PAID,SERVICES,EAST
INV-05496,CUS-0147,2023-05-10,2023-07-09,2023-07-17,762.07,762.07,0.0,0,PAID,PAID,HARDWARE,WEST
INV-05497,CUS-0481,2022-05-31,2022-07-15,2022-07-14,18417.83,18417.83,0.0,0,PAID,PAID,MAINTENANCE,EAST
INV-05498,CUS-0396,2023-05-19,2023-07-03,2023-07-02,49634.8,49634.8,0.0,0,PAID,PAID,MAINTENANCE,SOUTH
INV-05499,CUS-0318,2022-11-21,2023-01-20,2023-01-17,20193.59,20193.59,0.0,0,PAID,PAID,SOFTWARE,EAST
INV-05500,CUS-0181,2022-04-21,2022-06-05,2022-06-03,936.72,936.72,0.0,0,PAID,PAID,MAINTENANCE,SOUTH
INV-05501,CUS-0391,2022-07-02,2022-08-16,2022-08-20,1168.74,1168.74,0.0,0,PAID,PAID,SOFTWARE,NORTH
INV-05502,CUS-0409,2024-01-03,2024-02-02,2024-02-02,15244.52,15244.52,0.0,0,PAID,PAID,MAINTENANCE,SOUTH
INV-05503,CUS-0404,2023-06-21,2023-08-20,2023-08-20,751.38,751.38,0.0,0,PAID,PAID,MAINTENANCE,WEST
INV-05504,CUS-0264,2023-12-27,2024-01-26,2024-01-24,2176.29,2176.29,0.0,0,PAID,PAID,SERVICES,EAST
INV-05505,CUS-0156,2022-06-03,2022-08-02,2022-07-31,2392.32,2392.32,0.0,0,PAID,PAID,MAINTENANCE,EAST
INV-05506,CUS-0141,2022-05-09,2022-07-08,2022-07-08,4912.61,4912.61,0.0,0,PAID,PAID,SOFTWARE,SOUTH
INV-05507,CUS-0352,2023-09-20,2023-11-19,2023-11-18,696.92,696.92,0.0,0,PAID,PAID,MAINTENANCE,WEST
INV-05508,CUS-0025,2022-05-13,2022-06-12,2022-06-23,48063.98,48063.98,0.0,0,PAID,PAID,SERVICES,WEST
INV-05509,CUS-0363,2022-09-29,2022-11-13,2022-11-09,11664.96,11664.96,0.0,0,PAID,PAID,SOFTWARE,EAST
INV-05510,CUS-0094,2022-07-01,2022-08-30,2022-09-10,1959.32,1959.32,0.0,0,PAID,PAID,SOFTWARE,NORTH
INV-05511,CUS-0482,2022-06-02,2022-08-01,2022-07-31,4000.79,4000.79,0.0,0,PAID,PAID,SOFTWARE,WEST
INV-05512,CUS-0421,2023-10-13,2023-12-12,2024-01-06,56758.55,56758.55,0.0,0,PAID,PAID,SOFTWARE,SOUTH
INV-05513,CUS-0151,2023-12-30,2024-01-29,2024-02-05,1784.46,1784.46,0.0,0,PAID,PAID,MAINTENANCE,WEST
INV-05514,CUS-0490,2023-11-09,2023-12-24,,2364.96,0.0,2364.96,98,90+,OVERDUE,SOFTWARE,WEST
INV-05515,CUS-0436,2022-08-06,2022-09-05,,10751.26,0.0,10751.26,573,90+,OVERDUE,MAINTENANCE,WEST
INV-05516,CUS-0247,2023-06-10,2023-07-10,2023-07-06,9472.42,9472.42,0.0,0,PAID,PAID,SERVICES,SOUTH
INV-05517,CUS-0478,2023-12-05,2024-01-04,2024-01-01,2790.03,2790.03,0.0,0,PAID,PAID,MAINTENANCE,NORTH
INV-05518,CUS-0102,2024-03-07,2024-05-06,2024-05-02,803.14,803.14,0.0,0,PAID,PAID,MAINTENANCE,WEST
INV-05519,CUS-0103,2024-02-07,2024-03-23,,849.3,403.46,445.84,8,CURRENT,PARTIAL,HARDWARE,NORTH
INV-05520,CUS-0086,2023-05-11,2023-07-10,2023-07-05,2196.51,2196.51,0.0,0,PAID,PAID,SOFTWARE,SOUTH
INV-05521,CUS-0415,2024-03-13,2024-04-12,2024-04-10,10734.76,10734.76,0.0,0,PAID,PAID,SERVICES,WEST
INV-05522,CUS-0391,2023-06-01,2023-07-16,2023-07-13,881.52,881.52,0.0,0,PAID,PAID,SOFTWARE,SOUTH
INV-05523,CUS-0006,2022-10-10,2022-11-09,2022-12-07,1361.91,1361.91,0.0,0,PAID,PAID,MAINTENANCE,WEST
INV-05524,CUS-0436,2023-11-15,2023-12-15,2023-12-13,326.09,326.09,0.0,0,PAID,PAID,SOFTWARE,EAST
INV-05525,CUS-0400,2022-07-18,2022-09-01,2022-09-17,2809.14,2809.14,0.0,0,PAID,PAID,SOFTWARE,NORTH
INV-05526,CUS-0295,2022-04-30,2022-06-14,2022-06-13,43632.31,43632.31,0.0,0,PAID,PAID,SOFTWARE,SOUTH
INV-05527,CUS-0320,2022-07-01,2022-08-30,2022-08-27,13359.74,13359.74,0.0,0,PAID,PAID,HARDWARE,EAST
INV-05528,CUS-0240,2022-07-22,2022-09-20,2022-09-20,17402.69,17402.69,0.0,0,PAID,PAID,SOFTWARE,EAST
INV-05529,CUS-0447,2023-10-23,2023-12-07,2023-12-04,4912.55,4912.55,0.0,0,PAID,PAID,SOFTWARE,WEST
INV-05530,CUS-0054,2022-12-28,2023-01-27,2023-02-06,9046.23,9046.23,0.0,0,PAID,PAID,HARDWARE,NORTH
INV-05531,CUS-0477,2023-08-01,2023-09-15,2023-09-11,778.2,778.2,0.0,0,PAID,PAID,HARDWARE,EAST
INV-05532,CUS-0435,2024-01-30,2024-03-30,2024-03-28,629.93,629.93,0.0,0,PAID,PAID,MAINTENANCE,WEST
INV-05533,CUS-0120,2024-02-20,2024-04-05,2024-04-03,2657.98,2657.98,0.0,0,PAID,PAID,MAINTENANCE,NORTH
INV-05534,CUS-0333,2022-10-06,2022-12-05,,8732.41,3592.64,5139.77,482,90+,PARTIAL,SERVICES,WEST
INV-05535,CUS-0290,2022-09-03,2022-11-02,2022-11-01,2887.16,2887.16,0.0,0,PAID,PAID,SOFTWARE,SOUTH
INV-05536,CUS-0259,2024-03-13,2024-04-27,2024-04-27,4508.45,4508.45,0.0,0,PAID,PAID,SOFTWARE,EAST
INV-05537,CUS-0052,2023-08-12,2023-10-11,2023-10-08,15668.71,15668.71,0.0,0,PAID,PAID,MAINTENANCE,NORTH
INV-05538,CUS-0100,2022-08-07,2022-09-06,2022-09-03,2426.88,2426.88,0.0,0,PAID,PAID,SOFTWARE,SOUTH
INV-05539,CUS-0415,2022-11-08,2022-12-08,2022-12-27,13655.52,13655.52,0.0,0,PAID,PAID,SERVICES,SOUTH
INV-05540,CUS-0424,2022-06-14,2022-07-14,2022-07-11,2081.59,2081.59,0.0,0,PAID,PAID,MAINTENANCE,NORTH
INV-05541,CUS-0495,2022-11-22,2023-01-21,2023-01-21,47399.33,47399.33,0.0,0,PAID,PAID,SOFTWARE,NORTH
INV-05542,CUS-0293,2022-09-08,2022-10-23,2022-10-31,4282.32,4282.32,0.0,0,PAID,PAID,HARDWARE,NORTH
INV-05543,CUS-0411,2024-01-08,2024-02-22,2024-03-10,2176.87,2176.87,0.0,0,PAID,PAID,MAINTENANCE,NORTH
INV-05544,CUS-0429,2022-10-24,2022-11-23,2022-11-22,38280.31,38280.31,0.0,0,PAID,PAID,SOFTWARE,EAST
INV-05545,CUS-0244,2023-05-14,2023-06-28,2023-06-28,6645.27,6645.27,0.0,0,PAID,PAID,SERVICES,NORTH
INV-05546,CUS-0133,2023-01-14,2023-02-28,2023-02-28,24210.43,24210.43,0.0,0,PAID,PAID,HARDWARE,EAST
INV-05547,CUS-0331,2022-08-12,2022-10-11,2022-10-09,2529.33,2529.33,0.0,0,PAID,PAID,SOFTWARE,EAST
INV-05548,CUS-0480,2023-12-23,2024-01-22,2024-01-21,14914.59,14914.59,0.0,0,PAID,PAID,MAINTENANCE,WEST
INV-05549,CUS-0478,2023-03-26,2023-04-25,2023-04-22,904.23,904.23,0.0,0,PAID,PAID,HARDWARE,EAST
INV-05550,CUS-0366,2023-06-25,2023-07-25,2023-07-22,1422.23,1422.23,0.0,0,PAID,PAID,SERVICES,WEST
INV-05551,CUS-0378,2023-08-24,2023-09-23,2023-09-20,22840.92,22840.92,0.0,0,PAID,PAID,SERVICES,EAST
INV-05552,CUS-0404,2024-03-01,2024-04-30,,2986.05,926.17,2059.88,0,CURRENT,PARTIAL,SERVICES,EAST
INV-05553,CUS-0231,2024-03-07,2024-04-06,2024-04-14,8899.27,8899.27,0.0,0,PAID,PAID,MAINTENANCE,SOUTH
INV-05554,CUS-0101,2023-10-24,2023-11-23,2023-11-21,1367.14,1367.14,0.0,0,PAID,PAID,SERVICES,EAST
INV-05555,CUS-0426,2023-07-01,2023-08-15,2023-09-04,898.16,898.16,0.0,0,PAID,PAID,SERVICES,SOUTH
INV-05556,CUS-0392,2024-01-12,2024-03-12,2024-03-07,618.69,618.69,0.0,0,PAID,PAID,SERVICES,SOUTH
INV-05557,CUS-0103,2023-08-03,2023-09-17,,6531.51,0.0,6531.51,196,90+,OVERDUE,SOFTWARE,NORTH
INV-05558,CUS-0243,2022-05-17,2022-07-01,2022-07-12,4932.76,4932.76,0.0,0,PAID,PAID,HARDWARE,NORTH
INV-05559,CUS-0393,2023-04-16,2023-05-31,2023-05-29,22345.37,22345.37,0.0,0,PAID,PAID,MAINTENANCE,EAST
INV-05560,CUS-0019,2024-03-02,2024-04-01,2024-04-01,11514.15,11514.15,0.0,0,PAID,PAID,SOFTWARE,NORTH
INV-05561,CUS-0094,2023-10-27,2023-12-26,2023-12-23,1607.16,1607.16,0.0,0,PAID,PAID,SERVICES,WEST
INV-05562,CUS-0486,2023-05-30,2023-07-14,2023-07-09,1505.77,1505.77,0.0,0,PAID,PAID,SOFTWARE,EAST
INV-05563,CUS-0345,2023-04-22,2023-06-21,2023-06-16,49043.25,49043.25,0.0,0,PAID,PAID,SERVICES,SOUTH
INV-05564,CUS-0054,2023-06-22,2023-07-22,2023-07-25,2238.27,2238.27,0.0,0,PAID,PAID,SOFTWARE,EAST
INV-05565,CUS-0033,2023-07-10,2023-08-09,2023-08-04,77036.88,77036.88,0.0,0,PAID,PAID,SOFTWARE,SOUTH
INV-05566,CUS-0150,2023-10-21,2023-12-05,2023-11-30,1278.4,1278.4,0.0,0,PAID,PAID,HARDWARE,EAST
INV-05567,CUS-0473,2022-10-16,2022-11-15,2022-11-10,1642.96,1642.96,0.0,0,PAID,PAID,HARDWARE,NORTH
INV-05568,CUS-0292,2023-04-05,2023-05-20,2023-05-15,43472.74,43472.74,0.0,0,PAID,PAID,SOFTWARE,EAST
INV-05569,CUS-0468,2023-11-17,2023-12-17,2023-12-13,7451.69,7451.69,0.0,0,PAID,PAID,HARDWARE,NORTH
INV-05570,CUS-0353,2022-09-22,2022-10-22,2022-11-07,8501.25,8501.25,0.0,0,PAID,PAID,SERVICES,NORTH
INV-05571,CUS-0486,2023-01-07,2023-02-21,,1574.98,885.4,689.58,404,90+,PARTIAL,SOFTWARE,EAST
INV-05572,CUS-0490,2023-04-19,2023-06-03,2023-06-03,4158.82,4158.82,0.0,0,PAID,PAID,HARDWARE,NORTH
INV-05573,CUS-0487,2023-08-28,2023-09-27,2023-09-25,1198.06,1198.06,0.0,0,PAID,PAID,SOFTWARE,EAST
INV-05574,CUS-0173,2023-07-26,2023-09-24,2023-09-23,11717.94,11717.94,0.0,0,PAID,PAID,SOFTWARE,WEST
INV-05575,CUS-0444,2024-02-11,2024-04-11,,2075.56,977.6,1097.96,0,CURRENT,PARTIAL,MAINTENANCE,NORTH
INV-05576,CUS-0222,2023-06-01,2023-07-31,2023-07-30,888.89,888.89,0.0,0,PAID,PAID,SERVICES,SOUTH
INV-05577,CUS-0271,2022-10-10,2022-11-09,2022-11-08,241.78,241.78,0.0,0,PAID,PAID,HARDWARE,SOUTH
INV-05578,CUS-0331,2023-03-31,2023-05-30,2023-06-22,1833.84,1833.84,0.0,0,PAID,PAID,SOFTWARE,NORTH
INV-05579,CUS-0414,2024-02-04,2024-04-04,2024-04-02,33612.53,33612.53,0.0,0,PAID,PAID,SERVICES,NORTH
INV-05580,CUS-0265,2023-04-24,2023-06-08,2023-06-04,7957.72,7957.72,0.0,0,PAID,PAID,HARDWARE,NORTH
INV-05581,CUS-0431,2024-02-04,2024-03-20,2024-03-30,1888.52,1888.52,0.0,0,PAID,PAID,SERVICES,SOUTH
INV-05582,CUS-0181,2023-09-03,2023-10-18,2023-10-14,2624.53,2624.53,0.0,0,PAID,PAID,HARDWARE,NORTH
INV-05583,CUS-0390,2023-07-11,2023-08-10,2023-08-09,10433.77,10433.77,0.0,0,PAID,PAID,SOFTWARE,EAST
INV-05584,CUS-0013,2022-10-07,2022-11-06,,77672.84,0.0,77672.84,511,90+,OVERDUE,SOFTWARE,NORTH
INV-05585,CUS-0207,2023-10-18,2023-12-17,2023-12-16,25017.34,25017.34,0.0,0,PAID,PAID,SOFTWARE,WEST
INV-05586,CUS-0065,2024-02-06,2024-03-07,2024-03-05,1225.56,1225.56,0.0,0,PAID,PAID,HARDWARE,WEST
INV-05587,CUS-0428,2024-03-13,2024-04-27,2024-04-22,5666.57,5666.57,0.0,0,PAID,PAID,SOFTWARE,NORTH
INV-05588,CUS-0151,2022-07-25,2022-08-24,2022-09-19,3395.8,3395.8,0.0,0,PAID,PAID,MAINTENANCE,EAST
INV-05589,CUS-0450,2023-02-09,2023-04-10,2023-04-10,22988.54,22988.54,0.0,0,PAID,PAID,HARDWARE,SOUTH
INV-05590,CUS-0286,2022-12-23,2023-02-06,2023-02-07,6060.47,6060.47,0.0,0,PAID,PAID,SOFTWARE,EAST
INV-05591,CUS-0408,2022-11-14,2022-12-29,2023-01-12,22541.38,22541.38,0.0,0,PAID,PAID,HARDWARE,WEST
INV-05592,CUS-0090,2023-06-19,2023-08-03,2023-07-30,6635.94,6635.94,0.0,0,PAID,PAID,MAINTENANCE,WEST
INV-05593,CUS-0050,2022-12-11,2023-01-25,2023-01-20,30379.55,30379.55,0.0,0,PAID,PAID,MAINTENANCE,WEST
INV-05594,CUS-0339,2023-04-25,2023-06-09,2023-06-08,53914.21,53914.21,0.0,0,PAID,PAID,SERVICES,WEST
INV-05595,CUS-0352,2024-03-04,2024-05-03,2024-04-30,826.64,826.64,0.0,0,PAID,PAID,SOFTWARE,NORTH
INV-05596,CUS-0118,2022-10-21,2022-12-05,2022-12-04,4079.48,4079.48,0.0,0,PAID,PAID,MAINTENANCE,NORTH
INV-05597,CUS-0080,2023-08-23,2023-10-07,2023-10-02,10567.47,10567.47,0.0,0,PAID,PAID,HARDWARE,EAST
INV-05598,CUS-0005,2022-08-23,2022-10-22,,938.11,645.81,292.3,526,90+,PARTIAL,SOFTWARE,WEST
INV-05599,CUS-0163,2022-05-15,2022-07-14,2022-07-21,5601.97,5601.97,0.0,0,PAID,PAID,HARDWARE,WEST
INV-05600,CUS-0213,2024-01-08,2024-03-08,2024-03-09,807.59,807.59,0.0,0,PAID,PAID,HARDWARE,EAST
INV-05601,CUS-0049,2023-09-17,2023-11-01,2023-11-21,19441.21,19441.21,0.0,0,PAID,PAID,MAINTENANCE,WEST
INV-05602,CUS-0026,2024-03-28,2024-05-12,2024-05-17,6400.24,6400.24,0.0,0,PAID,PAID,SOFTWARE,SOUTH
INV-05603,CUS-0047,2023-03-19,2023-05-18,2023-05-15,8784.09,8784.09,0.0,0,PAID,PAID,HARDWARE,EAST
INV-05604,CUS-0376,2023-07-02,2023-08-16,2023-08-12,219.42,219.42,0.0,0,PAID,PAID,MAINTENANCE,NORTH
INV-05605,CUS-0289,2023-02-28,2023-03-30,,4566.55,2391.84,2174.71,367,90+,PARTIAL,SOFTWARE,SOUTH
INV-05606,CUS-0375,2023-11-20,2024-01-04,2024-01-02,1854.2,1854.2,0.0,0,PAID,PAID,SOFTWARE,NORTH
INV-05607,CUS-0241,2022-05-26,2022-07-25,2022-07-21,1041.08,1041.08,0.0,0,PAID,PAID,MAINTENANCE,EAST
INV-05608,CUS-0025,2022-10-22,2022-11-21,2022-12-09,32737.73,32737.73,0.0,0,PAID,PAID,SOFTWARE,SOUTH
INV-05609,CUS-0298,2022-08-09,2022-09-08,2022-09-04,844.25,844.25,0.0,0,PAID,PAID,HARDWARE,WEST
INV-05610,CUS-0103,2022-10-27,2022-12-11,2022-12-09,6088.36,6088.36,0.0,0,PAID,PAID,SOFTWARE,EAST
INV-05611,CUS-0499,2023-07-26,2023-09-24,2023-09-22,1104.71,1104.71,0.0,0,PAID,PAID,SERVICES,NORTH
INV-05612,CUS-0484,2022-07-25,2022-08-24,2022-08-24,4623.25,4623.25,0.0,0,PAID,PAID,MAINTENANCE,NORTH
INV-05613,CUS-0149,2022-08-24,2022-10-08,2022-10-25,25500.48,25500.48,0.0,0,PAID,PAID,SOFTWARE,SOUTH
INV-05614,CUS-0143,2023-07-23,2023-09-06,2023-09-02,2956.51,2956.51,0.0,0,PAID,PAID,SOFTWARE,WEST
INV-05615,CUS-0399,2022-12-09,2023-02-07,2023-02-26,14177.23,14177.23,0.0,0,PAID,PAID,SOFTWARE,SOUTH
INV-05616,CUS-0020,2022-08-11,2022-10-10,2022-10-10,374.9,374.9,0.0,0,PAID,PAID,SERVICES,SOUTH
INV-05617,CUS-0133,2023-11-22,2024-01-06,2024-01-04,29599.52,29599.52,0.0,0,PAID,PAID,SERVICES,WEST
INV-05618,CUS-0336,2022-12-05,2023-01-19,,196.68,80.52,116.16,437,90+,PARTIAL,MAINTENANCE,WEST
INV-05619,CUS-0274,2022-10-17,2022-12-16,,2949.24,0.0,2949.24,471,90+,OVERDUE,SERVICES,NORTH
INV-05620,CUS-0230,2023-02-01,2023-03-18,2023-03-15,49375.94,49375.94,0.0,0,PAID,PAID,HARDWARE,SOUTH
INV-05621,CUS-0015,2023-12-06,2024-01-05,2024-01-05,2135.8,2135.8,0.0,0,PAID,PAID,MAINTENANCE,EAST
INV-05622,CUS-0179,2022-11-10,2023-01-09,,702.92,372.57,330.35,447,90+,PARTIAL,MAINTENANCE,WEST
INV-05623,CUS-0462,2023-11-18,2024-01-17,2024-01-15,531.9,531.9,0.0,0,PAID,PAID,SERVICES,EAST
INV-05624,CUS-0455,2022-12-01,2022-12-31,2023-01-04,1588.27,1588.27,0.0,0,PAID,PAID,SERVICES,EAST
INV-05625,CUS-0402,2024-01-08,2024-02-07,2024-02-13,568.06,568.06,0.0,0,PAID,PAID,HARDWARE,EAST
INV-05626,CUS-0269,2023-07-20,2023-09-03,2023-09-03,1437.4,1437.4,0.0,0,PAID,PAID,HARDWARE,WEST
INV-05627,CUS-0242,2023-01-24,2023-02-23,2023-02-21,867.4,867.4,0.0,0,PAID,PAID,MAINTENANCE,NORTH
INV-05628,CUS-0413,2023-02-16,2023-04-02,2023-04-05,22197.21,22197.21,0.0,0,PAID,PAID,HARDWARE,SOUTH
INV-05629,CUS-0232,2022-04-10,2022-05-10,2022-05-10,413.82,413.82,0.0,0,PAID,PAID,SERVICES,EAST
INV-05630,CUS-0230,2022-11-11,2022-12-26,2022-12-24,4448.23,4448.23,0.0,0,PAID,PAID,MAINTENANCE,EAST
INV-05631,CUS-0228,2022-10-03,2022-12-02,2022-11-29,37504.2,37504.2,0.0,0,PAID,PAID,SOFTWARE,WEST
INV-05632,CUS-0210,2023-03-06,2023-05-05,,4275.16,0.0,4275.16,331,90+,OVERDUE,SOFTWARE,WEST
INV-05633,CUS-0025,2022-09-23,2022-10-23,2022-10-21,33787.35,33787.35,0.0,0,PAID,PAID,HARDWARE,SOUTH
INV-05634,CUS-0138,2022-06-17,2022-08-01,2022-08-23,4211.54,4211.54,0.0,0,PAID,PAID,SERVICES,EAST
INV-05635,CUS-0393,2022-05-14,2022-06-28,,1504.43,0.0,1504.43,642,90+,OVERDUE,SERVICES,WEST
INV-05636,CUS-0459,2023-11-29,2023-12-29,2023-12-29,8498.47,8498.47,0.0,0,PAID,PAID,HARDWARE,SOUTH
INV-05637,CUS-0366,2023-12-01,2023-12-31,2024-01-03,9470.35,9470.35,0.0,0,PAID,PAID,MAINTENANCE,SOUTH
INV-05638,CUS-0289,2023-03-20,2023-04-19,2023-04-24,26229.11,26229.11,0.0,0,PAID,PAID,SOFTWARE,WEST
INV-05639,CUS-0446,2023-11-02,2024-01-01,2024-01-23,1157.43,1157.43,0.0,0,PAID,PAID,SOFTWARE,NORTH
INV-05640,CUS-0272,2023-05-02,2023-06-16,2023-06-15,722.48,722.48,0.0,0,PAID,PAID,MAINTENANCE,SOUTH
INV-05641,CUS-0312,2022-06-05,2022-07-20,2022-07-20,7748.49,7748.49,0.0,0,PAID,PAID,SERVICES,WEST
INV-05642,CUS-0493,2023-11-18,2023-12-18,,1010.58,539.84,470.74,104,90+,PARTIAL,SERVICES,NORTH
INV-05643,CUS-0327,2023-09-10,2023-10-10,2023-10-06,3673.88,3673.88,0.0,0,PAID,PAID,HARDWARE,WEST
INV-05644,CUS-0283,2022-10-13,2022-11-12,2022-11-12,1563.3,1563.3,0.0,0,PAID,PAID,HARDWARE,SOUTH
INV-05645,CUS-0013,2022-10-27,2022-11-26,,16368.7,10087.84,6280.86,491,90+,PARTIAL,HARDWARE,SOUTH
INV-05646,CUS-0486,2024-01-09,2024-02-23,2024-02-19,331.7,331.7,0.0,0,PAID,PAID,SERVICES,EAST
INV-05647,CUS-0446,2023-03-03,2023-05-02,2023-05-18,1389.12,1389.12,0.0,0,PAID,PAID,MAINTENANCE,NORTH
INV-05648,CUS-0109,2023-12-18,2024-02-16,,10550.34,3894.01,6656.33,44,31-60,PARTIAL,MAINTENANCE,EAST
INV-05649,CUS-0246,2022-07-08,2022-08-07,,7083.18,3758.06,3325.12,602,90+,PARTIAL,HARDWARE,EAST
INV-05650,CUS-0196,2023-05-10,2023-06-24,,1022.62,549.73,472.89,281,90+,PARTIAL,SERVICES,EAST
INV-05651,CUS-0395,2023-06-09,2023-07-24,2023-08-17,16037.19,16037.19,0.0,0,PAID,PAID,MAINTENANCE,WEST
INV-05652,CUS-0294,2022-04-19,2022-06-18,2022-07-15,13113.03,13113.03,0.0,0,PAID,PAID,HARDWARE,WEST
INV-05653,CUS-0169,2022-06-22,2022-07-22,2022-07-21,586.88,586.88,0.0,0,PAID,PAID,MAINTENANCE,EAST
INV-05654,CUS-0327,2022-11-05,2022-12-05,2022-12-05,3151.77,3151.77,0.0,0,PAID,PAID,HARDWARE,WEST
INV-05655,CUS-0122,2023-08-24,2023-10-08,2023-10-05,25403.59,25403.59,0.0,0,PAID,PAID,SOFTWARE,EAST
INV-05656,CUS-0031,2022-04-15,2022-06-14,2022-06-09,9432.62,9432.62,0.0,0,PAID,PAID,SERVICES,EAST
INV-05657,CUS-0278,2022-10-19,2022-12-03,2022-11-28,918.09,918.09,0.0,0,PAID,PAID,HARDWARE,WEST
INV-05658,CUS-0458,2022-08-01,2022-08-31,2022-08-30,306.24,306.24,0.0,0,PAID,PAID,MAINTENANCE,EAST
INV-05659,CUS-0065,2022-07-21,2022-08-20,2022-08-15,2128.49,2128.49,0.0,0,PAID,PAID,HARDWARE,NORTH
INV-05660,CUS-0341,2023-12-16,2024-01-15,2024-01-12,2850.34,2850.34,0.0,0,PAID,PAID,HARDWARE,SOUTH
INV-05661,CUS-0395,2024-02-11,2024-03-27,,1952.18,849.46,1102.72,4,CURRENT,PARTIAL,MAINTENANCE,NORTH
INV-05662,CUS-0320,2023-09-08,2023-11-07,2023-11-06,1773.42,1773.42,0.0,0,PAID,PAID,HARDWARE,EAST
INV-05663,CUS-0316,2023-07-30,2023-09-13,2023-09-16,492.09,492.09,0.0,0,PAID,PAID,SERVICES,SOUTH
INV-05664,CUS-0062,2023-05-24,2023-07-08,2023-07-06,296.51,296.51,0.0,0,PAID,PAID,SOFTWARE,SOUTH
INV-05665,CUS-0477,2024-02-20,2024-04-05,2024-03-31,2051.73,2051.73,0.0,0,PAID,PAID,MAINTENANCE,EAST
INV-05666,CUS-0453,2023-08-19,2023-09-18,2023-09-14,5885.91,5885.91,0.0,0,PAID,PAID,HARDWARE,SOUTH
INV-05667,CUS-0404,2024-01-15,2024-03-15,2024-03-29,3692.68,3692.68,0.0,0,PAID,PAID,SERVICES,WEST
INV-05668,CUS-0268,2024-03-29,2024-04-28,2024-04-23,1662.21,1662.21,0.0,0,PAID,PAID,MAINTENANCE,NORTH
INV-05669,CUS-0024,2023-08-23,2023-10-07,2023-10-03,3846.37,3846.37,0.0,0,PAID,PAID,SOFTWARE,NORTH
INV-05670,CUS-0212,2023-06-04,2023-08-03,,10417.83,5938.73,4479.1,241,90+,PARTIAL,SERVICES,NORTH
INV-05671,CUS-0360,2024-03-19,2024-05-03,2024-06-02,2143.26,2143.26,0.0,0,PAID,PAID,HARDWARE,WEST
INV-05672,CUS-0302,2023-04-01,2023-05-01,2023-04-28,2029.33,2029.33,0.0,0,PAID,PAID,HARDWARE,NORTH
INV-05673,CUS-0192,2022-10-03,2022-11-02,,9860.77,0.0,9860.77,515,90+,OVERDUE,SERVICES,EAST
INV-05674,CUS-0334,2022-12-16,2023-01-30,2023-01-25,31798.2,31798.2,0.0,0,PAID,PAID,HARDWARE,NORTH
INV-05675,CUS-0335,2022-07-18,2022-09-16,2022-09-12,74071.66,74071.66,0.0,0,PAID,PAID,MAINTENANCE,EAST
INV-05676,CUS-0094,2023-07-15,2023-09-13,2023-09-11,2517.59,2517.59,0.0,0,PAID,PAID,MAINTENANCE,SOUTH
INV-05677,CUS-0006,2022-07-18,2022-08-17,,721.23,269.66,451.57,592,90+,PARTIAL,MAINTENANCE,WEST
INV-05678,CUS-0408,2022-06-06,2022-07-21,,3432.58,0.0,3432.58,619,90+,OVERDUE,MAINTENANCE,WEST
INV-05679,CUS-0202,2022-05-17,2022-07-01,2022-06-28,12286.96,12286.96,0.0,0,PAID,PAID,HARDWARE,SOUTH
INV-05680,CUS-0244,2024-02-24,2024-04-09,2024-04-07,47148.14,47148.14,0.0,0,PAID,PAID,HARDWARE,SOUTH
INV-05681,CUS-0291,2023-09-21,2023-11-20,2023-12-14,19971.52,19971.52,0.0,0,PAID,PAID,HARDWARE,SOUTH
INV-05682,CUS-0067,2022-11-15,2023-01-14,2023-02-02,3705.67,3705.67,0.0,0,PAID,PAID,HARDWARE,WEST
INV-05683,CUS-0123,2023-08-27,2023-10-11,2023-10-11,2214.3,2214.3,0.0,0,PAID,PAID,SOFTWARE,WEST
INV-05684,CUS-0151,2023-01-29,2023-02-28,2023-03-27,5936.05,5936.05,0.0,0,PAID,PAID,SOFTWARE,SOUTH
INV-05685,CUS-0429,2023-05-25,2023-06-24,2023-06-21,4855.04,4855.04,0.0,0,PAID,PAID,SERVICES,WEST
INV-05686,CUS-0477,2022-06-04,2022-07-19,,3996.1,2427.29,1568.81,621,90+,PARTIAL,HARDWARE,NORTH
INV-05687,CUS-0430,2023-10-02,2023-12-01,2023-11-26,4624.53,4624.53,0.0,0,PAID,PAID,MAINTENANCE,NORTH
INV-05688,CUS-0073,2022-09-06,2022-10-06,2022-10-05,61229.27,61229.27,0.0,0,PAID,PAID,MAINTENANCE,NORTH
INV-05689,CUS-0489,2023-02-05,2023-04-06,,5619.12,3270.44,2348.68,360,90+,PARTIAL,MAINTENANCE,SOUTH
INV-05690,CUS-0026,2022-12-03,2023-01-17,2023-01-14,1918.52,1918.52,0.0,0,PAID,PAID,HARDWARE,SOUTH
INV-05691,CUS-0245,2023-12-13,2024-02-11,2024-03-02,13858.47,13858.47,0.0,0,PAID,PAID,SOFTWARE,WEST
INV-05692,CUS-0360,2023-01-21,2023-03-07,2023-03-03,655.84,655.84,0.0,0,PAID,PAID,MAINTENANCE,WEST
INV-05693,CUS-0356,2022-11-11,2022-12-26,2023-01-07,2448.87,2448.87,0.0,0,PAID,PAID,HARDWARE,WEST
INV-05694,CUS-0419,2023-09-01,2023-10-31,2023-11-09,6282.67,6282.67,0.0,0,PAID,PAID,SERVICES,WEST
INV-05695,CUS-0121,2023-03-03,2023-04-17,2023-04-14,28768.96,28768.96,0.0,0,PAID,PAID,MAINTENANCE,WEST
INV-05696,CUS-0347,2024-02-29,2024-03-30,2024-04-02,27380.67,27380.67,0.0,0,PAID,PAID,SOFTWARE,NORTH
INV-05697,CUS-0249,2022-05-31,2022-06-30,,1246.34,0.0,1246.34,640,90+,OVERDUE,SERVICES,WEST
INV-05698,CUS-0305,2023-12-25,2024-02-08,2024-02-06,3449.52,3449.52,0.0,0,PAID,PAID,HARDWARE,NORTH
INV-05699,CUS-0465,2022-08-13,2022-10-12,2022-10-11,6256.76,6256.76,0.0,0,PAID,PAID,SOFTWARE,NORTH
INV-05700,CUS-0326,2022-04-20,2022-06-19,2022-06-18,12994.55,12994.55,0.0,0,PAID,PAID,MAINTENANCE,SOUTH
INV-05701,CUS-0154,2022-08-10,2022-10-09,2022-10-04,4447.55,4447.55,0.0,0,PAID,PAID,MAINTENANCE,EAST
INV-05702,CUS-0022,2022-08-10,2022-10-09,2022-10-07,5091.4,5091.4,0.0,0,PAID,PAID,MAINTENANCE,SOUTH
INV-05703,CUS-0227,2022-10-31,2022-11-30,2022-11-25,1482.23,1482.23,0.0,0,PAID,PAID,HARDWARE,WEST
INV-05704,CUS-0287,2022-10-21,2022-12-20,2022-12-20,4623.91,4623.91,0.0,0,PAID,PAID,MAINTENANCE,SOUTH
INV-05705,CUS-0121,2022-09-24,2022-11-08,2022-11-04,25131.38,25131.38,0.0,0,PAID,PAID,SERVICES,SOUTH
INV-05706,CUS-0276,2023-12-09,2024-01-23,2024-01-20,35255.6,35255.6,0.0,0,PAID,PAID,MAINTENANCE,EAST
INV-05707,CUS-0079,2022-04-16,2022-05-16,2022-05-11,763.77,763.77,0.0,0,PAID,PAID,SOFTWARE,WEST
INV-05708,CUS-0140,2022-08-18,2022-09-17,2022-09-15,28241.09,28241.09,0.0,0,PAID,PAID,SOFTWARE,WEST
INV-05709,CUS-0009,2023-11-08,2023-12-08,2023-12-15,15091.62,15091.62,0.0,0,PAID,PAID,SOFTWARE,SOUTH
INV-05710,CUS-0176,2022-06-28,2022-08-12,2022-08-11,55947.07,55947.07,0.0,0,PAID,PAID,SERVICES,SOUTH
INV-05711,CUS-0008,2023-12-27,2024-02-25,2024-02-23,3740.18,3740.18,0.0,0,PAID,PAID,MAINTENANCE,SOUTH
INV-05712,CUS-0035,2022-05-08,2022-06-22,2022-07-21,17854.24,17854.24,0.0,0,PAID,PAID,SOFTWARE,WEST
INV-05713,CUS-0112,2022-08-26,2022-10-25,2022-10-21,28259.31,28259.31,0.0,0,PAID,PAID,SOFTWARE,NORTH
INV-05714,CUS-0285,2023-01-05,2023-02-19,2023-02-18,429.88,429.88,0.0,0,PAID,PAID,MAINTENANCE,NORTH
INV-05715,CUS-0498,2023-11-07,2024-01-06,2024-01-02,2585.32,2585.32,0.0,0,PAID,PAID,SERVICES,SOUTH
INV-05716,CUS-0255,2023-08-30,2023-10-14,2023-11-12,2886.66,2886.66,0.0,0,PAID,PAID,HARDWARE,SOUTH
INV-05717,CUS-0491,2022-12-11,2023-01-25,2023-01-24,816.09,816.09,0.0,0,PAID,PAID,SOFTWARE,SOUTH
INV-05718,CUS-0016,2023-09-16,2023-11-15,2023-11-10,1273.05,1273.05,0.0,0,PAID,PAID,SOFTWARE,EAST
INV-05719,CUS-0476,2023-03-16,2023-05-15,2023-05-15,64859.68,64859.68,0.0,0,PAID,PAID,SOFTWARE,EAST
INV-05720,CUS-0066,2023-06-25,2023-08-09,,2113.47,1163.2,950.27,235,90+,PARTIAL,HARDWARE,EAST
INV-05721,CUS-0167,2022-12-11,2023-01-10,2023-01-07,649.15,649.15,0.0,0,PAID,PAID,HARDWARE,EAST
INV-05722,CUS-0079,2022-06-10,2022-07-10,2022-07-07,4293.67,4293.67,0.0,0,PAID,PAID,MAINTENANCE,NORTH
INV-05723,CUS-0439,2023-12-29,2024-02-12,2024-02-07,1532.61,1532.61,0.0,0,PAID,PAID,SERVICES,EAST
INV-05724,CUS-0182,2023-06-15,2023-08-14,2023-09-06,3873.89,3873.89,0.0,0,PAID,PAID,SOFTWARE,NORTH
INV-05725,CUS-0201,2023-08-05,2023-09-19,2023-09-14,1925.37,1925.37,0.0,0,PAID,PAID,SOFTWARE,WEST
INV-05726,CUS-0051,2024-01-02,2024-02-16,2024-02-16,708.94,708.94,0.0,0,PAID,PAID,SERVICES,SOUTH
INV-05727,CUS-0181,2022-08-07,2022-09-21,2022-09-18,7156.19,7156.19,0.0,0,PAID,PAID,SOFTWARE,WEST
INV-05728,CUS-0231,2023-04-02,2023-05-02,2023-04-30,2036.66,2036.66,0.0,0,PAID,PAID,SOFTWARE,SOUTH
INV-05729,CUS-0346,2023-03-13,2023-05-12,2023-05-09,810.68,810.68,0.0,0,PAID,PAID,MAINTENANCE,SOUTH
INV-05730,CUS-0092,2024-02-03,2024-03-04,2024-03-02,15609.1,15609.1,0.0,0,PAID,PAID,HARDWARE,SOUTH
INV-05731,CUS-0322,2022-06-30,2022-08-14,2022-08-10,30769.16,30769.16,0.0,0,PAID,PAID,SERVICES,WEST
INV-05732,CUS-0277,2023-08-15,2023-10-14,2023-10-14,330.63,330.63,0.0,0,PAID,PAID,HARDWARE,SOUTH
INV-05733,CUS-0123,2023-03-16,2023-04-30,2023-04-27,1707.79,1707.79,0.0,0,PAID,PAID,MAINTENANCE,WEST
INV-05734,CUS-0259,2022-08-27,2022-10-11,2022-10-08,133.01,133.01,0.0,0,PAID,PAID,SOFTWARE,EAST
INV-05735,CUS-0216,2023-02-14,2023-04-15,2023-04-15,21087.48,21087.48,0.0,0,PAID,PAID,SERVICES,WEST
INV-05736,CUS-0058,2023-02-01,2023-04-02,2023-03-29,133.6,133.6,0.0,0,PAID,PAID,SERVICES,NORTH
INV-05737,CUS-0148,2024-01-11,2024-03-11,2024-03-09,66052.21,66052.21,0.0,0,PAID,PAID,SOFTWARE,EAST
INV-05738,CUS-0448,2023-08-10,2023-10-09,,1115.65,504.78,610.87,174,90+,PARTIAL,SOFTWARE,NORTH
INV-05739,CUS-0228,2022-11-30,2023-01-29,2023-01-25,19326.72,19326.72,0.0,0,PAID,PAID,MAINTENANCE,SOUTH
INV-05740,CUS-0156,2024-01-17,2024-03-17,2024-03-13,1988.66,1988.66,0.0,0,PAID,PAID,MAINTENANCE,SOUTH
INV-05741,CUS-0217,2023-01-06,2023-03-07,2023-03-03,7293.66,7293.66,0.0,0,PAID,PAID,SERVICES,NORTH
INV-05742,CUS-0404,2022-08-19,2022-10-18,2022-10-16,11519.99,11519.99,0.0,0,PAID,PAID,SERVICES,EAST
INV-05743,CUS-0456,2023-05-21,2023-07-20,2023-07-15,3720.87,3720.87,0.0,0,PAID,PAID,SERVICES,SOUTH
INV-05744,CUS-0020,2023-04-16,2023-06-15,2023-06-11,13062.18,13062.18,0.0,0,PAID,PAID,MAINTENANCE,SOUTH
INV-05745,CUS-0156,2023-05-22,2023-07-21,2023-07-16,878.82,878.82,0.0,0,PAID,PAID,HARDWARE,NORTH
INV-05746,CUS-0465,2022-06-04,2022-08-03,2022-08-18,949.56,949.56,0.0,0,PAID,PAID,SOFTWARE,WEST
INV-05747,CUS-0210,2023-09-09,2023-11-08,2023-11-03,3220.16,3220.16,0.0,0,PAID,PAID,SOFTWARE,EAST
INV-05748,CUS-0206,2023-10-31,2023-12-15,2023-12-30,22740.04,22740.04,0.0,0,PAID,PAID,SOFTWARE,SOUTH
INV-05749,CUS-0125,2023-03-01,2023-04-15,2023-04-22,368.67,368.67,0.0,0,PAID,PAID,SERVICES,WEST
INV-05750,CUS-0029,2023-07-25,2023-09-08,2023-09-04,2395.82,2395.82,0.0,0,PAID,PAID,HARDWARE,WEST
INV-05751,CUS-0086,2022-09-19,2022-11-18,2022-11-18,2267.85,2267.85,0.0,0,PAID,PAID,HARDWARE,NORTH
INV-05752,CUS-0369,2023-05-13,2023-06-27,2023-06-23,11662.91,11662.91,0.0,0,PAID,PAID,MAINTENANCE,WEST
INV-05753,CUS-0322,2024-02-17,2024-04-02,2024-04-09,17883.79,17883.79,0.0,0,PAID,PAID,SOFTWARE,WEST
INV-05754,CUS-0344,2024-02-01,2024-03-17,2024-03-14,909.91,909.91,0.0,0,PAID,PAID,SOFTWARE,WEST
INV-05755,CUS-0499,2023-04-13,2023-06-12,2023-06-07,1066.73,1066.73,0.0,0,PAID,PAID,SERVICES,NORTH
INV-05756,CUS-0324,2023-03-01,2023-04-15,,4269.35,0.0,4269.35,351,90+,OVERDUE,HARDWARE,NORTH
INV-05757,CUS-0352,2023-03-14,2023-05-13,2023-05-29,207.27,207.27,0.0,0,PAID,PAID,HARDWARE,WEST
INV-05758,CUS-0249,2023-11-18,2023-12-18,2024-01-12,1259.04,1259.04,0.0,0,PAID,PAID,SERVICES,NORTH
INV-05759,CUS-0018,2022-09-30,2022-10-30,2022-10-27,1422.9,1422.9,0.0,0,PAID,PAID,SOFTWARE,EAST
INV-05760,CUS-0122,2023-02-23,2023-04-09,2023-04-05,8438.16,8438.16,0.0,0,PAID,PAID,SERVICES,EAST
INV-05761,CUS-0277,2022-12-26,2023-02-24,2023-02-19,743.37,743.37,0.0,0,PAID,PAID,SOFTWARE,WEST
INV-05762,CUS-0464,2024-02-25,2024-04-10,2024-05-06,19415.48,19415.48,0.0,0,PAID,PAID,SERVICES,SOUTH
INV-05763,CUS-0044,2022-11-11,2022-12-11,2022-12-24,14343.42,14343.42,0.0,0,PAID,PAID,MAINTENANCE,EAST
INV-05764,CUS-0302,2023-10-20,2023-11-19,2023-11-16,2646.88,2646.88,0.0,0,PAID,PAID,SERVICES,WEST
INV-05765,CUS-0088,2022-07-25,2022-08-24,2022-08-20,4014.79,4014.79,0.0,0,PAID,PAID,SOFTWARE,WEST
INV-05766,CUS-0439,2023-03-15,2023-04-29,2023-04-27,2815.46,2815.46,0.0,0,PAID,PAID,SERVICES,NORTH
INV-05767,CUS-0316,2023-05-22,2023-07-06,2023-07-02,3146.12,3146.12,0.0,0,PAID,PAID,SOFTWARE,NORTH
INV-05768,CUS-0429,2023-05-13,2023-06-12,2023-06-10,9279.64,9279.64,0.0,0,PAID,PAID,HARDWARE,SOUTH
INV-05769,CUS-0179,2023-12-18,2024-02-16,2024-02-12,1913.51,1913.51,0.0,0,PAID,PAID,MAINTENANCE,EAST
INV-05770,CUS-0476,2022-10-08,2022-12-07,2022-12-02,8672.01,8672.01,0.0,0,PAID,PAID,SOFTWARE,EAST
INV-05771,CUS-0079,2023-02-27,2023-03-29,2023-03-28,683.49,683.49,0.0,0,PAID,PAID,SERVICES,EAST
INV-05772,CUS-0266,2023-05-07,2023-06-06,2023-06-05,10163.33,10163.33,0.0,0,PAID,PAID,HARDWARE,SOUTH
INV-05773,CUS-0042,2022-05-31,2022-07-30,2022-07-27,8810.87,8810.87,0.0,0,PAID,PAID,HARDWARE,SOUTH
INV-05774,CUS-0331,2023-04-26,2023-06-25,2023-06-21,2243.91,2243.91,0.0,0,PAID,PAID,HARDWARE,SOUTH
INV-05775,CUS-0443,2023-05-07,2023-06-21,2023-07-05,541.42,541.42,0.0,0,PAID,PAID,SERVICES,WEST
INV-05776,CUS-0420,2022-07-03,2022-08-17,2022-08-15,4210.91,4210.91,0.0,0,PAID,PAID,HARDWARE,SOUTH
INV-05777,CUS-0261,2023-03-19,2023-05-18,2023-05-15,898.48,898.48,0.0,0,PAID,PAID,SERVICES,WEST
INV-05778,CUS-0063,2022-04-15,2022-05-30,2022-05-26,4637.55,4637.55,0.0,0,PAID,PAID,HARDWARE,NORTH
INV-05779,CUS-0454,2023-01-18,2023-03-04,2023-03-03,64126.34,64126.34,0.0,0,PAID,PAID,HARDWARE,EAST
INV-05780,CUS-0435,2023-06-28,2023-08-27,,7182.04,0.0,7182.04,217,90+,OVERDUE,SOFTWARE,WEST
INV-05781,CUS-0403,2023-06-02,2023-07-17,2023-07-15,7562.53,7562.53,0.0,0,PAID,PAID,MAINTENANCE,NORTH
INV-05782,CUS-0095,2023-04-10,2023-05-10,2023-05-08,508.63,508.63,0.0,0,PAID,PAID,HARDWARE,EAST
INV-05783,CUS-0239,2023-01-19,2023-03-05,2023-03-03,6981.99,6981.99,0.0,0,PAID,PAID,SOFTWARE,WEST
INV-05784,CUS-0183,2023-04-03,2023-05-03,2023-05-02,934.38,934.38,0.0,0,PAID,PAID,SERVICES,EAST
INV-05785,CUS-0381,2022-09-18,2022-10-18,2022-10-18,11029.83,11029.83,0.0,0,PAID,PAID,SOFTWARE,EAST
INV-05786,CUS-0287,2023-02-22,2023-04-23,2023-04-19,3584.07,3584.07,0.0,0,PAID,PAID,HARDWARE,NORTH
INV-05787,CUS-0348,2023-03-29,2023-04-28,2023-04-26,989.2,989.2,0.0,0,PAID,PAID,SERVICES,WEST
INV-05788,CUS-0368,2022-04-24,2022-06-08,,1825.01,615.13,1209.88,662,90+,PARTIAL,SERVICES,NORTH
INV-05789,CUS-0194,2023-05-13,2023-06-12,2023-06-07,14643.14,14643.14,0.0,0,PAID,PAID,HARDWARE,EAST
INV-05790,CUS-0320,2024-02-21,2024-04-21,2024-04-18,4981.95,4981.95,0.0,0,PAID,PAID,SERVICES,NORTH
INV-05791,CUS-0111,2023-05-28,2023-07-12,2023-07-08,3095.46,3095.46,0.0,0,PAID,PAID,HARDWARE,SOUTH
INV-05792,CUS-0123,2022-07-22,2022-09-05,2022-09-05,3228.18,3228.18,0.0,0,PAID,PAID,MAINTENANCE,WEST
INV-05793,CUS-0282,2024-01-09,2024-03-09,2024-03-05,688.06,688.06,0.0,0,PAID,PAID,HARDWARE,EAST
INV-05794,CUS-0311,2022-08-21,2022-10-20,,11566.9,4413.96,7152.94,528,90+,PARTIAL,SOFTWARE,EAST
INV-05795,CUS-0068,2023-04-14,2023-05-29,2023-05-24,1270.8,1270.8,0.0,0,PAID,PAID,HARDWARE,WEST
INV-05796,CUS-0444,2023-09-14,2023-11-13,2023-11-09,2892.28,2892.28,0.0,0,PAID,PAID,SOFTWARE,SOUTH
INV-05797,CUS-0013,2022-08-21,2022-09-20,2022-09-19,11383.83,11383.83,0.0,0,PAID,PAID,SERVICES,EAST
INV-05798,CUS-0360,2023-08-05,2023-09-19,,1193.0,377.99,815.01,194,90+,PARTIAL,SERVICES,NORTH
INV-05799,CUS-0027,2023-11-10,2023-12-10,2024-01-06,1644.19,1644.19,0.0,0,PAID,PAID,SOFTWARE,WEST
INV-05800,CUS-0241,2022-07-10,2022-09-08,2022-09-24,1081.89,1081.89,0.0,0,PAID,PAID,MAINTENANCE,EAST
INV-05801,CUS-0029,2022-10-29,2022-12-13,2022-12-08,4062.76,4062.76,0.0,0,PAID,PAID,MAINTENANCE,EAST
INV-05802,CUS-0209,2024-01-20,2024-02-19,2024-02-19,4359.87,4359.87,0.0,0,PAID,PAID,HARDWARE,SOUTH
INV-05803,CUS-0225,2022-11-17,2023-01-01,2022-12-27,732.47,732.47,0.0,0,PAID,PAID,SOFTWARE,NORTH
INV-05804,CUS-0164,2023-03-12,2023-04-11,2023-04-24,1566.45,1566.45,0.0,0,PAID,PAID,SERVICES,NORTH
INV-05805,CUS-0213,2023-04-09,2023-06-08,2023-06-03,2699.64,2699.64,0.0,0,PAID,PAID,HARDWARE,SOUTH
INV-05806,CUS-0431,2024-03-10,2024-04-24,2024-04-21,2288.82,2288.82,0.0,0,PAID,PAID,HARDWARE,NORTH
INV-05807,CUS-0387,2022-06-06,2022-07-06,,77832.3,44122.37,33709.93,634,90+,PARTIAL,SOFTWARE,SOUTH
INV-05808,CUS-0102,2023-06-15,2023-08-14,,9083.81,4958.24,4125.57,230,90+,PARTIAL,SOFTWARE,SOUTH
INV-05809,CUS-0009,2022-07-06,2022-08-05,2022-08-03,6135.37,6135.37,0.0,0,PAID,PAID,SERVICES,WEST
INV-05810,CUS-0222,2023-11-12,2024-01-11,2024-01-10,1631.41,1631.41,0.0,0,PAID,PAID,SOFTWARE,NORTH
INV-05811,CUS-0305,2023-01-09,2023-02-23,,12188.91,5318.48,6870.43,402,90+,PARTIAL,MAINTENANCE,NORTH
INV-05812,CUS-0362,2022-11-01,2022-12-01,2022-11-27,5811.19,5811.19,0.0,0,PAID,PAID,MAINTENANCE,NORTH
INV-05813,CUS-0177,2022-09-30,2022-11-14,2022-11-16,1017.58,1017.58,0.0,0,PAID,PAID,SERVICES,EAST
INV-05814,CUS-0198,2022-05-17,2022-07-16,2022-07-16,2249.37,2249.37,0.0,0,PAID,PAID,HARDWARE,SOUTH
INV-05815,CUS-0396,2022-12-29,2023-02-12,,22746.86,14035.78,8711.08,413,90+,PARTIAL,HARDWARE,NORTH
INV-05816,CUS-0211,2024-02-24,2024-04-24,2024-04-22,14577.09,14577.09,0.0,0,PAID,PAID,HARDWARE,NORTH
INV-05817,CUS-0362,2023-02-14,2023-03-16,2023-03-13,16200.8,16200.8,0.0,0,PAID,PAID,HARDWARE,NORTH
INV-05818,CUS-0047,2023-06-17,2023-08-16,,16132.72,6496.03,9636.69,228,90+,PARTIAL,SOFTWARE,EAST
INV-05819,CUS-0408,2024-01-10,2024-02-24,2024-02-22,17580.55,17580.55,0.0,0,PAID,PAID,SERVICES,EAST
INV-05820,CUS-0285,2023-08-31,2023-10-15,2023-10-12,494.21,494.21,0.0,0,PAID,PAID,HARDWARE,EAST
INV-05821,CUS-0267,2023-02-18,2023-04-04,2023-04-03,27688.18,27688.18,0.0,0,PAID,PAID,MAINTENANCE,EAST
INV-05822,CUS-0066,2023-11-20,2024-01-04,2023-12-31,14829.06,14829.06,0.0,0,PAID,PAID,SOFTWARE,EAST
INV-05823,CUS-0026,2023-09-20,2023-11-04,2023-11-03,487.71,487.71,0.0,0,PAID,PAID,SERVICES,NORTH
INV-05824,CUS-0158,2023-08-31,2023-09-30,2023-09-26,475.28,475.28,0.0,0,PAID,PAID,HARDWARE,EAST
INV-05825,CUS-0274,2024-03-12,2024-05-11,2024-05-06,21273.56,21273.56,0.0,0,PAID,PAID,MAINTENANCE,WEST
INV-05826,CUS-0337,2024-01-14,2024-03-14,2024-03-13,167435.46,167435.46,0.0,0,PAID,PAID,SERVICES,WEST
INV-05827,CUS-0363,2022-12-05,2023-01-19,,8379.2,4540.92,3838.28,437,90+,PARTIAL,SERVICES,SOUTH
INV-05828,CUS-0422,2022-08-12,2022-09-26,2022-09-23,1738.26,1738.26,0.0,0,PAID,PAID,SERVICES,WEST
INV-05829,CUS-0391,2024-03-24,2024-05-08,2024-05-03,726.88,726.88,0.0,0,PAID,PAID,MAINTENANCE,NORTH
INV-05830,CUS-0170,2024-02-27,2024-04-12,,2965.31,0.0,2965.31,0,CURRENT,OVERDUE,MAINTENANCE,EAST
INV-05831,CUS-0360,2022-05-26,2022-07-10,2022-07-10,690.86,690.86,0.0,0,PAID,PAID,SOFTWARE,WEST
INV-05832,CUS-0103,2023-12-11,2024-01-25,2024-02-09,1789.84,1789.84,0.0,0,PAID,PAID,MAINTENANCE,NORTH
INV-05833,CUS-0365,2023-08-31,2023-10-15,,4622.76,2102.33,2520.43,168,90+,PARTIAL,MAINTENANCE,WEST
INV-05834,CUS-0427,2024-02-02,2024-04-02,2024-04-01,921.35,921.35,0.0,0,PAID,PAID,SERVICES,SOUTH
INV-05835,CUS-0128,2022-09-13,2022-11-12,2022-11-09,5693.8,5693.8,0.0,0,PAID,PAID,MAINTENANCE,WEST
INV-05836,CUS-0309,2024-01-28,2024-03-28,2024-03-26,13922.09,13922.09,0.0,0,PAID,PAID,MAINTENANCE,SOUTH
INV-05837,CUS-0452,2023-04-22,2023-05-22,2023-06-18,2815.2,2815.2,0.0,0,PAID,PAID,SERVICES,NORTH
INV-05838,CUS-0128,2022-06-20,2022-08-19,2022-08-17,1639.98,1639.98,0.0,0,PAID,PAID,MAINTENANCE,SOUTH
INV-05839,CUS-0122,2022-07-03,2022-08-17,2022-08-16,8579.83,8579.83,0.0,0,PAID,PAID,SERVICES,SOUTH
INV-05840,CUS-0204,2023-10-09,2023-11-23,2023-11-22,4498.73,4498.73,0.0,0,PAID,PAID,SERVICES,SOUTH
INV-05841,CUS-0169,2022-10-02,2022-11-01,2022-10-29,626.23,626.23,0.0,0,PAID,PAID,HARDWARE,NORTH
INV-05842,CUS-0434,2022-05-25,2022-06-24,2022-07-11,3944.31,3944.31,0.0,0,PAID,PAID,SERVICES,WEST
INV-05843,CUS-0134,2023-05-29,2023-07-28,2023-07-28,596.05,596.05,0.0,0,PAID,PAID,SERVICES,NORTH
INV-05844,CUS-0246,2022-04-04,2022-05-04,,36698.99,11130.87,25568.12,697,90+,PARTIAL,SERVICES,SOUTH
INV-05845,CUS-0171,2022-10-09,2022-11-23,2022-11-23,1403.96,1403.96,0.0,0,PAID,PAID,SOFTWARE,NORTH
INV-05846,CUS-0308,2024-03-28,2024-05-12,2024-05-09,1364.51,1364.51,0.0,0,PAID,PAID,HARDWARE,EAST
INV-05847,CUS-0418,2023-09-25,2023-10-25,2023-10-24,16803.03,16803.03,0.0,0,PAID,PAID,SOFTWARE,SOUTH
INV-05848,CUS-0254,2022-04-05,2022-05-20,2022-05-15,671.71,671.71,0.0,0,PAID,PAID,HARDWARE,NORTH
INV-05849,CUS-0375,2023-11-16,2023-12-31,,4437.93,0.0,4437.93,91,90+,OVERDUE,SERVICES,EAST
INV-05850,CUS-0363,2023-05-24,2023-07-08,,18466.48,0.0,18466.48,267,90+,OVERDUE,SOFTWARE,NORTH
INV-05851,CUS-0208,2024-03-29,2024-05-28,,2378.75,977.35,1401.4,0,CURRENT,PARTIAL,HARDWARE,EAST
INV-05852,CUS-0089,2022-12-17,2023-02-15,2023-03-13,41397.45,41397.45,0.0,0,PAID,PAID,MAINTENANCE,SOUTH
INV-05853,CUS-0314,2022-06-08,2022-08-07,,370.96,230.05,140.91,602,90+,PARTIAL,SOFTWARE,WEST
INV-05854,CUS-0324,2023-10-23,2023-12-07,,43340.19,21353.08,21987.11,115,90+,PARTIAL,SOFTWARE,EAST
INV-05855,CUS-0389,2022-09-24,2022-10-24,2022-10-23,1923.51,1923.51,0.0,0,PAID,PAID,HARDWARE,NORTH
INV-05856,CUS-0343,2022-05-12,2022-06-26,2022-07-01,27318.35,27318.35,0.0,0,PAID,PAID,SOFTWARE,NORTH
INV-05857,CUS-0474,2022-04-11,2022-06-10,2022-06-06,10824.16,10824.16,0.0,0,PAID,PAID,HARDWARE,NORTH
INV-05858,CUS-0166,2023-11-17,2024-01-01,,1446.65,899.25,547.4,90,61-90,PARTIAL,MAINTENANCE,SOUTH
INV-05859,CUS-0463,2022-09-28,2022-11-27,,42127.2,15378.53,26748.67,490,90+,PARTIAL,MAINTENANCE,EAST
INV-05860,CUS-0121,2024-02-09,2024-03-25,,35686.97,0.0,35686.97,6,CURRENT,OVERDUE,MAINTENANCE,SOUTH
INV-05861,CUS-0477,2023-09-01,2023-10-16,2023-10-14,2507.59,2507.59,0.0,0,PAID,PAID,MAINTENANCE,WEST
INV-05862,CUS-0418,2023-07-08,2023-08-07,2023-08-05,11792.52,11792.52,0.0,0,PAID,PAID,SOFTWARE,WEST
INV-05863,CUS-0250,2022-07-18,2022-08-17,2022-08-15,3204.71,3204.71,0.0,0,PAID,PAID,SOFTWARE,SOUTH
INV-05864,CUS-0381,2024-01-28,2024-02-27,2024-02-26,993.04,993.04,0.0,0,PAID,PAID,SERVICES,EAST
INV-05865,CUS-0234,2022-07-05,2022-08-04,2022-08-03,5491.15,5491.15,0.0,0,PAID,PAID,SERVICES,SOUTH
INV-05866,CUS-0455,2022-04-15,2022-05-15,2022-05-12,3924.24,3924.24,0.0,0,PAID,PAID,SOFTWARE,NORTH
INV-05867,CUS-0342,2023-04-11,2023-06-10,2023-06-09,736.81,736.81,0.0,0,PAID,PAID,SERVICES,EAST
INV-05868,CUS-0369,2023-03-07,2023-04-21,2023-04-16,9862.75,9862.75,0.0,0,PAID,PAID,SOFTWARE,WEST
INV-05869,CUS-0272,2023-06-19,2023-08-03,2023-08-01,490.79,490.79,0.0,0,PAID,PAID,MAINTENANCE,WEST
INV-05870,CUS-0318,2023-06-30,2023-08-29,2023-08-26,3632.35,3632.35,0.0,0,PAID,PAID,HARDWARE,SOUTH
INV-05871,CUS-0308,2024-02-11,2024-03-27,2024-03-22,15711.48,15711.48,0.0,0,PAID,PAID,MAINTENANCE,NORTH
INV-05872,CUS-0368,2024-01-21,2024-03-06,2024-03-03,5266.3,5266.3,0.0,0,PAID,PAID,SERVICES,SOUTH
INV-05873,CUS-0026,2023-11-18,2024-01-02,2024-01-01,15759.73,15759.73,0.0,0,PAID,PAID,MAINTENANCE,EAST
INV-05874,CUS-0353,2023-12-13,2024-01-12,2024-01-07,11780.82,11780.82,0.0,0,PAID,PAID,SOFTWARE,WEST
INV-05875,CUS-0332,2022-08-14,2022-10-13,2022-10-08,2631.77,2631.77,0.0,0,PAID,PAID,HARDWARE,WEST
INV-05876,CUS-0124,2023-08-18,2023-10-02,2023-10-02,7797.17,7797.17,0.0,0,PAID,PAID,SERVICES,EAST
INV-05877,CUS-0331,2023-02-15,2023-04-16,2023-04-16,1424.39,1424.39,0.0,0,PAID,PAID,HARDWARE,WEST
INV-05878,CUS-0024,2022-07-27,2022-09-10,2022-09-08,3924.27,3924.27,0.0,0,PAID,PAID,SERVICES,SOUTH
INV-05879,CUS-0424,2022-11-21,2022-12-21,,1554.97,0.0,1554.97,466,90+,OVERDUE,SERVICES,WEST
INV-05880,CUS-0359,2024-03-07,2024-04-06,2024-04-05,1894.18,1894.18,0.0,0,PAID,PAID,SOFTWARE,NORTH
INV-05881,CUS-0305,2024-01-10,2024-02-24,2024-02-24,6141.93,6141.93,0.0,0,PAID,PAID,SERVICES,SOUTH
INV-05882,CUS-0320,2022-08-24,2022-10-23,2022-10-21,1303.57,1303.57,0.0,0,PAID,PAID,MAINTENANCE,SOUTH
INV-05883,CUS-0206,2022-09-24,2022-11-08,,66605.98,32434.53,34171.45,509,90+,PARTIAL,HARDWARE,NORTH
INV-05884,CUS-0393,2023-10-13,2023-11-27,2023-11-22,9044.71,9044.71,0.0,0,PAID,PAID,SOFTWARE,EAST
INV-05885,CUS-0359,2022-10-19,2022-11-18,2022-11-14,3064.88,3064.88,0.0,0,PAID,PAID,MAINTENANCE,EAST
INV-05886,CUS-0060,2022-11-04,2022-12-04,2022-11-29,24467.47,24467.47,0.0,0,PAID,PAID,MAINTENANCE,NORTH
INV-05887,CUS-0274,2024-01-04,2024-03-04,,39346.84,19298.25,20048.59,27,CURRENT,PARTIAL,MAINTENANCE,NORTH
INV-05888,CUS-0233,2022-12-01,2022-12-31,2023-01-30,1871.58,1871.58,0.0,0,PAID,PAID,SOFTWARE,NORTH
INV-05889,CUS-0468,2022-06-20,2022-07-20,2022-07-19,14535.89,14535.89,0.0,0,PAID,PAID,MAINTENANCE,EAST
INV-05890,CUS-0419,2022-07-24,2022-09-22,2022-09-21,4353.6,4353.6,0.0,0,PAID,PAID,SOFTWARE,WEST
INV-05891,CUS-0050,2023-03-05,2023-04-19,2023-04-19,19305.53,19305.53,0.0,0,PAID,PAID,SOFTWARE,SOUTH
INV-05892,CUS-0351,2022-11-28,2023-01-27,2023-01-26,6192.17,6192.17,0.0,0,PAID,PAID,SOFTWARE,EAST
INV-05893,CUS-0480,2022-07-05,2022-08-04,2022-08-01,3640.33,3640.33,0.0,0,PAID,PAID,HARDWARE,EAST
INV-05894,CUS-0274,2022-10-06,2022-12-05,2022-12-05,7480.6,7480.6,0.0,0,PAID,PAID,SERVICES,SOUTH
INV-05895,CUS-0171,2022-08-28,2022-10-12,2022-10-10,1596.04,1596.04,0.0,0,PAID,PAID,MAINTENANCE,WEST
INV-05896,CUS-0263,2023-05-14,2023-07-13,2023-07-10,613.15,613.15,0.0,0,PAID,PAID,HARDWARE,SOUTH
INV-05897,CUS-0330,2022-12-20,2023-02-18,2023-02-16,7068.57,7068.57,0.0,0,PAID,PAID,MAINTENANCE,NORTH
INV-05898,CUS-0300,2022-08-17,2022-09-16,2022-09-13,1134.97,1134.97,0.0,0,PAID,PAID,MAINTENANCE,SOUTH
INV-05899,CUS-0445,2022-11-02,2022-12-17,2023-01-04,53399.96,53399.96,0.0,0,PAID,PAID,SOFTWARE,NORTH
INV-05900,CUS-0123,2024-03-21,2024-05-05,2024-04-30,549.78,549.78,0.0,0,PAID,PAID,SOFTWARE,NORTH
INV-05901,CUS-0216,2023-09-20,2023-11-19,2023-12-06,15900.06,15900.06,0.0,0,PAID,PAID,MAINTENANCE,SOUTH
INV-05902,CUS-0264,2022-04-16,2022-05-16,2022-05-25,3900.51,3900.51,0.0,0,PAID,PAID,MAINTENANCE,SOUTH
INV-05903,CUS-0060,2022-12-13,2023-01-12,2023-01-11,13879.42,13879.42,0.0,0,PAID,PAID,SOFTWARE,SOUTH
INV-05904,CUS-0167,2022-05-14,2022-06-13,2022-07-07,245.2,245.2,0.0,0,PAID,PAID,SERVICES,WEST
INV-05905,CUS-0292,2023-01-28,2023-03-14,2023-03-14,15772.43,15772.43,0.0,0,PAID,PAID,MAINTENANCE,WEST
INV-05906,CUS-0347,2023-06-12,2023-07-12,2023-07-10,25650.36,25650.36,0.0,0,PAID,PAID,SERVICES,SOUTH
INV-05907,CUS-0348,2022-10-11,2022-11-10,2022-11-08,5117.87,5117.87,0.0,0,PAID,PAID,SERVICES,SOUTH
INV-05908,CUS-0352,2023-04-02,2023-06-01,2023-05-27,1435.57,1435.57,0.0,0,PAID,PAID,SERVICES,NORTH
INV-05909,CUS-0314,2022-04-04,2022-06-03,,823.96,0.0,823.96,667,90+,OVERDUE,SERVICES,WEST
INV-05910,CUS-0482,2023-07-12,2023-09-10,2023-09-09,2437.51,2437.51,0.0,0,PAID,PAID,SERVICES,SOUTH
INV-05911,CUS-0380,2022-11-24,2023-01-08,2023-01-05,882.41,882.41,0.0,0,PAID,PAID,SOFTWARE,WEST
INV-05912,CUS-0404,2024-03-11,2024-05-10,2024-05-05,3438.76,3438.76,0.0,0,PAID,PAID,HARDWARE,EAST
INV-05913,CUS-0212,2023-10-09,2023-12-08,2023-12-06,5566.82,5566.82,0.0,0,PAID,PAID,HARDWARE,NORTH
INV-05914,CUS-0298,2023-10-20,2023-11-19,2023-12-08,22587.05,22587.05,0.0,0,PAID,PAID,SERVICES,EAST
INV-05915,CUS-0437,2022-11-07,2023-01-06,2023-01-04,39488.66,39488.66,0.0,0,PAID,PAID,SOFTWARE,NORTH
INV-05916,CUS-0410,2023-09-14,2023-10-29,2023-10-28,9371.35,9371.35,0.0,0,PAID,PAID,HARDWARE,SOUTH
INV-05917,CUS-0206,2023-12-25,2024-02-08,2024-02-03,17929.72,17929.72,0.0,0,PAID,PAID,MAINTENANCE,EAST
INV-05918,CUS-0170,2023-07-04,2023-08-18,2023-08-15,1662.95,1662.95,0.0,0,PAID,PAID,MAINTENANCE,WEST
INV-05919,CUS-0364,2022-12-13,2023-02-11,2023-02-09,10388.37,10388.37,0.0,0,PAID,PAID,SOFTWARE,EAST
INV-05920,CUS-0469,2022-04-16,2022-05-31,2022-05-29,1301.92,1301.92,0.0,0,PAID,PAID,HARDWARE,WEST
INV-05921,CUS-0289,2022-12-15,2023-01-14,,13062.7,0.0,13062.7,442,90+,OVERDUE,HARDWARE,EAST
INV-05922,CUS-0055,2023-11-29,2024-01-13,2024-01-09,6593.35,6593.35,0.0,0,PAID,PAID,HARDWARE,EAST
INV-05923,CUS-0324,2023-02-21,2023-04-07,2023-04-04,18619.45,18619.45,0.0,0,PAID,PAID,SOFTWARE,SOUTH
INV-05924,CUS-0484,2022-10-14,2022-11-13,2022-11-13,779.14,779.14,0.0,0,PAID,PAID,MAINTENANCE,WEST
INV-05925,CUS-0429,2023-09-24,2023-10-24,2023-10-24,9266.87,9266.87,0.0,0,PAID,PAID,HARDWARE,NORTH
INV-05926,CUS-0172,2023-06-24,2023-08-08,2023-08-04,11558.57,11558.57,0.0,0,PAID,PAID,HARDWARE,EAST
INV-05927,CUS-0434,2023-12-05,2024-01-04,2024-01-04,1468.01,1468.01,0.0,0,PAID,PAID,SERVICES,EAST
INV-05928,CUS-0495,2023-09-22,2023-11-21,2023-11-18,2811.96,2811.96,0.0,0,PAID,PAID,SERVICES,WEST
INV-05929,CUS-0399,2023-11-03,2024-01-02,,6032.1,2440.7,3591.4,89,61-90,PARTIAL,HARDWARE,NORTH
INV-05930,CUS-0353,2023-03-02,2023-04-01,2023-03-27,41326.1,41326.1,0.0,0,PAID,PAID,MAINTENANCE,NORTH
INV-05931,CUS-0027,2022-10-01,2022-10-31,2022-11-30,7976.62,7976.62,0.0,0,PAID,PAID,SERVICES,WEST
INV-05932,CUS-0026,2023-09-18,2023-11-02,2023-10-28,2820.21,2820.21,0.0,0,PAID,PAID,HARDWARE,EAST
INV-05933,CUS-0119,2023-07-08,2023-08-07,2023-08-02,1193.31,1193.31,0.0,0,PAID,PAID,HARDWARE,WEST
INV-05934,CUS-0008,2023-09-30,2023-11-29,2023-12-18,47917.81,47917.81,0.0,0,PAID,PAID,MAINTENANCE,WEST
INV-05935,CUS-0126,2023-07-29,2023-09-27,2023-09-26,791.08,791.08,0.0,0,PAID,PAID,HARDWARE,WEST
INV-05936,CUS-0446,2022-05-17,2022-07-16,2022-07-15,7392.54,7392.54,0.0,0,PAID,PAID,SOFTWARE,WEST
INV-05937,CUS-0132,2023-04-13,2023-05-28,2023-05-27,6220.29,6220.29,0.0,0,PAID,PAID,SOFTWARE,NORTH
INV-05938,CUS-0416,2022-05-11,2022-06-10,2022-06-07,344.98,344.98,0.0,0,PAID,PAID,MAINTENANCE,SOUTH
INV-05939,CUS-0323,2022-06-26,2022-07-26,2022-08-15,2862.3,2862.3,0.0,0,PAID,PAID,MAINTENANCE,NORTH
INV-05940,CUS-0105,2024-01-19,2024-03-04,2024-02-28,589.06,589.06,0.0,0,PAID,PAID,MAINTENANCE,SOUTH
INV-05941,CUS-0401,2022-04-21,2022-06-05,2022-06-02,30553.04,30553.04,0.0,0,PAID,PAID,MAINTENANCE,NORTH
INV-05942,CUS-0318,2023-09-15,2023-11-14,2023-11-12,24700.26,24700.26,0.0,0,PAID,PAID,SERVICES,NORTH
INV-05943,CUS-0367,2024-01-23,2024-02-22,2024-02-21,103557.65,103557.65,0.0,0,PAID,PAID,SOFTWARE,WEST
INV-05944,CUS-0003,2023-02-25,2023-04-11,,21546.42,11516.46,10029.96,355,90+,PARTIAL,SERVICES,WEST
INV-05945,CUS-0152,2023-09-25,2023-11-09,2023-11-04,2261.64,2261.64,0.0,0,PAID,PAID,MAINTENANCE,NORTH
INV-05946,CUS-0249,2023-01-28,2023-02-27,2023-03-16,718.67,718.67,0.0,0,PAID,PAID,SERVICES,WEST
INV-05947,CUS-0417,2023-11-05,2023-12-05,2023-12-22,17161.25,17161.25,0.0,0,PAID,PAID,MAINTENANCE,WEST
INV-05948,CUS-0272,2023-12-31,2024-02-14,2024-02-09,4120.27,4120.27,0.0,0,PAID,PAID,SOFTWARE,WEST
INV-05949,CUS-0431,2023-05-02,2023-06-16,2023-06-13,1711.74,1711.74,0.0,0,PAID,PAID,HARDWARE,SOUTH
INV-05950,CUS-0318,2024-03-02,2024-05-01,2024-04-28,32134.49,32134.49,0.0,0,PAID,PAID,MAINTENANCE,WEST
INV-05951,CUS-0030,2023-07-27,2023-08-26,,39377.6,23866.21,15511.39,218,90+,PARTIAL,SERVICES,WEST
INV-05952,CUS-0415,2022-07-04,2022-08-03,2022-08-01,6929.16,6929.16,0.0,0,PAID,PAID,SERVICES,WEST
INV-05953,CUS-0318,2022-05-16,2022-07-15,2022-07-13,22765.53,22765.53,0.0,0,PAID,PAID,SERVICES,WEST
INV-05954,CUS-0315,2024-02-27,2024-04-27,2024-04-22,4087.92,4087.92,0.0,0,PAID,PAID,SOFTWARE,EAST
INV-05955,CUS-0325,2023-02-28,2023-03-30,2023-04-27,7914.61,7914.61,0.0,0,PAID,PAID,SERVICES,NORTH
INV-05956,CUS-0197,2024-02-10,2024-03-11,2024-03-09,158958.14,158958.14,0.0,0,PAID,PAID,SOFTWARE,WEST
INV-05957,CUS-0262,2023-07-13,2023-09-11,2023-09-06,806.27,806.27,0.0,0,PAID,PAID,HARDWARE,EAST
INV-05958,CUS-0246,2022-10-21,2022-11-20,2022-11-28,8539.18,8539.18,0.0,0,PAID,PAID,SERVICES,EAST
INV-05959,CUS-0002,2023-05-24,2023-07-08,2023-07-06,573.51,573.51,0.0,0,PAID,PAID,SERVICES,NORTH
INV-05960,CUS-0397,2023-06-19,2023-08-18,2023-08-16,5133.25,5133.25,0.0,0,PAID,PAID,SOFTWARE,SOUTH
INV-05961,CUS-0162,2022-07-03,2022-08-02,2022-07-31,2601.98,2601.98,0.0,0,PAID,PAID,MAINTENANCE,SOUTH
INV-05962,CUS-0021,2024-03-05,2024-04-04,2024-04-04,1213.91,1213.91,0.0,0,PAID,PAID,SOFTWARE,WEST
INV-05963,CUS-0233,2024-03-11,2024-04-10,2024-04-05,802.91,802.91,0.0,0,PAID,PAID,HARDWARE,EAST
INV-05964,CUS-0476,2022-12-17,2023-02-15,2023-02-12,20702.39,20702.39,0.0,0,PAID,PAID,SOFTWARE,NORTH
INV-05965,CUS-0339,2023-05-25,2023-07-09,2023-07-09,69900.0,69900.0,0.0,0,PAID,PAID,MAINTENANCE,SOUTH
INV-05966,CUS-0058,2023-05-10,2023-07-09,,1693.91,986.89,707.02,266,90+,PARTIAL,HARDWARE,EAST
INV-05967,CUS-0253,2022-07-08,2022-08-22,2022-08-17,3818.74,3818.74,0.0,0,PAID,PAID,SOFTWARE,WEST
INV-05968,CUS-0493,2024-03-14,2024-04-13,2024-04-09,857.65,857.65,0.0,0,PAID,PAID,MAINTENANCE,WEST
INV-05969,CUS-0052,2024-02-05,2024-04-05,2024-04-03,4623.22,4623.22,0.0,0,PAID,PAID,MAINTENANCE,WEST
INV-05970,CUS-0497,2023-03-21,2023-04-20,2023-04-29,9499.61,9499.61,0.0,0,PAID,PAID,MAINTENANCE,WEST
INV-05971,CUS-0240,2024-03-15,2024-05-14,2024-05-13,14293.4,14293.4,0.0,0,PAID,PAID,MAINTENANCE,SOUTH
INV-05972,CUS-0185,2023-09-07,2023-11-06,2023-11-04,14197.83,14197.83,0.0,0,PAID,PAID,SOFTWARE,NORTH
INV-05973,CUS-0144,2023-01-09,2023-02-08,2023-02-08,2136.17,2136.17,0.0,0,PAID,PAID,HARDWARE,NORTH
INV-05974,CUS-0045,2023-10-22,2023-12-21,2023-12-18,6014.81,6014.81,0.0,0,PAID,PAID,MAINTENANCE,NORTH
INV-05975,CUS-0046,2022-05-14,2022-06-13,2022-06-13,1600.19,1600.19,0.0,0,PAID,PAID,SERVICES,NORTH
INV-05976,CUS-0288,2024-02-26,2024-04-26,2024-04-22,21470.02,21470.02,0.0,0,PAID,PAID,SERVICES,WEST
INV-05977,CUS-0113,2023-02-08,2023-03-25,2023-03-22,973.19,973.19,0.0,0,PAID,PAID,SOFTWARE,SOUTH
INV-05978,CUS-0484,2022-12-12,2023-01-11,2023-01-12,843.69,843.69,0.0,0,PAID,PAID,MAINTENANCE,NORTH
INV-05979,CUS-0469,2023-01-01,2023-02-15,2023-02-13,23983.64,23983.64,0.0,0,PAID,PAID,MAINTENANCE,EAST
INV-05980,CUS-0156,2023-03-21,2023-05-20,2023-05-17,5193.29,5193.29,0.0,0,PAID,PAID,SOFTWARE,EAST
INV-05981,CUS-0347,2023-07-25,2023-08-24,,4225.7,0.0,4225.7,220,90+,OVERDUE,SERVICES,SOUTH
INV-05982,CUS-0044,2023-12-10,2024-01-09,2024-01-08,2231.97,2231.97,0.0,0,PAID,PAID,MAINTENANCE,NORTH
INV-05983,CUS-0075,2023-01-25,2023-03-26,2023-04-11,967.65,967.65,0.0,0,PAID,PAID,SERVICES,WEST
INV-05984,CUS-0241,2023-12-25,2024-02-23,2024-02-23,101.87,101.87,0.0,0,PAID,PAID,HARDWARE,SOUTH
INV-05985,CUS-0027,2022-10-13,2022-11-12,2022-11-07,2121.98,2121.98,0.0,0,PAID,PAID,MAINTENANCE,NORTH
INV-05986,CUS-0214,2024-03-24,2024-04-23,2024-04-22,862.17,862.17,0.0,0,PAID,PAID,SOFTWARE,WEST
INV-05987,CUS-0289,2023-07-13,2023-08-12,2023-09-01,3011.97,3011.97,0.0,0,PAID,PAID,SERVICES,NORTH
INV-05988,CUS-0269,2022-06-05,2022-07-20,2022-07-28,202.9,202.9,0.0,0,PAID,PAID,MAINTENANCE,WEST
INV-05989,CUS-0393,2023-10-25,2023-12-09,2023-12-04,1737.64,1737.64,0.0,0,PAID,PAID,HARDWARE,WEST
INV-05990,CUS-0458,2023-12-26,2024-01-25,2024-01-20,3897.97,3897.97,0.0,0,PAID,PAID,MAINTENANCE,EAST
INV-05991,CUS-0049,2022-06-10,2022-07-25,,1177.4,0.0,1177.4,615,90+,OVERDUE,MAINTENANCE,EAST
INV-05992,CUS-0496,2023-09-02,2023-10-02,2023-10-02,1372.69,1372.69,0.0,0,PAID,PAID,MAINTENANCE,SOUTH
INV-05993,CUS-0037,2022-07-07,2022-08-06,2022-08-01,217.39,217.39,0.0,0,PAID,PAID,SERVICES,SOUTH
INV-05994,CUS-0143,2023-05-30,2023-07-14,2023-07-10,1344.19,1344.19,0.0,0,PAID,PAID,SERVICES,WEST
INV-05995,CUS-0261,2022-10-24,2022-12-23,2022-12-21,1574.52,1574.52,0.0,0,PAID,PAID,SERVICES,NORTH
INV-05996,CUS-0337,2023-06-17,2023-08-16,,29760.32,16310.93,13449.39,228,90+,PARTIAL,MAINTENANCE,SOUTH
INV-05997,CUS-0359,2023-12-04,2024-01-03,2023-12-30,5027.58,5027.58,0.0,0,PAID,PAID,HARDWARE,SOUTH
INV-05998,CUS-0224,2023-10-07,2023-11-06,2023-11-24,5310.58,5310.58,0.0,0,PAID,PAID,SOFTWARE,WEST
INV-05999,CUS-0017,2023-02-08,2023-04-09,2023-04-09,1430.06,1430.06,0.0,0,PAID,PAID,MAINTENANCE,WEST
INV-06000,CUS-0270,2024-01-12,2024-03-12,2024-03-08,1977.12,1977.12,0.0,0,PAID,PAID,SERVICES,EAST
INV-06001,CUS-0381,2023-03-11,2023-04-10,2023-04-28,2313.85,2313.85,0.0,0,PAID,PAID,SERVICES,SOUTH
INV-06002,CUS-0256,2023-01-16,2023-03-17,2023-03-16,1496.23,1496.23,0.0,0,PAID,PAID,HARDWARE,WEST
INV-06003,CUS-0113,2024-01-22,2024-03-07,2024-03-02,16756.07,16756.07,0.0,0,PAID,PAID,SERVICES,SOUTH
INV-06004,CUS-0491,2022-08-31,2022-10-15,2022-10-15,1020.33,1020.33,0.0,0,PAID,PAID,HARDWARE,EAST
INV-06005,CUS-0175,2022-10-30,2022-12-29,2022-12-24,4033.76,4033.76,0.0,0,PAID,PAID,HARDWARE,SOUTH
INV-06006,CUS-0131,2023-08-17,2023-09-16,2023-09-15,1007.96,1007.96,0.0,0,PAID,PAID,HARDWARE,SOUTH
INV-06007,CUS-0327,2023-08-14,2023-09-13,2023-09-10,4439.87,4439.87,0.0,0,PAID,PAID,SERVICES,EAST
INV-06008,CUS-0324,2022-11-21,2023-01-05,,15537.86,0.0,15537.86,451,90+,OVERDUE,HARDWARE,WEST
INV-06009,CUS-0395,2023-02-02,2023-03-19,,14913.42,8012.49,6900.93,378,90+,PARTIAL,SERVICES,EAST
INV-06010,CUS-0049,2022-09-09,2022-10-24,,735.77,0.0,735.77,524,90+,OVERDUE,HARDWARE,SOUTH
INV-06011,CUS-0280,2023-02-11,2023-04-12,2023-04-11,1210.83,1210.83,0.0,0,PAID,PAID,SOFTWARE,NORTH
INV-06012,CUS-0022,2023-02-18,2023-04-19,2023-04-14,21121.37,21121.37,0.0,0,PAID,PAID,SERVICES,SOUTH
INV-06013,CUS-0032,2023-08-12,2023-10-11,2023-10-09,8689.39,8689.39,0.0,0,PAID,PAID,HARDWARE,NORTH
INV-06014,CUS-0184,2022-09-07,2022-10-22,2022-10-22,39786.93,39786.93,0.0,0,PAID,PAID,SOFTWARE,NORTH
INV-06015,CUS-0132,2023-10-07,2023-11-21,,2689.72,0.0,2689.72,131,90+,OVERDUE,SOFTWARE,NORTH
INV-06016,CUS-0426,2023-07-10,2023-08-24,2023-08-24,1034.52,1034.52,0.0,0,PAID,PAID,HARDWARE,SOUTH
INV-06017,CUS-0314,2023-10-06,2023-12-05,,2279.85,0.0,2279.85,117,90+,OVERDUE,SERVICES,EAST
INV-06018,CUS-0393,2022-05-12,2022-06-26,2022-06-21,866.76,866.76,0.0,0,PAID,PAID,MAINTENANCE,SOUTH
INV-06019,CUS-0078,2022-10-05,2022-11-19,2022-11-16,715.03,715.03,0.0,0,PAID,PAID,MAINTENANCE,SOUTH
INV-06020,CUS-0008,2022-10-10,2022-12-09,2022-12-04,22578.83,22578.83,0.0,0,PAID,PAID,SERVICES,EAST
INV-06021,CUS-0474,2022-12-10,2023-02-08,2023-02-08,1987.92,1987.92,0.0,0,PAID,PAID,SERVICES,NORTH
INV-06022,CUS-0030,2023-02-20,2023-03-22,2023-03-17,30243.66,30243.66,0.0,0,PAID,PAID,SOFTWARE,SOUTH
INV-06023,CUS-0401,2022-12-26,2023-02-09,2023-03-09,77132.44,77132.44,0.0,0,PAID,PAID,SOFTWARE,EAST
INV-06024,CUS-0298,2023-12-31,2024-01-30,2024-01-29,688.5,688.5,0.0,0,PAID,PAID,SERVICES,EAST
INV-06025,CUS-0432,2023-05-22,2023-07-06,,2106.57,1284.17,822.4,269,90+,PARTIAL,HARDWARE,EAST
INV-06026,CUS-0387,2023-05-10,2023-06-09,,13163.57,7064.88,6098.69,296,90+,PARTIAL,SOFTWARE,NORTH
INV-06027,CUS-0210,2023-09-28,2023-11-27,,5134.68,0.0,5134.68,125,90+,OVERDUE,HARDWARE,WEST
INV-06028,CUS-0366,2023-08-31,2023-09-30,2023-09-26,5986.39,5986.39,0.0,0,PAID,PAID,SERVICES,EAST
INV-06029,CUS-0025,2022-11-16,2022-12-16,2022-12-13,14029.54,14029.54,0.0,0,PAID,PAID,MAINTENANCE,NORTH
INV-06030,CUS-0458,2022-11-15,2022-12-15,2022-12-10,518.32,518.32,0.0,0,PAID,PAID,SERVICES,EAST
INV-06031,CUS-0398,2023-12-10,2024-01-09,2024-02-06,6651.71,6651.71,0.0,0,PAID,PAID,SERVICES,NORTH
INV-06032,CUS-0440,2023-12-07,2024-01-06,2024-01-04,1613.89,1613.89,0.0,0,PAID,PAID,MAINTENANCE,EAST
INV-06033,CUS-0023,2023-04-13,2023-06-12,2023-06-10,3109.42,3109.42,0.0,0,PAID,PAID,HARDWARE,WEST
INV-06034,CUS-0198,2022-04-22,2022-06-21,2022-07-03,1191.14,1191.14,0.0,0,PAID,PAID,SERVICES,EAST
INV-06035,CUS-0347,2022-10-22,2022-11-21,2022-11-19,7426.97,7426.97,0.0,0,PAID,PAID,HARDWARE,NORTH
INV-06036,CUS-0288,2022-11-13,2023-01-12,2023-01-09,6300.6,6300.6,0.0,0,PAID,PAID,MAINTENANCE,EAST
INV-06037,CUS-0076,2023-02-13,2023-04-14,2023-04-11,42058.99,42058.99,0.0,0,PAID,PAID,MAINTENANCE,WEST
INV-06038,CUS-0406,2023-04-28,2023-06-27,2023-06-26,2767.55,2767.55,0.0,0,PAID,PAID,SERVICES,EAST
INV-06039,CUS-0402,2022-12-03,2023-01-02,2022-12-29,19645.39,19645.39,0.0,0,PAID,PAID,MAINTENANCE,SOUTH
INV-06040,CUS-0097,2024-03-22,2024-05-21,2024-05-20,4123.74,4123.74,0.0,0,PAID,PAID,MAINTENANCE,WEST
INV-06041,CUS-0475,2022-09-08,2022-10-23,2022-10-23,8422.73,8422.73,0.0,0,PAID,PAID,SERVICES,EAST
INV-06042,CUS-0004,2023-10-21,2023-12-05,2023-12-03,2238.2,2238.2,0.0,0,PAID,PAID,SERVICES,WEST
INV-06043,CUS-0372,2023-07-29,2023-08-28,2023-09-27,5477.55,5477.55,0.0,0,PAID,PAID,HARDWARE,WEST
INV-06044,CUS-0142,2023-08-29,2023-09-28,2023-09-23,3237.66,3237.66,0.0,0,PAID,PAID,SERVICES,WEST
INV-06045,CUS-0473,2023-07-27,2023-08-26,2023-08-24,974.43,974.43,0.0,0,PAID,PAID,SERVICES,SOUTH
INV-06046,CUS-0334,2023-02-23,2023-04-09,,26249.94,17641.32,8608.62,357,90+,PARTIAL,MAINTENANCE,WEST
INV-06047,CUS-0386,2023-10-19,2023-12-18,2023-12-14,445.94,445.94,0.0,0,PAID,PAID,HARDWARE,WEST
INV-06048,CUS-0111,2024-02-07,2024-03-23,2024-03-22,4118.38,4118.38,0.0,0,PAID,PAID,SOFTWARE,WEST
INV-06049,CUS-0242,2022-11-10,2022-12-10,2022-12-07,2756.98,2756.98,0.0,0,PAID,PAID,SERVICES,SOUTH
INV-06050,CUS-0172,2023-10-01,2023-11-15,2023-12-12,1870.49,1870.49,0.0,0,PAID,PAID,SERVICES,NORTH
INV-06051,CUS-0338,2023-12-20,2024-02-18,2024-02-15,2563.97,2563.97,0.0,0,PAID,PAID,HARDWARE,NORTH
INV-06052,CUS-0041,2022-07-21,2022-08-20,2022-08-18,21664.26,21664.26,0.0,0,PAID,PAID,SERVICES,SOUTH
INV-06053,CUS-0309,2023-04-06,2023-06-05,2023-06-01,12154.43,12154.43,0.0,0,PAID,PAID,SERVICES,EAST
INV-06054,CUS-0434,2023-05-07,2023-06-06,,2804.07,1915.99,888.08,299,90+,PARTIAL,MAINTENANCE,SOUTH
INV-06055,CUS-0214,2023-11-14,2023-12-14,2023-12-09,3872.41,3872.41,0.0,0,PAID,PAID,MAINTENANCE,WEST
INV-06056,CUS-0111,2022-08-27,2022-10-11,2022-10-07,1955.05,1955.05,0.0,0,PAID,PAID,SERVICES,NORTH
INV-06057,CUS-0286,2023-03-17,2023-05-01,,5941.61,0.0,5941.61,335,90+,OVERDUE,HARDWARE,NORTH
INV-06058,CUS-0123,2023-04-22,2023-06-06,2023-06-01,3631.07,3631.07,0.0,0,PAID,PAID,HARDWARE,EAST
INV-06059,CUS-0190,2023-04-11,2023-05-26,2023-05-26,733.04,733.04,0.0,0,PAID,PAID,SERVICES,EAST
INV-06060,CUS-0235,2023-04-04,2023-05-19,2023-06-13,2974.97,2974.97,0.0,0,PAID,PAID,SOFTWARE,NORTH
INV-06061,CUS-0035,2024-03-28,2024-05-12,,36757.63,14307.06,22450.57,0,CURRENT,PARTIAL,MAINTENANCE,NORTH
INV-06062,CUS-0473,2022-07-30,2022-08-29,2022-09-18,7312.74,7312.74,0.0,0,PAID,PAID,SOFTWARE,NORTH
INV-06063,CUS-0074,2024-02-21,2024-03-22,2024-03-18,46161.93,46161.93,0.0,0,PAID,PAID,SERVICES,NORTH
INV-06064,CUS-0017,2023-03-04,2023-05-03,2023-05-01,8400.92,8400.92,0.0,0,PAID,PAID,SOFTWARE,NORTH
INV-06065,CUS-0340,2024-03-11,2024-05-10,2024-05-09,1935.62,1935.62,0.0,0,PAID,PAID,SOFTWARE,NORTH
INV-06066,CUS-0250,2023-02-22,2023-03-24,2023-03-24,11572.22,11572.22,0.0,0,PAID,PAID,HARDWARE,SOUTH
INV-06067,CUS-0178,2023-02-16,2023-04-02,2023-04-21,18462.69,18462.69,0.0,0,PAID,PAID,MAINTENANCE,SOUTH
INV-06068,CUS-0169,2023-06-17,2023-07-17,2023-07-16,856.81,856.81,0.0,0,PAID,PAID,HARDWARE,SOUTH
INV-06069,CUS-0163,2022-12-20,2023-02-18,2023-02-13,2430.94,2430.94,0.0,0,PAID,PAID,HARDWARE,SOUTH
INV-06070,CUS-0446,2022-06-21,2022-08-20,2022-08-17,3480.52,3480.52,0.0,0,PAID,PAID,HARDWARE,WEST
INV-06071,CUS-0484,2022-12-02,2023-01-01,2022-12-31,130.52,130.52,0.0,0,PAID,PAID,SERVICES,SOUTH
INV-06072,CUS-0126,2022-11-10,2023-01-09,2023-01-07,3115.94,3115.94,0.0,0,PAID,PAID,HARDWARE,SOUTH
INV-06073,CUS-0456,2022-07-01,2022-08-30,2022-08-27,2570.48,2570.48,0.0,0,PAID,PAID,MAINTENANCE,EAST
INV-06074,CUS-0067,2022-09-18,2022-11-17,2022-12-11,8701.03,8701.03,0.0,0,PAID,PAID,MAINTENANCE,EAST
INV-06075,CUS-0232,2022-07-19,2022-08-18,2022-08-16,1557.62,1557.62,0.0,0,PAID,PAID,MAINTENANCE,SOUTH
INV-06076,CUS-0097,2024-03-13,2024-05-12,2024-05-08,53955.03,53955.03,0.0,0,PAID,PAID,MAINTENANCE,WEST
INV-06077,CUS-0146,2023-07-26,2023-09-09,2023-09-04,1537.71,1537.71,0.0,0,PAID,PAID,SERVICES,NORTH
INV-06078,CUS-0148,2023-11-26,2024-01-25,2024-01-23,20870.38,20870.38,0.0,0,PAID,PAID,SERVICES,SOUTH
INV-06079,CUS-0005,2023-11-12,2024-01-11,2024-01-08,2307.62,2307.62,0.0,0,PAID,PAID,HARDWARE,EAST
INV-06080,CUS-0097,2022-09-12,2022-11-11,2022-11-07,27671.44,27671.44,0.0,0,PAID,PAID,SOFTWARE,EAST
INV-06081,CUS-0268,2023-01-16,2023-02-15,2023-02-13,3028.97,3028.97,0.0,0,PAID,PAID,SERVICES,WEST
INV-06082,CUS-0382,2024-02-29,2024-04-29,2024-04-28,2689.86,2689.86,0.0,0,PAID,PAID,SOFTWARE,EAST
INV-06083,CUS-0391,2023-05-01,2023-06-15,,460.46,0.0,460.46,290,90+,OVERDUE,MAINTENANCE,NORTH
INV-06084,CUS-0340,2023-07-12,2023-09-10,,2143.02,1447.6,695.42,203,90+,PARTIAL,MAINTENANCE,EAST
INV-06085,CUS-0033,2023-02-07,2023-03-09,2023-03-05,42706.77,42706.77,0.0,0,PAID,PAID,MAINTENANCE,WEST
INV-06086,CUS-0201,2022-06-05,2022-07-20,2022-08-15,903.73,903.73,0.0,0,PAID,PAID,HARDWARE,NORTH
INV-06087,CUS-0377,2022-10-16,2022-11-15,,10746.1,0.0,10746.1,502,90+,OVERDUE,SOFTWARE,SOUTH
INV-06088,CUS-0035,2023-12-29,2024-02-12,,9140.84,5118.6,4022.24,48,31-60,PARTIAL,SOFTWARE,EAST
INV-06089,CUS-0474,2022-09-06,2022-11-05,2022-11-02,10078.73,10078.73,0.0,0,PAID,PAID,SOFTWARE,SOUTH
INV-06090,CUS-0060,2022-09-25,2022-10-25,2022-10-24,10359.13,10359.13,0.0,0,PAID,PAID,SOFTWARE,WEST
INV-06091,CUS-0497,2023-01-15,2023-02-14,2023-02-11,833.56,833.56,0.0,0,PAID,PAID,HARDWARE,SOUTH
INV-06092,CUS-0338,2023-07-27,2023-09-25,2023-09-23,48918.44,48918.44,0.0,0,PAID,PAID,SERVICES,WEST
INV-06093,CUS-0111,2024-03-19,2024-05-03,2024-05-01,8758.04,8758.04,0.0,0,PAID,PAID,SERVICES,EAST
INV-06094,CUS-0374,2023-12-19,2024-02-17,2024-02-15,8268.65,8268.65,0.0,0,PAID,PAID,MAINTENANCE,WEST
INV-06095,CUS-0126,2023-06-06,2023-08-05,2023-08-02,359.78,359.78,0.0,0,PAID,PAID,MAINTENANCE,NORTH
INV-06096,CUS-0179,2022-06-30,2022-08-29,,16059.78,6984.87,9074.91,580,90+,PARTIAL,SOFTWARE,WEST
INV-06097,CUS-0101,2022-08-03,2022-09-02,2022-08-30,449.81,449.81,0.0,0,PAID,PAID,MAINTENANCE,EAST
INV-06098,CUS-0139,2022-08-15,2022-09-29,2022-10-08,2855.59,2855.59,0.0,0,PAID,PAID,SOFTWARE,WEST
INV-06099,CUS-0339,2023-06-22,2023-08-06,2023-08-06,36752.97,36752.97,0.0,0,PAID,PAID,SERVICES,WEST
INV-06100,CUS-0252,2022-05-21,2022-06-20,2022-07-04,8633.63,8633.63,0.0,0,PAID,PAID,SERVICES,SOUTH
INV-06101,CUS-0480,2023-06-14,2023-07-14,2023-07-13,580.69,580.69,0.0,0,PAID,PAID,HARDWARE,NORTH
INV-06102,CUS-0141,2022-07-21,2022-09-19,2022-09-14,11919.78,11919.78,0.0,0,PAID,PAID,MAINTENANCE,WEST
INV-06103,CUS-0383,2023-03-10,2023-04-09,2023-04-13,1553.79,1553.79,0.0,0,PAID,PAID,SERVICES,SOUTH
INV-06104,CUS-0056,2024-03-09,2024-04-08,2024-04-08,2367.75,2367.75,0.0,0,PAID,PAID,HARDWARE,EAST
INV-06105,CUS-0010,2022-08-03,2022-09-02,2022-08-30,6469.13,6469.13,0.0,0,PAID,PAID,SERVICES,NORTH
INV-06106,CUS-0168,2023-05-07,2023-07-06,2023-07-02,225.12,225.12,0.0,0,PAID,PAID,SERVICES,NORTH
INV-06107,CUS-0226,2023-08-05,2023-09-04,2023-09-03,467.29,467.29,0.0,0,PAID,PAID,SOFTWARE,SOUTH
INV-06108,CUS-0326,2022-06-28,2022-08-27,,354.17,164.44,189.73,582,90+,PARTIAL,SOFTWARE,SOUTH
INV-06109,CUS-0393,2024-03-27,2024-05-11,2024-06-02,1966.2,1966.2,0.0,0,PAID,PAID,HARDWARE,EAST
INV-06110,CUS-0065,2023-11-08,2023-12-08,2023-12-04,632.69,632.69,0.0,0,PAID,PAID,HARDWARE,NORTH
INV-06111,CUS-0146,2022-05-22,2022-07-06,2022-07-01,10163.64,10163.64,0.0,0,PAID,PAID,HARDWARE,WEST
INV-06112,CUS-0227,2023-04-28,2023-05-28,2023-05-27,21799.46,21799.46,0.0,0,PAID,PAID,SOFTWARE,NORTH
INV-06113,CUS-0174,2023-05-30,2023-07-29,2023-07-24,388.32,388.32,0.0,0,PAID,PAID,SERVICES,WEST
INV-06114,CUS-0186,2023-02-18,2023-04-04,2023-04-04,11573.93,11573.93,0.0,0,PAID,PAID,SERVICES,SOUTH
INV-06115,CUS-0196,2023-10-28,2023-12-12,2023-12-11,2636.32,2636.32,0.0,0,PAID,PAID,SERVICES,WEST
INV-06116,CUS-0425,2022-12-08,2023-01-07,,492.36,305.61,186.75,449,90+,PARTIAL,SOFTWARE,EAST
INV-06117,CUS-0337,2022-04-21,2022-06-20,,32347.53,16222.94,16124.59,650,90+,PARTIAL,SOFTWARE,NORTH
INV-06118,CUS-0340,2023-12-27,2024-02-25,2024-02-25,106846.11,106846.11,0.0,0,PAID,PAID,MAINTENANCE,WEST
INV-06119,CUS-0051,2022-05-08,2022-06-22,2022-06-22,1944.1,1944.1,0.0,0,PAID,PAID,MAINTENANCE,NORTH
INV-06120,CUS-0333,2022-04-03,2022-06-02,2022-06-01,3755.25,3755.25,0.0,0,PAID,PAID,SOFTWARE,NORTH
INV-06121,CUS-0414,2024-03-19,2024-05-18,2024-05-15,3171.84,3171.84,0.0,0,PAID,PAID,SERVICES,EAST
INV-06122,CUS-0004,2023-11-02,2023-12-17,2023-12-17,50440.15,50440.15,0.0,0,PAID,PAID,SERVICES,WEST
INV-06123,CUS-0132,2023-10-22,2023-12-06,,7849.21,0.0,7849.21,116,90+,OVERDUE,SOFTWARE,NORTH
INV-06124,CUS-0085,2023-01-03,2023-03-04,2023-03-04,2527.65,2527.65,0.0,0,PAID,PAID,SOFTWARE,WEST
INV-06125,CUS-0104,2024-02-01,2024-04-01,2024-04-01,7412.73,7412.73,0.0,0,PAID,PAID,SOFTWARE,WEST
INV-06126,CUS-0157,2023-09-20,2023-10-20,2023-10-17,11302.41,11302.41,0.0,0,PAID,PAID,HARDWARE,SOUTH
INV-06127,CUS-0003,2023-12-20,2024-02-03,2024-02-03,35988.57,35988.57,0.0,0,PAID,PAID,MAINTENANCE,EAST
INV-06128,CUS-0245,2022-08-14,2022-10-13,2022-10-27,14173.54,14173.54,0.0,0,PAID,PAID,SOFTWARE,EAST
INV-06129,CUS-0428,2023-03-31,2023-05-15,2023-05-13,13213.91,13213.91,0.0,0,PAID,PAID,SOFTWARE,WEST
INV-06130,CUS-0138,2024-01-10,2024-02-24,2024-03-24,4574.18,4574.18,0.0,0,PAID,PAID,HARDWARE,SOUTH
INV-06131,CUS-0485,2024-02-12,2024-04-12,2024-04-28,2264.12,2264.12,0.0,0,PAID,PAID,HARDWARE,SOUTH
INV-06132,CUS-0060,2023-04-06,2023-05-06,2023-05-06,26598.65,26598.65,0.0,0,PAID,PAID,HARDWARE,NORTH
INV-06133,CUS-0449,2024-01-08,2024-02-07,2024-03-06,15737.42,15737.42,0.0,0,PAID,PAID,MAINTENANCE,WEST
INV-06134,CUS-0421,2023-09-29,2023-11-28,2023-11-28,23630.93,23630.93,0.0,0,PAID,PAID,SERVICES,WEST
INV-06135,CUS-0149,2022-08-03,2022-09-17,2022-09-16,58040.95,58040.95,0.0,0,PAID,PAID,HARDWARE,NORTH
INV-06136,CUS-0032,2023-08-23,2023-10-22,2023-10-17,4698.54,4698.54,0.0,0,PAID,PAID,SOFTWARE,SOUTH
INV-06137,CUS-0312,2023-12-07,2024-01-21,2024-01-20,17902.25,17902.25,0.0,0,PAID,PAID,SOFTWARE,SOUTH
INV-06138,CUS-0150,2024-01-05,2024-02-19,2024-02-17,2636.94,2636.94,0.0,0,PAID,PAID,SERVICES,EAST
INV-06139,CUS-0431,2022-12-20,2023-02-03,,117.1,0.0,117.1,422,90+,OVERDUE,MAINTENANCE,EAST
INV-06140,CUS-0077,2023-05-04,2023-07-03,2023-07-03,19444.16,19444.16,0.0,0,PAID,PAID,MAINTENANCE,EAST
INV-06141,CUS-0013,2023-11-20,2023-12-20,2023-12-20,8672.17,8672.17,0.0,0,PAID,PAID,SOFTWARE,NORTH
INV-06142,CUS-0338,2022-09-06,2022-11-05,2022-11-02,4307.87,4307.87,0.0,0,PAID,PAID,SERVICES,WEST
INV-06143,CUS-0444,2024-02-08,2024-04-08,2024-04-30,4602.28,4602.28,0.0,0,PAID,PAID,SERVICES,NORTH
INV-06144,CUS-0223,2024-03-03,2024-05-02,2024-05-02,31390.06,31390.06,0.0,0,PAID,PAID,SERVICES,NORTH
INV-06145,CUS-0200,2022-12-17,2023-01-16,2023-01-14,2364.59,2364.59,0.0,0,PAID,PAID,HARDWARE,EAST
INV-06146,CUS-0204,2023-07-05,2023-08-19,2023-08-18,8767.76,8767.76,0.0,0,PAID,PAID,SOFTWARE,EAST
INV-06147,CUS-0284,2022-04-21,2022-06-05,2022-05-31,521.97,521.97,0.0,0,PAID,PAID,SOFTWARE,SOUTH
INV-06148,CUS-0288,2022-07-02,2022-08-31,2022-08-30,2206.35,2206.35,0.0,0,PAID,PAID,HARDWARE,EAST
INV-06149,CUS-0155,2022-05-26,2022-07-25,2022-08-06,1098.66,1098.66,0.0,0,PAID,PAID,SERVICES,SOUTH
INV-06150,CUS-0165,2024-01-29,2024-02-28,2024-02-28,1824.45,1824.45,0.0,0,PAID,PAID,HARDWARE,EAST
INV-06151,CUS-0054,2023-06-16,2023-07-16,2023-07-14,10637.55,10637.55,0.0,0,PAID,PAID,SOFTWARE,WEST
INV-06152,CUS-0441,2022-08-10,2022-09-09,2022-09-04,1342.09,1342.09,0.0,0,PAID,PAID,SOFTWARE,NORTH
INV-06153,CUS-0438,2022-12-12,2023-01-26,2023-01-21,15721.12,15721.12,0.0,0,PAID,PAID,SERVICES,WEST
INV-06154,CUS-0074,2023-05-30,2023-06-29,2023-06-28,50790.15,50790.15,0.0,0,PAID,PAID,SERVICES,SOUTH
INV-06155,CUS-0421,2023-03-05,2023-05-04,,7845.27,5241.98,2603.29,332,90+,PARTIAL,MAINTENANCE,NORTH
INV-06156,CUS-0364,2023-08-17,2023-10-16,2023-10-12,4885.95,4885.95,0.0,0,PAID,PAID,SERVICES,WEST
INV-06157,CUS-0394,2023-04-23,2023-06-07,2023-06-03,6114.67,6114.67,0.0,0,PAID,PAID,MAINTENANCE,EAST
INV-06158,CUS-0307,2023-03-22,2023-05-21,2023-05-21,1453.3,1453.3,0.0,0,PAID,PAID,MAINTENANCE,SOUTH
INV-06159,CUS-0071,2022-06-15,2022-07-30,2022-07-25,18018.58,18018.58,0.0,0,PAID,PAID,HARDWARE,NORTH
INV-06160,CUS-0351,2022-12-07,2023-02-05,2023-02-01,674.78,674.78,0.0,0,PAID,PAID,HARDWARE,WEST
INV-06161,CUS-0115,2023-06-08,2023-08-07,2023-08-02,50861.13,50861.13,0.0,0,PAID,PAID,HARDWARE,WEST
INV-06162,CUS-0218,2023-09-06,2023-11-05,,5625.48,0.0,5625.48,147,90+,OVERDUE,MAINTENANCE,EAST
INV-06163,CUS-0287,2024-01-15,2024-03-15,2024-03-15,357.12,357.12,0.0,0,PAID,PAID,SERVICES,EAST
INV-06164,CUS-0436,2022-06-25,2022-07-25,2022-07-20,3962.82,3962.82,0.0,0,PAID,PAID,SERVICES,EAST
INV-06165,CUS-0224,2023-06-18,2023-07-18,,7227.34,3133.92,4093.42,257,90+,PARTIAL,SOFTWARE,EAST
INV-06166,CUS-0181,2022-09-11,2022-10-26,2022-10-21,3276.5,3276.5,0.0,0,PAID,PAID,MAINTENANCE,WEST
INV-06167,CUS-0445,2023-06-30,2023-08-14,2023-08-12,1494.06,1494.06,0.0,0,PAID,PAID,MAINTENANCE,SOUTH
INV-06168,CUS-0102,2023-05-30,2023-07-29,2023-07-24,3937.1,3937.1,0.0,0,PAID,PAID,SERVICES,WEST
INV-06169,CUS-0490,2023-08-21,2023-10-05,2023-09-30,6577.61,6577.61,0.0,0,PAID,PAID,SOFTWARE,WEST
INV-06170,CUS-0497,2022-09-28,2022-10-28,2022-11-24,787.78,787.78,0.0,0,PAID,PAID,SOFTWARE,WEST
INV-06171,CUS-0001,2022-11-01,2022-12-31,2023-01-30,354.17,354.17,0.0,0,PAID,PAID,MAINTENANCE,NORTH
INV-06172,CUS-0257,2022-06-15,2022-07-15,2022-08-01,1003.98,1003.98,0.0,0,PAID,PAID,HARDWARE,NORTH
INV-06173,CUS-0370,2023-02-08,2023-03-25,,8024.95,0.0,8024.95,372,90+,OVERDUE,SOFTWARE,WEST
INV-06174,CUS-0284,2022-04-14,2022-05-29,2022-05-25,846.77,846.77,0.0,0,PAID,PAID,HARDWARE,EAST
INV-06175,CUS-0386,2022-06-25,2022-08-24,2022-08-24,766.06,766.06,0.0,0,PAID,PAID,MAINTENANCE,NORTH
INV-06176,CUS-0406,2023-09-22,2023-11-21,2023-11-26,24614.93,24614.93,0.0,0,PAID,PAID,MAINTENANCE,WEST
INV-06177,CUS-0195,2023-01-17,2023-03-03,2023-03-01,5743.75,5743.75,0.0,0,PAID,PAID,MAINTENANCE,WEST
INV-06178,CUS-0058,2023-08-03,2023-10-02,,2186.43,1342.38,844.05,181,90+,PARTIAL,HARDWARE,EAST
INV-06179,CUS-0425,2022-09-03,2022-10-03,2022-09-30,3558.42,3558.42,0.0,0,PAID,PAID,SOFTWARE,WEST
INV-06180,CUS-0488,2024-02-22,2024-04-22,2024-04-26,721.61,721.61,0.0,0,PAID,PAID,HARDWARE,EAST
INV-06181,CUS-0144,2022-06-08,2022-07-08,2022-07-03,11942.58,11942.58,0.0,0,PAID,PAID,MAINTENANCE,EAST
INV-06182,CUS-0400,2023-02-04,2023-03-21,2023-03-18,2989.68,2989.68,0.0,0,PAID,PAID,MAINTENANCE,SOUTH
INV-06183,CUS-0413,2023-09-01,2023-10-16,,4656.94,2071.44,2585.5,167,90+,PARTIAL,HARDWARE,SOUTH
INV-06184,CUS-0337,2023-05-02,2023-07-01,2023-06-29,15439.44,15439.44,0.0,0,PAID,PAID,HARDWARE,SOUTH
INV-06185,CUS-0055,2024-02-25,2024-04-10,2024-04-05,5392.18,5392.18,0.0,0,PAID,PAID,MAINTENANCE,EAST
INV-06186,CUS-0024,2023-01-20,2023-03-06,2023-03-06,587.24,587.24,0.0,0,PAID,PAID,MAINTENANCE,EAST
INV-06187,CUS-0408,2023-04-03,2023-05-18,2023-05-13,29216.76,29216.76,0.0,0,PAID,PAID,SERVICES,WEST
INV-06188,CUS-0053,2023-02-18,2023-04-19,2023-04-15,762.56,762.56,0.0,0,PAID,PAID,HARDWARE,SOUTH
INV-06189,CUS-0433,2023-03-29,2023-04-28,2023-04-25,4366.15,4366.15,0.0,0,PAID,PAID,SERVICES,WEST
INV-06190,CUS-0230,2022-04-11,2022-05-26,2022-05-22,37238.15,37238.15,0.0,0,PAID,PAID,SOFTWARE,EAST
INV-06191,CUS-0141,2023-03-23,2023-05-22,2023-05-20,2272.18,2272.18,0.0,0,PAID,PAID,SOFTWARE,SOUTH
INV-06192,CUS-0081,2023-04-07,2023-05-07,2023-05-26,3269.15,3269.15,0.0,0,PAID,PAID,MAINTENANCE,NORTH
INV-06193,CUS-0234,2022-06-27,2022-07-27,2022-07-27,16114.25,16114.25,0.0,0,PAID,PAID,HARDWARE,SOUTH
INV-06194,CUS-0244,2022-04-17,2022-06-01,2022-06-30,1231.76,1231.76,0.0,0,PAID,PAID,SERVICES,WEST
INV-06195,CUS-0138,2023-07-21,2023-09-04,2023-09-01,8323.39,8323.39,0.0,0,PAID,PAID,HARDWARE,NORTH
INV-06196,CUS-0174,2022-11-05,2023-01-04,,858.64,0.0,858.64,452,90+,OVERDUE,SOFTWARE,SOUTH
INV-06197,CUS-0374,2024-03-15,2024-05-14,2024-05-09,7104.21,7104.21,0.0,0,PAID,PAID,HARDWARE,SOUTH
INV-06198,CUS-0281,2024-03-21,2024-05-20,2024-05-16,7798.01,7798.01,0.0,0,PAID,PAID,MAINTENANCE,SOUTH
INV-06199,CUS-0384,2023-11-07,2023-12-22,2023-12-19,23086.24,23086.24,0.0,0,PAID,PAID,SOFTWARE,WEST
INV-06200,CUS-0199,2022-12-27,2023-02-10,2023-02-08,3154.35,3154.35,0.0,0,PAID,PAID,SERVICES,SOUTH
INV-06201,CUS-0158,2023-01-18,2023-02-17,2023-02-17,1834.06,1834.06,0.0,0,PAID,PAID,SOFTWARE,EAST
INV-06202,CUS-0319,2024-03-10,2024-05-09,2024-05-05,1229.4,1229.4,0.0,0,PAID,PAID,HARDWARE,NORTH
INV-06203,CUS-0468,2023-02-01,2023-03-03,2023-02-28,6741.56,6741.56,0.0,0,PAID,PAID,SOFTWARE,EAST
INV-06204,CUS-0201,2024-02-23,2024-04-08,2024-04-07,1286.87,1286.87,0.0,0,PAID,PAID,SOFTWARE,SOUTH
INV-06205,CUS-0346,2023-07-15,2023-09-13,2023-09-13,7985.1,7985.1,0.0,0,PAID,PAID,MAINTENANCE,WEST
INV-06206,CUS-0437,2022-08-14,2022-10-13,2022-10-13,5218.81,5218.81,0.0,0,PAID,PAID,SOFTWARE,EAST
INV-06207,CUS-0338,2022-11-15,2023-01-14,2023-01-09,6676.15,6676.15,0.0,0,PAID,PAID,HARDWARE,EAST
INV-06208,CUS-0079,2024-03-26,2024-04-25,,3216.0,0.0,3216.0,0,CURRENT,OVERDUE,MAINTENANCE,WEST
INV-06209,CUS-0117,2023-02-07,2023-03-09,2023-03-28,620.37,620.37,0.0,0,PAID,PAID,HARDWARE,WEST
INV-06210,CUS-0113,2022-10-17,2022-12-01,2022-11-30,5576.52,5576.52,0.0,0,PAID,PAID,SERVICES,SOUTH
INV-06211,CUS-0240,2022-06-26,2022-08-25,2022-08-24,26996.89,26996.89,0.0,0,PAID,PAID,SERVICES,SOUTH
INV-06212,CUS-0316,2022-12-07,2023-01-21,2023-01-19,529.82,529.82,0.0,0,PAID,PAID,MAINTENANCE,EAST
INV-06213,CUS-0210,2022-04-26,2022-06-25,,1415.46,504.31,911.15,645,90+,PARTIAL,MAINTENANCE,SOUTH
INV-06214,CUS-0395,2023-11-04,2023-12-19,2023-12-17,2464.11,2464.11,0.0,0,PAID,PAID,HARDWARE,SOUTH
INV-06215,CUS-0212,2024-01-25,2024-03-25,2024-03-23,6356.98,6356.98,0.0,0,PAID,PAID,MAINTENANCE,EAST
INV-06216,CUS-0389,2022-11-24,2022-12-24,2022-12-20,4329.87,4329.87,0.0,0,PAID,PAID,SERVICES,SOUTH
INV-06217,CUS-0181,2023-03-12,2023-04-26,2023-04-23,396.52,396.52,0.0,0,PAID,PAID,MAINTENANCE,WEST
INV-06218,CUS-0134,2023-09-12,2023-11-11,2023-11-07,1013.91,1013.91,0.0,0,PAID,PAID,SERVICES,EAST
INV-06219,CUS-0367,2023-05-12,2023-06-11,2023-06-09,5565.1,5565.1,0.0,0,PAID,PAID,SOFTWARE,EAST
INV-06220,CUS-0232,2023-04-16,2023-05-16,2023-05-16,536.3,536.3,0.0,0,PAID,PAID,HARDWARE,NORTH
INV-06221,CUS-0459,2023-11-13,2023-12-13,2023-12-10,1692.31,1692.31,0.0,0,PAID,PAID,MAINTENANCE,EAST
INV-06222,CUS-0480,2024-03-25,2024-04-24,2024-04-20,2881.2,2881.2,0.0,0,PAID,PAID,SOFTWARE,NORTH
INV-06223,CUS-0476,2023-06-07,2023-08-06,2023-08-02,11794.5,11794.5,0.0,0,PAID,PAID,HARDWARE,WEST
INV-06224,CUS-0379,2023-06-14,2023-07-29,2023-07-28,1469.39,1469.39,0.0,0,PAID,PAID,SOFTWARE,EAST
INV-06225,CUS-0179,2022-04-15,2022-06-14,,27204.63,0.0,27204.63,656,90+,OVERDUE,SERVICES,SOUTH
INV-06226,CUS-0223,2023-09-20,2023-11-19,2023-11-15,10219.02,10219.02,0.0,0,PAID,PAID,HARDWARE,NORTH
INV-06227,CUS-0134,2022-12-31,2023-03-01,2023-02-26,1144.48,1144.48,0.0,0,PAID,PAID,HARDWARE,SOUTH
INV-06228,CUS-0107,2023-03-27,2023-05-11,2023-05-08,3951.34,3951.34,0.0,0,PAID,PAID,HARDWARE,NORTH
INV-06229,CUS-0337,2023-03-26,2023-05-25,2023-05-20,25738.1,25738.1,0.0,0,PAID,PAID,SOFTWARE,WEST
INV-06230,CUS-0218,2023-09-21,2023-11-20,2023-11-18,6817.77,6817.77,0.0,0,PAID,PAID,SERVICES,EAST
INV-06231,CUS-0382,2023-01-12,2023-03-13,,4046.17,0.0,4046.17,384,90+,OVERDUE,HARDWARE,SOUTH
INV-06232,CUS-0110,2022-11-16,2022-12-16,,1431.69,905.13,526.56,471,90+,PARTIAL,SERVICES,EAST
INV-06233,CUS-0318,2022-04-08,2022-06-07,2022-06-03,83269.34,83269.34,0.0,0,PAID,PAID,SOFTWARE,SOUTH
INV-06234,CUS-0412,2023-01-19,2023-02-18,2023-02-19,5717.71,5717.71,0.0,0,PAID,PAID,MAINTENANCE,NORTH
INV-06235,CUS-0248,2023-02-06,2023-03-08,2023-03-06,3287.67,3287.67,0.0,0,PAID,PAID,SOFTWARE,EAST
INV-06236,CUS-0106,2023-03-19,2023-05-18,2023-05-18,1544.1,1544.1,0.0,0,PAID,PAID,SERVICES,EAST
INV-06237,CUS-0047,2023-12-31,2024-02-29,2024-03-24,22163.42,22163.42,0.0,0,PAID,PAID,HARDWARE,WEST
INV-06238,CUS-0250,2023-11-19,2023-12-19,2023-12-18,13282.11,13282.11,0.0,0,PAID,PAID,HARDWARE,NORTH
INV-06239,CUS-0323,2022-10-25,2022-11-24,2022-11-22,1188.64,1188.64,0.0,0,PAID,PAID,HARDWARE,WEST
INV-06240,CUS-0216,2023-10-20,2023-12-19,2023-12-19,2293.03,2293.03,0.0,0,PAID,PAID,SERVICES,NORTH
INV-06241,CUS-0493,2023-02-25,2023-03-27,2023-03-26,2662.93,2662.93,0.0,0,PAID,PAID,SOFTWARE,EAST
INV-06242,CUS-0364,2022-05-18,2022-07-17,2022-07-14,714.26,714.26,0.0,0,PAID,PAID,HARDWARE,WEST
INV-06243,CUS-0306,2023-06-29,2023-07-29,2023-08-09,1336.72,1336.72,0.0,0,PAID,PAID,MAINTENANCE,EAST
INV-06244,CUS-0046,2023-10-31,2023-11-30,2023-11-28,1043.4,1043.4,0.0,0,PAID,PAID,SERVICES,NORTH
INV-06245,CUS-0284,2023-12-14,2024-01-28,2024-01-27,1430.95,1430.95,0.0,0,PAID,PAID,MAINTENANCE,WEST
INV-06246,CUS-0383,2024-01-29,2024-02-28,,365.24,111.37,253.87,32,31-60,PARTIAL,SERVICES,NORTH
INV-06247,CUS-0234,2022-07-15,2022-08-14,2022-08-11,4765.64,4765.64,0.0,0,PAID,PAID,SERVICES,NORTH
INV-06248,CUS-0071,2022-06-16,2022-07-31,2022-08-04,8435.22,8435.22,0.0,0,PAID,PAID,SERVICES,WEST
INV-06249,CUS-0431,2023-10-08,2023-11-22,2023-12-15,647.87,647.87,0.0,0,PAID,PAID,SERVICES,SOUTH
INV-06250,CUS-0462,2023-09-29,2023-11-28,2023-11-27,1186.0,1186.0,0.0,0,PAID,PAID,HARDWARE,NORTH
INV-06251,CUS-0329,2023-05-02,2023-07-01,2023-07-07,21461.08,21461.08,0.0,0,PAID,PAID,SERVICES,NORTH
INV-06252,CUS-0253,2023-05-03,2023-06-17,2023-06-17,7051.91,7051.91,0.0,0,PAID,PAID,HARDWARE,SOUTH
INV-06253,CUS-0137,2023-12-20,2024-02-18,2024-02-15,9812.09,9812.09,0.0,0,PAID,PAID,SOFTWARE,NORTH
INV-06254,CUS-0223,2022-07-30,2022-09-28,,3442.58,1600.37,1842.21,550,90+,PARTIAL,SOFTWARE,NORTH
INV-06255,CUS-0171,2022-11-28,2023-01-12,2023-02-08,4854.83,4854.83,0.0,0,PAID,PAID,SOFTWARE,NORTH
INV-06256,CUS-0051,2023-12-06,2024-01-20,2024-01-20,4193.32,4193.32,0.0,0,PAID,PAID,SOFTWARE,NORTH
INV-06257,CUS-0414,2023-12-28,2024-02-26,2024-02-23,15521.81,15521.81,0.0,0,PAID,PAID,MAINTENANCE,WEST
INV-06258,CUS-0217,2023-01-10,2023-03-11,2023-03-07,1575.99,1575.99,0.0,0,PAID,PAID,HARDWARE,SOUTH
INV-06259,CUS-0116,2022-04-04,2022-05-04,2022-04-30,1290.53,1290.53,0.0,0,PAID,PAID,HARDWARE,SOUTH
INV-06260,CUS-0179,2022-10-04,2022-12-03,2022-11-28,49822.42,49822.42,0.0,0,PAID,PAID,SERVICES,NORTH
INV-06261,CUS-0312,2023-05-24,2023-07-08,2023-07-06,78072.05,78072.05,0.0,0,PAID,PAID,HARDWARE,EAST
INV-06262,CUS-0324,2022-04-23,2022-06-07,2022-07-01,20406.93,20406.93,0.0,0,PAID,PAID,HARDWARE,NORTH
INV-06263,CUS-0119,2023-05-17,2023-06-16,2023-06-16,582.86,582.86,0.0,0,PAID,PAID,SERVICES,SOUTH
INV-06264,CUS-0160,2023-04-21,2023-06-05,2023-06-02,6497.1,6497.1,0.0,0,PAID,PAID,SOFTWARE,SOUTH
INV-06265,CUS-0310,2023-07-31,2023-09-14,2023-09-12,15711.37,15711.37,0.0,0,PAID,PAID,HARDWARE,SOUTH
INV-06266,CUS-0207,2022-09-16,2022-11-15,2022-12-14,4814.5,4814.5,0.0,0,PAID,PAID,SERVICES,WEST
INV-06267,CUS-0224,2023-05-17,2023-06-16,2023-07-02,2006.33,2006.33,0.0,0,PAID,PAID,HARDWARE,SOUTH
INV-06268,CUS-0315,2023-01-23,2023-03-24,2023-03-23,2818.55,2818.55,0.0,0,PAID,PAID,SERVICES,SOUTH
INV-06269,CUS-0405,2022-12-24,2023-01-23,2023-01-19,1592.57,1592.57,0.0,0,PAID,PAID,MAINTENANCE,WEST
INV-06270,CUS-0285,2023-03-13,2023-04-27,2023-04-24,2974.84,2974.84,0.0,0,PAID,PAID,MAINTENANCE,NORTH
INV-06271,CUS-0366,2023-02-16,2023-03-18,2023-03-14,2129.97,2129.97,0.0,0,PAID,PAID,SOFTWARE,WEST
INV-06272,CUS-0032,2022-08-20,2022-10-19,2022-10-16,3142.71,3142.71,0.0,0,PAID,PAID,SERVICES,NORTH
INV-06273,CUS-0464,2022-07-31,2022-09-14,2022-09-13,45653.73,45653.73,0.0,0,PAID,PAID,HARDWARE,NORTH
INV-06274,CUS-0499,2024-01-02,2024-03-02,2024-03-01,112.01,112.01,0.0,0,PAID,PAID,SERVICES,NORTH
INV-06275,CUS-0464,2023-01-15,2023-03-01,2023-02-28,6226.77,6226.77,0.0,0,PAID,PAID,HARDWARE,EAST
INV-06276,CUS-0361,2022-08-12,2022-09-11,2022-09-06,24878.94,24878.94,0.0,0,PAID,PAID,MAINTENANCE,SOUTH
INV-06277,CUS-0182,2024-01-15,2024-03-15,2024-04-10,8300.12,8300.12,0.0,0,PAID,PAID,SOFTWARE,EAST
INV-06278,CUS-0078,2023-02-25,2023-04-11,2023-04-09,1688.7,1688.7,0.0,0,PAID,PAID,SERVICES,NORTH
INV-06279,CUS-0130,2022-07-08,2022-09-06,2022-09-28,2000.59,2000.59,0.0,0,PAID,PAID,SOFTWARE,SOUTH
INV-06280,CUS-0412,2022-12-01,2022-12-31,,14944.37,0.0,14944.37,456,90+,OVERDUE,MAINTENANCE,SOUTH
INV-06281,CUS-0288,2023-08-23,2023-10-22,2023-10-20,2596.0,2596.0,0.0,0,PAID,PAID,SOFTWARE,SOUTH
INV-06282,CUS-0291,2022-05-19,2022-07-18,,30997.63,11397.95,19599.68,622,90+,PARTIAL,SOFTWARE,WEST
INV-06283,CUS-0215,2023-04-26,2023-05-26,2023-05-21,9717.33,9717.33,0.0,0,PAID,PAID,SOFTWARE,WEST
INV-06284,CUS-0019,2022-04-12,2022-05-12,2022-05-09,79631.5,79631.5,0.0,0,PAID,PAID,HARDWARE,EAST
INV-06285,CUS-0478,2022-11-12,2022-12-12,2022-12-11,2027.13,2027.13,0.0,0,PAID,PAID,SERVICES,WEST
INV-06286,CUS-0438,2023-05-22,2023-07-06,2023-07-02,162322.6,162322.6,0.0,0,PAID,PAID,SERVICES,SOUTH
INV-06287,CUS-0491,2023-09-02,2023-10-17,2023-10-12,8951.33,8951.33,0.0,0,PAID,PAID,MAINTENANCE,SOUTH
INV-06288,CUS-0299,2022-11-04,2023-01-03,,477.26,204.03,273.23,453,90+,PARTIAL,SERVICES,WEST
INV-06289,CUS-0414,2022-11-09,2023-01-08,2023-01-06,4082.11,4082.11,0.0,0,PAID,PAID,HARDWARE,WEST
INV-06290,CUS-0073,2023-04-13,2023-05-13,2023-05-11,10173.87,10173.87,0.0,0,PAID,PAID,HARDWARE,EAST
INV-06291,CUS-0206,2023-08-12,2023-09-26,2023-10-16,7863.99,7863.99,0.0,0,PAID,PAID,MAINTENANCE,SOUTH
INV-06292,CUS-0084,2023-09-24,2023-11-23,2023-11-19,5406.28,5406.28,0.0,0,PAID,PAID,MAINTENANCE,WEST
INV-06293,CUS-0242,2022-12-03,2023-01-02,2023-01-01,814.34,814.34,0.0,0,PAID,PAID,HARDWARE,EAST
INV-06294,CUS-0170,2024-01-19,2024-03-04,2024-03-02,7444.04,7444.04,0.0,0,PAID,PAID,SERVICES,EAST
INV-06295,CUS-0478,2022-10-28,2022-11-27,2022-11-26,9999.75,9999.75,0.0,0,PAID,PAID,SERVICES,EAST
INV-06296,CUS-0133,2023-11-02,2023-12-17,2023-12-16,11953.86,11953.86,0.0,0,PAID,PAID,HARDWARE,EAST
INV-06297,CUS-0246,2023-11-12,2023-12-12,2023-12-16,6221.79,6221.79,0.0,0,PAID,PAID,MAINTENANCE,SOUTH
INV-06298,CUS-0453,2023-11-27,2023-12-27,2023-12-22,1100.63,1100.63,0.0,0,PAID,PAID,HARDWARE,NORTH
INV-06299,CUS-0295,2022-11-16,2022-12-31,2022-12-29,76513.39,76513.39,0.0,0,PAID,PAID,HARDWARE,SOUTH
INV-06300,CUS-0309,2022-05-30,2022-07-29,2022-07-27,16309.41,16309.41,0.0,0,PAID,PAID,HARDWARE,EAST
INV-06301,CUS-0289,2022-04-15,2022-05-15,2022-05-31,2081.49,2081.49,0.0,0,PAID,PAID,SOFTWARE,WEST
INV-06302,CUS-0495,2022-07-04,2022-09-02,2022-08-31,3051.32,3051.32,0.0,0,PAID,PAID,SOFTWARE,WEST
INV-06303,CUS-0185,2024-01-04,2024-03-04,,2331.41,1433.21,898.2,27,CURRENT,PARTIAL,MAINTENANCE,NORTH
INV-06304,CUS-0022,2023-04-26,2023-06-25,,48678.12,0.0,48678.12,280,90+,OVERDUE,SOFTWARE,SOUTH
INV-06305,CUS-0121,2023-11-03,2023-12-18,2023-12-14,38882.34,38882.34,0.0,0,PAID,PAID,HARDWARE,SOUTH
INV-06306,CUS-0106,2022-10-04,2022-12-03,2022-11-29,3407.57,3407.57,0.0,0,PAID,PAID,SOFTWARE,EAST
INV-06307,CUS-0441,2023-12-12,2024-01-11,2024-01-06,1595.27,1595.27,0.0,0,PAID,PAID,SERVICES,SOUTH
INV-06308,CUS-0214,2024-01-18,2024-02-17,2024-02-16,653.12,653.12,0.0,0,PAID,PAID,MAINTENANCE,EAST
INV-06309,CUS-0100,2023-03-28,2023-04-27,2023-04-24,2034.58,2034.58,0.0,0,PAID,PAID,SOFTWARE,NORTH
INV-06310,CUS-0167,2022-09-03,2022-10-03,2022-10-02,5592.3,5592.3,0.0,0,PAID,PAID,SOFTWARE,NORTH
INV-06311,CUS-0155,2022-04-24,2022-06-23,,341.91,0.0,341.91,647,90+,OVERDUE,MAINTENANCE,SOUTH
INV-06312,CUS-0472,2022-09-03,2022-10-03,,1970.0,633.42,1336.58,545,90+,PARTIAL,MAINTENANCE,EAST
INV-06313,CUS-0336,2022-08-04,2022-09-18,2022-10-07,223.35,223.35,0.0,0,PAID,PAID,SERVICES,NORTH
INV-06314,CUS-0135,2024-01-15,2024-02-14,2024-02-10,13659.29,13659.29,0.0,0,PAID,PAID,HARDWARE,NORTH
INV-06315,CUS-0293,2023-06-03,2023-07-18,2023-07-16,1446.24,1446.24,0.0,0,PAID,PAID,SERVICES,NORTH
INV-06316,CUS-0441,2023-07-18,2023-08-17,2023-08-22,6248.71,6248.71,0.0,0,PAID,PAID,HARDWARE,SOUTH
INV-06317,CUS-0443,2023-10-22,2023-12-06,2023-12-04,434.55,434.55,0.0,0,PAID,PAID,HARDWARE,NORTH
INV-06318,CUS-0452,2023-06-19,2023-07-19,2023-07-15,4913.25,4913.25,0.0,0,PAID,PAID,SERVICES,WEST
INV-06319,CUS-0325,2024-03-12,2024-04-11,2024-04-07,32902.82,32902.82,0.0,0,PAID,PAID,MAINTENANCE,WEST
INV-06320,CUS-0078,2022-07-19,2022-09-02,2022-09-02,983.18,983.18,0.0,0,PAID,PAID,SERVICES,WEST
INV-06321,CUS-0372,2022-10-22,2022-11-21,2022-11-20,5226.38,5226.38,0.0,0,PAID,PAID,HARDWARE,EAST
INV-06322,CUS-0299,2023-07-20,2023-09-18,,274.08,155.05,119.03,195,90+,PARTIAL,SERVICES,SOUTH
INV-06323,CUS-0303,2024-03-26,2024-04-25,,10146.43,4289.05,5857.38,0,CURRENT,PARTIAL,SOFTWARE,NORTH
INV-06324,CUS-0239,2023-05-27,2023-07-11,2023-07-09,8135.91,8135.91,0.0,0,PAID,PAID,HARDWARE,NORTH
INV-06325,CUS-0128,2024-02-24,2024-04-24,2024-04-21,5902.66,5902.66,0.0,0,PAID,PAID,HARDWARE,NORTH
INV-06326,CUS-0455,2023-05-06,2023-06-05,,2673.77,920.34,1753.43,300,90+,PARTIAL,HARDWARE,SOUTH
INV-06327,CUS-0123,2023-03-11,2023-04-25,2023-04-23,2814.01,2814.01,0.0,0,PAID,PAID,MAINTENANCE,EAST
INV-06328,CUS-0361,2022-10-07,2022-11-06,2022-11-03,44042.88,44042.88,0.0,0,PAID,PAID,SOFTWARE,SOUTH
INV-06329,CUS-0337,2024-02-15,2024-04-15,2024-04-27,4140.13,4140.13,0.0,0,PAID,PAID,MAINTENANCE,WEST
INV-06330,CUS-0190,2023-04-06,2023-05-21,2023-05-18,2160.37,2160.37,0.0,0,PAID,PAID,MAINTENANCE,NORTH
INV-06331,CUS-0462,2023-11-28,2024-01-27,2024-01-24,2228.05,2228.05,0.0,0,PAID,PAID,MAINTENANCE,WEST
INV-06332,CUS-0388,2023-06-18,2023-07-18,2023-07-16,8291.72,8291.72,0.0,0,PAID,PAID,HARDWARE,SOUTH
INV-06333,CUS-0260,2022-06-24,2022-08-08,2022-08-08,4403.11,4403.11,0.0,0,PAID,PAID,SOFTWARE,SOUTH
INV-06334,CUS-0076,2023-09-08,2023-11-07,2023-11-03,33185.43,33185.43,0.0,0,PAID,PAID,SOFTWARE,WEST
INV-06335,CUS-0141,2022-08-07,2022-10-06,2022-10-02,5606.37,5606.37,0.0,0,PAID,PAID,MAINTENANCE,SOUTH
INV-06336,CUS-0323,2023-11-06,2023-12-06,2023-12-06,1371.32,1371.32,0.0,0,PAID,PAID,SERVICES,EAST
INV-06337,CUS-0376,2022-12-10,2023-01-24,2023-01-21,5164.26,5164.26,0.0,0,PAID,PAID,HARDWARE,WEST
INV-06338,CUS-0470,2022-12-01,2023-01-30,2023-01-26,6443.79,6443.79,0.0,0,PAID,PAID,HARDWARE,WEST
INV-06339,CUS-0420,2024-02-07,2024-03-23,2024-03-18,1932.65,1932.65,0.0,0,PAID,PAID,HARDWARE,SOUTH
INV-06340,CUS-0054,2023-09-11,2023-10-11,2023-10-08,1395.38,1395.38,0.0,0,PAID,PAID,SERVICES,EAST
INV-06341,CUS-0172,2024-02-23,2024-04-08,2024-04-12,12723.92,12723.92,0.0,0,PAID,PAID,SERVICES,SOUTH
INV-06342,CUS-0403,2023-04-22,2023-06-06,2023-06-06,30806.34,30806.34,0.0,0,PAID,PAID,SERVICES,EAST
INV-06343,CUS-0381,2023-05-16,2023-06-15,2023-06-14,5101.8,5101.8,0.0,0,PAID,PAID,SOFTWARE,WEST
INV-06344,CUS-0042,2023-12-23,2024-02-21,2024-02-19,43062.4,43062.4,0.0,0,PAID,PAID,SERVICES,NORTH
INV-06345,CUS-0040,2023-01-19,2023-03-05,2023-03-03,95666.04,95666.04,0.0,0,PAID,PAID,MAINTENANCE,WEST
INV-06346,CUS-0254,2023-01-31,2023-03-17,2023-03-17,5297.37,5297.37,0.0,0,PAID,PAID,MAINTENANCE,NORTH
INV-06347,CUS-0178,2022-05-04,2022-06-18,2022-06-14,5030.6,5030.6,0.0,0,PAID,PAID,SERVICES,SOUTH
INV-06348,CUS-0273,2023-07-23,2023-08-22,2023-08-20,1332.57,1332.57,0.0,0,PAID,PAID,SERVICES,EAST
INV-06349,CUS-0430,2022-04-28,2022-06-27,2022-06-22,2640.02,2640.02,0.0,0,PAID,PAID,SERVICES,EAST
INV-06350,CUS-0035,2023-08-05,2023-09-19,,53667.54,0.0,53667.54,194,90+,OVERDUE,HARDWARE,WEST
INV-06351,CUS-0391,2023-09-15,2023-10-30,2023-11-29,1515.83,1515.83,0.0,0,PAID,PAID,MAINTENANCE,WEST
INV-06352,CUS-0464,2023-10-05,2023-11-19,2023-12-06,55220.14,55220.14,0.0,0,PAID,PAID,SOFTWARE,SOUTH
INV-06353,CUS-0396,2023-05-15,2023-06-29,2023-07-01,34502.02,34502.02,0.0,0,PAID,PAID,HARDWARE,WEST
INV-06354,CUS-0220,2022-05-28,2022-06-27,2022-06-27,19155.7,19155.7,0.0,0,PAID,PAID,SERVICES,NORTH
INV-06355,CUS-0244,2023-02-25,2023-04-11,2023-04-11,14060.48,14060.48,0.0,0,PAID,PAID,HARDWARE,SOUTH
INV-06356,CUS-0166,2024-02-22,2024-04-07,2024-04-02,2512.79,2512.79,0.0,0,PAID,PAID,MAINTENANCE,EAST
INV-06357,CUS-0070,2023-09-24,2023-10-24,2023-10-24,103594.17,103594.17,0.0,0,PAID,PAID,SERVICES,NORTH
INV-06358,CUS-0219,2023-08-04,2023-10-03,,1475.39,0.0,1475.39,180,90+,OVERDUE,SERVICES,WEST
INV-06359,CUS-0481,2024-03-15,2024-04-29,2024-04-29,76373.52,76373.52,0.0,0,PAID,PAID,MAINTENANCE,EAST
INV-06360,CUS-0276,2023-02-26,2023-04-12,2023-04-09,6762.9,6762.9,0.0,0,PAID,PAID,SOFTWARE,EAST
INV-06361,CUS-0279,2023-01-19,2023-03-05,2023-03-02,3513.6,3513.6,0.0,0,PAID,PAID,HARDWARE,EAST
INV-06362,CUS-0181,2023-12-22,2024-02-05,2024-02-05,5899.63,5899.63,0.0,0,PAID,PAID,HARDWARE,NORTH
INV-06363,CUS-0066,2023-06-30,2023-08-14,2023-08-14,18313.56,18313.56,0.0,0,PAID,PAID,SOFTWARE,SOUTH
INV-06364,CUS-0398,2022-07-21,2022-08-20,2022-08-20,3082.16,3082.16,0.0,0,PAID,PAID,SERVICES,EAST
INV-06365,CUS-0295,2023-03-12,2023-04-26,2023-04-26,2133.37,2133.37,0.0,0,PAID,PAID,MAINTENANCE,SOUTH
INV-06366,CUS-0126,2023-06-23,2023-08-22,2023-08-19,1286.13,1286.13,0.0,0,PAID,PAID,MAINTENANCE,WEST
INV-06367,CUS-0267,2022-08-01,2022-09-15,2022-10-11,6754.28,6754.28,0.0,0,PAID,PAID,HARDWARE,SOUTH
INV-06368,CUS-0140,2023-06-27,2023-07-27,2023-07-26,6873.78,6873.78,0.0,0,PAID,PAID,HARDWARE,WEST
INV-06369,CUS-0455,2023-06-14,2023-07-14,,1713.44,1116.03,597.41,261,90+,PARTIAL,SOFTWARE,EAST
INV-06370,CUS-0105,2024-01-29,2024-03-14,2024-03-10,1226.45,1226.45,0.0,0,PAID,PAID,SOFTWARE,EAST
INV-06371,CUS-0166,2023-06-05,2023-07-20,2023-07-16,3785.02,3785.02,0.0,0,PAID,PAID,HARDWARE,NORTH
INV-06372,CUS-0309,2023-05-18,2023-07-17,2023-07-13,22057.77,22057.77,0.0,0,PAID,PAID,MAINTENANCE,EAST
INV-06373,CUS-0154,2022-04-24,2022-06-23,2022-06-23,2411.24,2411.24,0.0,0,PAID,PAID,SERVICES,EAST
INV-06374,CUS-0414,2024-02-29,2024-04-29,2024-04-29,33943.84,33943.84,0.0,0,PAID,PAID,HARDWARE,SOUTH
INV-06375,CUS-0227,2022-10-03,2022-11-02,2022-11-02,5264.25,5264.25,0.0,0,PAID,PAID,MAINTENANCE,NORTH
INV-06376,CUS-0444,2022-05-22,2022-07-21,2022-07-20,1784.37,1784.37,0.0,0,PAID,PAID,MAINTENANCE,EAST
INV-06377,CUS-0127,2023-03-02,2023-04-16,,27779.44,10051.24,17728.2,350,90+,PARTIAL,MAINTENANCE,WEST
INV-06378,CUS-0258,2023-06-24,2023-07-24,2023-07-19,1950.05,1950.05,0.0,0,PAID,PAID,SERVICES,SOUTH
INV-06379,CUS-0438,2023-08-18,2023-10-02,2023-10-02,14183.52,14183.52,0.0,0,PAID,PAID,SOFTWARE,SOUTH
INV-06380,CUS-0217,2022-09-08,2022-11-07,2022-11-05,856.7,856.7,0.0,0,PAID,PAID,SERVICES,NORTH
INV-06381,CUS-0085,2022-12-12,2023-02-10,2023-02-10,12195.43,12195.43,0.0,0,PAID,PAID,SOFTWARE,NORTH
INV-06382,CUS-0036,2023-09-26,2023-10-26,2023-10-26,1020.03,1020.03,0.0,0,PAID,PAID,SOFTWARE,WEST
INV-06383,CUS-0037,2023-03-29,2023-04-28,2023-04-28,1096.86,1096.86,0.0,0,PAID,PAID,SERVICES,SOUTH
INV-06384,CUS-0014,2024-03-04,2024-05-03,2024-04-28,3418.99,3418.99,0.0,0,PAID,PAID,SERVICES,EAST
INV-06385,CUS-0368,2022-10-31,2022-12-15,2022-12-12,1950.52,1950.52,0.0,0,PAID,PAID,MAINTENANCE,SOUTH
INV-06386,CUS-0197,2023-03-30,2023-04-29,2023-04-25,16487.03,16487.03,0.0,0,PAID,PAID,SERVICES,SOUTH
INV-06387,CUS-0311,2023-02-24,2023-04-25,,26527.37,9230.67,17296.7,341,90+,PARTIAL,MAINTENANCE,NORTH
INV-06388,CUS-0034,2023-11-21,2023-12-21,,5827.42,0.0,5827.42,101,90+,OVERDUE,SERVICES,EAST
INV-06389,CUS-0124,2023-08-29,2023-10-13,2023-10-12,2254.07,2254.07,0.0,0,PAID,PAID,MAINTENANCE,NORTH
INV-06390,CUS-0483,2023-06-30,2023-07-30,2023-08-10,3363.63,3363.63,0.0,0,PAID,PAID,SERVICES,SOUTH
INV-06391,CUS-0246,2022-09-05,2022-10-05,,12568.04,8781.34,3786.7,543,90+,PARTIAL,SERVICES,SOUTH
INV-06392,CUS-0326,2024-02-03,2024-04-03,2024-04-02,1691.38,1691.38,0.0,0,PAID,PAID,SERVICES,NORTH
INV-06393,CUS-0089,2023-08-22,2023-10-21,2023-10-17,32539.93,32539.93,0.0,0,PAID,PAID,SERVICES,NORTH
INV-06394,CUS-0410,2022-07-13,2022-08-27,2022-08-26,7571.36,7571.36,0.0,0,PAID,PAID,SOFTWARE,EAST
INV-06395,CUS-0226,2024-03-11,2024-04-10,2024-04-08,5485.91,5485.91,0.0,0,PAID,PAID,HARDWARE,SOUTH
INV-06396,CUS-0324,2022-11-24,2023-01-08,,24240.78,8934.13,15306.65,448,90+,PARTIAL,HARDWARE,EAST
INV-06397,CUS-0361,2024-01-29,2024-02-28,2024-02-25,1943.64,1943.64,0.0,0,PAID,PAID,SERVICES,NORTH
INV-06398,CUS-0068,2023-08-09,2023-09-23,2023-09-19,6275.09,6275.09,0.0,0,PAID,PAID,HARDWARE,WEST
INV-06399,CUS-0064,2022-07-29,2022-08-28,2022-08-26,9820.99,9820.99,0.0,0,PAID,PAID,SOFTWARE,EAST
INV-06400,CUS-0432,2023-05-04,2023-06-18,2023-07-11,469.58,469.58,0.0,0,PAID,PAID,MAINTENANCE,WEST
INV-06401,CUS-0030,2022-04-24,2022-05-24,2022-05-22,10721.37,10721.37,0.0,0,PAID,PAID,SERVICES,WEST
INV-06402,CUS-0050,2024-02-22,2024-04-07,2024-04-06,12647.72,12647.72,0.0,0,PAID,PAID,HARDWARE,EAST
INV-06403,CUS-0327,2024-02-03,2024-03-04,2024-03-04,5701.22,5701.22,0.0,0,PAID,PAID,HARDWARE,WEST
INV-06404,CUS-0139,2024-02-23,2024-04-08,2024-04-04,1067.69,1067.69,0.0,0,PAID,PAID,SOFTWARE,WEST
INV-06405,CUS-0181,2023-10-02,2023-11-16,2023-11-15,1591.25,1591.25,0.0,0,PAID,PAID,MAINTENANCE,EAST
INV-06406,CUS-0227,2023-05-02,2023-06-01,2023-05-29,4917.84,4917.84,0.0,0,PAID,PAID,MAINTENANCE,SOUTH
INV-06407,CUS-0196,2022-06-06,2022-07-21,,2326.05,1502.95,823.1,619,90+,PARTIAL,MAINTENANCE,NORTH
INV-06408,CUS-0480,2023-12-25,2024-01-24,2024-01-23,3761.92,3761.92,0.0,0,PAID,PAID,HARDWARE,NORTH
INV-06409,CUS-0365,2022-05-05,2022-06-19,2022-06-18,9468.63,9468.63,0.0,0,PAID,PAID,SERVICES,EAST
INV-06410,CUS-0068,2022-06-08,2022-07-23,2022-07-19,1127.52,1127.52,0.0,0,PAID,PAID,MAINTENANCE,NORTH
INV-06411,CUS-0148,2023-02-05,2023-04-06,2023-04-08,23198.49,23198.49,0.0,0,PAID,PAID,SOFTWARE,SOUTH
INV-06412,CUS-0391,2022-11-09,2022-12-24,2022-12-21,2132.95,2132.95,0.0,0,PAID,PAID,SOFTWARE,WEST
INV-06413,CUS-0062,2022-08-09,2022-09-23,2022-09-23,4429.27,4429.27,0.0,0,PAID,PAID,MAINTENANCE,EAST
INV-06414,CUS-0319,2023-11-10,2024-01-09,2024-01-06,4765.89,4765.89,0.0,0,PAID,PAID,HARDWARE,SOUTH
INV-06415,CUS-0477,2023-07-07,2023-08-21,2023-08-16,6236.28,6236.28,0.0,0,PAID,PAID,SOFTWARE,EAST
INV-06416,CUS-0092,2023-08-20,2023-09-19,2023-09-15,2714.21,2714.21,0.0,0,PAID,PAID,SERVICES,EAST
INV-06417,CUS-0356,2022-10-17,2022-12-01,2022-11-27,3070.61,3070.61,0.0,0,PAID,PAID,SERVICES,SOUTH
INV-06418,CUS-0243,2023-05-08,2023-06-22,2023-07-18,7573.62,7573.62,0.0,0,PAID,PAID,MAINTENANCE,EAST
INV-06419,CUS-0459,2022-11-28,2022-12-28,2022-12-26,2444.48,2444.48,0.0,0,PAID,PAID,SERVICES,EAST
INV-06420,CUS-0187,2022-04-06,2022-05-06,2022-05-01,4119.55,4119.55,0.0,0,PAID,PAID,HARDWARE,SOUTH
INV-06421,CUS-0437,2022-10-17,2022-12-16,2022-12-11,44758.7,44758.7,0.0,0,PAID,PAID,HARDWARE,WEST
INV-06422,CUS-0162,2023-05-28,2023-06-27,2023-06-22,1102.96,1102.96,0.0,0,PAID,PAID,SOFTWARE,WEST
INV-06423,CUS-0130,2022-12-07,2023-02-05,2023-02-04,3790.61,3790.61,0.0,0,PAID,PAID,SOFTWARE,EAST
INV-06424,CUS-0324,2022-09-06,2022-10-21,2022-10-17,21175.23,21175.23,0.0,0,PAID,PAID,SOFTWARE,WEST
INV-06425,CUS-0368,2022-06-18,2022-08-02,2022-08-02,15746.0,15746.0,0.0,0,PAID,PAID,MAINTENANCE,WEST
INV-06426,CUS-0063,2023-09-28,2023-11-12,2023-11-07,9295.85,9295.85,0.0,0,PAID,PAID,SERVICES,NORTH
INV-06427,CUS-0072,2023-12-08,2024-02-06,,3615.69,1647.94,1967.75,54,31-60,PARTIAL,SERVICES,NORTH
INV-06428,CUS-0409,2024-01-06,2024-02-05,2024-02-01,28284.45,28284.45,0.0,0,PAID,PAID,MAINTENANCE,SOUTH
INV-06429,CUS-0412,2023-07-07,2023-08-06,,2968.35,0.0,2968.35,238,90+,OVERDUE,HARDWARE,EAST
INV-06430,CUS-0152,2023-01-05,2023-02-19,2023-02-18,4913.99,4913.99,0.0,0,PAID,PAID,SOFTWARE,SOUTH
INV-06431,CUS-0422,2022-10-15,2022-11-29,2022-11-24,18510.01,18510.01,0.0,0,PAID,PAID,SERVICES,EAST
INV-06432,CUS-0021,2022-09-13,2022-10-13,2022-10-09,437.05,437.05,0.0,0,PAID,PAID,SOFTWARE,WEST
INV-06433,CUS-0429,2022-12-15,2023-01-14,2023-01-12,12577.32,12577.32,0.0,0,PAID,PAID,SOFTWARE,SOUTH
INV-06434,CUS-0128,2023-06-29,2023-08-28,2023-08-26,526.04,526.04,0.0,0,PAID,PAID,SOFTWARE,SOUTH
INV-06435,CUS-0211,2024-02-28,2024-04-28,2024-04-27,3540.79,3540.79,0.0,0,PAID,PAID,MAINTENANCE,SOUTH
INV-06436,CUS-0104,2023-11-22,2024-01-21,2024-01-17,3912.81,3912.81,0.0,0,PAID,PAID,SOFTWARE,NORTH
INV-06437,CUS-0039,2023-03-05,2023-04-19,2023-04-19,2939.79,2939.79,0.0,0,PAID,PAID,SOFTWARE,WEST
INV-06438,CUS-0019,2023-10-11,2023-11-10,2023-11-09,20898.7,20898.7,0.0,0,PAID,PAID,HARDWARE,EAST
INV-06439,CUS-0026,2024-02-15,2024-03-31,2024-04-21,2877.61,2877.61,0.0,0,PAID,PAID,SERVICES,WEST
INV-06440,CUS-0398,2024-02-23,2024-03-24,,307.09,205.93,101.16,7,CURRENT,PARTIAL,SERVICES,SOUTH
INV-06441,CUS-0405,2023-02-11,2023-03-13,,1107.44,362.48,744.96,384,90+,PARTIAL,SERVICES,WEST
INV-06442,CUS-0418,2023-11-03,2023-12-03,2023-12-03,61503.16,61503.16,0.0,0,PAID,PAID,SERVICES,SOUTH
INV-06443,CUS-0142,2022-12-11,2023-01-10,,48915.55,25620.64,23294.91,446,90+,PARTIAL,HARDWARE,WEST
INV-06444,CUS-0370,2022-04-15,2022-05-30,2022-05-25,20480.07,20480.07,0.0,0,PAID,PAID,SERVICES,NORTH
INV-06445,CUS-0014,2024-01-09,2024-03-09,2024-03-08,3507.14,3507.14,0.0,0,PAID,PAID,MAINTENANCE,WEST
INV-06446,CUS-0131,2022-10-09,2022-11-08,2022-11-07,446.64,446.64,0.0,0,PAID,PAID,MAINTENANCE,SOUTH
INV-06447,CUS-0133,2022-10-03,2022-11-17,2022-12-11,66068.33,66068.33,0.0,0,PAID,PAID,SERVICES,EAST
INV-06448,CUS-0015,2023-08-24,2023-09-23,2023-10-18,1398.64,1398.64,0.0,0,PAID,PAID,SOFTWARE,WEST
INV-06449,CUS-0487,2023-01-15,2023-02-14,2023-02-09,2258.41,2258.41,0.0,0,PAID,PAID,HARDWARE,SOUTH
INV-06450,CUS-0363,2022-10-23,2022-12-07,2022-12-08,1102.0,1102.0,0.0,0,PAID,PAID,HARDWARE,NORTH
INV-06451,CUS-0417,2022-11-10,2022-12-10,2022-12-10,3511.76,3511.76,0.0,0,PAID,PAID,MAINTENANCE,NORTH
INV-06452,CUS-0492,2022-10-29,2022-12-13,2022-12-17,4721.96,4721.96,0.0,0,PAID,PAID,SERVICES,EAST
INV-06453,CUS-0024,2022-06-17,2022-08-01,2022-07-27,1081.34,1081.34,0.0,0,PAID,PAID,SERVICES,WEST
INV-06454,CUS-0450,2024-01-26,2024-03-26,2024-03-25,24340.95,24340.95,0.0,0,PAID,PAID,HARDWARE,EAST
INV-06455,CUS-0299,2023-09-14,2023-11-13,,1001.63,0.0,1001.63,139,90+,OVERDUE,HARDWARE,WEST
INV-06456,CUS-0408,2022-05-23,2022-07-07,2022-07-03,8430.05,8430.05,0.0,0,PAID,PAID,HARDWARE,SOUTH
INV-06457,CUS-0229,2023-04-23,2023-05-23,2023-05-19,2943.46,2943.46,0.0,0,PAID,PAID,HARDWARE,WEST
INV-06458,CUS-0440,2022-07-13,2022-08-12,2022-08-22,7485.63,7485.63,0.0,0,PAID,PAID,HARDWARE,WEST
INV-06459,CUS-0114,2023-09-27,2023-11-11,2023-11-06,4165.26,4165.26,0.0,0,PAID,PAID,SERVICES,NORTH
INV-06460,CUS-0328,2023-03-04,2023-04-18,2023-04-20,806.54,806.54,0.0,0,PAID,PAID,MAINTENANCE,WEST
INV-06461,CUS-0244,2024-03-18,2024-05-02,2024-05-19,14547.67,14547.67,0.0,0,PAID,PAID,MAINTENANCE,EAST
INV-06462,CUS-0162,2024-02-12,2024-03-13,2024-03-11,3245.22,3245.22,0.0,0,PAID,PAID,HARDWARE,EAST
INV-06463,CUS-0330,2022-07-13,2022-09-11,2022-09-11,6190.61,6190.61,0.0,0,PAID,PAID,SERVICES,WEST
INV-06464,CUS-0100,2023-01-19,2023-02-18,2023-03-03,6161.71,6161.71,0.0,0,PAID,PAID,MAINTENANCE,EAST
INV-06465,CUS-0049,2023-07-13,2023-08-27,2023-08-26,1618.89,1618.89,0.0,0,PAID,PAID,MAINTENANCE,EAST
INV-06466,CUS-0415,2023-09-02,2023-10-02,2023-10-02,44716.82,44716.82,0.0,0,PAID,PAID,SERVICES,SOUTH
INV-06467,CUS-0444,2023-03-29,2023-05-28,2023-05-27,2725.24,2725.24,0.0,0,PAID,PAID,SERVICES,EAST
INV-06468,CUS-0352,2022-09-28,2022-11-27,2022-12-20,803.8,803.8,0.0,0,PAID,PAID,SERVICES,WEST
INV-06469,CUS-0219,2023-07-25,2023-09-23,2023-09-20,930.81,930.81,0.0,0,PAID,PAID,SERVICES,SOUTH
INV-06470,CUS-0297,2024-01-21,2024-03-06,2024-03-13,4624.73,4624.73,0.0,0,PAID,PAID,SERVICES,NORTH
INV-06471,CUS-0255,2023-06-14,2023-07-29,,4433.75,2964.32,1469.43,246,90+,PARTIAL,MAINTENANCE,WEST
INV-06472,CUS-0074,2023-01-28,2023-02-27,2023-02-27,3138.03,3138.03,0.0,0,PAID,PAID,MAINTENANCE,WEST
INV-06473,CUS-0105,2023-06-06,2023-07-21,2023-07-18,832.59,832.59,0.0,0,PAID,PAID,SERVICES,NORTH
INV-06474,CUS-0489,2022-08-30,2022-10-29,2022-10-24,10070.86,10070.86,0.0,0,PAID,PAID,MAINTENANCE,WEST
INV-06475,CUS-0058,2023-08-09,2023-10-08,,809.03,0.0,809.03,175,90+,OVERDUE,SERVICES,NORTH
INV-06476,CUS-0033,2023-07-31,2023-08-30,2023-08-26,6047.15,6047.15,0.0,0,PAID,PAID,SOFTWARE,WEST
INV-06477,CUS-0122,2024-02-22,2024-04-07,2024-04-04,24930.26,24930.26,0.0,0,PAID,PAID,HARDWARE,NORTH
INV-06478,CUS-0301,2022-06-17,2022-08-01,2022-07-31,58548.24,58548.24,0.0,0,PAID,PAID,HARDWARE,WEST
INV-06479,CUS-0405,2023-04-18,2023-05-18,2023-05-13,230.46,230.46,0.0,0,PAID,PAID,SOFTWARE,EAST
INV-06480,CUS-0180,2023-11-23,2023-12-23,,1120.94,0.0,1120.94,99,90+,OVERDUE,MAINTENANCE,NORTH
INV-06481,CUS-0470,2022-06-16,2022-08-15,2022-08-15,4818.88,4818.88,0.0,0,PAID,PAID,SERVICES,NORTH
INV-06482,CUS-0217,2023-07-30,2023-09-28,2023-09-27,845.12,845.12,0.0,0,PAID,PAID,MAINTENANCE,EAST
INV-06483,CUS-0454,2022-07-28,2022-09-11,,9999.45,0.0,9999.45,567,90+,OVERDUE,MAINTENANCE,EAST
INV-06484,CUS-0130,2022-10-24,2022-12-23,2022-12-19,2111.76,2111.76,0.0,0,PAID,PAID,SOFTWARE,WEST
INV-06485,CUS-0024,2024-03-03,2024-04-17,2024-04-16,4318.43,4318.43,0.0,0,PAID,PAID,SOFTWARE,WEST
INV-06486,CUS-0135,2023-01-08,2023-02-07,,11506.72,7025.15,4481.57,418,90+,PARTIAL,HARDWARE,SOUTH
INV-06487,CUS-0002,2023-03-26,2023-05-10,2023-05-07,1058.36,1058.36,0.0,0,PAID,PAID,SOFTWARE,NORTH
INV-06488,CUS-0246,2023-03-26,2023-04-25,,3011.24,0.0,3011.24,341,90+,OVERDUE,HARDWARE,NORTH
INV-06489,CUS-0228,2023-10-23,2023-12-22,2023-12-20,35524.81,35524.81,0.0,0,PAID,PAID,MAINTENANCE,EAST
INV-06490,CUS-0104,2022-04-09,2022-06-08,2022-06-07,342.55,342.55,0.0,0,PAID,PAID,SERVICES,SOUTH
INV-06491,CUS-0317,2023-10-20,2023-11-19,2023-12-02,252.44,252.44,0.0,0,PAID,PAID,HARDWARE,NORTH
INV-06492,CUS-0460,2023-01-14,2023-02-28,2023-03-11,15195.42,15195.42,0.0,0,PAID,PAID,MAINTENANCE,SOUTH
INV-06493,CUS-0389,2023-07-09,2023-08-08,2023-08-08,272.97,272.97,0.0,0,PAID,PAID,SOFTWARE,NORTH
INV-06494,CUS-0169,2023-06-14,2023-07-14,2023-07-23,194.4,194.4,0.0,0,PAID,PAID,HARDWARE,SOUTH
INV-06495,CUS-0016,2022-04-14,2022-06-13,2022-06-12,1005.29,1005.29,0.0,0,PAID,PAID,SOFTWARE,EAST
INV-06496,CUS-0095,2023-08-12,2023-09-11,2023-09-07,1287.44,1287.44,0.0,0,PAID,PAID,SERVICES,WEST
INV-06497,CUS-0405,2023-02-25,2023-03-27,,1247.3,387.97,859.33,370,90+,PARTIAL,MAINTENANCE,NORTH
INV-06498,CUS-0009,2024-02-21,2024-03-22,2024-03-22,164386.68,164386.68,0.0,0,PAID,PAID,MAINTENANCE,EAST
INV-06499,CUS-0013,2023-03-16,2023-04-15,2023-04-13,14217.73,14217.73,0.0,0,PAID,PAID,SOFTWARE,SOUTH
INV-06500,CUS-0227,2023-08-11,2023-09-10,2023-09-10,1621.82,1621.82,0.0,0,PAID,PAID,SERVICES,NORTH
INV-06501,CUS-0101,2024-02-02,2024-03-03,,1604.03,0.0,1604.03,28,CURRENT,OVERDUE,SERVICES,SOUTH
INV-06502,CUS-0303,2023-12-21,2024-01-20,2024-02-04,3524.83,3524.83,0.0,0,PAID,PAID,HARDWARE,WEST
INV-06503,CUS-0455,2022-09-07,2022-10-07,2022-10-30,394.55,394.55,0.0,0,PAID,PAID,MAINTENANCE,WEST
INV-06504,CUS-0004,2022-09-24,2022-11-08,2022-12-08,12157.44,12157.44,0.0,0,PAID,PAID,SERVICES,WEST
INV-06505,CUS-0044,2023-07-03,2023-08-02,2023-08-29,4547.35,4547.35,0.0,0,PAID,PAID,HARDWARE,EAST
INV-06506,CUS-0295,2023-03-15,2023-04-29,,18670.34,11824.6,6845.74,337,90+,PARTIAL,MAINTENANCE,WEST
INV-06507,CUS-0396,2022-12-28,2023-02-11,2023-02-10,7606.56,7606.56,0.0,0,PAID,PAID,SERVICES,WEST
INV-06508,CUS-0326,2022-04-21,2022-06-20,2022-06-19,9131.15,9131.15,0.0,0,PAID,PAID,MAINTENANCE,EAST
INV-06509,CUS-0019,2023-11-15,2023-12-15,2023-12-24,855.02,855.02,0.0,0,PAID,PAID,HARDWARE,WEST
INV-06510,CUS-0363,2022-08-26,2022-10-10,2022-11-02,997.65,997.65,0.0,0,PAID,PAID,SERVICES,SOUTH
INV-06511,CUS-0291,2022-07-01,2022-08-30,2022-09-04,13294.83,13294.83,0.0,0,PAID,PAID,SOFTWARE,SOUTH
INV-06512,CUS-0386,2023-11-28,2024-01-27,2024-01-23,235.74,235.74,0.0,0,PAID,PAID,HARDWARE,NORTH
INV-06513,CUS-0332,2023-01-03,2023-03-04,2023-03-04,2854.22,2854.22,0.0,0,PAID,PAID,SOFTWARE,SOUTH
INV-06514,CUS-0263,2022-04-20,2022-06-19,2022-06-17,818.61,818.61,0.0,0,PAID,PAID,SERVICES,EAST
INV-06515,CUS-0042,2022-10-05,2022-12-04,2022-12-01,21320.92,21320.92,0.0,0,PAID,PAID,HARDWARE,EAST
INV-06516,CUS-0495,2023-09-27,2023-11-26,2023-11-23,1235.32,1235.32,0.0,0,PAID,PAID,MAINTENANCE,WEST
INV-06517,CUS-0419,2023-07-23,2023-09-21,2023-09-18,21547.63,21547.63,0.0,0,PAID,PAID,SOFTWARE,NORTH
INV-06518,CUS-0278,2022-08-20,2022-10-04,2022-10-31,1197.03,1197.03,0.0,0,PAID,PAID,SERVICES,EAST
INV-06519,CUS-0192,2023-11-20,2023-12-20,2024-01-05,22369.97,22369.97,0.0,0,PAID,PAID,MAINTENANCE,WEST
INV-06520,CUS-0234,2023-05-02,2023-06-01,2023-05-27,1855.14,1855.14,0.0,0,PAID,PAID,MAINTENANCE,WEST
INV-06521,CUS-0434,2023-02-19,2023-03-21,,6238.04,3070.76,3167.28,376,90+,PARTIAL,MAINTENANCE,NORTH
INV-06522,CUS-0422,2023-05-19,2023-07-03,2023-07-02,2343.86,2343.86,0.0,0,PAID,PAID,HARDWARE,EAST
INV-06523,CUS-0321,2023-06-10,2023-07-10,,3057.07,1297.24,1759.83,265,90+,PARTIAL,SERVICES,SOUTH
INV-06524,CUS-0448,2022-11-28,2023-01-27,2023-01-25,32407.67,32407.67,0.0,0,PAID,PAID,HARDWARE,EAST
INV-06525,CUS-0448,2023-05-06,2023-07-05,2023-07-01,2460.66,2460.66,0.0,0,PAID,PAID,MAINTENANCE,SOUTH
INV-06526,CUS-0081,2023-11-24,2023-12-24,2024-01-17,4769.73,4769.73,0.0,0,PAID,PAID,SERVICES,SOUTH
INV-06527,CUS-0092,2023-08-16,2023-09-15,2023-09-15,5296.35,5296.35,0.0,0,PAID,PAID,SERVICES,NORTH
INV-06528,CUS-0374,2023-11-25,2024-01-24,2024-01-30,23429.73,23429.73,0.0,0,PAID,PAID,MAINTENANCE,SOUTH
INV-06529,CUS-0322,2022-10-30,2022-12-14,2022-12-23,10811.85,10811.85,0.0,0,PAID,PAID,HARDWARE,NORTH
INV-06530,CUS-0228,2022-08-28,2022-10-27,2022-10-26,13308.87,13308.87,0.0,0,PAID,PAID,SERVICES,WEST
INV-06531,CUS-0081,2022-09-28,2022-10-28,2022-10-28,857.91,857.91,0.0,0,PAID,PAID,SOFTWARE,SOUTH
INV-06532,CUS-0202,2023-09-08,2023-10-23,2023-10-23,1624.24,1624.24,0.0,0,PAID,PAID,SOFTWARE,NORTH
INV-06533,CUS-0303,2023-05-25,2023-06-24,,2598.47,0.0,2598.47,281,90+,OVERDUE,SOFTWARE,SOUTH
INV-06534,CUS-0450,2023-08-21,2023-10-20,2023-10-20,5040.06,5040.06,0.0,0,PAID,PAID,HARDWARE,NORTH
INV-06535,CUS-0368,2022-10-29,2022-12-13,2022-12-10,1602.26,1602.26,0.0,0,PAID,PAID,SERVICES,EAST
INV-06536,CUS-0179,2023-01-26,2023-03-27,2023-03-24,8406.51,8406.51,0.0,0,PAID,PAID,SERVICES,EAST
INV-06537,CUS-0114,2022-05-19,2022-07-03,2022-07-15,2685.3,2685.3,0.0,0,PAID,PAID,SOFTWARE,WEST
INV-06538,CUS-0094,2022-11-08,2023-01-07,2023-01-05,4893.79,4893.79,0.0,0,PAID,PAID,SOFTWARE,WEST
INV-06539,CUS-0159,2022-05-11,2022-06-10,2022-06-22,4083.55,4083.55,0.0,0,PAID,PAID,MAINTENANCE,SOUTH
INV-06540,CUS-0269,2022-10-17,2022-12-01,2022-11-28,424.23,424.23,0.0,0,PAID,PAID,SOFTWARE,WEST
INV-06541,CUS-0130,2022-06-30,2022-08-29,2022-09-09,954.52,954.52,0.0,0,PAID,PAID,SERVICES,WEST
INV-06542,CUS-0427,2022-04-30,2022-06-29,2022-07-13,732.28,732.28,0.0,0,PAID,PAID,SOFTWARE,SOUTH
INV-06543,CUS-0338,2022-09-04,2022-11-03,2022-10-29,5280.38,5280.38,0.0,0,PAID,PAID,MAINTENANCE,EAST
INV-06544,CUS-0452,2022-04-23,2022-05-23,2022-05-19,3245.46,3245.46,0.0,0,PAID,PAID,SOFTWARE,EAST
INV-06545,CUS-0485,2022-04-26,2022-06-25,,14320.9,8263.16,6057.74,645,90+,PARTIAL,HARDWARE,WEST
INV-06546,CUS-0158,2023-09-07,2023-10-07,2023-10-04,3274.14,3274.14,0.0,0,PAID,PAID,SERVICES,WEST
INV-06547,CUS-0303,2022-11-27,2022-12-27,,2347.49,862.11,1485.38,460,90+,PARTIAL,SOFTWARE,WEST
INV-06548,CUS-0357,2023-01-12,2023-02-11,,13722.91,7871.48,5851.43,414,90+,PARTIAL,SERVICES,SOUTH
INV-06549,CUS-0363,2022-12-12,2023-01-26,2023-02-23,16293.23,16293.23,0.0,0,PAID,PAID,SERVICES,NORTH
INV-06550,CUS-0033,2022-07-18,2022-08-17,,39757.18,19203.9,20553.28,592,90+,PARTIAL,MAINTENANCE,WEST
INV-06551,CUS-0051,2023-11-05,2023-12-20,2023-12-16,1559.17,1559.17,0.0,0,PAID,PAID,HARDWARE,NORTH
INV-06552,CUS-0438,2024-01-23,2024-03-08,2024-03-05,5478.87,5478.87,0.0,0,PAID,PAID,HARDWARE,NORTH
INV-06553,CUS-0481,2022-04-08,2022-05-23,2022-06-16,382078.86,382078.86,0.0,0,PAID,PAID,SOFTWARE,NORTH
INV-06554,CUS-0421,2022-12-29,2023-02-27,2023-02-22,3139.69,3139.69,0.0,0,PAID,PAID,MAINTENANCE,SOUTH
INV-06555,CUS-0274,2022-06-17,2022-08-16,,34018.3,11895.52,22122.78,593,90+,PARTIAL,SERVICES,NORTH
INV-06556,CUS-0183,2022-05-14,2022-06-13,2022-06-08,5149.89,5149.89,0.0,0,PAID,PAID,SERVICES,EAST
INV-06557,CUS-0118,2024-03-20,2024-05-04,2024-05-02,8753.1,8753.1,0.0,0,PAID,PAID,SERVICES,WEST
INV-06558,CUS-0027,2022-06-19,2022-07-19,2022-07-19,33180.43,33180.43,0.0,0,PAID,PAID,MAINTENANCE,EAST
INV-06559,CUS-0498,2023-08-15,2023-10-14,2023-10-09,371.54,371.54,0.0,0,PAID,PAID,SOFTWARE,SOUTH
INV-06560,CUS-0069,2023-01-11,2023-03-12,2023-03-11,1610.15,1610.15,0.0,0,PAID,PAID,SERVICES,SOUTH
INV-06561,CUS-0423,2022-06-04,2022-07-19,2022-07-17,653.8,653.8,0.0,0,PAID,PAID,SOFTWARE,NORTH
INV-06562,CUS-0216,2023-02-24,2023-04-25,2023-04-25,1636.47,1636.47,0.0,0,PAID,PAID,MAINTENANCE,EAST
INV-06563,CUS-0064,2023-11-18,2023-12-18,2024-01-07,41301.64,41301.64,0.0,0,PAID,PAID,SERVICES,NORTH
INV-06564,CUS-0233,2023-01-27,2023-02-26,2023-02-28,12070.69,12070.69,0.0,0,PAID,PAID,SOFTWARE,EAST
INV-06565,CUS-0465,2022-08-18,2022-10-17,2022-10-15,1829.71,1829.71,0.0,0,PAID,PAID,HARDWARE,WEST
INV-06566,CUS-0165,2023-03-09,2023-04-08,2023-04-03,853.9,853.9,0.0,0,PAID,PAID,SOFTWARE,SOUTH
INV-06567,CUS-0051,2023-11-22,2024-01-06,2024-01-02,610.99,610.99,0.0,0,PAID,PAID,MAINTENANCE,NORTH
INV-06568,CUS-0198,2023-10-08,2023-12-07,2023-12-07,3098.14,3098.14,0.0,0,PAID,PAID,SERVICES,SOUTH
INV-06569,CUS-0342,2023-02-16,2023-04-17,2023-04-13,331.62,331.62,0.0,0,PAID,PAID,HARDWARE,WEST
INV-06570,CUS-0285,2023-06-03,2023-07-18,2023-07-14,1375.81,1375.81,0.0,0,PAID,PAID,SOFTWARE,SOUTH
INV-06571,CUS-0267,2022-11-24,2023-01-08,2023-01-16,200.35,200.35,0.0,0,PAID,PAID,SOFTWARE,WEST
INV-06572,CUS-0311,2022-12-09,2023-02-07,,4470.27,1735.56,2734.71,418,90+,PARTIAL,MAINTENANCE,EAST
INV-06573,CUS-0358,2022-10-31,2022-12-15,2022-12-12,4108.62,4108.62,0.0,0,PAID,PAID,MAINTENANCE,NORTH
INV-06574,CUS-0401,2022-08-08,2022-09-22,2022-09-20,6681.84,6681.84,0.0,0,PAID,PAID,MAINTENANCE,SOUTH
INV-06575,CUS-0029,2023-05-20,2023-07-04,2023-06-30,452.26,452.26,0.0,0,PAID,PAID,HARDWARE,EAST
INV-06576,CUS-0322,2023-10-21,2023-12-05,,8821.93,0.0,8821.93,117,90+,OVERDUE,SOFTWARE,WEST
INV-06577,CUS-0348,2023-05-26,2023-06-25,2023-06-25,946.24,946.24,0.0,0,PAID,PAID,SERVICES,SOUTH
INV-06578,CUS-0471,2023-02-23,2023-04-09,2023-04-05,6766.84,6766.84,0.0,0,PAID,PAID,SOFTWARE,EAST
INV-06579,CUS-0023,2023-10-02,2023-12-01,2023-12-01,4726.8,4726.8,0.0,0,PAID,PAID,SOFTWARE,NORTH
INV-06580,CUS-0350,2023-11-12,2024-01-11,2024-01-06,6223.79,6223.79,0.0,0,PAID,PAID,HARDWARE,SOUTH
INV-06581,CUS-0274,2022-04-20,2022-06-19,,12122.61,4716.1,7406.51,651,90+,PARTIAL,SOFTWARE,NORTH
INV-06582,CUS-0480,2023-12-31,2024-01-30,2024-01-27,14128.26,14128.26,0.0,0,PAID,PAID,SERVICES,SOUTH
INV-06583,CUS-0017,2023-12-04,2024-02-02,,735.36,0.0,735.36,58,31-60,OVERDUE,MAINTENANCE,SOUTH
INV-06584,CUS-0476,2024-02-14,2024-04-14,2024-04-10,63580.01,63580.01,0.0,0,PAID,PAID,HARDWARE,SOUTH
INV-06585,CUS-0269,2022-09-27,2022-11-11,2022-11-11,550.79,550.79,0.0,0,PAID,PAID,HARDWARE,SOUTH
INV-06586,CUS-0336,2022-04-08,2022-05-23,2022-05-22,468.54,468.54,0.0,0,PAID,PAID,SERVICES,EAST
INV-06587,CUS-0021,2022-10-04,2022-11-03,2022-11-03,3499.05,3499.05,0.0,0,PAID,PAID,SERVICES,SOUTH
INV-06588,CUS-0371,2023-11-01,2023-12-01,2023-12-04,9414.41,9414.41,0.0,0,PAID,PAID,MAINTENANCE,SOUTH
INV-06589,CUS-0199,2023-02-26,2023-04-12,2023-04-07,6985.53,6985.53,0.0,0,PAID,PAID,MAINTENANCE,EAST
INV-06590,CUS-0188,2023-04-05,2023-05-20,2023-05-15,933.33,933.33,0.0,0,PAID,PAID,SERVICES,EAST
INV-06591,CUS-0280,2022-12-08,2023-02-06,2023-02-05,5256.74,5256.74,0.0,0,PAID,PAID,MAINTENANCE,EAST
INV-06592,CUS-0467,2022-08-06,2022-09-20,2022-09-19,11197.28,11197.28,0.0,0,PAID,PAID,MAINTENANCE,NORTH
INV-06593,CUS-0414,2023-09-13,2023-11-12,2023-11-07,24366.77,24366.77,0.0,0,PAID,PAID,HARDWARE,NORTH
INV-06594,CUS-0029,2024-03-13,2024-04-27,2024-04-26,10993.91,10993.91,0.0,0,PAID,PAID,MAINTENANCE,WEST
INV-06595,CUS-0401,2022-12-16,2023-01-30,2023-01-27,21414.34,21414.34,0.0,0,PAID,PAID,HARDWARE,WEST
INV-06596,CUS-0162,2023-08-28,2023-09-27,2023-09-27,940.24,940.24,0.0,0,PAID,PAID,HARDWARE,SOUTH
INV-06597,CUS-0137,2022-05-31,2022-07-30,2022-07-28,2254.04,2254.04,0.0,0,PAID,PAID,SOFTWARE,NORTH
INV-06598,CUS-0375,2024-01-23,2024-03-08,2024-03-08,9487.5,9487.5,0.0,0,PAID,PAID,HARDWARE,WEST
INV-06599,CUS-0357,2022-07-17,2022-08-16,2022-08-21,8616.24,8616.24,0.0,0,PAID,PAID,SERVICES,WEST
INV-06600,CUS-0216,2023-08-12,2023-10-11,2023-11-09,3234.54,3234.54,0.0,0,PAID,PAID,SERVICES,EAST
INV-06601,CUS-0298,2022-09-09,2022-10-09,2022-10-06,1042.04,1042.04,0.0,0,PAID,PAID,HARDWARE,WEST
INV-06602,CUS-0080,2022-12-02,2023-01-16,2023-01-14,915.42,915.42,0.0,0,PAID,PAID,MAINTENANCE,NORTH
INV-06603,CUS-0063,2023-06-09,2023-07-24,2023-07-21,2149.79,2149.79,0.0,0,PAID,PAID,SOFTWARE,SOUTH
INV-06604,CUS-0271,2022-07-13,2022-08-12,2022-08-09,909.12,909.12,0.0,0,PAID,PAID,SERVICES,WEST
INV-06605,CUS-0214,2023-10-31,2023-11-30,2023-12-25,1943.79,1943.79,0.0,0,PAID,PAID,HARDWARE,EAST
INV-06606,CUS-0304,2022-04-01,2022-05-01,2022-04-26,860.46,860.46,0.0,0,PAID,PAID,SOFTWARE,EAST
INV-06607,CUS-0189,2022-07-19,2022-09-02,2022-08-30,41075.47,41075.47,0.0,0,PAID,PAID,SOFTWARE,EAST
INV-06608,CUS-0410,2022-06-20,2022-08-04,2022-07-31,2192.71,2192.71,0.0,0,PAID,PAID,SERVICES,NORTH
INV-06609,CUS-0381,2023-03-31,2023-04-30,2023-04-25,3715.03,3715.03,0.0,0,PAID,PAID,MAINTENANCE,EAST
INV-06610,CUS-0428,2023-01-30,2023-03-16,2023-03-30,1655.86,1655.86,0.0,0,PAID,PAID,SERVICES,WEST
INV-06611,CUS-0243,2023-04-22,2023-06-06,2023-06-01,1125.45,1125.45,0.0,0,PAID,PAID,SOFTWARE,SOUTH
INV-06612,CUS-0470,2022-09-09,2022-11-08,2022-11-07,424.5,424.5,0.0,0,PAID,PAID,SOFTWARE,WEST
INV-06613,CUS-0320,2023-12-12,2024-02-10,2024-02-05,6957.53,6957.53,0.0,0,PAID,PAID,SOFTWARE,NORTH
INV-06614,CUS-0209,2022-09-01,2022-10-01,2022-09-30,4767.4,4767.4,0.0,0,PAID,PAID,SOFTWARE,EAST
INV-06615,CUS-0394,2022-05-22,2022-07-06,2022-07-04,5272.16,5272.16,0.0,0,PAID,PAID,SERVICES,WEST
INV-06616,CUS-0083,2024-03-07,2024-04-06,,11573.19,4388.37,7184.82,0,CURRENT,PARTIAL,SOFTWARE,SOUTH
INV-06617,CUS-0314,2022-04-27,2022-06-26,2022-07-10,9172.16,9172.16,0.0,0,PAID,PAID,HARDWARE,EAST
INV-06618,CUS-0405,2023-03-22,2023-04-21,2023-04-18,708.03,708.03,0.0,0,PAID,PAID,SERVICES,SOUTH
INV-06619,CUS-0369,2022-09-21,2022-11-05,2022-11-02,17530.0,17530.0,0.0,0,PAID,PAID,HARDWARE,NORTH
INV-06620,CUS-0039,2022-10-30,2022-12-14,2022-12-13,5776.03,5776.03,0.0,0,PAID,PAID,SOFTWARE,SOUTH
INV-06621,CUS-0096,2022-12-07,2023-01-06,2023-01-05,106082.61,106082.61,0.0,0,PAID,PAID,SERVICES,SOUTH
INV-06622,CUS-0381,2022-11-16,2022-12-16,2023-01-07,812.91,812.91,0.0,0,PAID,PAID,SOFTWARE,SOUTH
INV-06623,CUS-0114,2023-11-30,2024-01-14,2024-01-26,1631.35,1631.35,0.0,0,PAID,PAID,HARDWARE,NORTH
INV-06624,CUS-0043,2022-05-08,2022-06-07,2022-07-06,4784.09,4784.09,0.0,0,PAID,PAID,SOFTWARE,EAST
INV-06625,CUS-0041,2023-12-22,2024-01-21,2024-01-18,2496.09,2496.09,0.0,0,PAID,PAID,SERVICES,SOUTH
INV-06626,CUS-0453,2023-09-29,2023-10-29,2023-11-13,6063.08,6063.08,0.0,0,PAID,PAID,SOFTWARE,EAST
INV-06627,CUS-0160,2023-08-06,2023-09-20,2023-09-15,2345.39,2345.39,0.0,0,PAID,PAID,HARDWARE,NORTH
INV-06628,CUS-0060,2023-10-27,2023-11-26,2023-11-24,6423.65,6423.65,0.0,0,PAID,PAID,SERVICES,WEST
INV-06629,CUS-0063,2023-03-09,2023-04-23,,7367.67,0.0,7367.67,343,90+,OVERDUE,MAINTENANCE,EAST
INV-06630,CUS-0379,2023-07-27,2023-09-10,2023-09-09,4149.66,4149.66,0.0,0,PAID,PAID,MAINTENANCE,NORTH
INV-06631,CUS-0357,2022-04-23,2022-05-23,2022-05-20,4668.06,4668.06,0.0,0,PAID,PAID,SOFTWARE,EAST
INV-06632,CUS-0256,2023-12-23,2024-02-21,2024-02-19,2451.62,2451.62,0.0,0,PAID,PAID,SOFTWARE,EAST
INV-06633,CUS-0006,2023-05-08,2023-06-07,2023-06-04,3999.48,3999.48,0.0,0,PAID,PAID,SOFTWARE,WEST
INV-06634,CUS-0084,2023-12-06,2024-02-04,2024-02-03,3732.0,3732.0,0.0,0,PAID,PAID,SOFTWARE,SOUTH
INV-06635,CUS-0422,2024-02-07,2024-03-23,2024-03-22,3062.86,3062.86,0.0,0,PAID,PAID,MAINTENANCE,SOUTH
INV-06636,CUS-0198,2023-02-22,2023-04-23,2023-05-22,2374.59,2374.59,0.0,0,PAID,PAID,MAINTENANCE,SOUTH
INV-06637,CUS-0410,2023-08-06,2023-09-20,,37870.3,22383.7,15486.6,193,90+,PARTIAL,SERVICES,WEST
INV-06638,CUS-0346,2022-06-05,2022-08-04,2022-07-30,8126.9,8126.9,0.0,0,PAID,PAID,SOFTWARE,EAST
INV-06639,CUS-0234,2022-06-14,2022-07-14,2022-07-28,32569.08,32569.08,0.0,0,PAID,PAID,MAINTENANCE,WEST
INV-06640,CUS-0368,2023-05-09,2023-06-23,2023-06-23,6685.85,6685.85,0.0,0,PAID,PAID,SERVICES,WEST
INV-06641,CUS-0433,2022-12-25,2023-01-24,2023-01-21,817.89,817.89,0.0,0,PAID,PAID,MAINTENANCE,SOUTH
INV-06642,CUS-0357,2022-11-13,2022-12-13,2023-01-06,1854.71,1854.71,0.0,0,PAID,PAID,MAINTENANCE,SOUTH
INV-06643,CUS-0395,2022-05-06,2022-06-20,,2391.09,0.0,2391.09,650,90+,OVERDUE,SERVICES,NORTH
INV-06644,CUS-0028,2022-05-29,2022-07-13,2022-08-04,2003.99,2003.99,0.0,0,PAID,PAID,SERVICES,NORTH
INV-06645,CUS-0248,2022-09-05,2022-10-05,2022-10-03,51309.2,51309.2,0.0,0,PAID,PAID,MAINTENANCE,NORTH
INV-06646,CUS-0426,2023-02-21,2023-04-07,2023-04-16,2443.68,2443.68,0.0,0,PAID,PAID,HARDWARE,SOUTH
INV-06647,CUS-0299,2023-07-12,2023-09-10,,2259.46,0.0,2259.46,203,90+,OVERDUE,SOFTWARE,NORTH
INV-06648,CUS-0475,2023-12-29,2024-02-12,2024-02-08,7137.51,7137.51,0.0,0,PAID,PAID,SOFTWARE,EAST
INV-06649,CUS-0042,2023-05-10,2023-07-09,2023-07-09,1961.85,1961.85,0.0,0,PAID,PAID,SOFTWARE,SOUTH
INV-06650,CUS-0404,2022-12-03,2023-02-01,,1129.63,611.12,518.51,424,90+,PARTIAL,SOFTWARE,NORTH
INV-06651,CUS-0106,2023-01-23,2023-03-24,2023-03-19,4036.97,4036.97,0.0,0,PAID,PAID,SOFTWARE,SOUTH
INV-06652,CUS-0456,2022-10-29,2022-12-28,2022-12-27,2657.92,2657.92,0.0,0,PAID,PAID,HARDWARE,EAST
INV-06653,CUS-0154,2024-01-14,2024-03-14,2024-03-09,896.94,896.94,0.0,0,PAID,PAID,SOFTWARE,SOUTH
INV-06654,CUS-0121,2022-07-15,2022-08-29,2022-08-28,18389.49,18389.49,0.0,0,PAID,PAID,HARDWARE,SOUTH
INV-06655,CUS-0469,2022-12-01,2023-01-15,,2799.08,1281.95,1517.13,441,90+,PARTIAL,SOFTWARE,NORTH
INV-06656,CUS-0386,2024-01-07,2024-03-07,2024-03-07,4045.49,4045.49,0.0,0,PAID,PAID,SOFTWARE,NORTH
INV-06657,CUS-0096,2022-07-25,2022-08-24,2022-08-23,48832.69,48832.69,0.0,0,PAID,PAID,SOFTWARE,NORTH
INV-06658,CUS-0373,2023-03-01,2023-04-15,2023-04-15,30429.81,30429.81,0.0,0,PAID,PAID,HARDWARE,SOUTH
INV-06659,CUS-0315,2023-09-29,2023-11-28,2023-11-27,6730.25,6730.25,0.0,0,PAID,PAID,HARDWARE,WEST
INV-06660,CUS-0483,2022-08-13,2022-09-12,2022-09-09,347.54,347.54,0.0,0,PAID,PAID,HARDWARE,NORTH
INV-06661,CUS-0064,2022-11-29,2022-12-29,2022-12-24,18420.62,18420.62,0.0,0,PAID,PAID,HARDWARE,WEST
INV-06662,CUS-0239,2023-07-25,2023-09-08,2023-10-05,4673.25,4673.25,0.0,0,PAID,PAID,SOFTWARE,SOUTH
INV-06663,CUS-0467,2023-02-25,2023-04-11,2023-04-07,643.94,643.94,0.0,0,PAID,PAID,SOFTWARE,EAST
INV-06664,CUS-0338,2023-01-02,2023-03-03,2023-02-27,13407.69,13407.69,0.0,0,PAID,PAID,MAINTENANCE,NORTH
INV-06665,CUS-0149,2022-11-09,2022-12-24,2023-01-04,4557.65,4557.65,0.0,0,PAID,PAID,SERVICES,WEST
INV-06666,CUS-0104,2023-08-12,2023-10-11,2023-10-11,847.7,847.7,0.0,0,PAID,PAID,HARDWARE,WEST
INV-06667,CUS-0124,2024-02-18,2024-04-03,2024-04-26,3393.6,3393.6,0.0,0,PAID,PAID,MAINTENANCE,NORTH
INV-06668,CUS-0373,2023-06-18,2023-08-02,2023-07-29,83529.19,83529.19,0.0,0,PAID,PAID,SOFTWARE,NORTH
INV-06669,CUS-0411,2024-03-28,2024-05-12,2024-05-08,23316.72,23316.72,0.0,0,PAID,PAID,SOFTWARE,NORTH
INV-06670,CUS-0021,2023-04-22,2023-05-22,2023-05-17,3887.65,3887.65,0.0,0,PAID,PAID,HARDWARE,SOUTH
INV-06671,CUS-0192,2024-01-24,2024-02-23,2024-02-20,18778.01,18778.01,0.0,0,PAID,PAID,HARDWARE,NORTH
INV-06672,CUS-0479,2023-06-28,2023-08-12,2023-09-09,6787.01,6787.01,0.0,0,PAID,PAID,SOFTWARE,SOUTH
INV-06673,CUS-0402,2022-10-21,2022-11-20,,7025.69,3643.2,3382.49,497,90+,PARTIAL,SOFTWARE,EAST
INV-06674,CUS-0448,2023-02-18,2023-04-19,2023-04-16,1429.62,1429.62,0.0,0,PAID,PAID,MAINTENANCE,SOUTH
INV-06675,CUS-0380,2023-12-09,2024-01-23,2024-01-23,423.53,423.53,0.0,0,PAID,PAID,SOFTWARE,NORTH
INV-06676,CUS-0365,2022-08-26,2022-10-10,2022-10-07,4891.39,4891.39,0.0,0,PAID,PAID,MAINTENANCE,EAST
INV-06677,CUS-0302,2024-02-03,2024-03-04,2024-02-28,2198.32,2198.32,0.0,0,PAID,PAID,SOFTWARE,SOUTH
INV-06678,CUS-0147,2022-10-01,2022-11-30,2022-11-30,2587.16,2587.16,0.0,0,PAID,PAID,HARDWARE,NORTH
INV-06679,CUS-0171,2023-04-24,2023-06-08,2023-06-08,2898.23,2898.23,0.0,0,PAID,PAID,HARDWARE,WEST
INV-06680,CUS-0382,2022-04-19,2022-06-18,2022-06-13,8213.35,8213.35,0.0,0,PAID,PAID,MAINTENANCE,SOUTH
INV-06681,CUS-0281,2022-04-22,2022-06-21,2022-06-21,25050.21,25050.21,0.0,0,PAID,PAID,SERVICES,SOUTH
INV-06682,CUS-0059,2023-12-08,2024-01-07,2024-02-01,3163.61,3163.61,0.0,0,PAID,PAID,SOFTWARE,WEST
INV-06683,CUS-0145,2024-01-13,2024-03-13,2024-03-13,2436.62,2436.62,0.0,0,PAID,PAID,SOFTWARE,SOUTH
INV-06684,CUS-0402,2022-07-11,2022-08-10,,4930.04,2068.38,2861.66,599,90+,PARTIAL,MAINTENANCE,EAST
INV-06685,CUS-0199,2022-04-15,2022-05-30,2022-05-30,2031.02,2031.02,0.0,0,PAID,PAID,SERVICES,NORTH
INV-06686,CUS-0265,2022-08-20,2022-10-04,2022-10-04,76089.56,76089.56,0.0,0,PAID,PAID,SERVICES,NORTH
INV-06687,CUS-0393,2023-10-31,2023-12-15,2023-12-15,10013.73,10013.73,0.0,0,PAID,PAID,MAINTENANCE,EAST
INV-06688,CUS-0153,2022-04-18,2022-06-17,2022-06-15,5384.84,5384.84,0.0,0,PAID,PAID,SERVICES,SOUTH
INV-06689,CUS-0066,2022-12-30,2023-02-13,2023-02-10,6461.95,6461.95,0.0,0,PAID,PAID,MAINTENANCE,NORTH
INV-06690,CUS-0478,2023-12-19,2024-01-18,2024-01-14,8705.34,8705.34,0.0,0,PAID,PAID,SERVICES,WEST
INV-06691,CUS-0185,2023-09-20,2023-11-19,2023-11-21,2227.5,2227.5,0.0,0,PAID,PAID,HARDWARE,SOUTH
INV-06692,CUS-0239,2023-10-31,2023-12-15,2023-12-12,33303.76,33303.76,0.0,0,PAID,PAID,SERVICES,EAST
INV-06693,CUS-0338,2023-02-24,2023-04-25,2023-04-21,8978.54,8978.54,0.0,0,PAID,PAID,SOFTWARE,EAST
INV-06694,CUS-0223,2024-01-25,2024-03-25,2024-03-26,5127.85,5127.85,0.0,0,PAID,PAID,HARDWARE,WEST
INV-06695,CUS-0049,2023-01-09,2023-02-23,2023-03-10,1773.55,1773.55,0.0,0,PAID,PAID,MAINTENANCE,SOUTH
INV-06696,CUS-0031,2022-12-25,2023-02-23,2023-02-19,36403.2,36403.2,0.0,0,PAID,PAID,HARDWARE,NORTH
INV-06697,CUS-0467,2022-09-24,2022-11-08,2022-11-06,1839.34,1839.34,0.0,0,PAID,PAID,HARDWARE,NORTH
INV-06698,CUS-0309,2022-08-14,2022-10-13,2022-10-12,10155.67,10155.67,0.0,0,PAID,PAID,SERVICES,NORTH
INV-06699,CUS-0179,2023-07-17,2023-09-15,,7760.03,4965.9,2794.13,198,90+,PARTIAL,HARDWARE,NORTH
INV-06700,CUS-0079,2024-01-22,2024-02-21,,7310.17,3937.37,3372.8,39,31-60,PARTIAL,SERVICES,NORTH
INV-06701,CUS-0449,2023-05-06,2023-06-05,2023-06-05,738.05,738.05,0.0,0,PAID,PAID,MAINTENANCE,EAST
INV-06702,CUS-0309,2023-07-13,2023-09-11,2023-09-08,28734.97,28734.97,0.0,0,PAID,PAID,SERVICES,WEST
INV-06703,CUS-0283,2023-08-06,2023-09-05,2023-09-02,2654.06,2654.06,0.0,0,PAID,PAID,HARDWARE,WEST
INV-06704,CUS-0208,2023-04-30,2023-06-29,2023-07-25,3326.8,3326.8,0.0,0,PAID,PAID,MAINTENANCE,WEST
INV-06705,CUS-0107,2022-09-07,2022-10-22,,16345.88,9027.86,7318.02,526,90+,PARTIAL,HARDWARE,SOUTH
INV-06706,CUS-0250,2023-03-14,2023-04-13,2023-05-09,4157.92,4157.92,0.0,0,PAID,PAID,SERVICES,NORTH
INV-06707,CUS-0360,2022-06-26,2022-08-10,2022-08-06,146.5,146.5,0.0,0,PAID,PAID,HARDWARE,EAST
INV-06708,CUS-0217,2022-12-16,2023-02-14,2023-02-14,270.17,270.17,0.0,0,PAID,PAID,SOFTWARE,NORTH
INV-06709,CUS-0139,2023-05-21,2023-07-05,2023-07-09,1094.3,1094.3,0.0,0,PAID,PAID,SERVICES,EAST
INV-06710,CUS-0405,2023-05-27,2023-06-26,2023-06-21,847.65,847.65,0.0,0,PAID,PAID,MAINTENANCE,WEST
INV-06711,CUS-0314,2023-06-22,2023-08-21,2023-08-24,1212.32,1212.32,0.0,0,PAID,PAID,SERVICES,SOUTH
INV-06712,CUS-0491,2023-04-27,2023-06-11,2023-06-06,3735.94,3735.94,0.0,0,PAID,PAID,HARDWARE,NORTH
INV-06713,CUS-0159,2022-07-12,2022-08-11,2022-08-10,693.86,693.86,0.0,0,PAID,PAID,HARDWARE,WEST
INV-06714,CUS-0022,2022-07-31,2022-09-29,2022-09-29,23582.45,23582.45,0.0,0,PAID,PAID,MAINTENANCE,WEST
INV-06715,CUS-0403,2022-04-27,2022-06-11,2022-06-10,43692.01,43692.01,0.0,0,PAID,PAID,SOFTWARE,NORTH
INV-06716,CUS-0056,2023-01-23,2023-02-22,2023-02-20,1882.75,1882.75,0.0,0,PAID,PAID,SOFTWARE,EAST
INV-06717,CUS-0138,2022-08-03,2022-09-17,2022-09-16,12792.71,12792.71,0.0,0,PAID,PAID,MAINTENANCE,WEST
INV-06718,CUS-0166,2023-11-22,2024-01-06,2024-01-05,4491.65,4491.65,0.0,0,PAID,PAID,SOFTWARE,NORTH
INV-06719,CUS-0354,2023-01-03,2023-02-02,2023-02-23,8806.08,8806.08,0.0,0,PAID,PAID,SOFTWARE,EAST
INV-06720,CUS-0384,2022-07-20,2022-09-03,2022-09-01,1997.45,1997.45,0.0,0,PAID,PAID,MAINTENANCE,SOUTH
INV-06721,CUS-0008,2022-10-27,2022-12-26,,4314.2,0.0,4314.2,461,90+,OVERDUE,SOFTWARE,SOUTH
INV-06722,CUS-0463,2024-01-01,2024-03-01,2024-03-12,20885.4,20885.4,0.0,0,PAID,PAID,MAINTENANCE,NORTH
INV-06723,CUS-0416,2022-11-08,2022-12-08,2022-12-06,343.15,343.15,0.0,0,PAID,PAID,HARDWARE,SOUTH
INV-06724,CUS-0435,2023-08-23,2023-10-22,2023-10-21,4391.77,4391.77,0.0,0,PAID,PAID,SERVICES,WEST
INV-06725,CUS-0062,2022-07-08,2022-08-22,2022-08-20,672.97,672.97,0.0,0,PAID,PAID,SOFTWARE,WEST
INV-06726,CUS-0483,2023-03-02,2023-04-01,2023-03-31,9288.64,9288.64,0.0,0,PAID,PAID,SERVICES,WEST
INV-06727,CUS-0366,2022-12-11,2023-01-10,2023-01-09,5093.64,5093.64,0.0,0,PAID,PAID,HARDWARE,WEST
INV-06728,CUS-0296,2023-03-05,2023-04-04,2023-04-03,227.45,227.45,0.0,0,PAID,PAID,MAINTENANCE,SOUTH
INV-06729,CUS-0487,2022-05-12,2022-06-11,,729.19,471.5,257.69,659,90+,PARTIAL,SOFTWARE,EAST
INV-06730,CUS-0107,2023-03-18,2023-05-02,2023-05-15,7897.13,7897.13,0.0,0,PAID,PAID,SOFTWARE,NORTH
INV-06731,CUS-0170,2023-09-14,2023-10-29,2023-10-28,2861.08,2861.08,0.0,0,PAID,PAID,SOFTWARE,EAST
INV-06732,CUS-0256,2022-07-01,2022-08-30,2022-08-25,875.01,875.01,0.0,0,PAID,PAID,SOFTWARE,NORTH
INV-06733,CUS-0436,2023-11-26,2023-12-26,2023-12-25,1425.78,1425.78,0.0,0,PAID,PAID,SERVICES,EAST
INV-06734,CUS-0213,2024-03-23,2024-05-22,,2151.76,1003.24,1148.52,0,CURRENT,PARTIAL,MAINTENANCE,SOUTH
INV-06735,CUS-0332,2023-03-09,2023-05-08,2023-05-04,2307.03,2307.03,0.0,0,PAID,PAID,MAINTENANCE,SOUTH
INV-06736,CUS-0018,2023-07-05,2023-08-04,2023-08-01,1063.96,1063.96,0.0,0,PAID,PAID,HARDWARE,EAST
INV-06737,CUS-0238,2024-01-01,2024-02-15,2024-02-13,5001.26,5001.26,0.0,0,PAID,PAID,HARDWARE,EAST
INV-06738,CUS-0317,2023-03-24,2023-04-23,2023-04-21,1062.93,1062.93,0.0,0,PAID,PAID,SOFTWARE,NORTH
INV-06739,CUS-0038,2022-04-30,2022-05-30,2022-05-28,1028.28,1028.28,0.0,0,PAID,PAID,SERVICES,EAST
INV-06740,CUS-0342,2023-08-08,2023-10-07,,6445.54,0.0,6445.54,176,90+,OVERDUE,SERVICES,WEST
INV-06741,CUS-0468,2023-06-29,2023-07-29,2023-07-28,48053.66,48053.66,0.0,0,PAID,PAID,HARDWARE,EAST
INV-06742,CUS-0365,2023-04-26,2023-06-10,,64693.89,0.0,64693.89,295,90+,OVERDUE,SERVICES,WEST
INV-06743,CUS-0163,2022-07-25,2022-09-23,2022-09-23,3276.07,3276.07,0.0,0,PAID,PAID,SERVICES,NORTH
INV-06744,CUS-0466,2024-03-28,2024-05-27,2024-05-27,931.16,931.16,0.0,0,PAID,PAID,MAINTENANCE,EAST
INV-06745,CUS-0251,2022-11-30,2023-01-29,2023-01-28,572.32,572.32,0.0,0,PAID,PAID,SERVICES,WEST
INV-06746,CUS-0131,2023-06-25,2023-07-25,2023-07-21,1346.06,1346.06,0.0,0,PAID,PAID,MAINTENANCE,SOUTH
INV-06747,CUS-0327,2022-09-05,2022-10-05,2022-10-04,10656.1,10656.1,0.0,0,PAID,PAID,SERVICES,SOUTH
INV-06748,CUS-0370,2022-06-28,2022-08-12,2022-08-07,13749.82,13749.82,0.0,0,PAID,PAID,HARDWARE,EAST
INV-06749,CUS-0483,2022-07-29,2022-08-28,2022-08-30,1026.44,1026.44,0.0,0,PAID,PAID,MAINTENANCE,EAST
INV-06750,CUS-0363,2024-01-07,2024-02-21,2024-03-13,3231.04,3231.04,0.0,0,PAID,PAID,HARDWARE,SOUTH
INV-06751,CUS-0403,2022-08-26,2022-10-10,2022-10-06,31876.47,31876.47,0.0,0,PAID,PAID,SOFTWARE,SOUTH
INV-06752,CUS-0260,2022-06-17,2022-08-01,2022-07-29,6413.39,6413.39,0.0,0,PAID,PAID,SOFTWARE,EAST
INV-06753,CUS-0113,2023-06-28,2023-08-12,2023-08-12,4491.23,4491.23,0.0,0,PAID,PAID,HARDWARE,NORTH
INV-06754,CUS-0437,2024-02-25,2024-04-25,2024-04-23,4871.26,4871.26,0.0,0,PAID,PAID,SOFTWARE,WEST
INV-06755,CUS-0049,2023-06-14,2023-07-29,,1588.72,0.0,1588.72,246,90+,OVERDUE,SERVICES,SOUTH
INV-06756,CUS-0223,2022-04-01,2022-05-31,2022-06-27,11664.97,11664.97,0.0,0,PAID,PAID,HARDWARE,EAST
INV-06757,CUS-0089,2023-01-28,2023-03-29,2023-03-26,16857.09,16857.09,0.0,0,PAID,PAID,MAINTENANCE,NORTH
INV-06758,CUS-0362,2023-04-30,2023-05-30,2023-05-26,663.87,663.87,0.0,0,PAID,PAID,MAINTENANCE,SOUTH
INV-06759,CUS-0487,2024-03-06,2024-04-05,2024-04-25,3381.99,3381.99,0.0,0,PAID,PAID,HARDWARE,SOUTH
INV-06760,CUS-0011,2022-05-09,2022-07-08,2022-07-05,1796.01,1796.01,0.0,0,PAID,PAID,HARDWARE,WEST
INV-06761,CUS-0450,2023-12-26,2024-02-24,2024-02-24,37332.92,37332.92,0.0,0,PAID,PAID,SERVICES,WEST
INV-06762,CUS-0087,2022-10-02,2022-11-01,2022-11-01,3548.67,3548.67,0.0,0,PAID,PAID,HARDWARE,NORTH
INV-06763,CUS-0196,2022-07-12,2022-08-26,2022-08-25,4427.63,4427.63,0.0,0,PAID,PAID,SOFTWARE,NORTH
INV-06764,CUS-0139,2024-03-17,2024-05-01,2024-04-29,6365.1,6365.1,0.0,0,PAID,PAID,HARDWARE,SOUTH
INV-06765,CUS-0422,2022-04-18,2022-06-02,2022-05-29,701.78,701.78,0.0,0,PAID,PAID,MAINTENANCE,SOUTH
INV-06766,CUS-0110,2022-12-17,2023-01-16,2023-01-15,1364.13,1364.13,0.0,0,PAID,PAID,HARDWARE,WEST
INV-06767,CUS-0397,2023-06-12,2023-08-11,2023-08-06,1738.01,1738.01,0.0,0,PAID,PAID,SERVICES,SOUTH
INV-06768,CUS-0003,2022-11-18,2023-01-02,2022-12-30,7970.57,7970.57,0.0,0,PAID,PAID,MAINTENANCE,WEST
INV-06769,CUS-0369,2023-02-06,2023-03-23,2023-03-21,7588.39,7588.39,0.0,0,PAID,PAID,SOFTWARE,NORTH
INV-06770,CUS-0402,2023-01-09,2023-02-08,,857.27,355.22,502.05,417,90+,PARTIAL,SERVICES,EAST
INV-06771,CUS-0332,2023-12-06,2024-02-04,2024-02-01,4140.1,4140.1,0.0,0,PAID,PAID,HARDWARE,WEST
INV-06772,CUS-0496,2024-01-04,2024-02-03,,3708.6,1364.14,2344.46,57,31-60,PARTIAL,MAINTENANCE,NORTH
INV-06773,CUS-0481,2022-08-15,2022-09-29,2022-09-27,23927.65,23927.65,0.0,0,PAID,PAID,SERVICES,SOUTH
INV-06774,CUS-0252,2022-05-30,2022-06-29,,2537.89,1480.8,1057.09,641,90+,PARTIAL,SERVICES,WEST
INV-06775,CUS-0134,2022-05-11,2022-07-10,,2204.7,1243.18,961.52,630,90+,PARTIAL,MAINTENANCE,SOUTH
INV-06776,CUS-0462,2022-07-27,2022-09-25,2022-10-24,400.9,400.9,0.0,0,PAID,PAID,MAINTENANCE,SOUTH
INV-06777,CUS-0140,2023-06-11,2023-07-11,2023-07-09,31380.98,31380.98,0.0,0,PAID,PAID,MAINTENANCE,WEST
INV-06778,CUS-0253,2023-11-22,2024-01-06,2024-01-02,5014.37,5014.37,0.0,0,PAID,PAID,SOFTWARE,WEST
INV-06779,CUS-0283,2022-10-25,2022-11-24,2022-11-21,2998.07,2998.07,0.0,0,PAID,PAID,SERVICES,NORTH
INV-06780,CUS-0362,2022-11-02,2022-12-02,2022-12-01,1793.41,1793.41,0.0,0,PAID,PAID,SERVICES,NORTH
INV-06781,CUS-0265,2024-01-14,2024-02-28,2024-02-26,43249.92,43249.92,0.0,0,PAID,PAID,SOFTWARE,NORTH
INV-06782,CUS-0138,2022-05-06,2022-06-20,2022-06-17,14467.78,14467.78,0.0,0,PAID,PAID,HARDWARE,SOUTH
INV-06783,CUS-0098,2022-09-19,2022-10-19,2022-10-14,1476.28,1476.28,0.0,0,PAID,PAID,MAINTENANCE,WEST
INV-06784,CUS-0408,2022-10-23,2022-12-07,2023-01-04,15585.63,15585.63,0.0,0,PAID,PAID,MAINTENANCE,SOUTH
INV-06785,CUS-0181,2022-08-12,2022-09-26,2022-09-23,3750.05,3750.05,0.0,0,PAID,PAID,MAINTENANCE,NORTH
INV-06786,CUS-0050,2023-12-19,2024-02-02,2024-02-02,15367.72,15367.72,0.0,0,PAID,PAID,SOFTWARE,NORTH
INV-06787,CUS-0031,2023-02-19,2023-04-20,2023-04-18,13329.3,13329.3,0.0,0,PAID,PAID,SOFTWARE,WEST
INV-06788,CUS-0200,2023-02-05,2023-03-07,2023-03-20,887.35,887.35,0.0,0,PAID,PAID,SERVICES,EAST
INV-06789,CUS-0331,2022-09-20,2022-11-19,2022-11-18,3161.5,3161.5,0.0,0,PAID,PAID,SERVICES,EAST
INV-06790,CUS-0489,2022-08-28,2022-10-27,2022-10-25,2738.39,2738.39,0.0,0,PAID,PAID,SOFTWARE,EAST
INV-06791,CUS-0219,2022-05-22,2022-07-21,2022-08-01,9884.12,9884.12,0.0,0,PAID,PAID,SOFTWARE,EAST
INV-06792,CUS-0117,2023-09-17,2023-10-17,2023-10-14,2058.06,2058.06,0.0,0,PAID,PAID,SERVICES,NORTH
INV-06793,CUS-0321,2022-06-12,2022-07-12,,690.47,322.41,368.06,628,90+,PARTIAL,SERVICES,EAST
INV-06794,CUS-0086,2023-08-29,2023-10-28,2023-10-27,1119.38,1119.38,0.0,0,PAID,PAID,MAINTENANCE,EAST
INV-06795,CUS-0213,2023-05-15,2023-07-14,2023-07-09,338.71,338.71,0.0,0,PAID,PAID,SOFTWARE,EAST
INV-06796,CUS-0273,2023-08-02,2023-09-01,2023-08-30,1036.95,1036.95,0.0,0,PAID,PAID,SERVICES,WEST
INV-06797,CUS-0162,2023-02-15,2023-03-17,2023-03-12,15138.75,15138.75,0.0,0,PAID,PAID,HARDWARE,NORTH
INV-06798,CUS-0494,2022-07-21,2022-09-19,,879.71,0.0,879.71,559,90+,OVERDUE,SOFTWARE,SOUTH
INV-06799,CUS-0233,2022-12-06,2023-01-05,2023-01-24,7648.75,7648.75,0.0,0,PAID,PAID,SOFTWARE,EAST
INV-06800,CUS-0149,2022-10-23,2022-12-07,2022-12-06,39710.17,39710.17,0.0,0,PAID,PAID,SOFTWARE,WEST
INV-06801,CUS-0146,2022-09-08,2022-10-23,2022-10-19,105424.74,105424.74,0.0,0,PAID,PAID,HARDWARE,SOUTH
INV-06802,CUS-0338,2022-07-17,2022-09-15,2022-09-10,18271.6,18271.6,0.0,0,PAID,PAID,SERVICES,EAST
INV-06803,CUS-0317,2023-12-02,2024-01-01,2024-01-01,787.88,787.88,0.0,0,PAID,PAID,SERVICES,NORTH
INV-06804,CUS-0416,2022-11-04,2022-12-04,2022-12-04,2798.46,2798.46,0.0,0,PAID,PAID,SOFTWARE,EAST
INV-06805,CUS-0096,2024-03-08,2024-04-07,2024-04-02,10837.82,10837.82,0.0,0,PAID,PAID,SERVICES,WEST
INV-06806,CUS-0007,2022-12-28,2023-02-11,2023-02-06,3290.96,3290.96,0.0,0,PAID,PAID,SERVICES,NORTH
INV-06807,CUS-0386,2023-04-11,2023-06-10,2023-06-06,1065.39,1065.39,0.0,0,PAID,PAID,MAINTENANCE,WEST
INV-06808,CUS-0259,2022-11-02,2022-12-17,2022-12-13,88.82,88.82,0.0,0,PAID,PAID,SERVICES,WEST
INV-06809,CUS-0072,2023-04-06,2023-06-05,2023-06-29,11747.58,11747.58,0.0,0,PAID,PAID,MAINTENANCE,SOUTH
INV-06810,CUS-0426,2023-09-19,2023-11-03,2023-10-30,5431.62,5431.62,0.0,0,PAID,PAID,SERVICES,SOUTH
INV-06811,CUS-0009,2022-06-18,2022-07-18,2022-07-17,21282.29,21282.29,0.0,0,PAID,PAID,SOFTWARE,EAST
INV-06812,CUS-0074,2023-08-02,2023-09-01,2023-08-28,8800.33,8800.33,0.0,0,PAID,PAID,MAINTENANCE,WEST
INV-06813,CUS-0236,2023-06-25,2023-08-24,2023-08-20,80127.26,80127.26,0.0,0,PAID,PAID,SOFTWARE,WEST
INV-06814,CUS-0164,2023-05-31,2023-06-30,,3490.37,0.0,3490.37,275,90+,OVERDUE,SOFTWARE,SOUTH
INV-06815,CUS-0099,2024-01-18,2024-03-03,,12867.98,4071.77,8796.21,28,CURRENT,PARTIAL,HARDWARE,NORTH
INV-06816,CUS-0460,2024-01-20,2024-03-05,2024-03-02,4308.01,4308.01,0.0,0,PAID,PAID,HARDWARE,SOUTH
INV-06817,CUS-0182,2022-06-11,2022-08-10,,14124.66,0.0,14124.66,599,90+,OVERDUE,SOFTWARE,NORTH
INV-06818,CUS-0333,2023-04-09,2023-06-08,2023-06-06,3260.03,3260.03,0.0,0,PAID,PAID,SERVICES,EAST
INV-06819,CUS-0297,2022-12-02,2023-01-16,2023-01-14,4679.1,4679.1,0.0,0,PAID,PAID,SOFTWARE,WEST
INV-06820,CUS-0099,2022-08-23,2022-10-07,2022-10-06,46297.86,46297.86,0.0,0,PAID,PAID,HARDWARE,SOUTH
INV-06821,CUS-0076,2024-02-29,2024-04-29,2024-04-25,7310.16,7310.16,0.0,0,PAID,PAID,HARDWARE,SOUTH
INV-06822,CUS-0308,2022-11-10,2022-12-25,2022-12-24,27053.27,27053.27,0.0,0,PAID,PAID,MAINTENANCE,WEST
INV-06823,CUS-0071,2022-10-27,2022-12-11,2022-12-08,6264.55,6264.55,0.0,0,PAID,PAID,MAINTENANCE,WEST
INV-06824,CUS-0270,2023-09-30,2023-11-29,2023-12-10,2798.5,2798.5,0.0,0,PAID,PAID,MAINTENANCE,WEST
INV-06825,CUS-0072,2024-02-13,2024-04-13,2024-04-23,14233.65,14233.65,0.0,0,PAID,PAID,SERVICES,NORTH
INV-06826,CUS-0380,2024-01-06,2024-02-20,2024-02-16,1181.36,1181.36,0.0,0,PAID,PAID,HARDWARE,EAST
INV-06827,CUS-0056,2024-02-25,2024-03-26,2024-03-21,690.49,690.49,0.0,0,PAID,PAID,HARDWARE,NORTH
INV-06828,CUS-0208,2022-08-21,2022-10-20,2022-10-16,5591.98,5591.98,0.0,0,PAID,PAID,SOFTWARE,EAST
INV-06829,CUS-0005,2022-07-11,2022-09-09,2022-09-09,766.26,766.26,0.0,0,PAID,PAID,SOFTWARE,SOUTH
INV-06830,CUS-0134,2024-01-16,2024-03-16,2024-03-16,386.79,386.79,0.0,0,PAID,PAID,SOFTWARE,EAST
INV-06831,CUS-0214,2023-03-27,2023-04-26,2023-04-21,189.67,189.67,0.0,0,PAID,PAID,SERVICES,EAST
INV-06832,CUS-0173,2022-12-27,2023-02-25,2023-02-24,2022.86,2022.86,0.0,0,PAID,PAID,MAINTENANCE,EAST
INV-06833,CUS-0090,2023-09-27,2023-11-11,2023-11-08,15144.35,15144.35,0.0,0,PAID,PAID,HARDWARE,WEST
INV-06834,CUS-0248,2023-10-18,2023-11-17,2023-11-17,38204.54,38204.54,0.0,0,PAID,PAID,SERVICES,NORTH
INV-06835,CUS-0217,2022-07-06,2022-09-04,2022-08-31,32912.76,32912.76,0.0,0,PAID,PAID,MAINTENANCE,WEST
INV-06836,CUS-0031,2022-10-31,2022-12-30,2022-12-27,15527.94,15527.94,0.0,0,PAID,PAID,SERVICES,SOUTH
INV-06837,CUS-0499,2023-03-27,2023-05-26,2023-05-23,649.86,649.86,0.0,0,PAID,PAID,MAINTENANCE,SOUTH
INV-06838,CUS-0277,2022-12-26,2023-02-24,2023-02-22,4844.27,4844.27,0.0,0,PAID,PAID,HARDWARE,WEST
INV-06839,CUS-0087,2023-03-30,2023-04-29,2023-04-28,4240.39,4240.39,0.0,0,PAID,PAID,SERVICES,SOUTH
INV-06840,CUS-0332,2023-06-08,2023-08-07,2023-08-02,682.33,682.33,0.0,0,PAID,PAID,SERVICES,SOUTH
INV-06841,CUS-0379,2022-10-18,2022-12-02,2022-12-02,8534.95,8534.95,0.0,0,PAID,PAID,SOFTWARE,EAST
INV-06842,CUS-0047,2024-01-31,2024-03-31,2024-03-27,21652.56,21652.56,0.0,0,PAID,PAID,HARDWARE,EAST
INV-06843,CUS-0300,2022-06-28,2022-07-28,,9755.62,4425.51,5330.11,612,90+,PARTIAL,SERVICES,NORTH
INV-06844,CUS-0243,2023-09-22,2023-11-06,,2218.35,1286.99,931.36,146,90+,PARTIAL,SERVICES,EAST
INV-06845,CUS-0001,2022-06-23,2022-08-22,,1458.76,667.29,791.47,587,90+,PARTIAL,SERVICES,EAST
INV-06846,CUS-0021,2023-09-21,2023-10-21,2023-10-19,1004.07,1004.07,0.0,0,PAID,PAID,SOFTWARE,SOUTH
INV-06847,CUS-0017,2024-02-27,2024-04-27,2024-04-27,1207.49,1207.49,0.0,0,PAID,PAID,SERVICES,SOUTH
INV-06848,CUS-0285,2023-04-27,2023-06-11,2023-07-10,618.98,618.98,0.0,0,PAID,PAID,MAINTENANCE,WEST
INV-06849,CUS-0458,2023-09-01,2023-10-01,2023-09-28,2249.77,2249.77,0.0,0,PAID,PAID,HARDWARE,NORTH
INV-06850,CUS-0348,2023-03-22,2023-04-21,2023-04-17,331.85,331.85,0.0,0,PAID,PAID,SERVICES,NORTH
INV-06851,CUS-0358,2022-09-24,2022-11-08,2022-11-18,9654.07,9654.07,0.0,0,PAID,PAID,MAINTENANCE,WEST
INV-06852,CUS-0403,2023-01-08,2023-02-22,2023-02-18,7111.91,7111.91,0.0,0,PAID,PAID,SOFTWARE,WEST
INV-06853,CUS-0457,2023-06-24,2023-08-23,2023-08-18,751.13,751.13,0.0,0,PAID,PAID,SERVICES,NORTH
INV-06854,CUS-0179,2023-08-15,2023-10-14,,9056.91,5244.6,3812.31,169,90+,PARTIAL,HARDWARE,EAST
INV-06855,CUS-0054,2023-03-28,2023-04-27,2023-05-12,3313.43,3313.43,0.0,0,PAID,PAID,MAINTENANCE,NORTH
INV-06856,CUS-0161,2022-12-14,2023-02-12,2023-02-07,109939.04,109939.04,0.0,0,PAID,PAID,MAINTENANCE,NORTH
INV-06857,CUS-0025,2024-01-25,2024-02-24,2024-02-24,7330.63,7330.63,0.0,0,PAID,PAID,SOFTWARE,EAST
INV-06858,CUS-0132,2023-08-25,2023-10-09,2023-10-28,1075.01,1075.01,0.0,0,PAID,PAID,SOFTWARE,NORTH
INV-06859,CUS-0428,2023-08-08,2023-09-22,2023-10-04,1523.06,1523.06,0.0,0,PAID,PAID,MAINTENANCE,EAST
INV-06860,CUS-0431,2022-09-25,2022-11-09,2022-11-07,5581.84,5581.84,0.0,0,PAID,PAID,SOFTWARE,SOUTH
INV-06861,CUS-0371,2023-03-29,2023-04-28,2023-05-23,58894.36,58894.36,0.0,0,PAID,PAID,MAINTENANCE,WEST
INV-06862,CUS-0114,2023-03-28,2023-05-12,,2673.73,0.0,2673.73,324,90+,OVERDUE,SERVICES,NORTH
INV-06863,CUS-0498,2024-03-09,2024-05-08,2024-05-05,899.51,899.51,0.0,0,PAID,PAID,HARDWARE,EAST
INV-06864,CUS-0363,2022-12-12,2023-01-26,,10356.45,3561.84,6794.61,430,90+,PARTIAL,SERVICES,EAST
INV-06865,CUS-0190,2023-06-09,2023-07-24,2023-07-19,410.01,410.01,0.0,0,PAID,PAID,MAINTENANCE,NORTH
INV-06866,CUS-0034,2023-11-22,2023-12-22,2024-01-10,906.21,906.21,0.0,0,PAID,PAID,SERVICES,NORTH
INV-06867,CUS-0274,2023-12-26,2024-02-24,2024-02-19,122514.68,122514.68,0.0,0,PAID,PAID,SOFTWARE,WEST
INV-06868,CUS-0315,2022-09-25,2022-11-24,2022-11-24,7477.68,7477.68,0.0,0,PAID,PAID,SERVICES,EAST
INV-06869,CUS-0195,2023-03-28,2023-05-12,2023-05-09,13820.25,13820.25,0.0,0,PAID,PAID,HARDWARE,NORTH
INV-06870,CUS-0168,2023-08-28,2023-10-27,2023-10-25,1926.48,1926.48,0.0,0,PAID,PAID,MAINTENANCE,SOUTH
INV-06871,CUS-0010,2022-05-24,2022-06-23,2022-06-21,131937.4,131937.4,0.0,0,PAID,PAID,HARDWARE,SOUTH
INV-06872,CUS-0382,2023-11-19,2024-01-18,2024-01-15,10351.62,10351.62,0.0,0,PAID,PAID,HARDWARE,SOUTH
INV-06873,CUS-0294,2024-02-03,2024-04-03,,6790.64,0.0,6790.64,0,CURRENT,OVERDUE,MAINTENANCE,WEST
INV-06874,CUS-0109,2022-07-26,2022-09-24,,2584.91,0.0,2584.91,554,90+,OVERDUE,SERVICES,WEST
INV-06875,CUS-0313,2024-03-04,2024-05-03,2024-04-29,4293.4,4293.4,0.0,0,PAID,PAID,SERVICES,WEST
INV-06876,CUS-0048,2023-02-25,2023-04-26,2023-04-26,16606.84,16606.84,0.0,0,PAID,PAID,MAINTENANCE,SOUTH
INV-06877,CUS-0062,2022-07-26,2022-09-09,2022-09-06,1567.0,1567.0,0.0,0,PAID,PAID,HARDWARE,EAST
INV-06878,CUS-0162,2024-01-24,2024-02-23,2024-02-22,1638.73,1638.73,0.0,0,PAID,PAID,SOFTWARE,EAST
INV-06879,CUS-0040,2024-01-31,2024-03-16,2024-03-15,50654.36,50654.36,0.0,0,PAID,PAID,SOFTWARE,NORTH
INV-06880,CUS-0406,2024-02-17,2024-04-17,2024-04-15,8664.57,8664.57,0.0,0,PAID,PAID,MAINTENANCE,NORTH
INV-06881,CUS-0116,2023-05-03,2023-06-02,2023-06-01,2220.16,2220.16,0.0,0,PAID,PAID,HARDWARE,NORTH
INV-06882,CUS-0365,2022-04-27,2022-06-11,2022-06-06,25381.58,25381.58,0.0,0,PAID,PAID,HARDWARE,EAST
INV-06883,CUS-0124,2022-06-26,2022-08-10,2022-08-07,1286.21,1286.21,0.0,0,PAID,PAID,HARDWARE,WEST
INV-06884,CUS-0216,2024-03-02,2024-05-01,2024-05-01,2042.32,2042.32,0.0,0,PAID,PAID,MAINTENANCE,SOUTH
INV-06885,CUS-0098,2022-07-11,2022-08-10,2022-08-09,682.34,682.34,0.0,0,PAID,PAID,SERVICES,WEST
INV-06886,CUS-0251,2023-05-20,2023-07-19,2023-07-15,1274.09,1274.09,0.0,0,PAID,PAID,SERVICES,SOUTH
INV-06887,CUS-0435,2022-08-30,2022-10-29,2022-10-29,1937.8,1937.8,0.0,0,PAID,PAID,SERVICES,NORTH
INV-06888,CUS-0474,2022-12-04,2023-02-02,2023-01-28,9006.33,9006.33,0.0,0,PAID,PAID,SOFTWARE,WEST
INV-06889,CUS-0062,2023-12-29,2024-02-12,2024-02-11,422.46,422.46,0.0,0,PAID,PAID,SERVICES,SOUTH
INV-06890,CUS-0053,2022-07-11,2022-09-09,2022-09-04,3421.6,3421.6,0.0,0,PAID,PAID,MAINTENANCE,SOUTH
INV-06891,CUS-0010,2022-04-03,2022-05-03,2022-04-28,32888.2,32888.2,0.0,0,PAID,PAID,SOFTWARE,EAST
INV-06892,CUS-0114,2022-04-06,2022-05-21,2022-05-17,3177.44,3177.44,0.0,0,PAID,PAID,SOFTWARE,NORTH
INV-06893,CUS-0372,2023-03-19,2023-04-18,2023-04-14,3553.2,3553.2,0.0,0,PAID,PAID,HARDWARE,WEST
INV-06894,CUS-0443,2022-10-25,2022-12-09,2022-12-06,701.93,701.93,0.0,0,PAID,PAID,SOFTWARE,NORTH
INV-06895,CUS-0142,2023-01-24,2023-02-23,2023-02-18,3782.91,3782.91,0.0,0,PAID,PAID,HARDWARE,NORTH
INV-06896,CUS-0237,2023-08-27,2023-10-11,2023-10-10,188.15,188.15,0.0,0,PAID,PAID,HARDWARE,WEST
INV-06897,CUS-0399,2022-09-30,2022-11-29,,6091.56,1900.62,4190.94,488,90+,PARTIAL,SOFTWARE,WEST
INV-06898,CUS-0386,2024-02-05,2024-04-05,2024-04-02,730.8,730.8,0.0,0,PAID,PAID,SOFTWARE,WEST
INV-06899,CUS-0025,2022-11-05,2022-12-05,2022-12-01,46410.42,46410.42,0.0,0,PAID,PAID,HARDWARE,SOUTH
INV-06900,CUS-0051,2022-04-22,2022-06-06,2022-06-04,4122.89,4122.89,0.0,0,PAID,PAID,SERVICES,EAST
INV-06901,CUS-0499,2024-02-06,2024-04-06,2024-04-01,945.1,945.1,0.0,0,PAID,PAID,MAINTENANCE,NORTH
INV-06902,CUS-0080,2022-05-13,2022-06-27,2022-06-23,1807.18,1807.18,0.0,0,PAID,PAID,SERVICES,NORTH
INV-06903,CUS-0175,2022-06-10,2022-08-09,2022-08-08,10892.16,10892.16,0.0,0,PAID,PAID,SERVICES,SOUTH
INV-06904,CUS-0220,2024-02-11,2024-03-12,2024-03-11,3395.8,3395.8,0.0,0,PAID,PAID,SERVICES,EAST
INV-06905,CUS-0018,2022-10-26,2022-11-25,,4273.86,2048.4,2225.46,492,90+,PARTIAL,SERVICES,WEST
INV-06906,CUS-0145,2023-08-05,2023-10-04,2023-10-04,556.42,556.42,0.0,0,PAID,PAID,SERVICES,NORTH
INV-06907,CUS-0175,2022-11-08,2023-01-07,2023-01-04,19973.34,19973.34,0.0,0,PAID,PAID,MAINTENANCE,NORTH
INV-06908,CUS-0158,2023-04-23,2023-05-23,2023-05-22,1142.53,1142.53,0.0,0,PAID,PAID,MAINTENANCE,EAST
INV-06909,CUS-0245,2023-12-01,2024-01-30,2024-02-27,33054.46,33054.46,0.0,0,PAID,PAID,SERVICES,NORTH
INV-06910,CUS-0097,2023-10-11,2023-12-10,2023-12-05,8504.17,8504.17,0.0,0,PAID,PAID,SOFTWARE,SOUTH
INV-06911,CUS-0405,2024-03-17,2024-04-16,,618.34,203.76,414.58,0,CURRENT,PARTIAL,HARDWARE,EAST
INV-06912,CUS-0497,2022-11-07,2022-12-07,2022-12-22,1953.19,1953.19,0.0,0,PAID,PAID,MAINTENANCE,WEST
INV-06913,CUS-0117,2022-05-18,2022-06-17,2022-06-25,447.55,447.55,0.0,0,PAID,PAID,MAINTENANCE,NORTH
INV-06914,CUS-0109,2023-09-13,2023-11-12,,13631.31,0.0,13631.31,140,90+,OVERDUE,MAINTENANCE,WEST
INV-06915,CUS-0207,2023-07-09,2023-09-07,2023-09-06,1255.72,1255.72,0.0,0,PAID,PAID,SOFTWARE,SOUTH
INV-06916,CUS-0106,2023-10-27,2023-12-26,2023-12-22,481.55,481.55,0.0,0,PAID,PAID,SERVICES,EAST
INV-06917,CUS-0385,2023-05-12,2023-06-11,2023-06-16,1459.85,1459.85,0.0,0,PAID,PAID,SERVICES,EAST
INV-06918,CUS-0461,2022-04-08,2022-06-07,2022-06-02,5534.85,5534.85,0.0,0,PAID,PAID,SERVICES,EAST
INV-06919,CUS-0485,2022-06-07,2022-08-06,2022-08-03,45319.29,45319.29,0.0,0,PAID,PAID,MAINTENANCE,NORTH
INV-06920,CUS-0261,2023-10-23,2023-12-22,,3967.16,2040.8,1926.36,100,90+,PARTIAL,MAINTENANCE,EAST
INV-06921,CUS-0186,2023-05-20,2023-07-04,2023-07-04,22226.46,22226.46,0.0,0,PAID,PAID,HARDWARE,NORTH
INV-06922,CUS-0053,2022-12-12,2023-02-10,2023-02-05,2502.15,2502.15,0.0,0,PAID,PAID,MAINTENANCE,WEST
INV-06923,CUS-0458,2023-02-10,2023-03-12,2023-03-11,2601.08,2601.08,0.0,0,PAID,PAID,SERVICES,SOUTH
INV-06924,CUS-0233,2024-01-30,2024-02-29,2024-02-29,5475.54,5475.54,0.0,0,PAID,PAID,SERVICES,NORTH
INV-06925,CUS-0309,2023-10-14,2023-12-13,2023-12-13,1584.12,1584.12,0.0,0,PAID,PAID,MAINTENANCE,WEST
INV-06926,CUS-0234,2023-05-12,2023-06-11,2023-06-09,1158.89,1158.89,0.0,0,PAID,PAID,SOFTWARE,WEST
INV-06927,CUS-0025,2022-07-28,2022-08-27,2022-08-24,30436.67,30436.67,0.0,0,PAID,PAID,HARDWARE,WEST
INV-06928,CUS-0256,2023-11-22,2024-01-21,2024-01-20,949.21,949.21,0.0,0,PAID,PAID,HARDWARE,SOUTH
INV-06929,CUS-0111,2022-12-27,2023-02-10,2023-02-28,1262.96,1262.96,0.0,0,PAID,PAID,HARDWARE,NORTH
INV-06930,CUS-0035,2023-03-21,2023-05-05,2023-05-01,11485.69,11485.69,0.0,0,PAID,PAID,MAINTENANCE,WEST
INV-06931,CUS-0263,2024-03-23,2024-05-22,2024-05-21,686.11,686.11,0.0,0,PAID,PAID,MAINTENANCE,SOUTH
INV-06932,CUS-0273,2024-03-26,2024-04-25,2024-04-22,1952.24,1952.24,0.0,0,PAID,PAID,SOFTWARE,EAST
INV-06933,CUS-0220,2023-03-16,2023-04-15,2023-04-12,7001.96,7001.96,0.0,0,PAID,PAID,SERVICES,WEST
INV-06934,CUS-0236,2022-05-01,2022-06-30,2022-06-25,1052.37,1052.37,0.0,0,PAID,PAID,HARDWARE,NORTH
INV-06935,CUS-0454,2023-11-25,2024-01-09,2024-02-06,10278.25,10278.25,0.0,0,PAID,PAID,SERVICES,WEST
INV-06936,CUS-0086,2023-07-17,2023-09-15,,2895.99,1849.39,1046.6,198,90+,PARTIAL,MAINTENANCE,WEST
INV-06937,CUS-0026,2023-01-09,2023-02-23,2023-02-21,664.65,664.65,0.0,0,PAID,PAID,SERVICES,WEST
INV-06938,CUS-0136,2022-12-02,2023-01-16,2023-01-15,6277.11,6277.11,0.0,0,PAID,PAID,HARDWARE,WEST
INV-06939,CUS-0001,2023-11-11,2024-01-10,2024-01-11,6351.88,6351.88,0.0,0,PAID,PAID,SERVICES,EAST
INV-06940,CUS-0432,2024-02-01,2024-03-17,,867.45,0.0,867.45,14,CURRENT,OVERDUE,MAINTENANCE,SOUTH
INV-06941,CUS-0433,2023-03-12,2023-04-11,2023-04-13,5660.85,5660.85,0.0,0,PAID,PAID,SERVICES,WEST
INV-06942,CUS-0058,2022-04-06,2022-06-05,2022-06-04,484.06,484.06,0.0,0,PAID,PAID,SERVICES,SOUTH
INV-06943,CUS-0383,2022-04-10,2022-05-10,2022-05-06,2397.99,2397.99,0.0,0,PAID,PAID,SOFTWARE,WEST
INV-06944,CUS-0201,2022-07-27,2022-09-10,2022-09-08,4844.71,4844.71,0.0,0,PAID,PAID,MAINTENANCE,NORTH
INV-06945,CUS-0343,2022-07-21,2022-09-04,2022-08-31,16899.08,16899.08,0.0,0,PAID,PAID,HARDWARE,EAST
INV-06946,CUS-0194,2023-06-09,2023-07-09,2023-07-07,2583.61,2583.61,0.0,0,PAID,PAID,MAINTENANCE,NORTH
INV-06947,CUS-0033,2023-05-28,2023-06-27,2023-06-24,2094.73,2094.73,0.0,0,PAID,PAID,HARDWARE,NORTH
INV-06948,CUS-0418,2024-01-29,2024-02-28,2024-02-24,4107.91,4107.91,0.0,0,PAID,PAID,HARDWARE,NORTH
INV-06949,CUS-0405,2022-04-18,2022-05-18,2022-05-14,5583.97,5583.97,0.0,0,PAID,PAID,SERVICES,EAST
INV-06950,CUS-0050,2022-07-11,2022-08-25,2022-08-20,20481.39,20481.39,0.0,0,PAID,PAID,SOFTWARE,EAST
INV-06951,CUS-0009,2023-09-01,2023-10-01,2023-09-28,43062.24,43062.24,0.0,0,PAID,PAID,SOFTWARE,NORTH
INV-06952,CUS-0261,2023-09-27,2023-11-26,2023-11-26,3885.49,3885.49,0.0,0,PAID,PAID,SERVICES,WEST
INV-06953,CUS-0029,2022-11-11,2022-12-26,2022-12-25,8537.99,8537.99,0.0,0,PAID,PAID,SOFTWARE,NORTH
INV-06954,CUS-0120,2022-06-29,2022-08-13,,3222.4,1418.05,1804.35,596,90+,PARTIAL,SOFTWARE,EAST
INV-06955,CUS-0360,2023-09-16,2023-10-31,2023-10-26,6381.17,6381.17,0.0,0,PAID,PAID,SOFTWARE,EAST
INV-06956,CUS-0086,2023-07-13,2023-09-11,2023-09-07,5418.75,5418.75,0.0,0,PAID,PAID,HARDWARE,SOUTH
INV-06957,CUS-0077,2023-07-10,2023-09-08,2023-10-06,2991.53,2991.53,0.0,0,PAID,PAID,HARDWARE,EAST
INV-06958,CUS-0129,2023-04-24,2023-05-24,2023-05-22,5957.03,5957.03,0.0,0,PAID,PAID,HARDWARE,SOUTH
INV-06959,CUS-0321,2023-02-21,2023-03-23,,2749.86,1508.52,1241.34,374,90+,PARTIAL,HARDWARE,SOUTH
INV-06960,CUS-0316,2022-06-24,2022-08-08,2022-08-13,1086.68,1086.68,0.0,0,PAID,PAID,SOFTWARE,WEST
INV-06961,CUS-0185,2023-04-19,2023-06-18,,11078.31,0.0,11078.31,287,90+,OVERDUE,MAINTENANCE,WEST
INV-06962,CUS-0116,2023-09-30,2023-10-30,2023-10-25,5518.78,5518.78,0.0,0,PAID,PAID,MAINTENANCE,SOUTH
INV-06963,CUS-0317,2023-12-22,2024-01-21,,935.45,594.02,341.43,70,61-90,PARTIAL,SOFTWARE,EAST
INV-06964,CUS-0498,2022-07-22,2022-09-20,2022-09-19,918.71,918.71,0.0,0,PAID,PAID,MAINTENANCE,SOUTH
INV-06965,CUS-0206,2022-08-17,2022-10-01,2022-09-26,7711.76,7711.76,0.0,0,PAID,PAID,SOFTWARE,NORTH
INV-06966,CUS-0292,2022-05-08,2022-06-22,2022-06-19,3669.82,3669.82,0.0,0,PAID,PAID,SOFTWARE,SOUTH
INV-06967,CUS-0317,2022-04-03,2022-05-03,2022-05-31,779.56,779.56,0.0,0,PAID,PAID,MAINTENANCE,NORTH
INV-06968,CUS-0146,2022-12-30,2023-02-13,2023-02-10,1920.78,1920.78,0.0,0,PAID,PAID,SOFTWARE,SOUTH
INV-06969,CUS-0225,2023-03-03,2023-04-17,2023-04-15,577.48,577.48,0.0,0,PAID,PAID,SERVICES,NORTH
INV-06970,CUS-0166,2023-08-22,2023-10-06,2023-10-05,3059.92,3059.92,0.0,0,PAID,PAID,HARDWARE,NORTH
INV-06971,CUS-0471,2022-05-08,2022-06-22,2022-06-22,13631.37,13631.37,0.0,0,PAID,PAID,SERVICES,WEST
INV-06972,CUS-0406,2023-04-27,2023-06-26,2023-06-23,540.67,540.67,0.0,0,PAID,PAID,MAINTENANCE,NORTH
INV-06973,CUS-0235,2024-02-14,2024-03-30,,485.07,0.0,485.07,1,CURRENT,OVERDUE,SOFTWARE,NORTH
INV-06974,CUS-0301,2022-11-05,2022-12-20,,22522.21,7288.87,15233.34,467,90+,PARTIAL,SOFTWARE,WEST
INV-06975,CUS-0003,2023-11-26,2024-01-10,2024-01-07,8527.88,8527.88,0.0,0,PAID,PAID,SERVICES,NORTH
INV-06976,CUS-0042,2022-11-10,2023-01-09,2023-01-08,19310.85,19310.85,0.0,0,PAID,PAID,SOFTWARE,NORTH
INV-06977,CUS-0171,2022-07-19,2022-09-02,2022-08-30,2321.37,2321.37,0.0,0,PAID,PAID,MAINTENANCE,WEST
INV-06978,CUS-0419,2023-04-19,2023-06-18,2023-06-13,3365.92,3365.92,0.0,0,PAID,PAID,SOFTWARE,EAST
INV-06979,CUS-0482,2024-03-11,2024-05-10,2024-05-09,2589.45,2589.45,0.0,0,PAID,PAID,MAINTENANCE,EAST
INV-06980,CUS-0081,2023-09-11,2023-10-11,,159.29,77.44,81.85,172,90+,PARTIAL,SOFTWARE,WEST
INV-06981,CUS-0299,2023-03-11,2023-05-10,2023-06-06,2091.61,2091.61,0.0,0,PAID,PAID,MAINTENANCE,WEST
INV-06982,CUS-0152,2023-12-07,2024-01-21,2024-01-21,4026.56,4026.56,0.0,0,PAID,PAID,SERVICES,EAST
INV-06983,CUS-0265,2022-04-07,2022-05-22,2022-05-21,40189.61,40189.61,0.0,0,PAID,PAID,SERVICES,WEST
INV-06984,CUS-0241,2023-07-16,2023-09-14,,341.33,142.97,198.36,199,90+,PARTIAL,SOFTWARE,EAST
INV-06985,CUS-0488,2023-11-10,2024-01-09,2024-01-06,1675.7,1675.7,0.0,0,PAID,PAID,HARDWARE,NORTH
INV-06986,CUS-0439,2022-06-06,2022-07-21,2022-08-15,3621.55,3621.55,0.0,0,PAID,PAID,HARDWARE,NORTH
INV-06987,CUS-0141,2024-02-19,2024-04-19,2024-04-16,6960.4,6960.4,0.0,0,PAID,PAID,SOFTWARE,SOUTH
INV-06988,CUS-0321,2023-07-16,2023-08-15,2023-08-12,1537.6,1537.6,0.0,0,PAID,PAID,MAINTENANCE,EAST
INV-06989,CUS-0088,2023-11-19,2023-12-19,2023-12-19,15074.78,15074.78,0.0,0,PAID,PAID,SERVICES,NORTH
INV-06990,CUS-0413,2023-06-16,2023-07-31,2023-07-27,640.8,640.8,0.0,0,PAID,PAID,HARDWARE,SOUTH
INV-06991,CUS-0254,2023-05-16,2023-06-30,,20158.44,0.0,20158.44,275,90+,OVERDUE,SOFTWARE,EAST
INV-06992,CUS-0053,2023-12-26,2024-02-24,2024-02-19,12631.63,12631.63,0.0,0,PAID,PAID,HARDWARE,SOUTH
INV-06993,CUS-0070,2023-02-04,2023-03-06,2023-03-03,10515.65,10515.65,0.0,0,PAID,PAID,HARDWARE,SOUTH
INV-06994,CUS-0124,2023-05-24,2023-07-08,2023-07-06,2700.31,2700.31,0.0,0,PAID,PAID,MAINTENANCE,SOUTH
INV-06995,CUS-0076,2023-10-29,2023-12-28,2024-01-22,7327.23,7327.23,0.0,0,PAID,PAID,SOFTWARE,SOUTH
INV-06996,CUS-0359,2022-08-04,2022-09-03,2022-09-01,8269.52,8269.52,0.0,0,PAID,PAID,SOFTWARE,EAST
INV-06997,CUS-0124,2023-07-19,2023-09-02,2023-08-31,1291.14,1291.14,0.0,0,PAID,PAID,HARDWARE,EAST
INV-06998,CUS-0152,2022-10-30,2022-12-14,2022-12-10,1011.84,1011.84,0.0,0,PAID,PAID,SOFTWARE,WEST
INV-06999,CUS-0266,2023-12-02,2024-01-01,2024-01-01,9307.22,9307.22,0.0,0,PAID,PAID,SOFTWARE,SOUTH
INV-07000,CUS-0407,2023-09-24,2023-11-23,,2525.37,0.0,2525.37,129,90+,OVERDUE,SOFTWARE,WEST
INV-07001,CUS-0256,2022-07-20,2022-09-18,2022-09-18,632.13,632.13,0.0,0,PAID,PAID,MAINTENANCE,SOUTH
INV-07002,CUS-0018,2024-03-17,2024-04-16,2024-05-01,881.05,881.05,0.0,0,PAID,PAID,SERVICES,WEST
INV-07003,CUS-0453,2022-07-10,2022-08-09,2022-08-08,907.22,907.22,0.0,0,PAID,PAID,SOFTWARE,WEST
INV-07004,CUS-0153,2022-07-02,2022-08-31,2022-08-27,3942.48,3942.48,0.0,0,PAID,PAID,SERVICES,EAST
INV-07005,CUS-0389,2023-11-14,2023-12-14,2023-12-11,1640.54,1640.54,0.0,0,PAID,PAID,SOFTWARE,WEST
INV-07006,CUS-0130,2023-10-09,2023-12-08,2024-01-05,827.66,827.66,0.0,0,PAID,PAID,SOFTWARE,NORTH
INV-07007,CUS-0225,2022-11-24,2023-01-08,2023-01-04,1384.53,1384.53,0.0,0,PAID,PAID,SERVICES,NORTH
INV-07008,CUS-0108,2022-06-13,2022-07-28,,1996.64,0.0,1996.64,612,90+,OVERDUE,SOFTWARE,SOUTH
INV-07009,CUS-0305,2023-01-29,2023-03-15,2023-03-10,4695.87,4695.87,0.0,0,PAID,PAID,HARDWARE,WEST
INV-07010,CUS-0304,2024-01-02,2024-02-01,2024-01-27,2609.49,2609.49,0.0,0,PAID,PAID,SERVICES,NORTH
INV-07011,CUS-0491,2024-01-20,2024-03-05,2024-03-03,4716.21,4716.21,0.0,0,PAID,PAID,SERVICES,NORTH
INV-07012,CUS-0427,2023-06-04,2023-08-03,2023-07-30,166.98,166.98,0.0,0,PAID,PAID,SOFTWARE,NORTH
INV-07013,CUS-0470,2022-06-15,2022-08-14,2022-08-14,4706.83,4706.83,0.0,0,PAID,PAID,SOFTWARE,EAST
INV-07014,CUS-0058,2024-01-10,2024-03-10,2024-03-09,136.36,136.36,0.0,0,PAID,PAID,SOFTWARE,SOUTH
INV-07015,CUS-0120,2022-05-09,2022-06-23,2022-06-21,3755.22,3755.22,0.0,0,PAID,PAID,SERVICES,NORTH
INV-07016,CUS-0099,2023-04-20,2023-06-04,,2431.32,0.0,2431.32,301,90+,OVERDUE,MAINTENANCE,EAST
INV-07017,CUS-0206,2022-05-28,2022-07-12,2022-07-09,71760.91,71760.91,0.0,0,PAID,PAID,MAINTENANCE,SOUTH
INV-07018,CUS-0401,2023-10-10,2023-11-24,2023-11-19,8841.32,8841.32,0.0,0,PAID,PAID,SERVICES,NORTH
INV-07019,CUS-0272,2022-05-09,2022-06-23,2022-06-19,473.05,473.05,0.0,0,PAID,PAID,MAINTENANCE,EAST
INV-07020,CUS-0081,2023-08-22,2023-09-21,2023-10-12,638.35,638.35,0.0,0,PAID,PAID,SOFTWARE,EAST
INV-07021,CUS-0251,2022-08-01,2022-09-30,2022-09-25,7322.59,7322.59,0.0,0,PAID,PAID,SOFTWARE,SOUTH
INV-07022,CUS-0123,2023-08-31,2023-10-15,2023-10-13,14294.72,14294.72,0.0,0,PAID,PAID,MAINTENANCE,SOUTH
INV-07023,CUS-0235,2023-04-19,2023-06-03,2023-05-29,780.32,780.32,0.0,0,PAID,PAID,SOFTWARE,WEST
INV-07024,CUS-0483,2022-10-21,2022-11-20,2022-11-19,3026.15,3026.15,0.0,0,PAID,PAID,SOFTWARE,NORTH
INV-07025,CUS-0402,2022-05-24,2022-06-23,2022-06-27,4787.85,4787.85,0.0,0,PAID,PAID,MAINTENANCE,SOUTH
INV-07026,CUS-0064,2022-11-13,2022-12-13,,20312.42,7330.74,12981.68,474,90+,PARTIAL,HARDWARE,SOUTH
INV-07027,CUS-0453,2022-09-19,2022-10-19,2022-11-11,10427.44,10427.44,0.0,0,PAID,PAID,MAINTENANCE,EAST
INV-07028,CUS-0066,2023-01-26,2023-03-12,2023-03-10,29001.2,29001.2,0.0,0,PAID,PAID,MAINTENANCE,EAST
INV-07029,CUS-0296,2022-12-31,2023-01-30,2023-01-27,623.62,623.62,0.0,0,PAID,PAID,SOFTWARE,EAST
INV-07030,CUS-0226,2022-12-03,2023-01-02,2023-01-24,2241.1,2241.1,0.0,0,PAID,PAID,HARDWARE,SOUTH
INV-07031,CUS-0485,2023-08-01,2023-09-30,2023-09-25,13844.27,13844.27,0.0,0,PAID,PAID,HARDWARE,WEST
INV-07032,CUS-0479,2023-03-21,2023-05-05,2023-05-02,12597.13,12597.13,0.0,0,PAID,PAID,MAINTENANCE,SOUTH
INV-07033,CUS-0442,2023-06-08,2023-07-23,2023-07-21,18552.45,18552.45,0.0,0,PAID,PAID,SERVICES,EAST
INV-07034,CUS-0301,2023-02-12,2023-03-29,2023-03-29,3956.58,3956.58,0.0,0,PAID,PAID,SERVICES,WEST
INV-07035,CUS-0209,2023-04-21,2023-05-21,2023-05-17,2274.61,2274.61,0.0,0,PAID,PAID,SERVICES,NORTH
INV-07036,CUS-0423,2023-03-09,2023-04-23,2023-04-19,657.16,657.16,0.0,0,PAID,PAID,SERVICES,WEST
INV-07037,CUS-0051,2022-08-24,2022-10-08,2022-10-03,6559.32,6559.32,0.0,0,PAID,PAID,MAINTENANCE,NORTH
INV-07038,CUS-0374,2022-05-06,2022-07-05,2022-07-02,2789.84,2789.84,0.0,0,PAID,PAID,HARDWARE,EAST
INV-07039,CUS-0018,2023-05-07,2023-06-06,2023-06-27,5311.6,5311.6,0.0,0,PAID,PAID,HARDWARE,WEST
INV-07040,CUS-0039,2023-05-12,2023-06-26,2023-06-24,1147.18,1147.18,0.0,0,PAID,PAID,SOFTWARE,NORTH
INV-07041,CUS-0309,2023-11-18,2024-01-17,2024-01-22,4044.08,4044.08,0.0,0,PAID,PAID,SERVICES,EAST
INV-07042,CUS-0450,2023-08-24,2023-10-23,,13041.05,6084.5,6956.55,160,90+,PARTIAL,MAINTENANCE,EAST
INV-07043,CUS-0302,2022-05-19,2022-06-18,2022-06-15,673.74,673.74,0.0,0,PAID,PAID,SOFTWARE,SOUTH
INV-07044,CUS-0365,2024-03-10,2024-04-24,2024-04-26,9800.51,9800.51,0.0,0,PAID,PAID,SOFTWARE,EAST
INV-07045,CUS-0133,2024-03-01,2024-04-15,2024-05-10,17005.49,17005.49,0.0,0,PAID,PAID,SOFTWARE,EAST
INV-07046,CUS-0424,2022-09-08,2022-10-08,2022-11-05,1766.99,1766.99,0.0,0,PAID,PAID,HARDWARE,WEST
INV-07047,CUS-0325,2023-08-07,2023-09-06,2023-09-01,456.9,456.9,0.0,0,PAID,PAID,HARDWARE,WEST
INV-07048,CUS-0050,2024-01-02,2024-02-16,2024-02-14,21164.65,21164.65,0.0,0,PAID,PAID,HARDWARE,SOUTH
INV-07049,CUS-0381,2022-07-04,2022-08-03,2022-08-03,14169.44,14169.44,0.0,0,PAID,PAID,SERVICES,NORTH
INV-07050,CUS-0326,2023-03-04,2023-05-03,2023-05-03,6966.31,6966.31,0.0,0,PAID,PAID,SERVICES,EAST
INV-07051,CUS-0133,2022-08-23,2022-10-07,2022-10-29,2728.19,2728.19,0.0,0,PAID,PAID,SOFTWARE,NORTH
INV-07052,CUS-0133,2023-01-31,2023-03-17,2023-03-15,7118.9,7118.9,0.0,0,PAID,PAID,MAINTENANCE,EAST
INV-07053,CUS-0084,2024-02-06,2024-04-06,2024-04-06,1638.5,1638.5,0.0,0,PAID,PAID,SOFTWARE,SOUTH
INV-07054,CUS-0173,2023-02-05,2023-04-06,2023-04-25,1415.16,1415.16,0.0,0,PAID,PAID,SOFTWARE,SOUTH
INV-07055,CUS-0233,2023-11-22,2023-12-22,2023-12-21,7409.12,7409.12,0.0,0,PAID,PAID,HARDWARE,EAST
INV-07056,CUS-0204,2023-12-25,2024-02-08,2024-02-04,558.59,558.59,0.0,0,PAID,PAID,SERVICES,SOUTH
INV-07057,CUS-0366,2022-04-15,2022-05-15,2022-05-12,13784.05,13784.05,0.0,0,PAID,PAID,HARDWARE,NORTH
INV-07058,CUS-0164,2023-04-02,2023-05-02,2023-04-29,4430.22,4430.22,0.0,0,PAID,PAID,SOFTWARE,EAST
INV-07059,CUS-0085,2022-11-09,2023-01-08,2023-02-02,11121.66,11121.66,0.0,0,PAID,PAID,HARDWARE,WEST
INV-07060,CUS-0068,2022-06-27,2022-08-11,,2677.88,0.0,2677.88,598,90+,OVERDUE,SOFTWARE,EAST
INV-07061,CUS-0350,2022-07-31,2022-09-29,,31374.19,16943.86,14430.33,549,90+,PARTIAL,SOFTWARE,EAST
INV-07062,CUS-0033,2023-12-01,2023-12-31,2023-12-30,8813.34,8813.34,0.0,0,PAID,PAID,SOFTWARE,EAST
INV-07063,CUS-0113,2022-04-20,2022-06-04,2022-06-03,8132.53,8132.53,0.0,0,PAID,PAID,MAINTENANCE,EAST
INV-07064,CUS-0313,2023-04-27,2023-06-26,2023-06-25,2393.23,2393.23,0.0,0,PAID,PAID,SOFTWARE,EAST
INV-07065,CUS-0127,2023-03-12,2023-04-26,2023-04-21,3325.82,3325.82,0.0,0,PAID,PAID,SOFTWARE,WEST
INV-07066,CUS-0250,2022-07-02,2022-08-01,2022-07-31,25324.44,25324.44,0.0,0,PAID,PAID,SERVICES,SOUTH
INV-07067,CUS-0200,2022-11-04,2022-12-04,2022-12-05,944.84,944.84,0.0,0,PAID,PAID,SOFTWARE,SOUTH
INV-07068,CUS-0106,2023-06-02,2023-08-01,2023-07-27,418.68,418.68,0.0,0,PAID,PAID,SERVICES,NORTH
INV-07069,CUS-0295,2022-06-07,2022-07-22,2022-07-17,12482.07,12482.07,0.0,0,PAID,PAID,SOFTWARE,SOUTH
INV-07070,CUS-0363,2023-12-28,2024-02-11,2024-03-08,1640.33,1640.33,0.0,0,PAID,PAID,HARDWARE,EAST
INV-07071,CUS-0082,2022-10-27,2022-12-11,2022-12-09,767.01,767.01,0.0,0,PAID,PAID,MAINTENANCE,NORTH
INV-07072,CUS-0341,2022-08-01,2022-08-31,2022-08-29,1175.53,1175.53,0.0,0,PAID,PAID,HARDWARE,SOUTH
INV-07073,CUS-0300,2024-01-16,2024-02-15,2024-02-14,5623.83,5623.83,0.0,0,PAID,PAID,HARDWARE,NORTH
INV-07074,CUS-0325,2022-06-01,2022-07-01,2022-06-29,1262.45,1262.45,0.0,0,PAID,PAID,SERVICES,WEST
INV-07075,CUS-0269,2022-07-21,2022-09-04,2022-08-30,431.78,431.78,0.0,0,PAID,PAID,HARDWARE,WEST
INV-07076,CUS-0373,2023-12-13,2024-01-27,2024-01-25,50495.36,50495.36,0.0,0,PAID,PAID,HARDWARE,NORTH
INV-07077,CUS-0498,2023-03-21,2023-05-20,2023-05-18,1633.31,1633.31,0.0,0,PAID,PAID,MAINTENANCE,EAST
INV-07078,CUS-0237,2022-06-09,2022-07-24,2022-07-21,1700.34,1700.34,0.0,0,PAID,PAID,SOFTWARE,WEST
INV-07079,CUS-0007,2022-10-11,2022-11-25,2022-12-15,3108.16,3108.16,0.0,0,PAID,PAID,MAINTENANCE,WEST
INV-07080,CUS-0289,2023-05-25,2023-06-24,,5758.9,0.0,5758.9,281,90+,OVERDUE,MAINTENANCE,SOUTH
INV-07081,CUS-0113,2022-11-10,2022-12-25,2022-12-22,18843.96,18843.96,0.0,0,PAID,PAID,HARDWARE,EAST
INV-07082,CUS-0231,2023-09-29,2023-10-29,2023-10-28,1121.8,1121.8,0.0,0,PAID,PAID,HARDWARE,NORTH
INV-07083,CUS-0388,2023-06-14,2023-07-14,2023-07-10,6652.86,6652.86,0.0,0,PAID,PAID,SOFTWARE,SOUTH
INV-07084,CUS-0133,2023-12-17,2024-01-31,2024-01-30,79876.77,79876.77,0.0,0,PAID,PAID,SERVICES,NORTH
INV-07085,CUS-0430,2023-03-09,2023-05-08,2023-05-07,395.81,395.81,0.0,0,PAID,PAID,SERVICES,NORTH
INV-07086,CUS-0127,2022-06-01,2022-07-16,2022-07-13,3868.9,3868.9,0.0,0,PAID,PAID,SERVICES,WEST
INV-07087,CUS-0302,2023-02-25,2023-03-27,2023-03-22,84.37,84.37,0.0,0,PAID,PAID,MAINTENANCE,WEST
INV-07088,CUS-0332,2023-05-22,2023-07-21,2023-08-20,749.32,749.32,0.0,0,PAID,PAID,HARDWARE,SOUTH
INV-07089,CUS-0385,2024-01-23,2024-02-22,2024-02-19,6071.52,6071.52,0.0,0,PAID,PAID,MAINTENANCE,NORTH
INV-07090,CUS-0472,2023-12-30,2024-01-29,2024-01-27,7508.47,7508.47,0.0,0,PAID,PAID,HARDWARE,SOUTH
INV-07091,CUS-0179,2023-06-08,2023-08-07,2023-08-04,57651.35,57651.35,0.0,0,PAID,PAID,SERVICES,SOUTH
INV-07092,CUS-0282,2023-01-17,2023-03-18,2023-03-26,3861.07,3861.07,0.0,0,PAID,PAID,HARDWARE,SOUTH
INV-07093,CUS-0311,2022-09-13,2022-11-12,2022-11-10,8654.8,8654.8,0.0,0,PAID,PAID,SOFTWARE,WEST
INV-07094,CUS-0182,2023-02-20,2023-04-21,2023-04-17,14016.24,14016.24,0.0,0,PAID,PAID,SERVICES,SOUTH
INV-07095,CUS-0388,2023-05-31,2023-06-30,2023-06-26,6258.39,6258.39,0.0,0,PAID,PAID,MAINTENANCE,SOUTH
INV-07096,CUS-0176,2024-02-26,2024-04-11,2024-04-11,2097.94,2097.94,0.0,0,PAID,PAID,HARDWARE,NORTH
INV-07097,CUS-0001,2023-09-10,2023-11-09,2023-11-29,11515.43,11515.43,0.0,0,PAID,PAID,MAINTENANCE,EAST
INV-07098,CUS-0216,2022-07-04,2022-09-02,,23824.39,9742.6,14081.79,576,90+,PARTIAL,MAINTENANCE,SOUTH
INV-07099,CUS-0352,2022-05-01,2022-06-30,2022-07-21,690.66,690.66,0.0,0,PAID,PAID,MAINTENANCE,WEST
INV-07100,CUS-0244,2023-07-30,2023-09-13,2023-09-09,13536.62,13536.62,0.0,0,PAID,PAID,HARDWARE,WEST
INV-07101,CUS-0011,2022-08-01,2022-09-30,2022-09-26,596.28,596.28,0.0,0,PAID,PAID,SERVICES,EAST
INV-07102,CUS-0094,2023-06-21,2023-08-20,,2442.7,1061.49,1381.21,224,90+,PARTIAL,MAINTENANCE,WEST
INV-07103,CUS-0198,2023-03-10,2023-05-09,2023-05-06,11172.24,11172.24,0.0,0,PAID,PAID,HARDWARE,NORTH
INV-07104,CUS-0206,2022-08-16,2022-09-30,2022-10-09,11767.1,11767.1,0.0,0,PAID,PAID,HARDWARE,EAST
INV-07105,CUS-0023,2022-10-02,2022-12-01,2022-11-28,3467.04,3467.04,0.0,0,PAID,PAID,HARDWARE,NORTH
INV-07106,CUS-0310,2022-12-15,2023-01-29,2023-01-29,18435.53,18435.53,0.0,0,PAID,PAID,MAINTENANCE,EAST
INV-07107,CUS-0234,2022-11-08,2022-12-08,2022-12-06,89879.25,89879.25,0.0,0,PAID,PAID,SOFTWARE,NORTH
INV-07108,CUS-0313,2023-04-03,2023-06-02,2023-07-02,1590.06,1590.06,0.0,0,PAID,PAID,SOFTWARE,NORTH
INV-07109,CUS-0251,2022-05-05,2022-07-04,2022-07-04,15101.33,15101.33,0.0,0,PAID,PAID,MAINTENANCE,NORTH
INV-07110,CUS-0222,2023-03-19,2023-05-18,2023-05-15,2228.27,2228.27,0.0,0,PAID,PAID,SOFTWARE,SOUTH
INV-07111,CUS-0360,2022-08-30,2022-10-14,2022-10-14,2482.31,2482.31,0.0,0,PAID,PAID,HARDWARE,NORTH
INV-07112,CUS-0237,2024-01-14,2024-02-28,2024-02-26,1693.17,1693.17,0.0,0,PAID,PAID,MAINTENANCE,WEST
INV-07113,CUS-0081,2022-12-27,2023-01-26,,1755.24,0.0,1755.24,430,90+,OVERDUE,HARDWARE,SOUTH
INV-07114,CUS-0088,2023-12-24,2024-01-23,2024-01-20,5582.67,5582.67,0.0,0,PAID,PAID,SOFTWARE,NORTH
INV-07115,CUS-0487,2022-12-17,2023-01-16,2023-01-12,2778.15,2778.15,0.0,0,PAID,PAID,HARDWARE,SOUTH
INV-07116,CUS-0011,2023-02-10,2023-04-11,2023-04-07,5661.67,5661.67,0.0,0,PAID,PAID,SERVICES,SOUTH
INV-07117,CUS-0010,2023-06-26,2023-07-26,2023-07-21,14268.97,14268.97,0.0,0,PAID,PAID,HARDWARE,WEST
INV-07118,CUS-0371,2023-03-18,2023-04-17,2023-04-27,4714.66,4714.66,0.0,0,PAID,PAID,HARDWARE,EAST
INV-07119,CUS-0088,2023-10-17,2023-11-16,2023-11-23,8490.18,8490.18,0.0,0,PAID,PAID,MAINTENANCE,SOUTH
INV-07120,CUS-0242,2024-02-20,2024-03-21,2024-03-19,2036.36,2036.36,0.0,0,PAID,PAID,SOFTWARE,WEST
INV-07121,CUS-0131,2024-03-12,2024-04-11,2024-04-07,573.95,573.95,0.0,0,PAID,PAID,SERVICES,EAST
INV-07122,CUS-0058,2023-10-16,2023-12-15,,8089.81,0.0,8089.81,107,90+,OVERDUE,HARDWARE,WEST
INV-07123,CUS-0145,2024-03-20,2024-05-19,2024-05-16,31672.22,31672.22,0.0,0,PAID,PAID,SERVICES,EAST
INV-07124,CUS-0435,2022-09-28,2022-11-27,2022-11-25,1780.42,1780.42,0.0,0,PAID,PAID,HARDWARE,NORTH
INV-07125,CUS-0148,2023-01-23,2023-03-24,2023-04-02,8692.52,8692.52,0.0,0,PAID,PAID,HARDWARE,WEST
INV-07126,CUS-0376,2024-03-11,2024-04-25,2024-04-24,413.95,413.95,0.0,0,PAID,PAID,SOFTWARE,NORTH
INV-07127,CUS-0263,2022-09-09,2022-11-08,2022-11-18,3087.71,3087.71,0.0,0,PAID,PAID,HARDWARE,WEST
INV-07128,CUS-0382,2023-09-25,2023-11-24,2023-11-21,1007.11,1007.11,0.0,0,PAID,PAID,SOFTWARE,SOUTH
INV-07129,CUS-0092,2023-03-05,2023-04-04,2023-04-02,15166.97,15166.97,0.0,0,PAID,PAID,SOFTWARE,WEST
INV-07130,CUS-0085,2022-07-19,2022-09-17,2022-09-15,1946.89,1946.89,0.0,0,PAID,PAID,MAINTENANCE,SOUTH
INV-07131,CUS-0434,2022-09-25,2022-10-25,2022-10-20,11741.18,11741.18,0.0,0,PAID,PAID,MAINTENANCE,SOUTH
INV-07132,CUS-0321,2022-09-22,2022-10-22,2022-11-18,297.83,297.83,0.0,0,PAID,PAID,SERVICES,EAST
INV-07133,CUS-0058,2022-06-17,2022-08-16,2022-08-28,1936.32,1936.32,0.0,0,PAID,PAID,MAINTENANCE,SOUTH
INV-07134,CUS-0280,2023-08-06,2023-10-05,2023-11-04,1630.08,1630.08,0.0,0,PAID,PAID,HARDWARE,EAST
INV-07135,CUS-0402,2022-10-23,2022-11-22,,1271.64,0.0,1271.64,495,90+,OVERDUE,SOFTWARE,EAST
INV-07136,CUS-0093,2024-03-01,2024-04-15,2024-05-04,2069.01,2069.01,0.0,0,PAID,PAID,HARDWARE,WEST
INV-07137,CUS-0260,2024-01-07,2024-02-21,2024-02-17,3513.17,3513.17,0.0,0,PAID,PAID,SERVICES,SOUTH
INV-07138,CUS-0075,2023-05-01,2023-06-30,2023-06-25,1289.04,1289.04,0.0,0,PAID,PAID,HARDWARE,WEST
INV-07139,CUS-0036,2022-11-10,2022-12-10,2023-01-02,1746.52,1746.52,0.0,0,PAID,PAID,HARDWARE,EAST
INV-07140,CUS-0401,2023-04-03,2023-05-18,,43380.13,15752.29,27627.84,318,90+,PARTIAL,MAINTENANCE,NORTH
INV-07141,CUS-0200,2023-02-20,2023-03-22,2023-03-22,1111.6,1111.6,0.0,0,PAID,PAID,SOFTWARE,NORTH
INV-07142,CUS-0262,2023-02-26,2023-04-27,2023-04-24,2299.42,2299.42,0.0,0,PAID,PAID,MAINTENANCE,EAST
INV-07143,CUS-0394,2022-10-03,2022-11-17,2022-11-17,1003.08,1003.08,0.0,0,PAID,PAID,MAINTENANCE,NORTH
INV-07144,CUS-0262,2022-08-08,2022-10-07,2022-10-26,3595.53,3595.53,0.0,0,PAID,PAID,MAINTENANCE,NORTH
INV-07145,CUS-0189,2023-04-30,2023-06-14,2023-06-09,13755.57,13755.57,0.0,0,PAID,PAID,SERVICES,NORTH
INV-07146,CUS-0367,2023-07-03,2023-08-02,2023-08-27,6322.39,6322.39,0.0,0,PAID,PAID,SERVICES,SOUTH
INV-07147,CUS-0062,2023-03-25,2023-05-09,2023-05-04,1001.49,1001.49,0.0,0,PAID,PAID,HARDWARE,EAST
INV-07148,CUS-0139,2022-08-28,2022-10-12,2022-10-07,2264.65,2264.65,0.0,0,PAID,PAID,HARDWARE,WEST
INV-07149,CUS-0123,2023-12-30,2024-02-13,2024-02-12,2544.2,2544.2,0.0,0,PAID,PAID,SOFTWARE,WEST
INV-07150,CUS-0200,2023-04-30,2023-05-30,2023-05-28,2212.66,2212.66,0.0,0,PAID,PAID,SERVICES,SOUTH
INV-07151,CUS-0463,2024-02-15,2024-04-15,2024-04-14,15604.75,15604.75,0.0,0,PAID,PAID,HARDWARE,EAST
INV-07152,CUS-0101,2022-10-16,2022-11-15,,2043.05,0.0,2043.05,502,90+,OVERDUE,SERVICES,WEST
INV-07153,CUS-0349,2022-12-01,2022-12-31,2022-12-28,4802.92,4802.92,0.0,0,PAID,PAID,HARDWARE,EAST
INV-07154,CUS-0285,2023-12-04,2024-01-18,2024-01-14,1128.28,1128.28,0.0,0,PAID,PAID,SOFTWARE,NORTH
INV-07155,CUS-0083,2022-08-01,2022-08-31,2022-08-31,14455.62,14455.62,0.0,0,PAID,PAID,MAINTENANCE,NORTH
INV-07156,CUS-0476,2023-09-16,2023-11-15,2023-11-10,16208.69,16208.69,0.0,0,PAID,PAID,SERVICES,NORTH
INV-07157,CUS-0222,2023-02-14,2023-04-15,2023-04-15,4244.24,4244.24,0.0,0,PAID,PAID,SOFTWARE,EAST
INV-07158,CUS-0426,2022-06-24,2022-08-08,2022-09-05,3802.35,3802.35,0.0,0,PAID,PAID,MAINTENANCE,SOUTH
INV-07159,CUS-0265,2023-09-14,2023-10-29,2023-11-03,7023.04,7023.04,0.0,0,PAID,PAID,HARDWARE,WEST
INV-07160,CUS-0069,2023-05-18,2023-07-17,2023-07-14,4384.27,4384.27,0.0,0,PAID,PAID,SERVICES,EAST
INV-07161,CUS-0454,2023-11-01,2023-12-16,2024-01-09,9562.32,9562.32,0.0,0,PAID,PAID,SOFTWARE,EAST
INV-07162,CUS-0077,2022-08-30,2022-10-29,2022-11-19,963.93,963.93,0.0,0,PAID,PAID,HARDWARE,WEST
INV-07163,CUS-0326,2023-11-24,2024-01-23,2024-01-22,3074.82,3074.82,0.0,0,PAID,PAID,SOFTWARE,WEST
INV-07164,CUS-0319,2022-12-10,2023-02-08,2023-02-03,2868.54,2868.54,0.0,0,PAID,PAID,HARDWARE,EAST
INV-07165,CUS-0465,2023-01-20,2023-03-21,2023-03-17,3382.12,3382.12,0.0,0,PAID,PAID,HARDWARE,EAST
INV-07166,CUS-0192,2023-12-04,2024-01-03,2024-01-03,23296.17,23296.17,0.0,0,PAID,PAID,SOFTWARE,WEST
INV-07167,CUS-0142,2024-01-25,2024-02-24,,18917.74,0.0,18917.74,36,31-60,OVERDUE,MAINTENANCE,EAST
INV-07168,CUS-0251,2022-05-20,2022-07-19,2022-07-17,1338.86,1338.86,0.0,0,PAID,PAID,SOFTWARE,WEST
INV-07169,CUS-0366,2023-05-23,2023-06-22,2023-06-22,18831.16,18831.16,0.0,0,PAID,PAID,MAINTENANCE,NORTH
INV-07170,CUS-0133,2023-01-20,2023-03-06,2023-03-03,14335.65,14335.65,0.0,0,PAID,PAID,HARDWARE,EAST
INV-07171,CUS-0260,2022-08-10,2022-09-24,2022-10-06,11936.0,11936.0,0.0,0,PAID,PAID,HARDWARE,WEST
INV-07172,CUS-0402,2022-09-22,2022-10-22,,2802.59,0.0,2802.59,526,90+,OVERDUE,SERVICES,EAST
INV-07173,CUS-0444,2023-06-17,2023-08-16,2023-08-15,20926.53,20926.53,0.0,0,PAID,PAID,SERVICES,WEST
INV-07174,CUS-0306,2022-09-17,2022-10-17,2022-10-28,8323.94,8323.94,0.0,0,PAID,PAID,MAINTENANCE,SOUTH
INV-07175,CUS-0458,2022-09-21,2022-10-21,2022-10-18,546.85,546.85,0.0,0,PAID,PAID,HARDWARE,NORTH
INV-07176,CUS-0112,2023-05-29,2023-07-28,2023-07-26,6171.98,6171.98,0.0,0,PAID,PAID,SERVICES,NORTH
INV-07177,CUS-0016,2023-12-14,2024-02-12,2024-02-08,6794.21,6794.21,0.0,0,PAID,PAID,MAINTENANCE,EAST
INV-07178,CUS-0401,2023-08-23,2023-10-07,2023-10-14,57778.22,57778.22,0.0,0,PAID,PAID,MAINTENANCE,EAST
INV-07179,CUS-0063,2023-08-13,2023-09-27,2023-09-26,5453.33,5453.33,0.0,0,PAID,PAID,MAINTENANCE,SOUTH
INV-07180,CUS-0463,2022-04-13,2022-06-12,2022-06-21,33292.86,33292.86,0.0,0,PAID,PAID,SERVICES,NORTH
INV-07181,CUS-0361,2024-03-15,2024-04-14,,2308.85,1147.51,1161.34,0,CURRENT,PARTIAL,SOFTWARE,NORTH
INV-07182,CUS-0213,2023-01-19,2023-03-20,2023-03-18,1524.34,1524.34,0.0,0,PAID,PAID,MAINTENANCE,NORTH
INV-07183,CUS-0107,2023-07-14,2023-08-28,2023-08-25,6123.85,6123.85,0.0,0,PAID,PAID,HARDWARE,EAST
INV-07184,CUS-0402,2024-02-03,2024-03-04,,2474.46,0.0,2474.46,27,CURRENT,OVERDUE,MAINTENANCE,EAST
INV-07185,CUS-0023,2023-12-16,2024-02-14,2024-02-13,1852.51,1852.51,0.0,0,PAID,PAID,SOFTWARE,EAST
INV-07186,CUS-0014,2022-08-05,2022-10-04,2022-09-29,17069.75,17069.75,0.0,0,PAID,PAID,HARDWARE,NORTH
INV-07187,CUS-0467,2023-01-27,2023-03-13,2023-03-08,251.83,251.83,0.0,0,PAID,PAID,HARDWARE,SOUTH
INV-07188,CUS-0192,2022-07-18,2022-08-17,2022-08-13,19289.82,19289.82,0.0,0,PAID,PAID,SERVICES,NORTH
INV-07189,CUS-0103,2023-11-14,2023-12-29,2023-12-27,798.01,798.01,0.0,0,PAID,PAID,HARDWARE,SOUTH
INV-07190,CUS-0400,2022-09-14,2022-10-29,2022-10-26,8042.64,8042.64,0.0,0,PAID,PAID,SOFTWARE,NORTH
INV-07191,CUS-0211,2023-08-03,2023-10-02,2023-10-02,3084.86,3084.86,0.0,0,PAID,PAID,SERVICES,NORTH
INV-07192,CUS-0214,2023-02-11,2023-03-13,2023-04-12,816.2,816.2,0.0,0,PAID,PAID,HARDWARE,NORTH
INV-07193,CUS-0319,2023-03-23,2023-05-22,2023-05-21,2984.34,2984.34,0.0,0,PAID,PAID,SERVICES,NORTH
INV-07194,CUS-0200,2024-03-03,2024-04-02,,2439.01,0.0,2439.01,0,CURRENT,OVERDUE,HARDWARE,NORTH
INV-07195,CUS-0355,2023-02-24,2023-03-26,2023-03-21,776.21,776.21,0.0,0,PAID,PAID,SOFTWARE,EAST
INV-07196,CUS-0318,2022-09-19,2022-11-18,2022-11-14,1694.26,1694.26,0.0,0,PAID,PAID,HARDWARE,SOUTH
INV-07197,CUS-0156,2022-05-04,2022-07-03,2022-07-03,1775.67,1775.67,0.0,0,PAID,PAID,HARDWARE,WEST
INV-07198,CUS-0082,2023-09-29,2023-11-13,2023-11-10,2832.03,2832.03,0.0,0,PAID,PAID,HARDWARE,SOUTH
INV-07199,CUS-0139,2023-10-09,2023-11-23,2023-11-21,4352.13,4352.13,0.0,0,PAID,PAID,MAINTENANCE,WEST
INV-07200,CUS-0330,2023-08-16,2023-10-15,2023-10-20,5718.99,5718.99,0.0,0,PAID,PAID,HARDWARE,SOUTH
INV-07201,CUS-0071,2023-12-23,2024-02-06,2024-03-05,106724.05,106724.05,0.0,0,PAID,PAID,SOFTWARE,WEST
INV-07202,CUS-0250,2022-04-27,2022-05-27,2022-05-25,10668.44,10668.44,0.0,0,PAID,PAID,SERVICES,EAST
INV-07203,CUS-0310,2022-09-07,2022-10-22,2022-10-19,14831.0,14831.0,0.0,0,PAID,PAID,HARDWARE,SOUTH
INV-07204,CUS-0026,2022-10-09,2022-11-23,2022-11-23,4116.02,4116.02,0.0,0,PAID,PAID,SERVICES,WEST
INV-07205,CUS-0014,2023-10-13,2023-12-12,2023-12-07,10467.19,10467.19,0.0,0,PAID,PAID,SERVICES,WEST
INV-07206,CUS-0266,2022-12-24,2023-01-23,2023-01-20,25917.08,25917.08,0.0,0,PAID,PAID,SERVICES,WEST
INV-07207,CUS-0211,2022-10-20,2022-12-19,2022-12-17,3048.9,3048.9,0.0,0,PAID,PAID,SERVICES,NORTH
INV-07208,CUS-0111,2023-05-13,2023-06-27,2023-06-23,999.45,999.45,0.0,0,PAID,PAID,MAINTENANCE,EAST
INV-07209,CUS-0119,2023-11-18,2023-12-18,2023-12-16,415.17,415.17,0.0,0,PAID,PAID,HARDWARE,WEST
INV-07210,CUS-0261,2023-08-02,2023-10-01,,4525.75,2636.6,1889.15,182,90+,PARTIAL,SERVICES,SOUTH
INV-07211,CUS-0463,2024-01-24,2024-03-24,2024-03-29,45147.82,45147.82,0.0,0,PAID,PAID,SOFTWARE,SOUTH
INV-07212,CUS-0138,2023-01-15,2023-03-01,2023-02-28,4266.11,4266.11,0.0,0,PAID,PAID,SERVICES,WEST
INV-07213,CUS-0408,2022-07-27,2022-09-10,2022-09-09,23107.25,23107.25,0.0,0,PAID,PAID,MAINTENANCE,NORTH
INV-07214,CUS-0176,2023-09-08,2023-10-23,2023-10-19,3329.74,3329.74,0.0,0,PAID,PAID,SERVICES,EAST
INV-07215,CUS-0266,2024-01-01,2024-01-31,2024-01-27,20689.76,20689.76,0.0,0,PAID,PAID,MAINTENANCE,NORTH
INV-07216,CUS-0287,2022-07-29,2022-09-27,2022-09-23,2892.0,2892.0,0.0,0,PAID,PAID,SOFTWARE,SOUTH
INV-07217,CUS-0113,2023-12-23,2024-02-06,2024-02-08,10485.75,10485.75,0.0,0,PAID,PAID,SOFTWARE,EAST
INV-07218,CUS-0387,2022-10-27,2022-11-26,2022-12-26,53268.51,53268.51,0.0,0,PAID,PAID,SERVICES,SOUTH
INV-07219,CUS-0313,2022-08-22,2022-10-21,2022-10-19,1335.02,1335.02,0.0,0,PAID,PAID,HARDWARE,SOUTH
INV-07220,CUS-0349,2023-10-19,2023-11-18,2023-11-15,2473.56,2473.56,0.0,0,PAID,PAID,SERVICES,WEST
INV-07221,CUS-0271,2023-12-10,2024-01-09,2024-01-04,6617.71,6617.71,0.0,0,PAID,PAID,MAINTENANCE,SOUTH
INV-07222,CUS-0291,2023-03-02,2023-05-01,2023-04-30,7843.66,7843.66,0.0,0,PAID,PAID,SOFTWARE,SOUTH
INV-07223,CUS-0128,2023-11-06,2024-01-05,2024-01-05,433.7,433.7,0.0,0,PAID,PAID,SOFTWARE,WEST
INV-07224,CUS-0340,2023-03-27,2023-05-26,2023-05-24,1134.54,1134.54,0.0,0,PAID,PAID,HARDWARE,SOUTH
INV-07225,CUS-0079,2022-10-30,2022-11-29,,177.63,0.0,177.63,488,90+,OVERDUE,MAINTENANCE,NORTH
INV-07226,CUS-0111,2023-12-26,2024-02-09,2024-02-08,6226.47,6226.47,0.0,0,PAID,PAID,HARDWARE,NORTH
INV-07227,CUS-0312,2022-11-28,2023-01-12,2023-01-07,15469.37,15469.37,0.0,0,PAID,PAID,HARDWARE,WEST
INV-07228,CUS-0082,2024-03-18,2024-05-02,2024-04-30,1356.17,1356.17,0.0,0,PAID,PAID,HARDWARE,SOUTH
INV-07229,CUS-0315,2023-06-13,2023-08-12,2023-08-08,2175.49,2175.49,0.0,0,PAID,PAID,SERVICES,EAST
INV-07230,CUS-0343,2024-02-28,2024-04-13,2024-04-11,16524.52,16524.52,0.0,0,PAID,PAID,SOFTWARE,EAST
INV-07231,CUS-0140,2024-01-26,2024-02-25,,14256.57,0.0,14256.57,35,31-60,OVERDUE,SERVICES,SOUTH
INV-07232,CUS-0372,2023-01-20,2023-02-19,2023-02-19,1950.84,1950.84,0.0,0,PAID,PAID,SOFTWARE,SOUTH
INV-07233,CUS-0199,2024-01-30,2024-03-15,2024-03-15,23295.55,23295.55,0.0,0,PAID,PAID,MAINTENANCE,WEST
INV-07234,CUS-0230,2024-01-04,2024-02-18,2024-03-10,3995.73,3995.73,0.0,0,PAID,PAID,HARDWARE,WEST
INV-07235,CUS-0247,2023-08-26,2023-09-25,2023-09-20,1399.96,1399.96,0.0,0,PAID,PAID,SERVICES,WEST
INV-07236,CUS-0256,2022-07-29,2022-09-27,2022-10-02,909.92,909.92,0.0,0,PAID,PAID,HARDWARE,NORTH
INV-07237,CUS-0459,2023-12-12,2024-01-11,2024-01-11,4077.13,4077.13,0.0,0,PAID,PAID,SERVICES,NORTH
INV-07238,CUS-0319,2023-09-06,2023-11-05,2023-11-04,3694.43,3694.43,0.0,0,PAID,PAID,MAINTENANCE,SOUTH
INV-07239,CUS-0327,2023-04-05,2023-05-05,2023-05-05,4118.25,4118.25,0.0,0,PAID,PAID,MAINTENANCE,WEST
INV-07240,CUS-0057,2022-05-21,2022-06-20,2022-06-18,2546.12,2546.12,0.0,0,PAID,PAID,SOFTWARE,SOUTH
INV-07241,CUS-0366,2022-09-06,2022-10-06,2022-10-04,3664.62,3664.62,0.0,0,PAID,PAID,SOFTWARE,SOUTH
INV-07242,CUS-0376,2022-04-13,2022-05-28,2022-05-27,4922.4,4922.4,0.0,0,PAID,PAID,SERVICES,WEST
INV-07243,CUS-0048,2023-05-04,2023-07-03,2023-07-02,3665.89,3665.89,0.0,0,PAID,PAID,MAINTENANCE,WEST
INV-07244,CUS-0060,2023-09-27,2023-10-27,2023-10-22,32447.03,32447.03,0.0,0,PAID,PAID,SERVICES,NORTH
INV-07245,CUS-0352,2024-03-03,2024-05-02,,102.91,0.0,102.91,0,CURRENT,OVERDUE,SERVICES,SOUTH
INV-07246,CUS-0431,2022-11-04,2022-12-19,2022-12-17,921.56,921.56,0.0,0,PAID,PAID,SERVICES,WEST
INV-07247,CUS-0157,2022-07-31,2022-08-30,2022-08-27,1179.3,1179.3,0.0,0,PAID,PAID,SOFTWARE,SOUTH
INV-07248,CUS-0270,2022-08-01,2022-09-30,2022-09-26,1022.59,1022.59,0.0,0,PAID,PAID,MAINTENANCE,EAST
INV-07249,CUS-0206,2023-12-09,2024-01-23,,10497.57,3215.68,7281.89,68,61-90,PARTIAL,SERVICES,WEST
INV-07250,CUS-0309,2022-12-09,2023-02-07,2023-02-02,7869.2,7869.2,0.0,0,PAID,PAID,SOFTWARE,EAST
INV-07251,CUS-0329,2022-12-03,2023-02-01,2023-01-29,4908.93,4908.93,0.0,0,PAID,PAID,HARDWARE,WEST
INV-07252,CUS-0458,2022-11-22,2022-12-22,2022-12-21,2181.37,2181.37,0.0,0,PAID,PAID,SERVICES,SOUTH
INV-07253,CUS-0298,2022-04-29,2022-05-29,2022-05-31,1968.52,1968.52,0.0,0,PAID,PAID,SOFTWARE,EAST
INV-07254,CUS-0238,2022-12-27,2023-02-10,2023-02-07,754.53,754.53,0.0,0,PAID,PAID,MAINTENANCE,EAST
INV-07255,CUS-0250,2023-05-02,2023-06-01,2023-05-29,9218.15,9218.15,0.0,0,PAID,PAID,MAINTENANCE,NORTH
INV-07256,CUS-0306,2023-11-16,2023-12-16,2023-12-13,9112.62,9112.62,0.0,0,PAID,PAID,HARDWARE,SOUTH
INV-07257,CUS-0175,2023-05-07,2023-07-06,2023-07-04,23041.3,23041.3,0.0,0,PAID,PAID,SERVICES,SOUTH
INV-07258,CUS-0153,2024-02-02,2024-04-02,2024-03-29,6219.98,6219.98,0.0,0,PAID,PAID,SERVICES,WEST
INV-07259,CUS-0211,2022-07-02,2022-08-31,2022-08-26,13968.88,13968.88,0.0,0,PAID,PAID,SERVICES,NORTH
INV-07260,CUS-0374,2022-06-23,2022-08-22,2022-08-19,8274.71,8274.71,0.0,0,PAID,PAID,SOFTWARE,WEST
INV-07261,CUS-0295,2023-09-04,2023-10-19,2023-10-18,42589.56,42589.56,0.0,0,PAID,PAID,MAINTENANCE,SOUTH
INV-07262,CUS-0031,2023-04-26,2023-06-25,,35964.62,15868.73,20095.89,280,90+,PARTIAL,MAINTENANCE,WEST
INV-07263,CUS-0118,2022-08-02,2022-09-16,2022-10-09,3614.12,3614.12,0.0,0,PAID,PAID,MAINTENANCE,SOUTH
INV-07264,CUS-0459,2022-05-23,2022-06-22,2022-06-18,744.92,744.92,0.0,0,PAID,PAID,HARDWARE,NORTH
INV-07265,CUS-0152,2024-01-31,2024-03-16,2024-03-14,1287.06,1287.06,0.0,0,PAID,PAID,SOFTWARE,WEST
INV-07266,CUS-0372,2022-08-24,2022-09-23,2022-09-20,1045.03,1045.03,0.0,0,PAID,PAID,SOFTWARE,EAST
INV-07267,CUS-0126,2023-04-24,2023-06-23,2023-06-21,5669.02,5669.02,0.0,0,PAID,PAID,SERVICES,NORTH
INV-07268,CUS-0085,2022-07-20,2022-09-18,2022-10-13,1836.23,1836.23,0.0,0,PAID,PAID,HARDWARE,WEST
INV-07269,CUS-0234,2023-12-27,2024-01-26,2024-01-21,8687.69,8687.69,0.0,0,PAID,PAID,HARDWARE,NORTH
INV-07270,CUS-0204,2022-04-21,2022-06-05,2022-06-26,5626.99,5626.99,0.0,0,PAID,PAID,SERVICES,WEST
INV-07271,CUS-0406,2023-12-31,2024-02-29,2024-02-24,7850.91,7850.91,0.0,0,PAID,PAID,SOFTWARE,WEST
INV-07272,CUS-0378,2022-05-02,2022-06-01,,20034.69,11785.98,8248.71,669,90+,PARTIAL,MAINTENANCE,WEST
INV-07273,CUS-0216,2023-07-28,2023-09-26,2023-09-21,24823.22,24823.22,0.0,0,PAID,PAID,SOFTWARE,EAST
INV-07274,CUS-0226,2023-12-04,2024-01-03,2024-01-15,1828.86,1828.86,0.0,0,PAID,PAID,HARDWARE,WEST
INV-07275,CUS-0494,2023-07-07,2023-09-05,,4855.73,1758.33,3097.4,208,90+,PARTIAL,SERVICES,NORTH
INV-07276,CUS-0011,2022-09-30,2022-11-29,2022-11-28,5220.46,5220.46,0.0,0,PAID,PAID,SERVICES,SOUTH
INV-07277,CUS-0439,2023-02-20,2023-04-06,2023-04-03,3772.95,3772.95,0.0,0,PAID,PAID,MAINTENANCE,EAST
INV-07278,CUS-0317,2022-05-23,2022-06-22,2022-07-08,4069.02,4069.02,0.0,0,PAID,PAID,MAINTENANCE,SOUTH
INV-07279,CUS-0243,2022-05-03,2022-06-17,,2225.68,0.0,2225.68,653,90+,OVERDUE,SOFTWARE,WEST
INV-07280,CUS-0381,2023-12-25,2024-01-24,2024-01-22,9583.9,9583.9,0.0,0,PAID,PAID,MAINTENANCE,EAST
INV-07281,CUS-0073,2023-09-14,2023-10-14,2023-10-14,4513.6,4513.6,0.0,0,PAID,PAID,HARDWARE,EAST
INV-07282,CUS-0064,2024-02-22,2024-03-23,2024-03-21,20050.26,20050.26,0.0,0,PAID,PAID,HARDWARE,WEST
INV-07283,CUS-0013,2024-01-10,2024-02-09,2024-02-04,71787.5,71787.5,0.0,0,PAID,PAID,SOFTWARE,NORTH
INV-07284,CUS-0013,2022-10-19,2022-11-18,2022-11-13,4189.97,4189.97,0.0,0,PAID,PAID,HARDWARE,WEST
INV-07285,CUS-0385,2022-08-06,2022-09-05,,1075.62,0.0,1075.62,573,90+,OVERDUE,MAINTENANCE,WEST
INV-07286,CUS-0131,2023-06-02,2023-07-02,2023-06-29,375.42,375.42,0.0,0,PAID,PAID,SERVICES,WEST
INV-07287,CUS-0135,2023-09-12,2023-10-12,2023-10-07,29912.26,29912.26,0.0,0,PAID,PAID,HARDWARE,WEST
INV-07288,CUS-0437,2024-01-02,2024-03-02,2024-03-01,47229.97,47229.97,0.0,0,PAID,PAID,SERVICES,SOUTH
INV-07289,CUS-0107,2023-12-21,2024-02-04,2024-01-31,11329.65,11329.65,0.0,0,PAID,PAID,SOFTWARE,NORTH
INV-07290,CUS-0120,2022-06-28,2022-08-12,2022-08-11,2597.55,2597.55,0.0,0,PAID,PAID,MAINTENANCE,EAST
INV-07291,CUS-0102,2024-01-22,2024-03-22,,2673.33,1150.52,1522.81,9,CURRENT,PARTIAL,MAINTENANCE,WEST
INV-07292,CUS-0450,2024-02-27,2024-04-27,2024-04-25,6358.88,6358.88,0.0,0,PAID,PAID,HARDWARE,WEST
INV-07293,CUS-0184,2022-11-15,2022-12-30,2023-01-21,22379.34,22379.34,0.0,0,PAID,PAID,MAINTENANCE,SOUTH
INV-07294,CUS-0200,2023-01-18,2023-02-17,2023-02-27,1363.0,1363.0,0.0,0,PAID,PAID,MAINTENANCE,WEST
INV-07295,CUS-0373,2023-02-13,2023-03-30,,3895.4,0.0,3895.4,367,90+,OVERDUE,MAINTENANCE,NORTH
INV-07296,CUS-0254,2023-06-09,2023-07-24,2023-07-21,1719.35,1719.35,0.0,0,PAID,PAID,HARDWARE,EAST
INV-07297,CUS-0493,2024-02-17,2024-03-18,2024-03-13,1421.42,1421.42,0.0,0,PAID,PAID,SOFTWARE,NORTH
INV-07298,CUS-0176,2023-08-08,2023-09-22,2023-09-19,1075.83,1075.83,0.0,0,PAID,PAID,SERVICES,WEST
INV-07299,CUS-0480,2023-12-12,2024-01-11,2024-01-07,7154.23,7154.23,0.0,0,PAID,PAID,HARDWARE,EAST
INV-07300,CUS-0212,2022-12-06,2023-02-04,2023-02-02,1719.76,1719.76,0.0,0,PAID,PAID,MAINTENANCE,WEST
INV-07301,CUS-0008,2022-04-21,2022-06-20,,12303.66,0.0,12303.66,650,90+,OVERDUE,HARDWARE,WEST
INV-07302,CUS-0082,2023-03-24,2023-05-08,2023-05-07,750.1,750.1,0.0,0,PAID,PAID,HARDWARE,NORTH
INV-07303,CUS-0032,2022-07-10,2022-09-08,2022-09-05,18910.3,18910.3,0.0,0,PAID,PAID,SERVICES,NORTH
INV-07304,CUS-0178,2022-08-30,2022-10-14,2022-10-09,36078.38,36078.38,0.0,0,PAID,PAID,HARDWARE,EAST
INV-07305,CUS-0366,2023-01-28,2023-02-27,2023-02-22,7597.45,7597.45,0.0,0,PAID,PAID,SERVICES,SOUTH
INV-07306,CUS-0437,2023-08-08,2023-10-07,2023-10-02,87879.18,87879.18,0.0,0,PAID,PAID,SOFTWARE,WEST
INV-07307,CUS-0305,2023-09-26,2023-11-10,,14520.07,0.0,14520.07,142,90+,OVERDUE,MAINTENANCE,SOUTH
INV-07308,CUS-0452,2022-11-26,2022-12-26,2023-01-15,3621.35,3621.35,0.0,0,PAID,PAID,SERVICES,WEST
INV-07309,CUS-0012,2022-04-05,2022-05-20,2022-05-15,6089.42,6089.42,0.0,0,PAID,PAID,HARDWARE,EAST
INV-07310,CUS-0029,2023-10-31,2023-12-15,2023-12-11,2661.03,2661.03,0.0,0,PAID,PAID,HARDWARE,WEST
INV-07311,CUS-0012,2024-03-01,2024-04-15,,3890.07,0.0,3890.07,0,CURRENT,OVERDUE,MAINTENANCE,NORTH
INV-07312,CUS-0058,2023-03-11,2023-05-10,2023-05-05,5699.84,5699.84,0.0,0,PAID,PAID,SOFTWARE,WEST
INV-07313,CUS-0473,2022-06-13,2022-07-13,2022-07-12,2014.03,2014.03,0.0,0,PAID,PAID,SOFTWARE,SOUTH
INV-07314,CUS-0292,2022-07-28,2022-09-11,2022-09-10,4316.42,4316.42,0.0,0,PAID,PAID,MAINTENANCE,SOUTH
INV-07315,CUS-0337,2022-05-24,2022-07-23,,18866.65,8834.82,10031.83,617,90+,PARTIAL,SOFTWARE,NORTH
INV-07316,CUS-0399,2022-09-05,2022-11-04,2022-10-31,9702.45,9702.45,0.0,0,PAID,PAID,SERVICES,NORTH
INV-07317,CUS-0186,2023-05-30,2023-07-14,2023-07-14,20444.33,20444.33,0.0,0,PAID,PAID,SOFTWARE,NORTH
INV-07318,CUS-0130,2022-06-30,2022-08-29,2022-08-24,277.89,277.89,0.0,0,PAID,PAID,SERVICES,NORTH
INV-07319,CUS-0055,2022-05-13,2022-06-27,2022-06-27,312.87,312.87,0.0,0,PAID,PAID,MAINTENANCE,WEST
INV-07320,CUS-0369,2023-03-13,2023-04-27,2023-04-23,19370.24,19370.24,0.0,0,PAID,PAID,SOFTWARE,SOUTH
INV-07321,CUS-0419,2023-02-21,2023-04-22,2023-05-04,5270.11,5270.11,0.0,0,PAID,PAID,SOFTWARE,EAST
INV-07322,CUS-0058,2023-06-29,2023-08-28,2023-09-25,9823.39,9823.39,0.0,0,PAID,PAID,MAINTENANCE,SOUTH
INV-07323,CUS-0101,2023-03-22,2023-04-21,2023-04-20,126.53,126.53,0.0,0,PAID,PAID,SOFTWARE,SOUTH
INV-07324,CUS-0329,2023-04-04,2023-06-03,2023-06-15,5296.47,5296.47,0.0,0,PAID,PAID,SOFTWARE,WEST
INV-07325,CUS-0370,2023-01-29,2023-03-15,2023-03-10,24144.32,24144.32,0.0,0,PAID,PAID,SOFTWARE,EAST
INV-07326,CUS-0397,2023-06-08,2023-08-07,2023-08-06,1770.87,1770.87,0.0,0,PAID,PAID,MAINTENANCE,EAST
INV-07327,CUS-0243,2022-07-25,2022-09-08,2022-09-17,4414.48,4414.48,0.0,0,PAID,PAID,SERVICES,EAST
INV-07328,CUS-0274,2022-10-22,2022-12-21,2022-12-20,9745.54,9745.54,0.0,0,PAID,PAID,SOFTWARE,NORTH
INV-07329,CUS-0291,2023-12-15,2024-02-13,,24853.8,0.0,24853.8,47,31-60,OVERDUE,HARDWARE,EAST
INV-07330,CUS-0353,2023-11-29,2023-12-29,2023-12-29,6175.49,6175.49,0.0,0,PAID,PAID,HARDWARE,WEST
INV-07331,CUS-0333,2022-12-15,2023-02-13,2023-02-11,1864.16,1864.16,0.0,0,PAID,PAID,SERVICES,NORTH
INV-07332,CUS-0183,2022-10-27,2022-11-26,2022-11-21,2501.69,2501.69,0.0,0,PAID,PAID,HARDWARE,EAST
INV-07333,CUS-0369,2023-09-10,2023-10-25,2023-10-21,5868.29,5868.29,0.0,0,PAID,PAID,MAINTENANCE,WEST
INV-07334,CUS-0276,2022-04-02,2022-05-17,,1950.6,788.04,1162.56,684,90+,PARTIAL,MAINTENANCE,WEST
INV-07335,CUS-0318,2022-10-18,2022-12-17,2022-12-16,516.43,516.43,0.0,0,PAID,PAID,MAINTENANCE,WEST
INV-07336,CUS-0383,2022-11-05,2022-12-05,2022-12-02,1064.56,1064.56,0.0,0,PAID,PAID,SERVICES,WEST
INV-07337,CUS-0393,2023-06-15,2023-07-30,2023-07-29,2818.54,2818.54,0.0,0,PAID,PAID,SOFTWARE,EAST
INV-07338,CUS-0425,2022-10-07,2022-11-06,2022-11-01,4167.1,4167.1,0.0,0,PAID,PAID,MAINTENANCE,SOUTH
INV-07339,CUS-0049,2023-02-27,2023-04-13,,318.3,0.0,318.3,353,90+,OVERDUE,SOFTWARE,SOUTH
INV-07340,CUS-0372,2022-12-28,2023-01-27,2023-01-22,1562.21,1562.21,0.0,0,PAID,PAID,MAINTENANCE,SOUTH
INV-07341,CUS-0250,2022-10-28,2022-11-27,2022-11-27,10576.53,10576.53,0.0,0,PAID,PAID,SERVICES,NORTH
INV-07342,CUS-0215,2023-07-02,2023-08-01,2023-07-30,5273.84,5273.84,0.0,0,PAID,PAID,SOFTWARE,WEST
INV-07343,CUS-0157,2023-08-05,2023-09-04,2023-09-02,6037.53,6037.53,0.0,0,PAID,PAID,HARDWARE,EAST
INV-07344,CUS-0043,2023-02-19,2023-03-21,2023-03-19,20962.08,20962.08,0.0,0,PAID,PAID,HARDWARE,EAST
INV-07345,CUS-0329,2023-04-06,2023-06-05,2023-06-04,1550.84,1550.84,0.0,0,PAID,PAID,MAINTENANCE,NORTH
INV-07346,CUS-0044,2023-05-11,2023-06-10,,2976.55,1656.86,1319.69,295,90+,PARTIAL,MAINTENANCE,SOUTH
INV-07347,CUS-0018,2023-11-03,2023-12-03,2023-12-12,4566.81,4566.81,0.0,0,PAID,PAID,SERVICES,WEST
INV-07348,CUS-0403,2023-03-04,2023-04-18,2023-04-15,92815.22,92815.22,0.0,0,PAID,PAID,MAINTENANCE,NORTH
INV-07349,CUS-0205,2022-10-24,2022-12-08,2022-12-28,1758.13,1758.13,0.0,0,PAID,PAID,HARDWARE,WEST
INV-07350,CUS-0017,2023-10-12,2023-12-11,2024-01-04,14716.47,14716.47,0.0,0,PAID,PAID,SOFTWARE,WEST
INV-07351,CUS-0359,2022-07-18,2022-08-17,2022-08-13,7139.76,7139.76,0.0,0,PAID,PAID,MAINTENANCE,EAST
INV-07352,CUS-0244,2022-07-07,2022-08-21,,4680.5,2351.42,2329.08,588,90+,PARTIAL,SERVICES,EAST
INV-07353,CUS-0350,2023-07-01,2023-08-30,2023-09-07,26729.62,26729.62,0.0,0,PAID,PAID,HARDWARE,EAST
INV-07354,CUS-0372,2023-08-14,2023-09-13,2023-09-08,706.47,706.47,0.0,0,PAID,PAID,MAINTENANCE,NORTH
INV-07355,CUS-0315,2022-07-27,2022-09-25,2022-09-21,3499.95,3499.95,0.0,0,PAID,PAID,SERVICES,SOUTH
INV-07356,CUS-0353,2023-03-11,2023-04-10,2023-04-07,26615.7,26615.7,0.0,0,PAID,PAID,MAINTENANCE,WEST
INV-07357,CUS-0262,2022-07-18,2022-09-16,2022-09-11,1387.5,1387.5,0.0,0,PAID,PAID,SOFTWARE,NORTH
INV-07358,CUS-0286,2023-07-29,2023-09-12,2023-09-10,1488.18,1488.18,0.0,0,PAID,PAID,MAINTENANCE,WEST
INV-07359,CUS-0285,2023-08-30,2023-10-14,2023-10-14,354.28,354.28,0.0,0,PAID,PAID,HARDWARE,WEST
INV-07360,CUS-0286,2024-02-02,2024-03-18,2024-03-14,1517.02,1517.02,0.0,0,PAID,PAID,SOFTWARE,SOUTH
INV-07361,CUS-0020,2023-08-21,2023-10-20,,6447.64,2038.72,4408.92,163,90+,PARTIAL,HARDWARE,NORTH
INV-07362,CUS-0364,2022-10-03,2022-12-02,2022-12-02,1749.93,1749.93,0.0,0,PAID,PAID,SERVICES,EAST
INV-07363,CUS-0135,2023-06-03,2023-07-03,2023-06-30,7570.63,7570.63,0.0,0,PAID,PAID,SOFTWARE,WEST
INV-07364,CUS-0343,2022-10-12,2022-11-26,2022-11-24,8184.63,8184.63,0.0,0,PAID,PAID,HARDWARE,EAST
INV-07365,CUS-0447,2022-12-27,2023-02-10,2023-02-08,2935.96,2935.96,0.0,0,PAID,PAID,SERVICES,SOUTH
INV-07366,CUS-0379,2023-05-02,2023-06-16,2023-06-11,4714.65,4714.65,0.0,0,PAID,PAID,MAINTENANCE,NORTH
INV-07367,CUS-0308,2023-06-22,2023-08-06,2023-08-05,10559.53,10559.53,0.0,0,PAID,PAID,SOFTWARE,NORTH
INV-07368,CUS-0354,2023-04-02,2023-05-02,2023-05-01,1477.13,1477.13,0.0,0,PAID,PAID,SERVICES,SOUTH
INV-07369,CUS-0002,2022-05-16,2022-06-30,2022-06-27,2603.07,2603.07,0.0,0,PAID,PAID,SERVICES,NORTH
INV-07370,CUS-0457,2022-08-26,2022-10-25,,2082.45,0.0,2082.45,523,90+,OVERDUE,SOFTWARE,SOUTH
INV-07371,CUS-0321,2023-12-05,2024-01-04,,600.46,208.97,391.49,87,61-90,PARTIAL,MAINTENANCE,NORTH
INV-07372,CUS-0053,2023-05-03,2023-07-02,2023-06-28,3669.04,3669.04,0.0,0,PAID,PAID,MAINTENANCE,EAST
INV-07373,CUS-0042,2022-10-14,2022-12-13,2022-12-09,5808.14,5808.14,0.0,0,PAID,PAID,SOFTWARE,WEST
INV-07374,CUS-0027,2023-11-23,2023-12-23,2023-12-20,8039.18,8039.18,0.0,0,PAID,PAID,SOFTWARE,NORTH
INV-07375,CUS-0461,2023-12-29,2024-02-27,2024-02-23,6750.28,6750.28,0.0,0,PAID,PAID,SOFTWARE,WEST
INV-07376,CUS-0338,2023-01-17,2023-03-18,2023-03-14,3393.75,3393.75,0.0,0,PAID,PAID,MAINTENANCE,WEST
INV-07377,CUS-0132,2022-06-16,2022-07-31,,758.0,0.0,758.0,609,90+,OVERDUE,HARDWARE,NORTH
INV-07378,CUS-0324,2023-06-24,2023-08-08,2023-08-18,16992.98,16992.98,0.0,0,PAID,PAID,SERVICES,EAST
INV-07379,CUS-0076,2022-05-17,2022-07-16,2022-07-15,3745.36,3745.36,0.0,0,PAID,PAID,MAINTENANCE,SOUTH
INV-07380,CUS-0080,2023-11-06,2023-12-21,2023-12-21,1625.93,1625.93,0.0,0,PAID,PAID,MAINTENANCE,SOUTH
INV-07381,CUS-0377,2022-12-17,2023-01-16,,1208.96,434.05,774.91,440,90+,PARTIAL,SERVICES,SOUTH
INV-07382,CUS-0496,2023-02-12,2023-03-14,2023-03-13,2440.33,2440.33,0.0,0,PAID,PAID,SERVICES,EAST
INV-07383,CUS-0057,2023-10-08,2023-11-07,2023-11-05,5976.72,5976.72,0.0,0,PAID,PAID,SERVICES,NORTH
INV-07384,CUS-0370,2023-11-20,2024-01-04,2024-01-04,4079.81,4079.81,0.0,0,PAID,PAID,HARDWARE,WEST
INV-07385,CUS-0071,2022-11-14,2022-12-29,2022-12-25,25494.59,25494.59,0.0,0,PAID,PAID,MAINTENANCE,SOUTH
INV-07386,CUS-0252,2023-01-02,2023-02-01,,5776.58,0.0,5776.58,424,90+,OVERDUE,SERVICES,NORTH
INV-07387,CUS-0482,2023-10-21,2023-12-20,2023-12-16,8387.33,8387.33,0.0,0,PAID,PAID,MAINTENANCE,NORTH
INV-07388,CUS-0239,2022-07-29,2022-09-12,2022-09-10,25618.87,25618.87,0.0,0,PAID,PAID,SERVICES,SOUTH
INV-07389,CUS-0362,2023-07-04,2023-08-03,2023-07-29,304.12,304.12,0.0,0,PAID,PAID,MAINTENANCE,EAST
INV-07390,CUS-0411,2024-02-19,2024-04-04,2024-03-31,2934.37,2934.37,0.0,0,PAID,PAID,SOFTWARE,EAST
INV-07391,CUS-0283,2023-07-18,2023-08-17,2023-08-12,696.56,696.56,0.0,0,PAID,PAID,HARDWARE,EAST
INV-07392,CUS-0061,2022-08-18,2022-10-17,,254.93,163.36,91.57,531,90+,PARTIAL,MAINTENANCE,WEST
INV-07393,CUS-0244,2023-08-30,2023-10-14,2023-10-14,8187.5,8187.5,0.0,0,PAID,PAID,SOFTWARE,NORTH
INV-07394,CUS-0165,2024-02-21,2024-03-22,2024-03-21,3951.87,3951.87,0.0,0,PAID,PAID,MAINTENANCE,NORTH
INV-07395,CUS-0258,2023-04-16,2023-05-16,2023-05-12,4619.18,4619.18,0.0,0,PAID,PAID,SERVICES,SOUTH
INV-07396,CUS-0327,2023-03-07,2023-04-06,2023-04-02,10128.85,10128.85,0.0,0,PAID,PAID,SOFTWARE,NORTH
INV-07397,CUS-0067,2023-05-27,2023-07-26,,12980.19,0.0,12980.19,249,90+,OVERDUE,SOFTWARE,EAST
INV-07398,CUS-0245,2022-10-05,2022-12-04,2022-12-01,35455.19,35455.19,0.0,0,PAID,PAID,HARDWARE,WEST
INV-07399,CUS-0155,2022-07-09,2022-09-07,2022-09-04,1857.04,1857.04,0.0,0,PAID,PAID,SOFTWARE,NORTH
INV-07400,CUS-0271,2023-06-15,2023-07-15,2023-07-15,3387.08,3387.08,0.0,0,PAID,PAID,MAINTENANCE,EAST
INV-07401,CUS-0181,2024-01-10,2024-02-24,,1314.96,618.06,696.9,36,31-60,PARTIAL,HARDWARE,WEST
INV-07402,CUS-0213,2022-11-17,2023-01-16,2023-01-15,264.22,264.22,0.0,0,PAID,PAID,MAINTENANCE,WEST
INV-07403,CUS-0221,2024-03-22,2024-05-21,2024-05-21,37712.28,37712.28,0.0,0,PAID,PAID,MAINTENANCE,WEST
INV-07404,CUS-0347,2022-07-03,2022-08-02,2022-07-31,5759.54,5759.54,0.0,0,PAID,PAID,SERVICES,WEST
INV-07405,CUS-0104,2024-02-05,2024-04-05,2024-04-03,3065.79,3065.79,0.0,0,PAID,PAID,SERVICES,NORTH
INV-07406,CUS-0204,2023-08-23,2023-10-07,2023-10-02,3653.54,3653.54,0.0,0,PAID,PAID,MAINTENANCE,WEST
INV-07407,CUS-0371,2023-02-24,2023-03-26,2023-03-26,21047.95,21047.95,0.0,0,PAID,PAID,SERVICES,NORTH
INV-07408,CUS-0221,2022-05-08,2022-07-07,2022-07-02,54882.71,54882.71,0.0,0,PAID,PAID,HARDWARE,NORTH
INV-07409,CUS-0410,2022-12-12,2023-01-26,2023-01-22,40232.66,40232.66,0.0,0,PAID,PAID,MAINTENANCE,SOUTH
INV-07410,CUS-0053,2022-05-14,2022-07-13,2022-07-09,910.89,910.89,0.0,0,PAID,PAID,SERVICES,EAST
INV-07411,CUS-0098,2022-10-19,2022-11-18,2022-11-18,1483.51,1483.51,0.0,0,PAID,PAID,HARDWARE,SOUTH
INV-07412,CUS-0377,2022-05-26,2022-06-25,,2622.73,0.0,2622.73,645,90+,OVERDUE,HARDWARE,EAST
INV-07413,CUS-0080,2024-03-04,2024-04-18,2024-04-18,4695.4,4695.4,0.0,0,PAID,PAID,MAINTENANCE,EAST
INV-07414,CUS-0490,2022-12-27,2023-02-10,2023-02-07,814.25,814.25,0.0,0,PAID,PAID,HARDWARE,NORTH
INV-07415,CUS-0090,2023-02-01,2023-03-18,2023-03-18,25226.94,25226.94,0.0,0,PAID,PAID,HARDWARE,EAST
INV-07416,CUS-0410,2022-12-22,2023-02-05,2023-02-02,12018.45,12018.45,0.0,0,PAID,PAID,HARDWARE,SOUTH
INV-07417,CUS-0233,2023-06-27,2023-07-27,2023-07-25,10219.25,10219.25,0.0,0,PAID,PAID,MAINTENANCE,EAST
INV-07418,CUS-0136,2022-12-15,2023-01-29,2023-01-27,5862.83,5862.83,0.0,0,PAID,PAID,SERVICES,EAST
INV-07419,CUS-0272,2023-11-11,2023-12-26,2024-01-13,597.61,597.61,0.0,0,PAID,PAID,SOFTWARE,SOUTH
INV-07420,CUS-0339,2022-08-01,2022-09-15,2022-09-11,14312.88,14312.88,0.0,0,PAID,PAID,HARDWARE,WEST
INV-07421,CUS-0159,2022-11-24,2022-12-24,2022-12-22,1054.16,1054.16,0.0,0,PAID,PAID,SOFTWARE,EAST
INV-07422,CUS-0084,2022-09-08,2022-11-07,2022-11-02,2108.29,2108.29,0.0,0,PAID,PAID,HARDWARE,SOUTH
INV-07423,CUS-0017,2024-01-11,2024-03-11,2024-03-10,11251.95,11251.95,0.0,0,PAID,PAID,MAINTENANCE,EAST
INV-07424,CUS-0320,2022-12-04,2023-02-02,2023-02-01,1027.7,1027.7,0.0,0,PAID,PAID,SERVICES,EAST
INV-07425,CUS-0471,2022-06-26,2022-08-10,2022-08-05,9360.85,9360.85,0.0,0,PAID,PAID,HARDWARE,WEST
INV-07426,CUS-0085,2024-03-25,2024-05-24,2024-05-23,6819.26,6819.26,0.0,0,PAID,PAID,SOFTWARE,EAST
INV-07427,CUS-0198,2023-10-04,2023-12-03,2023-12-28,4910.79,4910.79,0.0,0,PAID,PAID,SERVICES,SOUTH
INV-07428,CUS-0221,2023-09-06,2023-11-05,2023-10-31,13525.91,13525.91,0.0,0,PAID,PAID,MAINTENANCE,WEST
INV-07429,CUS-0277,2022-12-07,2023-02-05,2023-02-05,525.14,525.14,0.0,0,PAID,PAID,HARDWARE,NORTH
INV-07430,CUS-0167,2023-10-27,2023-11-26,2023-11-22,1795.52,1795.52,0.0,0,PAID,PAID,HARDWARE,EAST
INV-07431,CUS-0219,2023-10-01,2023-11-30,2023-12-06,3368.3,3368.3,0.0,0,PAID,PAID,SERVICES,NORTH
INV-07432,CUS-0238,2022-04-21,2022-06-05,2022-06-01,678.9,678.9,0.0,0,PAID,PAID,MAINTENANCE,NORTH
INV-07433,CUS-0391,2023-11-11,2023-12-26,2023-12-22,1173.65,1173.65,0.0,0,PAID,PAID,MAINTENANCE,SOUTH
INV-07434,CUS-0255,2024-01-15,2024-02-29,2024-03-01,1778.43,1778.43,0.0,0,PAID,PAID,HARDWARE,WEST
INV-07435,CUS-0472,2022-10-02,2022-11-01,,1855.64,1232.91,622.73,516,90+,PARTIAL,HARDWARE,SOUTH
INV-07436,CUS-0488,2023-09-17,2023-11-16,2023-11-24,530.27,530.27,0.0,0,PAID,PAID,SERVICES,WEST
INV-07437,CUS-0136,2022-10-22,2022-12-06,2022-12-02,5348.58,5348.58,0.0,0,PAID,PAID,HARDWARE,EAST
INV-07438,CUS-0259,2022-12-05,2023-01-19,2023-01-17,384.29,384.29,0.0,0,PAID,PAID,SERVICES,EAST
INV-07439,CUS-0079,2023-06-30,2023-07-30,2023-07-29,423.42,423.42,0.0,0,PAID,PAID,SERVICES,WEST
INV-07440,CUS-0388,2023-12-10,2024-01-09,2024-01-07,16058.19,16058.19,0.0,0,PAID,PAID,SOFTWARE,WEST
INV-07441,CUS-0145,2023-06-19,2023-08-18,2023-08-15,1585.87,1585.87,0.0,0,PAID,PAID,MAINTENANCE,WEST
INV-07442,CUS-0295,2023-06-26,2023-08-10,2023-08-09,15442.55,15442.55,0.0,0,PAID,PAID,SERVICES,WEST
INV-07443,CUS-0287,2022-08-04,2022-10-03,2022-10-01,3977.54,3977.54,0.0,0,PAID,PAID,HARDWARE,NORTH
INV-07444,CUS-0494,2023-02-18,2023-04-19,2023-04-18,1205.3,1205.3,0.0,0,PAID,PAID,SOFTWARE,NORTH
INV-07445,CUS-0289,2023-10-19,2023-11-18,,2621.25,884.98,1736.27,134,90+,PARTIAL,MAINTENANCE,NORTH
INV-07446,CUS-0293,2023-06-25,2023-08-09,2023-08-15,518.8,518.8,0.0,0,PAID,PAID,MAINTENANCE,NORTH
INV-07447,CUS-0142,2022-07-06,2022-08-05,,14571.0,0.0,14571.0,604,90+,OVERDUE,SERVICES,WEST
INV-07448,CUS-0416,2022-06-18,2022-07-18,2022-07-15,355.12,355.12,0.0,0,PAID,PAID,SERVICES,NORTH
INV-07449,CUS-0445,2024-03-24,2024-05-08,2024-05-08,5983.98,5983.98,0.0,0,PAID,PAID,SERVICES,SOUTH
INV-07450,CUS-0368,2022-11-26,2023-01-10,2023-01-08,13494.92,13494.92,0.0,0,PAID,PAID,SOFTWARE,WEST
INV-07451,CUS-0076,2024-01-31,2024-03-31,2024-03-29,6275.53,6275.53,0.0,0,PAID,PAID,SERVICES,NORTH
INV-07452,CUS-0113,2023-12-08,2024-01-22,2024-01-17,5333.61,5333.61,0.0,0,PAID,PAID,MAINTENANCE,NORTH
INV-07453,CUS-0288,2024-01-12,2024-03-12,2024-03-09,1923.3,1923.3,0.0,0,PAID,PAID,MAINTENANCE,SOUTH
INV-07454,CUS-0186,2023-06-26,2023-08-10,2023-08-06,29513.91,29513.91,0.0,0,PAID,PAID,SOFTWARE,WEST
INV-07455,CUS-0253,2023-03-15,2023-04-29,2023-04-27,2706.23,2706.23,0.0,0,PAID,PAID,SOFTWARE,EAST
INV-07456,CUS-0045,2023-03-16,2023-05-15,2023-05-10,256.58,256.58,0.0,0,PAID,PAID,MAINTENANCE,NORTH
INV-07457,CUS-0022,2022-12-10,2023-02-08,2023-02-03,23350.76,23350.76,0.0,0,PAID,PAID,HARDWARE,EAST
INV-07458,CUS-0381,2022-06-26,2022-07-26,2022-07-24,1454.86,1454.86,0.0,0,PAID,PAID,HARDWARE,SOUTH
INV-07459,CUS-0074,2022-10-31,2022-11-30,2022-11-29,13993.44,13993.44,0.0,0,PAID,PAID,SERVICES,SOUTH
INV-07460,CUS-0307,2023-12-21,2024-02-19,2024-02-17,751.4,751.4,0.0,0,PAID,PAID,SERVICES,WEST
INV-07461,CUS-0002,2023-09-10,2023-10-25,2023-10-24,858.54,858.54,0.0,0,PAID,PAID,MAINTENANCE,SOUTH
INV-07462,CUS-0223,2022-07-25,2022-09-23,2022-09-21,3770.74,3770.74,0.0,0,PAID,PAID,HARDWARE,EAST
INV-07463,CUS-0142,2022-11-18,2022-12-18,2022-12-18,8273.08,8273.08,0.0,0,PAID,PAID,SERVICES,EAST
INV-07464,CUS-0385,2023-08-09,2023-09-08,2023-09-29,4140.47,4140.47,0.0,0,PAID,PAID,SERVICES,SOUTH
INV-07465,CUS-0371,2022-09-30,2022-10-30,2022-10-28,9184.87,9184.87,0.0,0,PAID,PAID,MAINTENANCE,NORTH
INV-07466,CUS-0263,2023-12-28,2024-02-26,2024-03-14,2554.76,2554.76,0.0,0,PAID,PAID,SOFTWARE,NORTH
INV-07467,CUS-0115,2024-02-25,2024-04-25,2024-04-25,16743.1,16743.1,0.0,0,PAID,PAID,SOFTWARE,WEST
INV-07468,CUS-0402,2023-01-06,2023-02-05,2023-02-05,3153.85,3153.85,0.0,0,PAID,PAID,SOFTWARE,SOUTH
INV-07469,CUS-0152,2022-11-03,2022-12-18,2022-12-18,3333.2,3333.2,0.0,0,PAID,PAID,SOFTWARE,SOUTH
INV-07470,CUS-0477,2023-11-16,2023-12-31,2023-12-28,455.99,455.99,0.0,0,PAID,PAID,SOFTWARE,SOUTH
INV-07471,CUS-0046,2022-06-25,2022-07-25,2022-07-30,1568.78,1568.78,0.0,0,PAID,PAID,MAINTENANCE,WEST
INV-07472,CUS-0189,2022-05-01,2022-06-15,2022-06-12,2904.07,2904.07,0.0,0,PAID,PAID,SERVICES,NORTH
INV-07473,CUS-0245,2024-01-14,2024-03-14,,8048.73,4144.87,3903.86,17,CURRENT,PARTIAL,MAINTENANCE,WEST
INV-07474,CUS-0030,2023-12-25,2024-01-24,2024-02-12,18029.97,18029.97,0.0,0,PAID,PAID,SOFTWARE,EAST
INV-07475,CUS-0411,2022-11-25,2023-01-09,2023-01-16,5618.38,5618.38,0.0,0,PAID,PAID,HARDWARE,SOUTH
INV-07476,CUS-0122,2023-07-14,2023-08-28,2023-08-23,1640.82,1640.82,0.0,0,PAID,PAID,MAINTENANCE,SOUTH
INV-07477,CUS-0125,2023-04-27,2023-06-11,2023-06-09,3161.65,3161.65,0.0,0,PAID,PAID,HARDWARE,EAST
INV-07478,CUS-0460,2023-07-27,2023-09-10,2023-09-07,26273.4,26273.4,0.0,0,PAID,PAID,MAINTENANCE,SOUTH
INV-07479,CUS-0139,2022-12-05,2023-01-19,2023-01-19,932.29,932.29,0.0,0,PAID,PAID,MAINTENANCE,NORTH
INV-07480,CUS-0276,2023-07-06,2023-08-20,,46391.8,22892.75,23499.05,224,90+,PARTIAL,HARDWARE,EAST
INV-07481,CUS-0102,2022-05-07,2022-07-06,2022-07-06,430.75,430.75,0.0,0,PAID,PAID,SOFTWARE,SOUTH
INV-07482,CUS-0357,2022-04-21,2022-05-21,2022-05-16,9070.28,9070.28,0.0,0,PAID,PAID,SERVICES,NORTH
INV-07483,CUS-0124,2023-01-19,2023-03-05,2023-03-02,1102.91,1102.91,0.0,0,PAID,PAID,SERVICES,NORTH
INV-07484,CUS-0366,2022-05-11,2022-06-10,2022-06-09,1741.2,1741.2,0.0,0,PAID,PAID,HARDWARE,NORTH
INV-07485,CUS-0248,2022-07-14,2022-08-13,2022-08-08,9971.01,9971.01,0.0,0,PAID,PAID,SERVICES,SOUTH
INV-07486,CUS-0090,2023-10-17,2023-12-01,2023-11-29,12571.56,12571.56,0.0,0,PAID,PAID,SOFTWARE,WEST
INV-07487,CUS-0069,2023-01-26,2023-03-27,2023-03-26,1313.74,1313.74,0.0,0,PAID,PAID,SERVICES,NORTH
INV-07488,CUS-0172,2023-01-15,2023-03-01,2023-03-01,7496.91,7496.91,0.0,0,PAID,PAID,HARDWARE,WEST
INV-07489,CUS-0067,2022-07-24,2022-09-22,2022-09-19,4604.46,4604.46,0.0,0,PAID,PAID,SOFTWARE,SOUTH
INV-07490,CUS-0155,2023-07-26,2023-09-24,2023-09-22,7299.52,7299.52,0.0,0,PAID,PAID,MAINTENANCE,NORTH
INV-07491,CUS-0019,2023-01-23,2023-02-22,2023-02-17,17988.7,17988.7,0.0,0,PAID,PAID,SOFTWARE,SOUTH
INV-07492,CUS-0333,2023-04-06,2023-06-05,2023-06-21,1008.4,1008.4,0.0,0,PAID,PAID,SOFTWARE,SOUTH
INV-07493,CUS-0074,2023-06-18,2023-07-18,2023-07-14,22055.45,22055.45,0.0,0,PAID,PAID,SOFTWARE,WEST
INV-07494,CUS-0283,2022-07-03,2022-08-02,2022-08-27,3775.76,3775.76,0.0,0,PAID,PAID,SOFTWARE,EAST
INV-07495,CUS-0289,2022-08-18,2022-09-17,,3431.08,0.0,3431.08,561,90+,OVERDUE,SOFTWARE,NORTH
INV-07496,CUS-0183,2023-08-03,2023-09-02,2023-08-31,598.41,598.41,0.0,0,PAID,PAID,HARDWARE,NORTH
INV-07497,CUS-0254,2022-07-21,2022-09-04,2022-10-02,6932.26,6932.26,0.0,0,PAID,PAID,MAINTENANCE,NORTH
INV-07498,CUS-0005,2023-01-29,2023-03-30,2023-03-26,1307.25,1307.25,0.0,0,PAID,PAID,HARDWARE,NORTH
INV-07499,CUS-0316,2022-11-01,2022-12-16,2022-12-22,601.67,601.67,0.0,0,PAID,PAID,MAINTENANCE,WEST
INV-07500,CUS-0148,2022-11-08,2023-01-07,,8645.36,0.0,8645.36,449,90+,OVERDUE,HARDWARE,SOUTH
INV-07501,CUS-0217,2023-02-01,2023-04-02,2023-04-02,1257.96,1257.96,0.0,0,PAID,PAID,MAINTENANCE,SOUTH
INV-07502,CUS-0283,2022-09-08,2022-10-08,2022-10-05,3744.31,3744.31,0.0,0,PAID,PAID,SOFTWARE,WEST
INV-07503,CUS-0446,2022-12-03,2023-02-01,2023-01-27,2800.83,2800.83,0.0,0,PAID,PAID,MAINTENANCE,NORTH
INV-07504,CUS-0397,2022-06-25,2022-08-24,2022-08-20,2622.7,2622.7,0.0,0,PAID,PAID,HARDWARE,SOUTH
INV-07505,CUS-0241,2023-07-06,2023-09-04,2023-09-03,98.19,98.19,0.0,0,PAID,PAID,HARDWARE,NORTH
INV-07506,CUS-0173,2024-03-21,2024-05-20,,3574.31,2128.76,1445.55,0,CURRENT,PARTIAL,MAINTENANCE,SOUTH
INV-07507,CUS-0175,2022-12-15,2023-02-13,2023-02-13,3939.42,3939.42,0.0,0,PAID,PAID,MAINTENANCE,NORTH
INV-07508,CUS-0069,2022-09-27,2022-11-26,,2182.34,0.0,2182.34,491,90+,OVERDUE,SERVICES,WEST
INV-07509,CUS-0251,2024-03-06,2024-05-05,2024-05-03,1881.43,1881.43,0.0,0,PAID,PAID,MAINTENANCE,SOUTH
INV-07510,CUS-0037,2022-08-23,2022-09-22,2022-09-19,5520.39,5520.39,0.0,0,PAID,PAID,SOFTWARE,NORTH
INV-07511,CUS-0480,2023-11-22,2023-12-22,2023-12-27,12137.74,12137.74,0.0,0,PAID,PAID,SOFTWARE,SOUTH
INV-07512,CUS-0312,2023-08-31,2023-10-15,2023-10-10,11621.47,11621.47,0.0,0,PAID,PAID,SOFTWARE,EAST
INV-07513,CUS-0171,2023-11-16,2023-12-31,2023-12-29,1459.47,1459.47,0.0,0,PAID,PAID,SOFTWARE,EAST
INV-07514,CUS-0155,2022-09-26,2022-11-25,2022-12-07,1010.27,1010.27,0.0,0,PAID,PAID,SERVICES,SOUTH
INV-07515,CUS-0014,2022-08-04,2022-10-03,2022-09-30,7574.88,7574.88,0.0,0,PAID,PAID,SERVICES,EAST
INV-07516,CUS-0284,2023-09-27,2023-11-11,2023-11-11,479.86,479.86,0.0,0,PAID,PAID,HARDWARE,WEST
INV-07517,CUS-0053,2022-12-07,2023-02-05,2023-02-03,903.18,903.18,0.0,0,PAID,PAID,MAINTENANCE,SOUTH
INV-07518,CUS-0238,2022-05-02,2022-06-16,2022-06-12,846.92,846.92,0.0,0,PAID,PAID,SOFTWARE,WEST
INV-07519,CUS-0214,2024-02-04,2024-03-05,2024-02-29,607.84,607.84,0.0,0,PAID,PAID,SERVICES,NORTH
INV-07520,CUS-0381,2023-11-16,2023-12-16,2023-12-14,1256.69,1256.69,0.0,0,PAID,PAID,SOFTWARE,WEST
INV-07521,CUS-0314,2022-05-28,2022-07-27,2022-07-22,573.99,573.99,0.0,0,PAID,PAID,MAINTENANCE,WEST
INV-07522,CUS-0226,2023-11-18,2023-12-18,2023-12-18,1922.53,1922.53,0.0,0,PAID,PAID,SOFTWARE,NORTH
INV-07523,CUS-0224,2023-11-07,2023-12-07,2023-12-07,16456.8,16456.8,0.0,0,PAID,PAID,HARDWARE,SOUTH
INV-07524,CUS-0192,2022-10-03,2022-11-02,,36132.64,0.0,36132.64,515,90+,OVERDUE,HARDWARE,EAST
INV-07525,CUS-0337,2023-11-04,2024-01-03,2024-01-02,18653.35,18653.35,0.0,0,PAID,PAID,HARDWARE,EAST
INV-07526,CUS-0293,2023-11-11,2023-12-26,2023-12-24,6043.85,6043.85,0.0,0,PAID,PAID,HARDWARE,NORTH
INV-07527,CUS-0270,2023-09-23,2023-11-22,2023-11-19,1447.46,1447.46,0.0,0,PAID,PAID,HARDWARE,NORTH
INV-07528,CUS-0283,2023-11-14,2023-12-14,,9964.23,0.0,9964.23,108,90+,OVERDUE,SOFTWARE,EAST
INV-07529,CUS-0301,2024-02-07,2024-03-23,2024-03-20,11551.67,11551.67,0.0,0,PAID,PAID,SOFTWARE,SOUTH
INV-07530,CUS-0164,2022-11-28,2022-12-28,2022-12-24,4497.27,4497.27,0.0,0,PAID,PAID,SOFTWARE,NORTH
INV-07531,CUS-0076,2022-05-28,2022-07-27,2022-07-26,7252.72,7252.72,0.0,0,PAID,PAID,MAINTENANCE,WEST
INV-07532,CUS-0387,2023-10-26,2023-11-25,2023-11-22,6096.13,6096.13,0.0,0,PAID,PAID,HARDWARE,EAST
INV-07533,CUS-0220,2023-02-10,2023-03-12,2023-03-17,13872.9,13872.9,0.0,0,PAID,PAID,SOFTWARE,NORTH
INV-07534,CUS-0223,2022-07-21,2022-09-19,2022-09-19,41193.75,41193.75,0.0,0,PAID,PAID,MAINTENANCE,NORTH
INV-07535,CUS-0254,2023-12-22,2024-02-05,2024-01-31,1127.22,1127.22,0.0,0,PAID,PAID,SERVICES,NORTH
INV-07536,CUS-0113,2022-10-07,2022-11-21,2022-11-17,24898.88,24898.88,0.0,0,PAID,PAID,SERVICES,NORTH
INV-07537,CUS-0244,2023-08-12,2023-09-26,2023-10-19,1868.09,1868.09,0.0,0,PAID,PAID,HARDWARE,NORTH
INV-07538,CUS-0219,2022-09-01,2022-10-31,2022-11-15,4965.96,4965.96,0.0,0,PAID,PAID,SOFTWARE,EAST
INV-07539,CUS-0305,2022-06-21,2022-08-05,,3868.38,2704.38,1164.0,604,90+,PARTIAL,SERVICES,EAST
INV-07540,CUS-0187,2022-11-23,2022-12-23,2022-12-20,1415.43,1415.43,0.0,0,PAID,PAID,SOFTWARE,EAST
INV-07541,CUS-0200,2024-03-19,2024-04-18,2024-04-17,720.98,720.98,0.0,0,PAID,PAID,HARDWARE,SOUTH
INV-07542,CUS-0228,2023-10-27,2023-12-26,2023-12-22,1863.62,1863.62,0.0,0,PAID,PAID,MAINTENANCE,WEST
INV-07543,CUS-0302,2023-10-19,2023-11-18,2023-11-15,12215.46,12215.46,0.0,0,PAID,PAID,SERVICES,WEST
INV-07544,CUS-0104,2022-04-02,2022-06-01,2022-05-28,3949.83,3949.83,0.0,0,PAID,PAID,SOFTWARE,SOUTH
INV-07545,CUS-0101,2023-11-04,2023-12-04,2023-12-19,502.89,502.89,0.0,0,PAID,PAID,MAINTENANCE,EAST
INV-07546,CUS-0171,2023-11-08,2023-12-23,2023-12-19,4643.88,4643.88,0.0,0,PAID,PAID,HARDWARE,EAST
INV-07547,CUS-0403,2022-06-07,2022-07-22,2022-07-20,3352.1,3352.1,0.0,0,PAID,PAID,SOFTWARE,SOUTH
INV-07548,CUS-0032,2023-04-26,2023-06-25,2023-06-20,3632.61,3632.61,0.0,0,PAID,PAID,MAINTENANCE,EAST
INV-07549,CUS-0432,2022-06-26,2022-08-10,2022-08-14,978.29,978.29,0.0,0,PAID,PAID,SERVICES,WEST
INV-07550,CUS-0403,2023-05-12,2023-06-26,2023-06-21,10310.53,10310.53,0.0,0,PAID,PAID,SOFTWARE,NORTH
INV-07551,CUS-0368,2023-12-10,2024-01-24,,1545.44,659.75,885.69,67,61-90,PARTIAL,HARDWARE,NORTH
INV-07552,CUS-0164,2022-05-10,2022-06-09,2022-06-08,1151.21,1151.21,0.0,0,PAID,PAID,SERVICES,NORTH
INV-07553,CUS-0109,2022-09-24,2022-11-23,2022-12-19,1279.43,1279.43,0.0,0,PAID,PAID,SERVICES,EAST
INV-07554,CUS-0241,2023-05-26,2023-07-25,,397.64,189.21,208.43,250,90+,PARTIAL,HARDWARE,SOUTH
INV-07555,CUS-0196,2022-05-16,2022-06-30,2022-06-25,11925.14,11925.14,0.0,0,PAID,PAID,MAINTENANCE,EAST
INV-07556,CUS-0028,2023-11-18,2024-01-02,2024-02-01,740.37,740.37,0.0,0,PAID,PAID,HARDWARE,WEST
INV-07557,CUS-0030,2023-01-28,2023-02-27,2023-03-09,4365.71,4365.71,0.0,0,PAID,PAID,SERVICES,NORTH
INV-07558,CUS-0243,2022-10-12,2022-11-26,2022-12-23,1186.93,1186.93,0.0,0,PAID,PAID,HARDWARE,SOUTH
INV-07559,CUS-0110,2024-01-17,2024-02-16,2024-02-16,1909.19,1909.19,0.0,0,PAID,PAID,HARDWARE,WEST
INV-07560,CUS-0153,2023-12-27,2024-02-25,2024-02-28,8560.27,8560.27,0.0,0,PAID,PAID,MAINTENANCE,NORTH
INV-07561,CUS-0106,2023-09-03,2023-11-02,2023-10-28,3109.48,3109.48,0.0,0,PAID,PAID,HARDWARE,NORTH
INV-07562,CUS-0328,2022-09-18,2022-11-02,2022-10-30,7442.45,7442.45,0.0,0,PAID,PAID,SOFTWARE,SOUTH
INV-07563,CUS-0210,2022-04-19,2022-06-18,2022-07-05,29875.75,29875.75,0.0,0,PAID,PAID,HARDWARE,WEST
INV-07564,CUS-0221,2024-02-16,2024-04-16,2024-04-15,44739.73,44739.73,0.0,0,PAID,PAID,SERVICES,WEST
INV-07565,CUS-0385,2023-08-13,2023-09-12,2023-09-09,1070.86,1070.86,0.0,0,PAID,PAID,SERVICES,NORTH
INV-07566,CUS-0337,2023-06-13,2023-08-12,2023-08-12,16461.71,16461.71,0.0,0,PAID,PAID,SERVICES,EAST
INV-07567,CUS-0295,2022-09-09,2022-10-24,2022-10-19,91037.98,91037.98,0.0,0,PAID,PAID,HARDWARE,WEST
INV-07568,CUS-0016,2023-10-30,2023-12-29,2024-01-01,1211.24,1211.24,0.0,0,PAID,PAID,HARDWARE,WEST
INV-07569,CUS-0490,2023-01-16,2023-03-02,2023-02-25,3705.78,3705.78,0.0,0,PAID,PAID,SOFTWARE,EAST
INV-07570,CUS-0467,2023-05-12,2023-06-26,2023-06-24,432.59,432.59,0.0,0,PAID,PAID,MAINTENANCE,EAST
INV-07571,CUS-0167,2023-02-06,2023-03-08,2023-03-05,2680.83,2680.83,0.0,0,PAID,PAID,SOFTWARE,EAST
INV-07572,CUS-0061,2022-12-16,2023-02-14,2023-02-14,560.74,560.74,0.0,0,PAID,PAID,MAINTENANCE,EAST
INV-07573,CUS-0250,2023-06-24,2023-07-24,2023-07-24,2189.89,2189.89,0.0,0,PAID,PAID,MAINTENANCE,EAST
INV-07574,CUS-0032,2023-03-19,2023-05-18,2023-05-14,3382.81,3382.81,0.0,0,PAID,PAID,SERVICES,NORTH
INV-07575,CUS-0158,2023-05-20,2023-06-19,2023-06-18,2308.09,2308.09,0.0,0,PAID,PAID,SERVICES,WEST
INV-07576,CUS-0188,2024-01-16,2024-03-01,2024-03-04,363.51,363.51,0.0,0,PAID,PAID,MAINTENANCE,EAST
INV-07577,CUS-0433,2023-01-09,2023-02-08,2023-02-07,108.36,108.36,0.0,0,PAID,PAID,SOFTWARE,NORTH
INV-07578,CUS-0347,2022-05-26,2022-06-25,2022-07-04,8983.24,8983.24,0.0,0,PAID,PAID,SERVICES,NORTH
INV-07579,CUS-0456,2022-09-08,2022-11-07,2022-11-05,11087.19,11087.19,0.0,0,PAID,PAID,SERVICES,NORTH
INV-07580,CUS-0316,2022-04-29,2022-06-13,2022-06-20,5127.45,5127.45,0.0,0,PAID,PAID,MAINTENANCE,NORTH
INV-07581,CUS-0448,2022-06-28,2022-08-27,2022-09-06,823.48,823.48,0.0,0,PAID,PAID,MAINTENANCE,SOUTH
INV-07582,CUS-0281,2023-12-22,2024-02-20,,7153.09,2179.92,4973.17,40,31-60,PARTIAL,MAINTENANCE,NORTH
INV-07583,CUS-0339,2023-02-23,2023-04-09,2023-04-05,12395.29,12395.29,0.0,0,PAID,PAID,MAINTENANCE,EAST
INV-07584,CUS-0412,2024-03-08,2024-04-07,2024-04-09,29035.65,29035.65,0.0,0,PAID,PAID,HARDWARE,SOUTH
INV-07585,CUS-0485,2022-04-07,2022-06-06,2022-06-01,16952.64,16952.64,0.0,0,PAID,PAID,SERVICES,EAST
INV-07586,CUS-0048,2023-07-01,2023-08-30,2023-08-27,49148.51,49148.51,0.0,0,PAID,PAID,SOFTWARE,SOUTH
INV-07587,CUS-0248,2023-03-23,2023-04-22,2023-04-20,36009.37,36009.37,0.0,0,PAID,PAID,MAINTENANCE,SOUTH
INV-07588,CUS-0285,2024-03-16,2024-04-30,2024-04-27,683.18,683.18,0.0,0,PAID,PAID,HARDWARE,NORTH
INV-07589,CUS-0315,2022-12-15,2023-02-13,2023-02-11,10397.17,10397.17,0.0,0,PAID,PAID,SOFTWARE,EAST
INV-07590,CUS-0002,2022-06-20,2022-08-04,2022-07-30,2784.79,2784.79,0.0,0,PAID,PAID,MAINTENANCE,EAST
INV-07591,CUS-0458,2022-11-07,2022-12-07,2022-12-07,1524.93,1524.93,0.0,0,PAID,PAID,SOFTWARE,WEST
INV-07592,CUS-0277,2022-05-19,2022-07-18,2022-07-13,168.32,168.32,0.0,0,PAID,PAID,HARDWARE,EAST
INV-07593,CUS-0096,2022-11-27,2022-12-27,2022-12-22,21526.42,21526.42,0.0,0,PAID,PAID,MAINTENANCE,EAST
INV-07594,CUS-0360,2022-05-26,2022-07-10,2022-07-08,5166.53,5166.53,0.0,0,PAID,PAID,SOFTWARE,NORTH
INV-07595,CUS-0060,2024-03-04,2024-04-03,2024-03-29,23743.13,23743.13,0.0,0,PAID,PAID,SERVICES,NORTH
INV-07596,CUS-0185,2022-12-16,2023-02-14,2023-02-10,18269.19,18269.19,0.0,0,PAID,PAID,SOFTWARE,NORTH
INV-07597,CUS-0097,2024-02-07,2024-04-07,2024-04-06,44785.67,44785.67,0.0,0,PAID,PAID,MAINTENANCE,WEST
INV-07598,CUS-0024,2022-09-28,2022-11-12,2022-11-11,32385.52,32385.52,0.0,0,PAID,PAID,SOFTWARE,EAST
INV-07599,CUS-0245,2023-12-02,2024-01-31,2024-02-21,7039.73,7039.73,0.0,0,PAID,PAID,HARDWARE,NORTH
INV-07600,CUS-0222,2023-05-17,2023-07-16,,1747.68,548.93,1198.75,259,90+,PARTIAL,MAINTENANCE,SOUTH
INV-07601,CUS-0497,2022-05-18,2022-06-17,2022-07-04,3380.69,3380.69,0.0,0,PAID,PAID,HARDWARE,NORTH
INV-07602,CUS-0089,2022-10-16,2022-12-15,2022-12-14,8923.51,8923.51,0.0,0,PAID,PAID,HARDWARE,NORTH
INV-07603,CUS-0062,2023-03-19,2023-05-03,,993.24,624.42,368.82,333,90+,PARTIAL,MAINTENANCE,EAST
INV-07604,CUS-0142,2023-01-16,2023-02-15,,7323.04,4769.34,2553.7,410,90+,PARTIAL,SOFTWARE,SOUTH
INV-07605,CUS-0409,2022-10-11,2022-11-10,2022-11-10,22079.38,22079.38,0.0,0,PAID,PAID,SOFTWARE,EAST
INV-07606,CUS-0002,2023-09-05,2023-10-20,2023-10-19,826.46,826.46,0.0,0,PAID,PAID,SERVICES,NORTH
INV-07607,CUS-0456,2022-07-07,2022-09-05,2022-09-03,10146.53,10146.53,0.0,0,PAID,PAID,MAINTENANCE,NORTH
INV-07608,CUS-0391,2022-06-13,2022-07-28,2022-07-25,386.08,386.08,0.0,0,PAID,PAID,HARDWARE,EAST
INV-07609,CUS-0219,2023-02-16,2023-04-17,2023-04-16,8410.04,8410.04,0.0,0,PAID,PAID,MAINTENANCE,WEST
INV-07610,CUS-0192,2022-12-08,2023-01-07,2023-01-05,14855.04,14855.04,0.0,0,PAID,PAID,MAINTENANCE,SOUTH
INV-07611,CUS-0151,2023-03-06,2023-04-05,2023-04-11,3846.24,3846.24,0.0,0,PAID,PAID,HARDWARE,EAST
INV-07612,CUS-0362,2022-10-08,2022-11-07,2022-11-05,12192.63,12192.63,0.0,0,PAID,PAID,SOFTWARE,NORTH
INV-07613,CUS-0436,2023-10-31,2023-11-30,2023-12-29,2526.76,2526.76,0.0,0,PAID,PAID,MAINTENANCE,EAST
INV-07614,CUS-0110,2023-10-15,2023-11-14,2023-11-10,334.63,334.63,0.0,0,PAID,PAID,MAINTENANCE,NORTH
INV-07615,CUS-0447,2022-04-07,2022-05-22,2022-05-22,5607.16,5607.16,0.0,0,PAID,PAID,SERVICES,SOUTH
INV-07616,CUS-0174,2023-10-20,2023-12-19,2023-12-14,1228.69,1228.69,0.0,0,PAID,PAID,HARDWARE,EAST
INV-07617,CUS-0259,2023-06-18,2023-08-02,2023-07-28,1182.31,1182.31,0.0,0,PAID,PAID,MAINTENANCE,WEST
INV-07618,CUS-0098,2024-02-27,2024-03-28,2024-03-23,276.97,276.97,0.0,0,PAID,PAID,SOFTWARE,WEST
INV-07619,CUS-0348,2023-12-02,2024-01-01,2023-12-30,938.65,938.65,0.0,0,PAID,PAID,MAINTENANCE,SOUTH
INV-07620,CUS-0154,2023-02-05,2023-04-06,2023-04-01,888.84,888.84,0.0,0,PAID,PAID,HARDWARE,WEST
INV-07621,CUS-0187,2023-02-06,2023-03-08,2023-03-07,4905.69,4905.69,0.0,0,PAID,PAID,HARDWARE,SOUTH
INV-07622,CUS-0415,2022-07-02,2022-08-01,2022-07-27,9490.52,9490.52,0.0,0,PAID,PAID,HARDWARE,SOUTH
INV-07623,CUS-0271,2023-02-05,2023-03-07,2023-03-07,3462.47,3462.47,0.0,0,PAID,PAID,MAINTENANCE,EAST
INV-07624,CUS-0293,2023-11-11,2023-12-26,2023-12-21,2425.56,2425.56,0.0,0,PAID,PAID,HARDWARE,SOUTH
INV-07625,CUS-0198,2023-06-28,2023-08-27,2023-08-23,4038.17,4038.17,0.0,0,PAID,PAID,SERVICES,EAST
INV-07626,CUS-0404,2022-10-24,2022-12-23,2022-12-22,1187.28,1187.28,0.0,0,PAID,PAID,SOFTWARE,SOUTH
INV-07627,CUS-0213,2023-06-10,2023-08-09,2023-09-08,3218.2,3218.2,0.0,0,PAID,PAID,HARDWARE,WEST
INV-07628,CUS-0437,2022-08-08,2022-10-07,2022-10-05,9644.65,9644.65,0.0,0,PAID,PAID,MAINTENANCE,NORTH
INV-07629,CUS-0080,2023-01-21,2023-03-07,2023-03-07,385.04,385.04,0.0,0,PAID,PAID,SOFTWARE,WEST
INV-07630,CUS-0145,2023-02-16,2023-04-17,,854.9,0.0,854.9,349,90+,OVERDUE,SERVICES,WEST
INV-07631,CUS-0075,2023-01-11,2023-03-12,,6863.8,2622.25,4241.55,385,90+,PARTIAL,SOFTWARE,NORTH
INV-07632,CUS-0043,2023-08-21,2023-09-20,2023-09-20,24910.49,24910.49,0.0,0,PAID,PAID,MAINTENANCE,SOUTH
INV-07633,CUS-0332,2022-06-24,2022-08-23,2022-08-23,3365.91,3365.91,0.0,0,PAID,PAID,HARDWARE,SOUTH
INV-07634,CUS-0252,2023-04-25,2023-05-25,2023-05-25,272006.87,272006.87,0.0,0,PAID,PAID,SOFTWARE,NORTH
INV-07635,CUS-0105,2023-02-05,2023-03-22,2023-03-20,6301.84,6301.84,0.0,0,PAID,PAID,SERVICES,SOUTH
INV-07636,CUS-0035,2022-10-18,2022-12-02,2022-11-27,25468.31,25468.31,0.0,0,PAID,PAID,SERVICES,WEST
INV-07637,CUS-0394,2023-08-15,2023-09-29,2023-09-29,2841.16,2841.16,0.0,0,PAID,PAID,SOFTWARE,SOUTH
INV-07638,CUS-0399,2023-04-28,2023-06-27,2023-06-25,27057.38,27057.38,0.0,0,PAID,PAID,SERVICES,WEST
INV-07639,CUS-0141,2022-11-23,2023-01-22,2023-01-20,16711.22,16711.22,0.0,0,PAID,PAID,SERVICES,EAST
INV-07640,CUS-0465,2023-09-08,2023-11-07,2023-11-04,6810.61,6810.61,0.0,0,PAID,PAID,HARDWARE,NORTH
INV-07641,CUS-0195,2023-01-18,2023-03-04,2023-04-03,6737.15,6737.15,0.0,0,PAID,PAID,SERVICES,EAST
INV-07642,CUS-0063,2022-11-30,2023-01-14,2023-02-13,2272.78,2272.78,0.0,0,PAID,PAID,SERVICES,NORTH
INV-07643,CUS-0420,2023-03-16,2023-04-30,2023-04-30,2953.98,2953.98,0.0,0,PAID,PAID,SOFTWARE,SOUTH
INV-07644,CUS-0104,2022-10-01,2022-11-30,2022-11-29,7752.56,7752.56,0.0,0,PAID,PAID,SERVICES,WEST
INV-07645,CUS-0355,2023-10-06,2023-11-05,2023-11-23,1154.31,1154.31,0.0,0,PAID,PAID,SOFTWARE,EAST
INV-07646,CUS-0189,2023-07-20,2023-09-03,2023-09-11,28014.55,28014.55,0.0,0,PAID,PAID,MAINTENANCE,NORTH
INV-07647,CUS-0111,2022-09-03,2022-10-18,2022-10-16,4114.63,4114.63,0.0,0,PAID,PAID,HARDWARE,EAST
INV-07648,CUS-0422,2023-08-10,2023-09-24,2023-09-24,1329.1,1329.1,0.0,0,PAID,PAID,MAINTENANCE,NORTH
INV-07649,CUS-0205,2023-01-09,2023-02-23,2023-02-18,229.72,229.72,0.0,0,PAID,PAID,MAINTENANCE,NORTH
INV-07650,CUS-0444,2024-01-14,2024-03-14,2024-03-13,3207.87,3207.87,0.0,0,PAID,PAID,HARDWARE,NORTH
INV-07651,CUS-0364,2022-10-06,2022-12-05,2022-11-30,3514.65,3514.65,0.0,0,PAID,PAID,HARDWARE,NORTH
INV-07652,CUS-0444,2022-10-16,2022-12-15,2022-12-14,13746.69,13746.69,0.0,0,PAID,PAID,HARDWARE,SOUTH
INV-07653,CUS-0328,2023-02-16,2023-04-02,2023-04-02,1797.68,1797.68,0.0,0,PAID,PAID,SOFTWARE,EAST
INV-07654,CUS-0380,2022-11-07,2022-12-22,2022-12-19,202.21,202.21,0.0,0,PAID,PAID,HARDWARE,WEST
INV-07655,CUS-0374,2023-01-22,2023-03-23,2023-03-22,29068.88,29068.88,0.0,0,PAID,PAID,MAINTENANCE,SOUTH
INV-07656,CUS-0180,2023-07-23,2023-08-22,2023-08-18,1358.47,1358.47,0.0,0,PAID,PAID,SOFTWARE,NORTH
INV-07657,CUS-0159,2024-01-26,2024-02-25,2024-02-23,4805.5,4805.5,0.0,0,PAID,PAID,SOFTWARE,NORTH
INV-07658,CUS-0218,2022-10-03,2022-12-02,2022-12-02,27999.16,27999.16,0.0,0,PAID,PAID,MAINTENANCE,SOUTH
INV-07659,CUS-0173,2023-02-08,2023-04-09,2023-04-04,11156.75,11156.75,0.0,0,PAID,PAID,SERVICES,SOUTH
INV-07660,CUS-0246,2023-10-11,2023-11-10,2023-11-19,38634.77,38634.77,0.0,0,PAID,PAID,MAINTENANCE,SOUTH
INV-07661,CUS-0189,2023-09-04,2023-10-19,2023-10-17,14229.56,14229.56,0.0,0,PAID,PAID,HARDWARE,WEST
INV-07662,CUS-0244,2023-04-23,2023-06-07,,17848.5,9463.51,8384.99,298,90+,PARTIAL,HARDWARE,EAST
INV-07663,CUS-0314,2023-02-16,2023-04-17,,1380.25,534.9,845.35,349,90+,PARTIAL,MAINTENANCE,NORTH
INV-07664,CUS-0140,2023-06-15,2023-07-15,2023-07-12,11632.43,11632.43,0.0,0,PAID,PAID,SOFTWARE,NORTH
INV-07665,CUS-0252,2022-08-06,2022-09-05,2022-10-02,5142.89,5142.89,0.0,0,PAID,PAID,HARDWARE,SOUTH
INV-07666,CUS-0197,2023-06-16,2023-07-16,2023-07-11,4546.29,4546.29,0.0,0,PAID,PAID,SERVICES,NORTH
INV-07667,CUS-0255,2023-09-27,2023-11-11,,7638.84,4594.09,3044.75,141,90+,PARTIAL,MAINTENANCE,EAST
INV-07668,CUS-0399,2022-08-15,2022-10-14,2022-10-28,4362.03,4362.03,0.0,0,PAID,PAID,SERVICES,WEST
INV-07669,CUS-0386,2023-12-26,2024-02-24,2024-02-21,599.45,599.45,0.0,0,PAID,PAID,SERVICES,EAST
INV-07670,CUS-0213,2022-06-01,2022-07-31,2022-07-29,377.61,377.61,0.0,0,PAID,PAID,SERVICES,NORTH
INV-07671,CUS-0039,2023-12-17,2024-01-31,2024-02-29,3995.61,3995.61,0.0,0,PAID,PAID,SERVICES,EAST
INV-07672,CUS-0036,2023-10-12,2023-11-11,2023-11-09,2746.06,2746.06,0.0,0,PAID,PAID,HARDWARE,SOUTH
INV-07673,CUS-0402,2023-10-06,2023-11-05,2023-11-02,2367.27,2367.27,0.0,0,PAID,PAID,MAINTENANCE,EAST
INV-07674,CUS-0322,2024-01-06,2024-02-20,2024-02-20,24069.95,24069.95,0.0,0,PAID,PAID,HARDWARE,SOUTH
INV-07675,CUS-0125,2022-12-06,2023-01-20,2023-01-23,21234.5,21234.5,0.0,0,PAID,PAID,SERVICES,NORTH
INV-07676,CUS-0387,2022-09-02,2022-10-02,2022-10-20,1634.4,1634.4,0.0,0,PAID,PAID,HARDWARE,WEST
INV-07677,CUS-0181,2023-09-27,2023-11-11,2023-11-11,13107.75,13107.75,0.0,0,PAID,PAID,SERVICES,EAST
INV-07678,CUS-0444,2023-11-12,2024-01-11,2024-01-07,4715.87,4715.87,0.0,0,PAID,PAID,SERVICES,NORTH
INV-07679,CUS-0172,2024-01-02,2024-02-16,2024-02-14,11187.9,11187.9,0.0,0,PAID,PAID,HARDWARE,NORTH
INV-07680,CUS-0286,2022-06-20,2022-08-04,2022-08-13,5886.45,5886.45,0.0,0,PAID,PAID,SERVICES,EAST
INV-07681,CUS-0321,2022-07-30,2022-08-29,2022-09-24,2285.5,2285.5,0.0,0,PAID,PAID,SOFTWARE,EAST
INV-07682,CUS-0441,2023-11-26,2023-12-26,2023-12-24,6768.97,6768.97,0.0,0,PAID,PAID,MAINTENANCE,NORTH
INV-07683,CUS-0130,2023-09-30,2023-11-29,,1187.16,0.0,1187.16,123,90+,OVERDUE,SOFTWARE,EAST
INV-07684,CUS-0301,2023-10-03,2023-11-17,2023-11-16,87442.48,87442.48,0.0,0,PAID,PAID,SERVICES,WEST
INV-07685,CUS-0053,2024-02-20,2024-04-20,2024-04-19,26096.37,26096.37,0.0,0,PAID,PAID,HARDWARE,WEST
INV-07686,CUS-0415,2022-08-01,2022-08-31,2022-08-31,12438.13,12438.13,0.0,0,PAID,PAID,HARDWARE,SOUTH
INV-07687,CUS-0014,2024-02-21,2024-04-21,2024-04-18,1070.93,1070.93,0.0,0,PAID,PAID,SERVICES,SOUTH
INV-07688,CUS-0383,2023-06-16,2023-07-16,2023-07-11,1064.16,1064.16,0.0,0,PAID,PAID,HARDWARE,EAST
INV-07689,CUS-0218,2022-04-06,2022-06-05,2022-06-15,25127.13,25127.13,0.0,0,PAID,PAID,SOFTWARE,NORTH
INV-07690,CUS-0011,2024-02-23,2024-04-23,2024-05-08,3665.03,3665.03,0.0,0,PAID,PAID,HARDWARE,WEST
INV-07691,CUS-0380,2023-05-05,2023-06-19,2023-06-16,755.89,755.89,0.0,0,PAID,PAID,SERVICES,WEST
INV-07692,CUS-0116,2023-02-24,2023-03-26,2023-04-19,2566.94,2566.94,0.0,0,PAID,PAID,MAINTENANCE,SOUTH
INV-07693,CUS-0165,2022-04-19,2022-05-19,2022-05-14,4588.1,4588.1,0.0,0,PAID,PAID,SOFTWARE,SOUTH
INV-07694,CUS-0140,2022-05-25,2022-06-24,2022-06-21,9518.52,9518.52,0.0,0,PAID,PAID,MAINTENANCE,WEST
INV-07695,CUS-0402,2023-01-07,2023-02-06,2023-02-04,1443.28,1443.28,0.0,0,PAID,PAID,MAINTENANCE,NORTH
INV-07696,CUS-0145,2022-09-04,2022-11-03,2022-11-01,985.35,985.35,0.0,0,PAID,PAID,SERVICES,WEST
INV-07697,CUS-0328,2022-10-31,2022-12-15,2022-12-10,3078.33,3078.33,0.0,0,PAID,PAID,SOFTWARE,EAST
INV-07698,CUS-0449,2023-10-26,2023-11-25,2023-11-20,13679.72,13679.72,0.0,0,PAID,PAID,SOFTWARE,SOUTH
INV-07699,CUS-0398,2024-02-11,2024-03-12,2024-04-09,950.33,950.33,0.0,0,PAID,PAID,SOFTWARE,WEST
INV-07700,CUS-0035,2024-03-20,2024-05-04,2024-05-28,3517.51,3517.51,0.0,0,PAID,PAID,SERVICES,WEST
INV-07701,CUS-0444,2024-03-08,2024-05-07,2024-05-22,7613.75,7613.75,0.0,0,PAID,PAID,SERVICES,NORTH
INV-07702,CUS-0394,2022-11-05,2022-12-20,2022-12-30,10342.27,10342.27,0.0,0,PAID,PAID,SERVICES,NORTH
INV-07703,CUS-0392,2022-12-05,2023-02-03,2023-02-01,2173.38,2173.38,0.0,0,PAID,PAID,MAINTENANCE,EAST
INV-07704,CUS-0413,2023-10-20,2023-12-04,2023-12-12,1910.48,1910.48,0.0,0,PAID,PAID,SOFTWARE,EAST
INV-07705,CUS-0245,2022-04-20,2022-06-19,,12881.6,7182.88,5698.72,651,90+,PARTIAL,MAINTENANCE,SOUTH
INV-07706,CUS-0433,2024-01-28,2024-02-27,2024-02-22,657.18,657.18,0.0,0,PAID,PAID,MAINTENANCE,WEST
INV-07707,CUS-0126,2023-04-01,2023-05-31,2023-06-16,384.08,384.08,0.0,0,PAID,PAID,SOFTWARE,WEST
INV-07708,CUS-0253,2022-07-27,2022-09-10,2022-09-08,3300.15,3300.15,0.0,0,PAID,PAID,SOFTWARE,EAST
INV-07709,CUS-0295,2022-11-29,2023-01-13,2023-01-09,11734.8,11734.8,0.0,0,PAID,PAID,MAINTENANCE,NORTH
INV-07710,CUS-0492,2023-02-09,2023-03-26,2023-03-22,1488.86,1488.86,0.0,0,PAID,PAID,MAINTENANCE,EAST
INV-07711,CUS-0411,2023-12-07,2024-01-21,2024-01-18,884.23,884.23,0.0,0,PAID,PAID,MAINTENANCE,WEST
INV-07712,CUS-0429,2022-11-25,2022-12-25,2022-12-20,3384.5,3384.5,0.0,0,PAID,PAID,HARDWARE,NORTH
INV-07713,CUS-0155,2023-04-16,2023-06-15,,15502.52,5665.75,9836.77,290,90+,PARTIAL,SERVICES,SOUTH
INV-07714,CUS-0080,2022-04-10,2022-05-25,2022-05-20,1761.11,1761.11,0.0,0,PAID,PAID,SOFTWARE,NORTH
INV-07715,CUS-0335,2023-04-06,2023-06-05,2023-06-01,18195.57,18195.57,0.0,0,PAID,PAID,MAINTENANCE,NORTH
INV-07716,CUS-0143,2024-02-17,2024-04-02,2024-03-30,415.34,415.34,0.0,0,PAID,PAID,SERVICES,NORTH
INV-07717,CUS-0474,2022-05-15,2022-07-14,2022-07-09,7963.31,7963.31,0.0,0,PAID,PAID,MAINTENANCE,SOUTH
INV-07718,CUS-0489,2022-10-12,2022-12-11,2022-12-06,2448.67,2448.67,0.0,0,PAID,PAID,SERVICES,EAST
INV-07719,CUS-0031,2022-11-03,2023-01-02,2022-12-30,17875.21,17875.21,0.0,0,PAID,PAID,HARDWARE,EAST
INV-07720,CUS-0075,2022-09-06,2022-11-05,2022-11-02,5010.36,5010.36,0.0,0,PAID,PAID,MAINTENANCE,NORTH
INV-07721,CUS-0409,2023-10-19,2023-11-18,,53802.07,0.0,53802.07,134,90+,OVERDUE,HARDWARE,NORTH
INV-07722,CUS-0398,2023-03-22,2023-04-21,2023-04-19,4089.22,4089.22,0.0,0,PAID,PAID,SERVICES,EAST
INV-07723,CUS-0078,2023-02-18,2023-04-04,2023-03-31,1507.45,1507.45,0.0,0,PAID,PAID,SERVICES,WEST
INV-07724,CUS-0449,2024-03-30,2024-04-29,2024-04-26,1757.85,1757.85,0.0,0,PAID,PAID,SOFTWARE,WEST
INV-07725,CUS-0443,2023-01-10,2023-02-24,2023-03-05,1557.0,1557.0,0.0,0,PAID,PAID,SERVICES,EAST
INV-07726,CUS-0161,2023-02-10,2023-04-11,2023-04-06,102298.45,102298.45,0.0,0,PAID,PAID,MAINTENANCE,WEST
INV-07727,CUS-0141,2022-06-08,2022-08-07,2022-08-05,61766.13,61766.13,0.0,0,PAID,PAID,SERVICES,SOUTH
INV-07728,CUS-0114,2022-12-08,2023-01-22,2023-02-02,12322.39,12322.39,0.0,0,PAID,PAID,HARDWARE,EAST
INV-07729,CUS-0247,2022-08-26,2022-09-25,2022-09-20,1273.56,1273.56,0.0,0,PAID,PAID,MAINTENANCE,SOUTH
INV-07730,CUS-0394,2024-01-19,2024-03-04,2024-03-20,2479.09,2479.09,0.0,0,PAID,PAID,SOFTWARE,SOUTH
INV-07731,CUS-0357,2022-04-23,2022-05-23,2022-05-21,2250.35,2250.35,0.0,0,PAID,PAID,MAINTENANCE,NORTH
INV-07732,CUS-0237,2022-09-03,2022-10-18,2022-10-17,2650.84,2650.84,0.0,0,PAID,PAID,MAINTENANCE,WEST
INV-07733,CUS-0041,2023-03-25,2023-04-24,2023-04-21,12922.35,12922.35,0.0,0,PAID,PAID,HARDWARE,SOUTH
INV-07734,CUS-0386,2023-01-22,2023-03-23,2023-03-21,550.65,550.65,0.0,0,PAID,PAID,SERVICES,SOUTH
INV-07735,CUS-0302,2023-05-03,2023-06-02,2023-05-31,6365.47,6365.47,0.0,0,PAID,PAID,HARDWARE,NORTH
INV-07736,CUS-0492,2023-03-01,2023-04-15,2023-04-12,11665.52,11665.52,0.0,0,PAID,PAID,HARDWARE,WEST
INV-07737,CUS-0268,2023-02-01,2023-03-03,2023-02-28,219.74,219.74,0.0,0,PAID,PAID,MAINTENANCE,EAST
INV-07738,CUS-0394,2023-03-21,2023-05-05,2023-05-05,429.9,429.9,0.0,0,PAID,PAID,MAINTENANCE,EAST
INV-07739,CUS-0082,2023-08-25,2023-10-09,2023-10-06,5024.9,5024.9,0.0,0,PAID,PAID,SOFTWARE,WEST
INV-07740,CUS-0101,2023-05-12,2023-06-11,2023-06-06,2830.83,2830.83,0.0,0,PAID,PAID,MAINTENANCE,SOUTH
INV-07741,CUS-0432,2022-08-09,2022-09-23,,5888.52,2577.45,3311.07,555,90+,PARTIAL,HARDWARE,WEST
INV-07742,CUS-0224,2024-03-22,2024-04-21,2024-04-19,2509.63,2509.63,0.0,0,PAID,PAID,MAINTENANCE,WEST
INV-07743,CUS-0263,2023-12-25,2024-02-23,2024-02-19,580.16,580.16,0.0,0,PAID,PAID,SOFTWARE,SOUTH
INV-07744,CUS-0045,2022-09-13,2022-11-12,2022-11-12,894.24,894.24,0.0,0,PAID,PAID,HARDWARE,NORTH
INV-07745,CUS-0256,2023-07-30,2023-09-28,2023-09-23,11672.69,11672.69,0.0,0,PAID,PAID,SERVICES,NORTH
INV-07746,CUS-0111,2023-07-20,2023-09-03,2023-08-31,3174.94,3174.94,0.0,0,PAID,PAID,SERVICES,SOUTH
INV-07747,CUS-0384,2023-09-19,2023-11-03,2023-10-31,30793.17,30793.17,0.0,0,PAID,PAID,SOFTWARE,EAST
INV-07748,CUS-0060,2022-05-27,2022-06-26,2022-06-26,50283.92,50283.92,0.0,0,PAID,PAID,HARDWARE,WEST
INV-07749,CUS-0014,2022-07-04,2022-09-02,2022-09-22,4241.25,4241.25,0.0,0,PAID,PAID,HARDWARE,NORTH
INV-07750,CUS-0378,2022-04-26,2022-05-26,2022-06-05,108071.2,108071.2,0.0,0,PAID,PAID,MAINTENANCE,EAST
INV-07751,CUS-0080,2022-12-14,2023-01-28,2023-01-28,886.39,886.39,0.0,0,PAID,PAID,SOFTWARE,WEST
INV-07752,CUS-0064,2022-10-31,2022-11-30,2022-11-28,26580.46,26580.46,0.0,0,PAID,PAID,SERVICES,NORTH
INV-07753,CUS-0068,2023-11-15,2023-12-30,2023-12-30,5451.84,5451.84,0.0,0,PAID,PAID,SOFTWARE,SOUTH
INV-07754,CUS-0021,2023-02-17,2023-03-19,,5665.35,0.0,5665.35,378,90+,OVERDUE,MAINTENANCE,WEST
INV-07755,CUS-0209,2022-11-21,2022-12-21,2022-12-16,1087.92,1087.92,0.0,0,PAID,PAID,SERVICES,SOUTH
INV-07756,CUS-0142,2023-05-18,2023-06-17,,24971.62,16752.78,8218.84,288,90+,PARTIAL,SOFTWARE,SOUTH
INV-07757,CUS-0245,2023-05-23,2023-07-22,,12094.42,5356.6,6737.82,253,90+,PARTIAL,SERVICES,SOUTH
INV-07758,CUS-0487,2023-10-19,2023-11-18,2023-11-16,12027.29,12027.29,0.0,0,PAID,PAID,MAINTENANCE,SOUTH
INV-07759,CUS-0411,2023-11-14,2023-12-29,2024-01-06,12356.93,12356.93,0.0,0,PAID,PAID,SERVICES,EAST
INV-07760,CUS-0004,2023-12-09,2024-01-23,2024-01-23,701.43,701.43,0.0,0,PAID,PAID,SOFTWARE,WEST
INV-07761,CUS-0433,2024-03-11,2024-04-10,2024-05-02,928.25,928.25,0.0,0,PAID,PAID,HARDWARE,WEST
INV-07762,CUS-0163,2022-07-25,2022-09-23,2022-09-20,7021.62,7021.62,0.0,0,PAID,PAID,SOFTWARE,EAST
INV-07763,CUS-0019,2022-09-23,2022-10-23,,8901.16,0.0,8901.16,525,90+,OVERDUE,SERVICES,EAST
INV-07764,CUS-0098,2022-04-03,2022-05-03,2022-04-30,259.36,259.36,0.0,0,PAID,PAID,MAINTENANCE,SOUTH
INV-07765,CUS-0208,2022-10-05,2022-12-04,,6798.72,0.0,6798.72,483,90+,OVERDUE,SERVICES,SOUTH
INV-07766,CUS-0157,2022-10-21,2022-11-20,2022-11-19,3397.88,3397.88,0.0,0,PAID,PAID,MAINTENANCE,WEST
INV-07767,CUS-0302,2022-08-08,2022-09-07,2022-09-06,1373.77,1373.77,0.0,0,PAID,PAID,SERVICES,NORTH
INV-07768,CUS-0323,2022-08-15,2022-09-14,2022-09-28,1745.58,1745.58,0.0,0,PAID,PAID,MAINTENANCE,SOUTH
INV-07769,CUS-0048,2022-10-27,2022-12-26,2022-12-23,17667.4,17667.4,0.0,0,PAID,PAID,MAINTENANCE,NORTH
INV-07770,CUS-0485,2023-10-19,2023-12-18,2023-12-15,9309.71,9309.71,0.0,0,PAID,PAID,MAINTENANCE,SOUTH
INV-07771,CUS-0186,2024-01-27,2024-03-12,2024-04-07,5968.17,5968.17,0.0,0,PAID,PAID,MAINTENANCE,EAST
INV-07772,CUS-0020,2023-08-07,2023-10-06,,1270.31,524.23,746.08,177,90+,PARTIAL,SERVICES,WEST
INV-07773,CUS-0165,2022-12-06,2023-01-05,2022-12-31,3161.57,3161.57,0.0,0,PAID,PAID,HARDWARE,SOUTH
INV-07774,CUS-0334,2023-09-23,2023-11-07,2023-11-05,20270.7,20270.7,0.0,0,PAID,PAID,HARDWARE,NORTH
INV-07775,CUS-0251,2022-12-10,2023-02-08,2023-02-04,3782.56,3782.56,0.0,0,PAID,PAID,HARDWARE,SOUTH
INV-07776,CUS-0232,2022-07-12,2022-08-11,2022-08-06,1964.57,1964.57,0.0,0,PAID,PAID,SOFTWARE,WEST
INV-07777,CUS-0202,2024-03-24,2024-05-08,,1863.96,0.0,1863.96,0,CURRENT,OVERDUE,SOFTWARE,WEST
INV-07778,CUS-0079,2022-07-26,2022-08-25,2022-08-21,670.17,670.17,0.0,0,PAID,PAID,HARDWARE,EAST
INV-07779,CUS-0197,2023-06-06,2023-07-06,2023-07-04,4935.3,4935.3,0.0,0,PAID,PAID,SERVICES,NORTH
INV-07780,CUS-0285,2022-11-08,2022-12-23,2022-12-21,743.77,743.77,0.0,0,PAID,PAID,SOFTWARE,NORTH
INV-07781,CUS-0237,2022-12-28,2023-02-11,2023-02-11,759.74,759.74,0.0,0,PAID,PAID,SERVICES,EAST
INV-07782,CUS-0323,2023-09-19,2023-10-19,2023-10-18,6570.95,6570.95,0.0,0,PAID,PAID,HARDWARE,SOUTH
INV-07783,CUS-0314,2023-08-24,2023-10-23,2023-10-23,968.58,968.58,0.0,0,PAID,PAID,HARDWARE,WEST
INV-07784,CUS-0078,2023-08-14,2023-09-28,2023-09-28,6272.97,6272.97,0.0,0,PAID,PAID,MAINTENANCE,EAST
INV-07785,CUS-0308,2023-12-04,2024-01-18,,14667.78,9105.23,5562.55,73,61-90,PARTIAL,SOFTWARE,NORTH
INV-07786,CUS-0382,2022-11-11,2023-01-10,2023-01-10,1434.38,1434.38,0.0,0,PAID,PAID,MAINTENANCE,SOUTH
INV-07787,CUS-0247,2022-11-21,2022-12-21,2022-12-17,4161.11,4161.11,0.0,0,PAID,PAID,MAINTENANCE,NORTH
INV-07788,CUS-0329,2022-12-22,2023-02-20,,9795.86,6366.34,3429.52,405,90+,PARTIAL,HARDWARE,EAST
INV-07789,CUS-0394,2022-07-14,2022-08-28,2022-08-25,2103.58,2103.58,0.0,0,PAID,PAID,SOFTWARE,NORTH
INV-07790,CUS-0231,2023-08-05,2023-09-04,2023-09-10,10808.89,10808.89,0.0,0,PAID,PAID,SERVICES,NORTH
INV-07791,CUS-0377,2024-01-24,2024-02-23,2024-03-01,8571.91,8571.91,0.0,0,PAID,PAID,MAINTENANCE,EAST
INV-07792,CUS-0308,2023-11-05,2023-12-20,2023-12-16,10886.18,10886.18,0.0,0,PAID,PAID,MAINTENANCE,WEST
INV-07793,CUS-0463,2022-11-05,2023-01-04,2022-12-30,12074.66,12074.66,0.0,0,PAID,PAID,SERVICES,NORTH
INV-07794,CUS-0017,2023-05-08,2023-07-07,2023-07-03,13685.82,13685.82,0.0,0,PAID,PAID,HARDWARE,EAST
INV-07795,CUS-0118,2023-01-05,2023-02-19,2023-02-15,335.48,335.48,0.0,0,PAID,PAID,HARDWARE,NORTH
INV-07796,CUS-0140,2023-09-28,2023-10-28,2023-10-28,4180.21,4180.21,0.0,0,PAID,PAID,SERVICES,SOUTH
INV-07797,CUS-0079,2023-04-24,2023-05-24,2023-06-12,3681.38,3681.38,0.0,0,PAID,PAID,SERVICES,WEST
INV-07798,CUS-0246,2022-06-24,2022-07-24,,20542.09,0.0,20542.09,616,90+,OVERDUE,SOFTWARE,WEST
INV-07799,CUS-0477,2022-08-10,2022-09-24,2022-09-23,13310.94,13310.94,0.0,0,PAID,PAID,SERVICES,WEST
INV-07800,CUS-0474,2024-02-23,2024-04-23,2024-04-20,62843.05,62843.05,0.0,0,PAID,PAID,HARDWARE,EAST
INV-07801,CUS-0449,2022-06-28,2022-07-28,2022-08-24,1075.79,1075.79,0.0,0,PAID,PAID,SERVICES,WEST
INV-07802,CUS-0368,2023-04-21,2023-06-05,2023-06-03,4948.89,4948.89,0.0,0,PAID,PAID,HARDWARE,EAST
INV-07803,CUS-0283,2024-03-14,2024-04-13,2024-04-10,1654.36,1654.36,0.0,0,PAID,PAID,SERVICES,NORTH
INV-07804,CUS-0286,2022-06-01,2022-07-16,2022-07-25,322.65,322.65,0.0,0,PAID,PAID,MAINTENANCE,NORTH
INV-07805,CUS-0123,2023-02-22,2023-04-08,2023-04-06,4007.33,4007.33,0.0,0,PAID,PAID,HARDWARE,SOUTH
INV-07806,CUS-0157,2022-04-11,2022-05-11,2022-05-11,1489.9,1489.9,0.0,0,PAID,PAID,HARDWARE,EAST
INV-07807,CUS-0403,2023-06-01,2023-07-16,2023-07-14,11567.77,11567.77,0.0,0,PAID,PAID,HARDWARE,NORTH
INV-07808,CUS-0484,2022-10-02,2022-11-01,2022-10-30,2061.6,2061.6,0.0,0,PAID,PAID,SERVICES,WEST
INV-07809,CUS-0155,2023-07-21,2023-09-19,2023-10-02,4258.1,4258.1,0.0,0,PAID,PAID,MAINTENANCE,WEST
INV-07810,CUS-0390,2024-03-19,2024-04-18,2024-04-27,459.68,459.68,0.0,0,PAID,PAID,SERVICES,EAST
INV-07811,CUS-0247,2022-12-08,2023-01-07,2023-02-05,2859.44,2859.44,0.0,0,PAID,PAID,SERVICES,SOUTH
INV-07812,CUS-0326,2023-08-23,2023-10-22,2023-11-15,1791.85,1791.85,0.0,0,PAID,PAID,MAINTENANCE,WEST
INV-07813,CUS-0155,2023-06-19,2023-08-18,2023-08-18,3515.0,3515.0,0.0,0,PAID,PAID,SERVICES,NORTH
INV-07814,CUS-0495,2024-02-13,2024-04-13,2024-04-13,2585.76,2585.76,0.0,0,PAID,PAID,SOFTWARE,WEST
INV-07815,CUS-0204,2022-12-15,2023-01-29,,2731.92,0.0,2731.92,427,90+,OVERDUE,SOFTWARE,WEST
INV-07816,CUS-0281,2023-11-18,2024-01-17,2024-02-15,11915.57,11915.57,0.0,0,PAID,PAID,MAINTENANCE,NORTH
INV-07817,CUS-0300,2022-05-25,2022-06-24,2022-06-24,2434.55,2434.55,0.0,0,PAID,PAID,MAINTENANCE,NORTH
INV-07818,CUS-0378,2023-05-05,2023-06-04,2023-06-04,62052.48,62052.48,0.0,0,PAID,PAID,MAINTENANCE,WEST
INV-07819,CUS-0458,2024-02-08,2024-03-09,2024-03-09,753.84,753.84,0.0,0,PAID,PAID,HARDWARE,WEST
INV-07820,CUS-0233,2023-10-05,2023-11-04,2023-11-12,18971.7,18971.7,0.0,0,PAID,PAID,MAINTENANCE,EAST
INV-07821,CUS-0317,2024-03-05,2024-04-04,2024-04-03,811.85,811.85,0.0,0,PAID,PAID,MAINTENANCE,WEST
INV-07822,CUS-0453,2022-08-23,2022-09-22,2022-09-17,754.92,754.92,0.0,0,PAID,PAID,HARDWARE,EAST
INV-07823,CUS-0369,2023-04-25,2023-06-09,2023-06-06,33946.02,33946.02,0.0,0,PAID,PAID,HARDWARE,EAST
INV-07824,CUS-0374,2023-12-04,2024-02-02,2024-01-30,13839.1,13839.1,0.0,0,PAID,PAID,MAINTENANCE,NORTH
INV-07825,CUS-0043,2023-04-29,2023-05-29,2023-06-26,4532.88,4532.88,0.0,0,PAID,PAID,MAINTENANCE,EAST
INV-07826,CUS-0282,2024-01-14,2024-03-14,2024-04-01,264.15,264.15,0.0,0,PAID,PAID,HARDWARE,NORTH
INV-07827,CUS-0368,2023-09-19,2023-11-03,2023-11-21,2223.89,2223.89,0.0,0,PAID,PAID,SERVICES,SOUTH
INV-07828,CUS-0346,2023-11-02,2024-01-01,,16456.61,7323.78,9132.83,90,61-90,PARTIAL,MAINTENANCE,NORTH
INV-07829,CUS-0333,2024-03-20,2024-05-19,2024-05-16,3302.89,3302.89,0.0,0,PAID,PAID,MAINTENANCE,WEST
INV-07830,CUS-0317,2022-06-13,2022-07-13,2022-07-10,3401.16,3401.16,0.0,0,PAID,PAID,SOFTWARE,NORTH
INV-07831,CUS-0447,2023-12-23,2024-02-06,2024-02-05,2547.72,2547.72,0.0,0,PAID,PAID,SOFTWARE,EAST
INV-07832,CUS-0188,2023-05-05,2023-06-19,2023-06-20,3197.62,3197.62,0.0,0,PAID,PAID,SOFTWARE,NORTH
INV-07833,CUS-0377,2023-04-28,2023-05-28,2023-05-27,2552.53,2552.53,0.0,0,PAID,PAID,SERVICES,WEST
INV-07834,CUS-0174,2022-11-21,2023-01-20,2023-01-17,8925.19,8925.19,0.0,0,PAID,PAID,SERVICES,NORTH
INV-07835,CUS-0468,2022-11-05,2022-12-05,2022-12-05,14074.27,14074.27,0.0,0,PAID,PAID,SERVICES,EAST
INV-07836,CUS-0384,2023-06-27,2023-08-11,2023-08-06,33568.71,33568.71,0.0,0,PAID,PAID,MAINTENANCE,NORTH
INV-07837,CUS-0440,2023-05-10,2023-06-09,2023-06-08,6779.85,6779.85,0.0,0,PAID,PAID,SERVICES,WEST
INV-07838,CUS-0229,2022-09-26,2022-10-26,2022-10-25,1351.51,1351.51,0.0,0,PAID,PAID,MAINTENANCE,NORTH
INV-07839,CUS-0483,2022-08-08,2022-09-07,2022-09-25,5972.45,5972.45,0.0,0,PAID,PAID,HARDWARE,SOUTH
INV-07840,CUS-0377,2023-12-18,2024-01-17,2024-02-08,612.38,612.38,0.0,0,PAID,PAID,HARDWARE,NORTH
INV-07841,CUS-0267,2022-05-31,2022-07-15,,3518.19,1292.45,2225.74,625,90+,PARTIAL,HARDWARE,WEST
INV-07842,CUS-0238,2022-06-26,2022-08-10,2022-08-07,1690.15,1690.15,0.0,0,PAID,PAID,HARDWARE,SOUTH
INV-07843,CUS-0073,2022-05-06,2022-06-05,2022-06-25,30021.49,30021.49,0.0,0,PAID,PAID,SERVICES,NORTH
INV-07844,CUS-0356,2022-04-08,2022-05-23,2022-05-20,1057.89,1057.89,0.0,0,PAID,PAID,MAINTENANCE,NORTH
INV-07845,CUS-0372,2022-12-18,2023-01-17,2023-01-16,797.61,797.61,0.0,0,PAID,PAID,MAINTENANCE,EAST
INV-07846,CUS-0138,2023-10-11,2023-11-25,2023-12-19,7148.18,7148.18,0.0,0,PAID,PAID,SOFTWARE,WEST
INV-07847,CUS-0404,2022-09-18,2022-11-17,2022-11-15,783.04,783.04,0.0,0,PAID,PAID,SOFTWARE,WEST
INV-07848,CUS-0383,2024-03-30,2024-04-29,2024-04-28,772.46,772.46,0.0,0,PAID,PAID,HARDWARE,SOUTH
INV-07849,CUS-0351,2024-02-13,2024-04-13,2024-04-11,699.18,699.18,0.0,0,PAID,PAID,SERVICES,NORTH
INV-07850,CUS-0253,2023-11-03,2023-12-18,2023-12-16,3322.34,3322.34,0.0,0,PAID,PAID,HARDWARE,WEST
INV-07851,CUS-0400,2024-02-15,2024-03-31,,1890.46,1188.99,701.47,0,CURRENT,PARTIAL,MAINTENANCE,NORTH
INV-07852,CUS-0406,2022-07-04,2022-09-02,2022-08-29,3800.11,3800.11,0.0,0,PAID,PAID,SOFTWARE,EAST
INV-07853,CUS-0163,2022-10-02,2022-12-01,2022-12-01,843.32,843.32,0.0,0,PAID,PAID,HARDWARE,WEST
INV-07854,CUS-0309,2023-01-15,2023-03-16,2023-03-14,5996.05,5996.05,0.0,0,PAID,PAID,SERVICES,SOUTH
INV-07855,CUS-0252,2023-07-01,2023-07-31,,5502.7,0.0,5502.7,244,90+,OVERDUE,HARDWARE,EAST
INV-07856,CUS-0351,2022-08-02,2022-10-01,2022-09-30,9169.84,9169.84,0.0,0,PAID,PAID,SERVICES,WEST
INV-07857,CUS-0401,2023-04-17,2023-06-01,2023-05-28,19400.26,19400.26,0.0,0,PAID,PAID,MAINTENANCE,NORTH
INV-07858,CUS-0009,2023-11-17,2023-12-17,2023-12-12,30056.3,30056.3,0.0,0,PAID,PAID,SOFTWARE,WEST
INV-07859,CUS-0259,2024-03-03,2024-04-17,2024-04-17,3293.18,3293.18,0.0,0,PAID,PAID,SERVICES,EAST
INV-07860,CUS-0063,2023-07-06,2023-08-20,2023-08-22,494.12,494.12,0.0,0,PAID,PAID,SERVICES,SOUTH
INV-07861,CUS-0069,2023-07-25,2023-09-23,2023-09-23,2018.88,2018.88,0.0,0,PAID,PAID,SOFTWARE,WEST
INV-07862,CUS-0322,2023-01-26,2023-03-12,2023-03-09,3835.76,3835.76,0.0,0,PAID,PAID,MAINTENANCE,EAST
INV-07863,CUS-0330,2023-09-08,2023-11-07,2023-11-06,2809.42,2809.42,0.0,0,PAID,PAID,HARDWARE,NORTH
INV-07864,CUS-0373,2024-02-14,2024-03-30,,54082.14,0.0,54082.14,1,CURRENT,OVERDUE,HARDWARE,NORTH
INV-07865,CUS-0293,2023-02-27,2023-04-13,2023-05-01,1298.66,1298.66,0.0,0,PAID,PAID,SERVICES,WEST
INV-07866,CUS-0238,2022-05-11,2022-06-25,2022-06-24,1576.81,1576.81,0.0,0,PAID,PAID,HARDWARE,EAST
INV-07867,CUS-0197,2023-10-19,2023-11-18,2023-11-18,19773.7,19773.7,0.0,0,PAID,PAID,MAINTENANCE,SOUTH
INV-07868,CUS-0427,2022-11-30,2023-01-29,2023-01-29,1640.22,1640.22,0.0,0,PAID,PAID,MAINTENANCE,SOUTH
INV-07869,CUS-0197,2023-02-03,2023-03-05,2023-03-04,6238.68,6238.68,0.0,0,PAID,PAID,HARDWARE,EAST
INV-07870,CUS-0141,2024-03-14,2024-05-13,,45960.08,20419.67,25540.41,0,CURRENT,PARTIAL,SERVICES,EAST
INV-07871,CUS-0053,2023-02-28,2023-04-29,2023-05-03,4841.43,4841.43,0.0,0,PAID,PAID,SOFTWARE,EAST
INV-07872,CUS-0458,2024-03-24,2024-04-23,2024-04-23,26017.23,26017.23,0.0,0,PAID,PAID,HARDWARE,WEST
INV-07873,CUS-0100,2022-04-13,2022-05-13,2022-05-11,458.29,458.29,0.0,0,PAID,PAID,HARDWARE,EAST
INV-07874,CUS-0173,2023-12-19,2024-02-17,2024-02-13,1088.23,1088.23,0.0,0,PAID,PAID,HARDWARE,EAST
INV-07875,CUS-0041,2022-12-08,2023-01-07,2023-01-05,607.82,607.82,0.0,0,PAID,PAID,HARDWARE,EAST
INV-07876,CUS-0299,2023-11-25,2024-01-24,2024-01-19,3488.68,3488.68,0.0,0,PAID,PAID,HARDWARE,WEST
INV-07877,CUS-0399,2023-11-04,2024-01-03,,23015.14,7288.57,15726.57,88,61-90,PARTIAL,SERVICES,EAST
INV-07878,CUS-0418,2024-03-03,2024-04-02,2024-03-30,3516.31,3516.31,0.0,0,PAID,PAID,SOFTWARE,SOUTH
INV-07879,CUS-0051,2022-11-13,2022-12-28,2022-12-23,369.95,369.95,0.0,0,PAID,PAID,SOFTWARE,WEST
INV-07880,CUS-0082,2022-09-28,2022-11-12,2022-11-08,700.95,700.95,0.0,0,PAID,PAID,MAINTENANCE,SOUTH
INV-07881,CUS-0293,2022-12-29,2023-02-12,2023-02-11,6090.87,6090.87,0.0,0,PAID,PAID,SERVICES,SOUTH
INV-07882,CUS-0092,2022-05-05,2022-06-04,2022-06-01,2488.62,2488.62,0.0,0,PAID,PAID,HARDWARE,EAST
INV-07883,CUS-0261,2022-05-11,2022-07-10,2022-07-10,1136.0,1136.0,0.0,0,PAID,PAID,MAINTENANCE,NORTH
INV-07884,CUS-0331,2022-11-08,2023-01-07,2023-01-07,2947.77,2947.77,0.0,0,PAID,PAID,SOFTWARE,WEST
INV-07885,CUS-0183,2023-08-01,2023-08-31,2023-08-29,1525.01,1525.01,0.0,0,PAID,PAID,HARDWARE,SOUTH
INV-07886,CUS-0073,2023-08-24,2023-09-23,2023-09-23,39425.33,39425.33,0.0,0,PAID,PAID,SOFTWARE,WEST
INV-07887,CUS-0186,2023-10-08,2023-11-22,2023-11-21,6846.93,6846.93,0.0,0,PAID,PAID,MAINTENANCE,EAST
INV-07888,CUS-0341,2023-04-11,2023-05-11,,3265.13,1436.58,1828.55,325,90+,PARTIAL,SOFTWARE,NORTH
INV-07889,CUS-0415,2022-09-01,2022-10-01,2022-09-26,15362.42,15362.42,0.0,0,PAID,PAID,SERVICES,EAST
INV-07890,CUS-0099,2023-10-16,2023-11-30,,39652.17,0.0,39652.17,122,90+,OVERDUE,HARDWARE,EAST
INV-07891,CUS-0380,2022-10-08,2022-11-22,2022-11-18,1077.77,1077.77,0.0,0,PAID,PAID,SERVICES,NORTH
INV-07892,CUS-0127,2024-01-23,2024-03-08,2024-03-16,7195.69,7195.69,0.0,0,PAID,PAID,HARDWARE,WEST
INV-07893,CUS-0058,2022-06-28,2022-08-27,,358.86,219.77,139.09,582,90+,PARTIAL,SOFTWARE,NORTH
INV-07894,CUS-0245,2023-08-13,2023-10-12,2023-10-12,51255.77,51255.77,0.0,0,PAID,PAID,SERVICES,SOUTH
INV-07895,CUS-0333,2023-07-10,2023-09-08,2023-09-07,3733.28,3733.28,0.0,0,PAID,PAID,SOFTWARE,NORTH
INV-07896,CUS-0398,2023-10-05,2023-11-04,2023-11-03,4204.72,4204.72,0.0,0,PAID,PAID,SERVICES,NORTH
INV-07897,CUS-0319,2023-07-30,2023-09-28,2023-09-26,4695.97,4695.97,0.0,0,PAID,PAID,HARDWARE,NORTH
INV-07898,CUS-0445,2022-09-18,2022-11-02,2022-10-29,10913.53,10913.53,0.0,0,PAID,PAID,MAINTENANCE,WEST
INV-07899,CUS-0007,2024-03-22,2024-05-06,2024-05-03,9059.02,9059.02,0.0,0,PAID,PAID,HARDWARE,WEST
INV-07900,CUS-0370,2022-09-17,2022-11-01,2022-10-27,13689.43,13689.43,0.0,0,PAID,PAID,SOFTWARE,WEST
INV-07901,CUS-0343,2022-10-10,2022-11-24,2022-11-20,9868.35,9868.35,0.0,0,PAID,PAID,MAINTENANCE,WEST
INV-07902,CUS-0461,2024-02-13,2024-04-13,2024-04-13,5750.86,5750.86,0.0,0,PAID,PAID,SERVICES,SOUTH
INV-07903,CUS-0137,2022-12-08,2023-02-06,2023-02-06,1810.53,1810.53,0.0,0,PAID,PAID,SOFTWARE,SOUTH
INV-07904,CUS-0386,2022-06-30,2022-08-29,2022-08-31,146.35,146.35,0.0,0,PAID,PAID,MAINTENANCE,NORTH
INV-07905,CUS-0064,2023-11-30,2023-12-30,2023-12-26,17968.35,17968.35,0.0,0,PAID,PAID,SOFTWARE,EAST
INV-07906,CUS-0475,2024-03-25,2024-05-09,2024-05-04,5458.7,5458.7,0.0,0,PAID,PAID,MAINTENANCE,EAST
INV-07907,CUS-0456,2022-09-09,2022-11-08,2022-11-05,5383.24,5383.24,0.0,0,PAID,PAID,SOFTWARE,NORTH
INV-07908,CUS-0470,2023-06-20,2023-08-19,2023-08-14,5788.11,5788.11,0.0,0,PAID,PAID,MAINTENANCE,SOUTH
INV-07909,CUS-0456,2022-07-21,2022-09-19,2022-09-14,2225.42,2225.42,0.0,0,PAID,PAID,SOFTWARE,NORTH
INV-07910,CUS-0361,2024-01-02,2024-02-01,2024-02-20,189443.14,189443.14,0.0,0,PAID,PAID,MAINTENANCE,NORTH
INV-07911,CUS-0497,2022-10-18,2022-11-17,2022-11-14,2058.95,2058.95,0.0,0,PAID,PAID,HARDWARE,SOUTH
INV-07912,CUS-0404,2023-11-05,2024-01-04,2024-01-02,9241.6,9241.6,0.0,0,PAID,PAID,SOFTWARE,EAST
INV-07913,CUS-0362,2022-04-06,2022-05-06,2022-05-04,16118.63,16118.63,0.0,0,PAID,PAID,MAINTENANCE,EAST
INV-07914,CUS-0357,2024-03-10,2024-04-09,2024-04-09,3015.57,3015.57,0.0,0,PAID,PAID,MAINTENANCE,SOUTH
INV-07915,CUS-0070,2023-08-28,2023-09-27,2023-10-01,14973.37,14973.37,0.0,0,PAID,PAID,MAINTENANCE,WEST
INV-07916,CUS-0350,2024-03-09,2024-05-08,2024-05-08,13612.58,13612.58,0.0,0,PAID,PAID,HARDWARE,SOUTH
INV-07917,CUS-0476,2023-03-03,2023-05-02,2023-05-02,35404.73,35404.73,0.0,0,PAID,PAID,SERVICES,EAST
INV-07918,CUS-0327,2023-03-09,2023-04-08,2023-04-23,15780.59,15780.59,0.0,0,PAID,PAID,HARDWARE,EAST
INV-07919,CUS-0073,2023-08-12,2023-09-11,2023-09-08,17301.2,17301.2,0.0,0,PAID,PAID,SERVICES,WEST
INV-07920,CUS-0261,2023-11-15,2024-01-14,,1605.26,888.93,716.33,77,61-90,PARTIAL,MAINTENANCE,NORTH
INV-07921,CUS-0395,2022-12-08,2023-01-22,2023-01-21,919.05,919.05,0.0,0,PAID,PAID,HARDWARE,NORTH
INV-07922,CUS-0117,2023-07-08,2023-08-07,2023-08-31,1510.63,1510.63,0.0,0,PAID,PAID,MAINTENANCE,EAST
INV-07923,CUS-0119,2023-09-24,2023-10-24,2023-10-19,2126.84,2126.84,0.0,0,PAID,PAID,MAINTENANCE,EAST
INV-07924,CUS-0269,2023-06-11,2023-07-26,2023-07-22,1423.2,1423.2,0.0,0,PAID,PAID,MAINTENANCE,NORTH
INV-07925,CUS-0206,2022-06-12,2022-07-27,2022-07-26,2288.3,2288.3,0.0,0,PAID,PAID,SERVICES,SOUTH
INV-07926,CUS-0467,2022-09-19,2022-11-03,2022-10-31,241.92,241.92,0.0,0,PAID,PAID,MAINTENANCE,NORTH
INV-07927,CUS-0180,2023-05-16,2023-06-15,,3806.49,0.0,3806.49,290,90+,OVERDUE,HARDWARE,EAST
INV-07928,CUS-0066,2022-08-24,2022-10-08,2022-10-19,17524.83,17524.83,0.0,0,PAID,PAID,MAINTENANCE,NORTH
INV-07929,CUS-0165,2023-09-05,2023-10-05,2023-10-02,1135.31,1135.31,0.0,0,PAID,PAID,SOFTWARE,NORTH
INV-07930,CUS-0465,2023-04-06,2023-06-05,,2431.47,1675.84,755.63,300,90+,PARTIAL,HARDWARE,WEST
INV-07931,CUS-0187,2023-08-26,2023-09-25,2023-09-22,1872.57,1872.57,0.0,0,PAID,PAID,SOFTWARE,EAST
INV-07932,CUS-0399,2023-05-13,2023-07-12,,51338.88,21060.1,30278.78,263,90+,PARTIAL,SERVICES,SOUTH
INV-07933,CUS-0250,2022-11-06,2022-12-06,2022-12-06,7156.29,7156.29,0.0,0,PAID,PAID,MAINTENANCE,SOUTH
INV-07934,CUS-0464,2022-05-05,2022-06-19,2022-06-19,10302.61,10302.61,0.0,0,PAID,PAID,SERVICES,WEST
INV-07935,CUS-0351,2023-04-19,2023-06-18,2023-06-18,3291.8,3291.8,0.0,0,PAID,PAID,SERVICES,NORTH
INV-07936,CUS-0222,2023-11-19,2024-01-18,2024-01-13,14677.65,14677.65,0.0,0,PAID,PAID,MAINTENANCE,EAST
INV-07937,CUS-0343,2022-05-03,2022-06-17,2022-06-15,21370.1,21370.1,0.0,0,PAID,PAID,MAINTENANCE,WEST
INV-07938,CUS-0100,2024-03-25,2024-04-24,2024-04-21,5212.67,5212.67,0.0,0,PAID,PAID,SOFTWARE,NORTH
INV-07939,CUS-0120,2023-06-20,2023-08-04,2023-08-02,1214.99,1214.99,0.0,0,PAID,PAID,MAINTENANCE,EAST
INV-07940,CUS-0022,2024-03-07,2024-05-06,2024-05-04,2670.18,2670.18,0.0,0,PAID,PAID,SERVICES,SOUTH
INV-07941,CUS-0487,2022-08-12,2022-09-11,2022-09-08,943.84,943.84,0.0,0,PAID,PAID,MAINTENANCE,WEST
INV-07942,CUS-0022,2023-08-21,2023-10-20,2023-10-16,13490.02,13490.02,0.0,0,PAID,PAID,HARDWARE,WEST
INV-07943,CUS-0314,2023-04-24,2023-06-23,2023-06-18,432.39,432.39,0.0,0,PAID,PAID,MAINTENANCE,WEST
INV-07944,CUS-0463,2023-11-12,2024-01-11,2024-01-06,21607.7,21607.7,0.0,0,PAID,PAID,HARDWARE,NORTH
INV-07945,CUS-0098,2024-03-01,2024-03-31,,2712.92,0.0,2712.92,0,CURRENT,OVERDUE,SERVICES,NORTH
INV-07946,CUS-0336,2022-10-03,2022-11-17,2022-11-16,1016.09,1016.09,0.0,0,PAID,PAID,MAINTENANCE,SOUTH
INV-07947,CUS-0248,2023-02-02,2023-03-04,2023-02-28,8573.64,8573.64,0.0,0,PAID,PAID,SOFTWARE,SOUTH
INV-07948,CUS-0172,2023-03-21,2023-05-05,2023-05-01,7321.4,7321.4,0.0,0,PAID,PAID,MAINTENANCE,SOUTH
INV-07949,CUS-0028,2022-11-02,2022-12-17,2022-12-15,1764.08,1764.08,0.0,0,PAID,PAID,MAINTENANCE,WEST
INV-07950,CUS-0095,2023-05-22,2023-06-21,2023-06-18,325.78,325.78,0.0,0,PAID,PAID,HARDWARE,NORTH
INV-07951,CUS-0236,2022-11-15,2023-01-14,2023-01-12,7374.93,7374.93,0.0,0,PAID,PAID,MAINTENANCE,EAST
INV-07952,CUS-0149,2024-03-11,2024-04-25,2024-04-23,5460.35,5460.35,0.0,0,PAID,PAID,SOFTWARE,WEST
INV-07953,CUS-0382,2023-01-12,2023-03-13,2023-03-09,3614.14,3614.14,0.0,0,PAID,PAID,SOFTWARE,WEST
INV-07954,CUS-0348,2022-05-30,2022-06-29,2022-06-24,228.9,228.9,0.0,0,PAID,PAID,SERVICES,NORTH
INV-07955,CUS-0305,2023-01-02,2023-02-16,2023-02-11,740.95,740.95,0.0,0,PAID,PAID,HARDWARE,SOUTH
INV-07956,CUS-0048,2023-02-12,2023-04-13,2023-04-11,8764.99,8764.99,0.0,0,PAID,PAID,MAINTENANCE,NORTH
INV-07957,CUS-0486,2024-01-02,2024-02-16,2024-02-12,18246.0,18246.0,0.0,0,PAID,PAID,HARDWARE,NORTH
INV-07958,CUS-0193,2023-06-11,2023-07-26,2023-07-26,1347.25,1347.25,0.0,0,PAID,PAID,MAINTENANCE,WEST
INV-07959,CUS-0362,2023-08-19,2023-09-18,2023-09-14,577.68,577.68,0.0,0,PAID,PAID,SERVICES,EAST
INV-07960,CUS-0355,2022-04-30,2022-05-30,,19237.8,0.0,19237.8,671,90+,OVERDUE,SOFTWARE,NORTH
INV-07961,CUS-0259,2022-11-25,2023-01-09,2023-01-06,1681.47,1681.47,0.0,0,PAID,PAID,SERVICES,WEST
INV-07962,CUS-0478,2023-01-04,2023-02-03,2023-01-31,778.55,778.55,0.0,0,PAID,PAID,SERVICES,SOUTH
INV-07963,CUS-0488,2023-01-01,2023-03-02,2023-03-13,7676.44,7676.44,0.0,0,PAID,PAID,SOFTWARE,SOUTH
INV-07964,CUS-0134,2023-03-03,2023-05-02,2023-04-28,1324.31,1324.31,0.0,0,PAID,PAID,MAINTENANCE,SOUTH
INV-07965,CUS-0306,2023-07-01,2023-07-31,2023-07-30,24021.94,24021.94,0.0,0,PAID,PAID,SOFTWARE,NORTH
INV-07966,CUS-0162,2023-06-09,2023-07-09,,1610.59,0.0,1610.59,266,90+,OVERDUE,SERVICES,WEST
INV-07967,CUS-0030,2022-05-14,2022-06-13,2022-06-17,5922.58,5922.58,0.0,0,PAID,PAID,HARDWARE,WEST
INV-07968,CUS-0348,2022-04-18,2022-05-18,2022-05-13,602.07,602.07,0.0,0,PAID,PAID,MAINTENANCE,NORTH
INV-07969,CUS-0411,2023-11-20,2024-01-04,,4136.98,1395.33,2741.65,87,61-90,PARTIAL,SERVICES,NORTH
INV-07970,CUS-0214,2022-05-09,2022-06-08,2022-06-06,2809.83,2809.83,0.0,0,PAID,PAID,HARDWARE,NORTH
INV-07971,CUS-0024,2023-10-13,2023-11-27,2023-11-26,13520.59,13520.59,0.0,0,PAID,PAID,MAINTENANCE,WEST
INV-07972,CUS-0077,2022-12-22,2023-02-20,2023-02-16,4911.36,4911.36,0.0,0,PAID,PAID,SERVICES,WEST
INV-07973,CUS-0104,2023-12-06,2024-02-04,2024-02-01,7715.77,7715.77,0.0,0,PAID,PAID,SERVICES,NORTH
INV-07974,CUS-0499,2023-07-11,2023-09-09,,207.66,85.93,121.73,204,90+,PARTIAL,MAINTENANCE,EAST
INV-07975,CUS-0019,2024-03-04,2024-04-03,2024-03-31,2500.72,2500.72,0.0,0,PAID,PAID,HARDWARE,SOUTH
INV-07976,CUS-0425,2022-07-12,2022-08-11,2022-08-09,9028.93,9028.93,0.0,0,PAID,PAID,SOFTWARE,WEST
INV-07977,CUS-0102,2024-02-26,2024-04-26,2024-04-21,2757.9,2757.9,0.0,0,PAID,PAID,MAINTENANCE,EAST
INV-07978,CUS-0049,2023-07-22,2023-09-05,2023-08-31,414.78,414.78,0.0,0,PAID,PAID,HARDWARE,EAST
INV-07979,CUS-0019,2022-12-13,2023-01-12,2023-01-08,12303.76,12303.76,0.0,0,PAID,PAID,SOFTWARE,SOUTH
INV-07980,CUS-0260,2023-06-13,2023-07-28,,4923.67,1672.02,3251.65,247,90+,PARTIAL,SERVICES,SOUTH
INV-07981,CUS-0171,2023-03-22,2023-05-06,2023-05-01,2353.86,2353.86,0.0,0,PAID,PAID,SOFTWARE,SOUTH
INV-07982,CUS-0495,2022-07-21,2022-09-19,2022-09-17,4026.85,4026.85,0.0,0,PAID,PAID,SERVICES,EAST
INV-07983,CUS-0432,2022-06-05,2022-07-20,2022-07-15,1295.67,1295.67,0.0,0,PAID,PAID,SOFTWARE,EAST
INV-07984,CUS-0351,2023-03-11,2023-05-10,2023-05-06,3423.63,3423.63,0.0,0,PAID,PAID,MAINTENANCE,WEST
INV-07985,CUS-0345,2023-07-09,2023-09-07,2023-09-09,2777.02,2777.02,0.0,0,PAID,PAID,SERVICES,WEST
INV-07986,CUS-0388,2023-06-13,2023-07-13,2023-07-08,35961.64,35961.64,0.0,0,PAID,PAID,MAINTENANCE,EAST
INV-07987,CUS-0295,2022-09-01,2022-10-16,2022-10-11,13723.03,13723.03,0.0,0,PAID,PAID,SOFTWARE,EAST
INV-07988,CUS-0126,2022-11-15,2023-01-14,2023-01-14,5034.69,5034.69,0.0,0,PAID,PAID,MAINTENANCE,WEST
INV-07989,CUS-0490,2022-09-14,2022-10-29,2022-10-25,3114.34,3114.34,0.0,0,PAID,PAID,MAINTENANCE,EAST
INV-07990,CUS-0489,2023-11-11,2024-01-10,,1957.8,0.0,1957.8,81,61-90,OVERDUE,SOFTWARE,SOUTH
INV-07991,CUS-0245,2022-06-11,2022-08-10,2022-08-05,23379.78,23379.78,0.0,0,PAID,PAID,SERVICES,SOUTH
INV-07992,CUS-0195,2022-09-13,2022-10-28,2022-10-27,24255.66,24255.66,0.0,0,PAID,PAID,MAINTENANCE,EAST
INV-07993,CUS-0228,2023-12-25,2024-02-23,,6669.71,3254.38,3415.33,37,31-60,PARTIAL,HARDWARE,SOUTH
INV-07994,CUS-0347,2023-05-15,2023-06-14,2023-06-10,23269.59,23269.59,0.0,0,PAID,PAID,HARDWARE,NORTH
INV-07995,CUS-0263,2023-07-26,2023-09-24,2023-10-10,5324.36,5324.36,0.0,0,PAID,PAID,HARDWARE,EAST
INV-07996,CUS-0411,2023-08-10,2023-09-24,2023-09-19,2161.55,2161.55,0.0,0,PAID,PAID,SERVICES,WEST
INV-07997,CUS-0361,2023-10-03,2023-11-02,,7382.65,0.0,7382.65,150,90+,OVERDUE,SOFTWARE,SOUTH
INV-07998,CUS-0336,2024-01-06,2024-02-20,2024-02-18,271.91,271.91,0.0,0,PAID,PAID,SERVICES,NORTH
INV-07999,CUS-0427,2023-09-23,2023-11-22,2023-11-18,2226.28,2226.28,0.0,0,PAID,PAID,HARDWARE,WEST
INV-08000,CUS-0407,2023-03-26,2023-05-25,2023-05-20,7326.56,7326.56,0.0,0,PAID,PAID,SOFTWARE,EAST
INV-08001,CUS-0495,2023-01-13,2023-03-14,2023-03-11,11789.42,11789.42,0.0,0,PAID,PAID,SERVICES,EAST
INV-08002,CUS-0162,2023-10-13,2023-11-12,2023-11-11,4883.69,4883.69,0.0,0,PAID,PAID,HARDWARE,SOUTH
INV-08003,CUS-0117,2022-07-25,2022-08-24,2022-08-24,5636.0,5636.0,0.0,0,PAID,PAID,HARDWARE,SOUTH
INV-08004,CUS-0293,2022-05-20,2022-07-04,2022-07-03,8830.8,8830.8,0.0,0,PAID,PAID,HARDWARE,NORTH
INV-08005,CUS-0333,2022-09-09,2022-11-08,2022-11-05,2660.6,2660.6,0.0,0,PAID,PAID,SOFTWARE,WEST
INV-08006,CUS-0037,2023-04-26,2023-05-26,2023-05-26,339.46,339.46,0.0,0,PAID,PAID,SERVICES,NORTH
INV-08007,CUS-0065,2024-02-01,2024-03-02,2024-02-29,3482.82,3482.82,0.0,0,PAID,PAID,HARDWARE,WEST
INV-08008,CUS-0286,2023-12-29,2024-02-12,2024-02-11,622.41,622.41,0.0,0,PAID,PAID,SOFTWARE,WEST
INV-08009,CUS-0487,2023-07-27,2023-08-26,2023-08-24,5341.11,5341.11,0.0,0,PAID,PAID,SOFTWARE,SOUTH
INV-08010,CUS-0471,2023-03-27,2023-05-11,2023-05-10,17527.19,17527.19,0.0,0,PAID,PAID,HARDWARE,WEST
INV-08011,CUS-0447,2023-04-09,2023-05-24,2023-05-21,5159.06,5159.06,0.0,0,PAID,PAID,HARDWARE,WEST
INV-08012,CUS-0015,2023-01-22,2023-02-21,2023-02-17,1188.27,1188.27,0.0,0,PAID,PAID,MAINTENANCE,WEST
INV-08013,CUS-0329,2023-06-28,2023-08-27,2023-08-22,3957.33,3957.33,0.0,0,PAID,PAID,SOFTWARE,WEST
INV-08014,CUS-0482,2023-05-15,2023-07-14,2023-07-14,6710.38,6710.38,0.0,0,PAID,PAID,SERVICES,EAST
INV-08015,CUS-0212,2023-07-05,2023-09-03,2023-08-29,12417.41,12417.41,0.0,0,PAID,PAID,SOFTWARE,EAST
INV-08016,CUS-0329,2024-01-26,2024-03-26,,21984.64,0.0,21984.64,5,CURRENT,OVERDUE,SOFTWARE,SOUTH
INV-08017,CUS-0419,2023-04-18,2023-06-17,2023-06-16,3313.28,3313.28,0.0,0,PAID,PAID,HARDWARE,NORTH
INV-08018,CUS-0486,2024-01-01,2024-02-15,,2465.19,1086.56,1378.63,45,31-60,PARTIAL,SERVICES,EAST
INV-08019,CUS-0255,2023-10-31,2023-12-15,2023-12-13,3736.42,3736.42,0.0,0,PAID,PAID,MAINTENANCE,WEST
INV-08020,CUS-0468,2023-12-30,2024-01-29,2024-01-27,13563.25,13563.25,0.0,0,PAID,PAID,SOFTWARE,SOUTH
INV-08021,CUS-0040,2022-11-08,2022-12-23,2022-12-18,21494.01,21494.01,0.0,0,PAID,PAID,MAINTENANCE,SOUTH
INV-08022,CUS-0110,2023-08-02,2023-09-01,2023-08-31,3038.78,3038.78,0.0,0,PAID,PAID,SERVICES,WEST
INV-08023,CUS-0277,2024-01-17,2024-03-17,2024-04-15,6736.17,6736.17,0.0,0,PAID,PAID,HARDWARE,WEST
INV-08024,CUS-0411,2022-07-12,2022-08-26,,24859.17,11230.97,13628.2,583,90+,PARTIAL,HARDWARE,SOUTH
INV-08025,CUS-0011,2022-05-19,2022-07-18,2022-07-18,5504.53,5504.53,0.0,0,PAID,PAID,HARDWARE,NORTH
INV-08026,CUS-0343,2022-09-27,2022-11-11,2022-11-08,19474.77,19474.77,0.0,0,PAID,PAID,SERVICES,EAST
INV-08027,CUS-0037,2023-09-27,2023-10-27,2023-10-27,1616.19,1616.19,0.0,0,PAID,PAID,SERVICES,NORTH
INV-08028,CUS-0318,2023-08-28,2023-10-27,2023-11-04,4025.31,4025.31,0.0,0,PAID,PAID,HARDWARE,WEST
INV-08029,CUS-0042,2022-08-17,2022-10-16,2022-10-11,5772.92,5772.92,0.0,0,PAID,PAID,HARDWARE,EAST
INV-08030,CUS-0277,2022-05-04,2022-07-03,2022-07-30,2298.16,2298.16,0.0,0,PAID,PAID,MAINTENANCE,SOUTH
INV-08031,CUS-0080,2024-03-07,2024-04-21,2024-04-18,1056.62,1056.62,0.0,0,PAID,PAID,SOFTWARE,WEST
INV-08032,CUS-0183,2023-08-16,2023-09-15,2023-09-12,156.9,156.9,0.0,0,PAID,PAID,SOFTWARE,SOUTH
INV-08033,CUS-0126,2023-06-16,2023-08-15,2023-09-06,7462.36,7462.36,0.0,0,PAID,PAID,MAINTENANCE,EAST
INV-08034,CUS-0267,2022-10-22,2022-12-06,2022-12-01,1776.99,1776.99,0.0,0,PAID,PAID,SERVICES,SOUTH
INV-08035,CUS-0291,2023-04-03,2023-06-02,2023-06-09,9915.74,9915.74,0.0,0,PAID,PAID,MAINTENANCE,SOUTH
INV-08036,CUS-0464,2022-04-21,2022-06-05,2022-06-02,5827.25,5827.25,0.0,0,PAID,PAID,SOFTWARE,NORTH
INV-08037,CUS-0178,2022-09-21,2022-11-05,,26728.6,11223.73,15504.87,512,90+,PARTIAL,SERVICES,NORTH
INV-08038,CUS-0062,2022-06-18,2022-08-02,2022-07-29,181.34,181.34,0.0,0,PAID,PAID,MAINTENANCE,EAST
INV-08039,CUS-0402,2022-04-10,2022-05-10,,945.36,0.0,945.36,691,90+,OVERDUE,MAINTENANCE,SOUTH
INV-08040,CUS-0158,2023-02-09,2023-03-11,2023-03-06,1920.07,1920.07,0.0,0,PAID,PAID,SOFTWARE,EAST
INV-08041,CUS-0406,2023-08-07,2023-10-06,,15495.83,10523.87,4971.96,177,90+,PARTIAL,SOFTWARE,WEST
INV-08042,CUS-0424,2023-03-02,2023-04-01,2023-03-27,1967.52,1967.52,0.0,0,PAID,PAID,HARDWARE,EAST
INV-08043,CUS-0442,2024-03-29,2024-05-13,,4794.45,1876.58,2917.87,0,CURRENT,PARTIAL,MAINTENANCE,EAST
INV-08044,CUS-0474,2022-12-03,2023-02-01,2023-01-29,4226.0,4226.0,0.0,0,PAID,PAID,HARDWARE,EAST
INV-08045,CUS-0273,2023-11-30,2023-12-30,2024-01-04,589.35,589.35,0.0,0,PAID,PAID,SERVICES,NORTH
INV-08046,CUS-0248,2022-07-31,2022-08-30,2022-08-29,13019.32,13019.32,0.0,0,PAID,PAID,HARDWARE,WEST
INV-08047,CUS-0144,2023-09-07,2023-10-07,2023-10-07,7755.51,7755.51,0.0,0,PAID,PAID,MAINTENANCE,EAST
INV-08048,CUS-0029,2023-03-03,2023-04-17,2023-04-12,261.3,261.3,0.0,0,PAID,PAID,SERVICES,WEST
INV-08049,CUS-0454,2022-05-05,2022-06-19,,12981.61,0.0,12981.61,651,90+,OVERDUE,HARDWARE,WEST
INV-08050,CUS-0344,2024-01-05,2024-02-19,,781.5,462.08,319.42,41,31-60,PARTIAL,MAINTENANCE,NORTH
INV-08051,CUS-0194,2023-01-08,2023-02-07,,5810.5,3416.39,2394.11,418,90+,PARTIAL,HARDWARE,EAST
INV-08052,CUS-0287,2023-03-21,2023-05-20,2023-05-20,4241.44,4241.44,0.0,0,PAID,PAID,HARDWARE,NORTH
INV-08053,CUS-0328,2023-06-12,2023-07-27,2023-07-25,4551.08,4551.08,0.0,0,PAID,PAID,SERVICES,WEST
INV-08054,CUS-0351,2022-09-12,2022-11-11,2022-11-08,3107.29,3107.29,0.0,0,PAID,PAID,SERVICES,WEST
INV-08055,CUS-0172,2022-09-30,2022-11-14,2022-11-11,13463.43,13463.43,0.0,0,PAID,PAID,SOFTWARE,SOUTH
INV-08056,CUS-0182,2022-08-08,2022-10-07,2022-10-05,12945.07,12945.07,0.0,0,PAID,PAID,HARDWARE,NORTH
INV-08057,CUS-0307,2023-11-17,2024-01-16,2024-01-12,28377.17,28377.17,0.0,0,PAID,PAID,SERVICES,NORTH
INV-08058,CUS-0433,2023-05-10,2023-06-09,2023-06-09,969.3,969.3,0.0,0,PAID,PAID,SERVICES,WEST
INV-08059,CUS-0146,2023-06-20,2023-08-04,2023-07-30,25144.56,25144.56,0.0,0,PAID,PAID,MAINTENANCE,NORTH
INV-08060,CUS-0339,2023-08-26,2023-10-10,2023-10-07,8601.62,8601.62,0.0,0,PAID,PAID,SERVICES,SOUTH
INV-08061,CUS-0498,2023-07-17,2023-09-15,2023-09-15,1297.67,1297.67,0.0,0,PAID,PAID,SERVICES,SOUTH
INV-08062,CUS-0193,2023-05-02,2023-06-16,2023-06-12,1089.47,1089.47,0.0,0,PAID,PAID,HARDWARE,WEST
INV-08063,CUS-0046,2022-11-27,2022-12-27,2022-12-24,1541.26,1541.26,0.0,0,PAID,PAID,SOFTWARE,SOUTH
INV-08064,CUS-0120,2023-04-02,2023-05-17,2023-06-12,3057.74,3057.74,0.0,0,PAID,PAID,MAINTENANCE,NORTH
INV-08065,CUS-0259,2023-09-03,2023-10-18,2023-11-03,714.61,714.61,0.0,0,PAID,PAID,HARDWARE,NORTH
INV-08066,CUS-0412,2022-05-20,2022-06-19,2022-06-16,32142.65,32142.65,0.0,0,PAID,PAID,HARDWARE,SOUTH
INV-08067,CUS-0457,2023-10-10,2023-12-09,2023-12-06,3519.02,3519.02,0.0,0,PAID,PAID,HARDWARE,EAST
INV-08068,CUS-0401,2023-02-19,2023-04-05,2023-04-05,7958.38,7958.38,0.0,0,PAID,PAID,MAINTENANCE,WEST
INV-08069,CUS-0426,2023-01-02,2023-02-16,2023-03-10,4484.05,4484.05,0.0,0,PAID,PAID,SOFTWARE,NORTH
INV-08070,CUS-0413,2023-08-24,2023-10-08,2023-10-08,1198.45,1198.45,0.0,0,PAID,PAID,MAINTENANCE,NORTH
INV-08071,CUS-0318,2023-03-04,2023-05-03,2023-04-30,8176.66,8176.66,0.0,0,PAID,PAID,HARDWARE,SOUTH
INV-08072,CUS-0363,2022-08-17,2022-10-01,,372.8,250.55,122.25,547,90+,PARTIAL,SOFTWARE,NORTH
INV-08073,CUS-0199,2022-10-17,2022-12-01,2022-11-28,12589.05,12589.05,0.0,0,PAID,PAID,SERVICES,WEST
INV-08074,CUS-0030,2022-04-29,2022-05-29,,13805.1,7118.79,6686.31,672,90+,PARTIAL,SOFTWARE,EAST
INV-08075,CUS-0285,2024-01-27,2024-03-12,2024-03-09,2167.1,2167.1,0.0,0,PAID,PAID,SERVICES,WEST
INV-08076,CUS-0033,2024-03-02,2024-04-01,2024-03-29,20979.7,20979.7,0.0,0,PAID,PAID,SOFTWARE,WEST
INV-08077,CUS-0091,2024-01-25,2024-02-24,,2339.11,0.0,2339.11,36,31-60,OVERDUE,SOFTWARE,SOUTH
INV-08078,CUS-0251,2024-01-26,2024-03-26,2024-03-26,24143.16,24143.16,0.0,0,PAID,PAID,MAINTENANCE,NORTH
INV-08079,CUS-0393,2024-01-05,2024-02-19,2024-02-17,1357.33,1357.33,0.0,0,PAID,PAID,SERVICES,NORTH
INV-08080,CUS-0333,2022-11-02,2023-01-01,2022-12-31,7707.73,7707.73,0.0,0,PAID,PAID,SOFTWARE,WEST
INV-08081,CUS-0316,2023-10-03,2023-11-17,,325.22,192.12,133.1,135,90+,PARTIAL,HARDWARE,NORTH
INV-08082,CUS-0123,2023-08-07,2023-09-21,2023-09-18,4388.46,4388.46,0.0,0,PAID,PAID,MAINTENANCE,NORTH
INV-08083,CUS-0256,2023-11-10,2024-01-09,2024-01-08,1714.17,1714.17,0.0,0,PAID,PAID,SOFTWARE,EAST
INV-08084,CUS-0109,2023-10-27,2023-12-26,2024-01-15,6374.61,6374.61,0.0,0,PAID,PAID,HARDWARE,SOUTH
INV-08085,CUS-0057,2022-07-30,2022-08-29,2022-08-27,1490.43,1490.43,0.0,0,PAID,PAID,HARDWARE,EAST
INV-08086,CUS-0183,2023-06-12,2023-07-12,2023-07-11,1124.64,1124.64,0.0,0,PAID,PAID,HARDWARE,EAST
INV-08087,CUS-0019,2024-03-17,2024-04-16,2024-05-02,2779.0,2779.0,0.0,0,PAID,PAID,HARDWARE,SOUTH
INV-08088,CUS-0061,2023-10-13,2023-12-12,,135.92,0.0,135.92,110,90+,OVERDUE,HARDWARE,EAST
INV-08089,CUS-0113,2023-12-09,2024-01-23,2024-01-18,10710.49,10710.49,0.0,0,PAID,PAID,HARDWARE,SOUTH
INV-08090,CUS-0211,2023-07-17,2023-09-15,2023-09-15,12714.66,12714.66,0.0,0,PAID,PAID,HARDWARE,EAST
INV-08091,CUS-0211,2022-07-08,2022-09-06,2022-09-04,6800.28,6800.28,0.0,0,PAID,PAID,MAINTENANCE,EAST
INV-08092,CUS-0021,2024-01-14,2024-02-13,2024-02-13,1047.37,1047.37,0.0,0,PAID,PAID,SERVICES,NORTH
INV-08093,CUS-0020,2022-12-07,2023-02-05,2023-02-04,12529.7,12529.7,0.0,0,PAID,PAID,SERVICES,SOUTH
INV-08094,CUS-0351,2023-12-30,2024-02-28,2024-02-28,2295.92,2295.92,0.0,0,PAID,PAID,HARDWARE,SOUTH
INV-08095,CUS-0141,2022-04-19,2022-06-18,2022-06-14,6760.67,6760.67,0.0,0,PAID,PAID,HARDWARE,NORTH
INV-08096,CUS-0014,2022-12-18,2023-02-16,,19870.98,6358.56,13512.42,409,90+,PARTIAL,MAINTENANCE,NORTH
INV-08097,CUS-0278,2022-08-25,2022-10-09,,4677.28,0.0,4677.28,539,90+,OVERDUE,SERVICES,EAST
INV-08098,CUS-0045,2023-08-17,2023-10-16,2023-10-30,9711.19,9711.19,0.0,0,PAID,PAID,MAINTENANCE,WEST
INV-08099,CUS-0268,2023-08-10,2023-09-09,2023-09-06,1847.84,1847.84,0.0,0,PAID,PAID,SOFTWARE,EAST
INV-08100,CUS-0236,2023-03-23,2023-05-22,,8274.53,3836.83,4437.7,314,90+,PARTIAL,MAINTENANCE,NORTH
INV-08101,CUS-0118,2022-10-18,2022-12-02,2022-12-03,3094.23,3094.23,0.0,0,PAID,PAID,SERVICES,EAST
INV-08102,CUS-0204,2023-10-02,2023-11-16,2023-11-11,2277.42,2277.42,0.0,0,PAID,PAID,HARDWARE,EAST
INV-08103,CUS-0309,2022-10-27,2022-12-26,2022-12-21,11680.03,11680.03,0.0,0,PAID,PAID,SERVICES,WEST
INV-08104,CUS-0431,2023-12-29,2024-02-12,2024-02-12,28368.45,28368.45,0.0,0,PAID,PAID,HARDWARE,SOUTH
INV-08105,CUS-0039,2023-12-17,2024-01-31,2024-01-29,3503.2,3503.2,0.0,0,PAID,PAID,HARDWARE,WEST
INV-08106,CUS-0436,2023-10-20,2023-11-19,2023-11-15,2659.87,2659.87,0.0,0,PAID,PAID,MAINTENANCE,SOUTH
INV-08107,CUS-0154,2023-04-09,2023-06-08,2023-06-04,1105.86,1105.86,0.0,0,PAID,PAID,SERVICES,WEST
INV-08108,CUS-0281,2023-09-09,2023-11-08,2023-11-12,4738.81,4738.81,0.0,0,PAID,PAID,SERVICES,EAST
INV-08109,CUS-0091,2023-07-19,2023-08-18,2023-08-16,2219.84,2219.84,0.0,0,PAID,PAID,HARDWARE,NORTH
INV-08110,CUS-0010,2023-02-12,2023-03-14,2023-03-11,4069.06,4069.06,0.0,0,PAID,PAID,SOFTWARE,SOUTH
INV-08111,CUS-0385,2022-12-12,2023-01-11,2023-02-07,6982.49,6982.49,0.0,0,PAID,PAID,SOFTWARE,SOUTH
INV-08112,CUS-0316,2023-12-18,2024-02-01,,655.04,323.94,331.1,59,31-60,PARTIAL,MAINTENANCE,NORTH
INV-08113,CUS-0479,2022-09-30,2022-11-14,2022-11-10,32533.61,32533.61,0.0,0,PAID,PAID,SERVICES,SOUTH
INV-08114,CUS-0250,2023-09-30,2023-10-30,2023-10-29,7476.26,7476.26,0.0,0,PAID,PAID,SERVICES,EAST
INV-08115,CUS-0076,2024-02-21,2024-04-21,2024-04-19,6656.74,6656.74,0.0,0,PAID,PAID,SERVICES,SOUTH
INV-08116,CUS-0221,2022-05-14,2022-07-13,2022-07-08,33827.33,33827.33,0.0,0,PAID,PAID,HARDWARE,NORTH
INV-08117,CUS-0408,2023-06-22,2023-08-06,2023-08-04,2818.21,2818.21,0.0,0,PAID,PAID,MAINTENANCE,WEST
INV-08118,CUS-0426,2023-10-01,2023-11-15,2023-12-07,829.62,829.62,0.0,0,PAID,PAID,SERVICES,NORTH
INV-08119,CUS-0479,2023-04-10,2023-05-25,2023-05-23,4857.82,4857.82,0.0,0,PAID,PAID,SERVICES,SOUTH
INV-08120,CUS-0198,2023-04-02,2023-06-01,,4188.2,1599.53,2588.67,304,90+,PARTIAL,SERVICES,NORTH
INV-08121,CUS-0324,2024-03-24,2024-05-08,2024-05-07,4074.43,4074.43,0.0,0,PAID,PAID,MAINTENANCE,SOUTH
INV-08122,CUS-0348,2024-02-14,2024-03-15,2024-03-14,392.86,392.86,0.0,0,PAID,PAID,SERVICES,SOUTH
INV-08123,CUS-0107,2022-04-08,2022-05-23,2022-05-22,1393.23,1393.23,0.0,0,PAID,PAID,SERVICES,SOUTH
INV-08124,CUS-0129,2022-05-13,2022-06-12,2022-06-08,1601.91,1601.91,0.0,0,PAID,PAID,SERVICES,WEST
INV-08125,CUS-0248,2022-09-02,2022-10-02,2022-09-29,35904.78,35904.78,0.0,0,PAID,PAID,SOFTWARE,NORTH
INV-08126,CUS-0464,2023-10-05,2023-11-19,2023-11-18,7330.38,7330.38,0.0,0,PAID,PAID,SERVICES,NORTH
INV-08127,CUS-0174,2022-05-02,2022-07-01,2022-06-29,2759.3,2759.3,0.0,0,PAID,PAID,SERVICES,EAST
INV-08128,CUS-0388,2022-08-28,2022-09-27,,10044.52,0.0,10044.52,551,90+,OVERDUE,SERVICES,SOUTH
INV-08129,CUS-0125,2022-10-08,2022-11-22,2022-11-20,1420.56,1420.56,0.0,0,PAID,PAID,HARDWARE,WEST
INV-08130,CUS-0493,2023-01-04,2023-02-03,2023-02-02,115.78,115.78,0.0,0,PAID,PAID,SERVICES,EAST
INV-08131,CUS-0021,2023-11-10,2023-12-10,2023-12-06,5389.89,5389.89,0.0,0,PAID,PAID,SOFTWARE,WEST
INV-08132,CUS-0138,2023-12-27,2024-02-10,2024-02-09,44748.41,44748.41,0.0,0,PAID,PAID,SERVICES,WEST
INV-08133,CUS-0296,2022-06-05,2022-07-05,2022-07-01,1854.97,1854.97,0.0,0,PAID,PAID,HARDWARE,EAST
INV-08134,CUS-0402,2024-03-08,2024-04-07,2024-05-04,3010.42,3010.42,0.0,0,PAID,PAID,SOFTWARE,WEST
INV-08135,CUS-0359,2022-07-23,2022-08-22,2022-08-17,1013.62,1013.62,0.0,0,PAID,PAID,HARDWARE,WEST
INV-08136,CUS-0473,2022-06-27,2022-07-27,2022-07-27,298.98,298.98,0.0,0,PAID,PAID,HARDWARE,NORTH
INV-08137,CUS-0463,2023-11-05,2024-01-04,2024-01-03,9006.75,9006.75,0.0,0,PAID,PAID,MAINTENANCE,NORTH
INV-08138,CUS-0300,2023-08-30,2023-09-29,2023-09-29,11545.87,11545.87,0.0,0,PAID,PAID,SERVICES,WEST
INV-08139,CUS-0182,2022-10-29,2022-12-28,,6834.37,0.0,6834.37,459,90+,OVERDUE,MAINTENANCE,WEST
INV-08140,CUS-0450,2022-10-18,2022-12-17,2022-12-14,29616.77,29616.77,0.0,0,PAID,PAID,HARDWARE,SOUTH
INV-08141,CUS-0252,2023-10-16,2023-11-15,,9974.16,0.0,9974.16,137,90+,OVERDUE,MAINTENANCE,NORTH
INV-08142,CUS-0052,2022-05-30,2022-07-29,2022-07-24,5218.72,5218.72,0.0,0,PAID,PAID,SERVICES,SOUTH
INV-08143,CUS-0137,2023-11-02,2024-01-01,2023-12-28,6455.35,6455.35,0.0,0,PAID,PAID,HARDWARE,SOUTH
INV-08144,CUS-0029,2024-02-26,2024-04-11,2024-04-10,1478.42,1478.42,0.0,0,PAID,PAID,MAINTENANCE,EAST
INV-08145,CUS-0226,2023-06-14,2023-07-14,2023-07-12,4854.23,4854.23,0.0,0,PAID,PAID,SOFTWARE,WEST
INV-08146,CUS-0306,2023-05-27,2023-06-26,2023-06-24,6841.99,6841.99,0.0,0,PAID,PAID,SERVICES,NORTH
INV-08147,CUS-0117,2022-10-04,2022-11-03,2022-12-03,6549.22,6549.22,0.0,0,PAID,PAID,MAINTENANCE,SOUTH
INV-08148,CUS-0071,2022-06-15,2022-07-30,2022-07-26,13792.41,13792.41,0.0,0,PAID,PAID,SOFTWARE,EAST
INV-08149,CUS-0223,2022-05-31,2022-07-30,,109733.96,62618.9,47115.06,610,90+,PARTIAL,SOFTWARE,WEST
INV-08150,CUS-0281,2023-05-16,2023-07-15,2023-07-11,120851.21,120851.21,0.0,0,PAID,PAID,HARDWARE,WEST
INV-08151,CUS-0340,2024-03-27,2024-05-26,2024-06-24,693.68,693.68,0.0,0,PAID,PAID,MAINTENANCE,NORTH
INV-08152,CUS-0471,2024-03-03,2024-04-17,2024-04-12,70210.93,70210.93,0.0,0,PAID,PAID,SOFTWARE,EAST
INV-08153,CUS-0450,2022-06-12,2022-08-11,2022-08-08,2776.16,2776.16,0.0,0,PAID,PAID,SOFTWARE,SOUTH
INV-08154,CUS-0240,2022-11-23,2023-01-22,2023-01-21,2337.94,2337.94,0.0,0,PAID,PAID,MAINTENANCE,NORTH
INV-08155,CUS-0373,2022-12-29,2023-02-12,2023-02-28,17003.31,17003.31,0.0,0,PAID,PAID,SERVICES,WEST
INV-08156,CUS-0306,2023-01-25,2023-02-24,2023-02-23,5272.1,5272.1,0.0,0,PAID,PAID,MAINTENANCE,SOUTH
INV-08157,CUS-0040,2023-02-10,2023-03-27,2023-03-23,34116.13,34116.13,0.0,0,PAID,PAID,SERVICES,WEST
INV-08158,CUS-0330,2023-05-21,2023-07-20,2023-07-20,9123.38,9123.38,0.0,0,PAID,PAID,MAINTENANCE,EAST
INV-08159,CUS-0405,2022-10-11,2022-11-10,2022-11-08,706.29,706.29,0.0,0,PAID,PAID,SOFTWARE,NORTH
INV-08160,CUS-0361,2023-07-10,2023-08-09,,3735.68,1905.62,1830.06,235,90+,PARTIAL,HARDWARE,NORTH
INV-08161,CUS-0303,2022-06-10,2022-07-10,2022-07-20,23195.62,23195.62,0.0,0,PAID,PAID,SOFTWARE,SOUTH
INV-08162,CUS-0118,2023-10-29,2023-12-13,2023-12-10,6697.98,6697.98,0.0,0,PAID,PAID,HARDWARE,EAST
INV-08163,CUS-0003,2024-03-02,2024-04-16,2024-04-14,50600.52,50600.52,0.0,0,PAID,PAID,SOFTWARE,WEST
INV-08164,CUS-0349,2024-03-03,2024-04-02,2024-04-01,6736.96,6736.96,0.0,0,PAID,PAID,SOFTWARE,WEST
INV-08165,CUS-0109,2024-01-22,2024-03-22,,7405.63,0.0,7405.63,9,CURRENT,OVERDUE,MAINTENANCE,SOUTH
INV-08166,CUS-0206,2023-07-10,2023-08-24,,42563.96,26071.93,16492.03,220,90+,PARTIAL,SOFTWARE,NORTH
INV-08167,CUS-0448,2024-01-08,2024-03-08,2024-03-11,4357.1,4357.1,0.0,0,PAID,PAID,HARDWARE,EAST
INV-08168,CUS-0339,2022-06-04,2022-07-19,2022-07-17,78756.71,78756.71,0.0,0,PAID,PAID,SOFTWARE,NORTH
INV-08169,CUS-0070,2022-05-24,2022-06-23,2022-07-09,10300.66,10300.66,0.0,0,PAID,PAID,SERVICES,WEST
INV-08170,CUS-0194,2024-02-07,2024-03-08,2024-03-04,15212.01,15212.01,0.0,0,PAID,PAID,HARDWARE,NORTH
INV-08171,CUS-0256,2022-11-05,2023-01-04,,352.44,225.31,127.13,452,90+,PARTIAL,MAINTENANCE,EAST
INV-08172,CUS-0358,2023-09-22,2023-11-06,2023-11-02,23475.15,23475.15,0.0,0,PAID,PAID,HARDWARE,SOUTH
INV-08173,CUS-0341,2023-12-24,2024-01-23,2024-01-20,2425.56,2425.56,0.0,0,PAID,PAID,SERVICES,WEST
INV-08174,CUS-0218,2022-10-27,2022-12-26,2022-12-25,9639.76,9639.76,0.0,0,PAID,PAID,HARDWARE,SOUTH
INV-08175,CUS-0215,2023-01-03,2023-02-02,2023-02-02,2352.49,2352.49,0.0,0,PAID,PAID,MAINTENANCE,NORTH
INV-08176,CUS-0323,2023-07-16,2023-08-15,2023-08-15,5247.31,5247.31,0.0,0,PAID,PAID,SERVICES,SOUTH
INV-08177,CUS-0472,2022-06-08,2022-07-08,2022-07-24,1503.94,1503.94,0.0,0,PAID,PAID,SERVICES,NORTH
INV-08178,CUS-0073,2023-07-20,2023-08-19,2023-08-15,13627.62,13627.62,0.0,0,PAID,PAID,SOFTWARE,NORTH
INV-08179,CUS-0356,2023-02-17,2023-04-03,2023-04-01,2169.27,2169.27,0.0,0,PAID,PAID,HARDWARE,WEST
INV-08180,CUS-0033,2023-10-19,2023-11-18,2023-11-15,22968.16,22968.16,0.0,0,PAID,PAID,SOFTWARE,WEST
INV-08181,CUS-0426,2023-07-09,2023-08-23,2023-09-11,2577.32,2577.32,0.0,0,PAID,PAID,HARDWARE,NORTH
INV-08182,CUS-0267,2023-10-15,2023-11-29,2023-11-29,2825.01,2825.01,0.0,0,PAID,PAID,HARDWARE,NORTH
INV-08183,CUS-0272,2022-04-22,2022-06-06,2022-06-05,4299.12,4299.12,0.0,0,PAID,PAID,SERVICES,NORTH
INV-08184,CUS-0271,2023-06-10,2023-07-10,2023-07-05,1277.2,1277.2,0.0,0,PAID,PAID,SOFTWARE,SOUTH
INV-08185,CUS-0430,2022-06-29,2022-08-28,2022-08-28,1383.9,1383.9,0.0,0,PAID,PAID,HARDWARE,SOUTH
INV-08186,CUS-0100,2022-06-01,2022-07-01,,643.01,238.33,404.68,639,90+,PARTIAL,HARDWARE,EAST
INV-08187,CUS-0182,2023-10-07,2023-12-06,2023-12-04,16247.58,16247.58,0.0,0,PAID,PAID,MAINTENANCE,WEST
INV-08188,CUS-0466,2022-06-29,2022-08-28,2022-09-05,2928.56,2928.56,0.0,0,PAID,PAID,MAINTENANCE,NORTH
INV-08189,CUS-0330,2023-11-18,2024-01-17,2024-01-14,19213.91,19213.91,0.0,0,PAID,PAID,SOFTWARE,NORTH
INV-08190,CUS-0277,2023-01-09,2023-03-10,2023-03-05,1283.07,1283.07,0.0,0,PAID,PAID,HARDWARE,WEST
INV-08191,CUS-0208,2023-06-27,2023-08-26,,6783.86,4443.21,2340.65,218,90+,PARTIAL,SERVICES,SOUTH
INV-08192,CUS-0338,2022-07-02,2022-08-31,2022-08-30,18232.45,18232.45,0.0,0,PAID,PAID,SERVICES,NORTH
INV-08193,CUS-0300,2022-07-09,2022-08-08,,748.11,436.97,311.14,601,90+,PARTIAL,MAINTENANCE,SOUTH
INV-08194,CUS-0090,2022-10-19,2022-12-03,2022-12-03,37128.13,37128.13,0.0,0,PAID,PAID,HARDWARE,EAST
INV-08195,CUS-0443,2023-05-03,2023-06-17,2023-06-17,7025.27,7025.27,0.0,0,PAID,PAID,MAINTENANCE,SOUTH
INV-08196,CUS-0004,2022-06-14,2022-07-29,2022-08-10,55903.29,55903.29,0.0,0,PAID,PAID,HARDWARE,EAST
INV-08197,CUS-0182,2023-03-19,2023-05-18,2023-05-13,28121.62,28121.62,0.0,0,PAID,PAID,SOFTWARE,NORTH
INV-08198,CUS-0254,2022-07-07,2022-08-21,2022-08-21,884.74,884.74,0.0,0,PAID,PAID,SOFTWARE,EAST
INV-08199,CUS-0461,2023-06-01,2023-07-31,2023-07-31,3210.47,3210.47,0.0,0,PAID,PAID,SOFTWARE,EAST
INV-08200,CUS-0484,2023-10-08,2023-11-07,2023-11-06,802.78,802.78,0.0,0,PAID,PAID,SOFTWARE,NORTH
INV-08201,CUS-0473,2022-08-30,2022-09-29,2022-10-07,3143.02,3143.02,0.0,0,PAID,PAID,SERVICES,WEST
INV-08202,CUS-0151,2023-10-23,2023-11-22,2023-11-18,1105.18,1105.18,0.0,0,PAID,PAID,HARDWARE,EAST
INV-08203,CUS-0254,2023-05-29,2023-07-13,2023-07-13,3105.87,3105.87,0.0,0,PAID,PAID,SERVICES,NORTH
INV-08204,CUS-0120,2023-04-29,2023-06-13,2023-06-10,4168.95,4168.95,0.0,0,PAID,PAID,MAINTENANCE,EAST
INV-08205,CUS-0103,2023-02-20,2023-04-06,2023-04-04,2392.35,2392.35,0.0,0,PAID,PAID,MAINTENANCE,SOUTH
INV-08206,CUS-0112,2022-06-04,2022-08-03,2022-08-01,4168.86,4168.86,0.0,0,PAID,PAID,HARDWARE,NORTH
INV-08207,CUS-0178,2022-10-12,2022-11-26,2022-12-21,22858.11,22858.11,0.0,0,PAID,PAID,SERVICES,EAST
INV-08208,CUS-0212,2022-08-29,2022-10-28,2022-10-23,3492.5,3492.5,0.0,0,PAID,PAID,SERVICES,SOUTH
INV-08209,CUS-0488,2023-08-30,2023-10-29,2023-10-29,4056.99,4056.99,0.0,0,PAID,PAID,HARDWARE,SOUTH
INV-08210,CUS-0305,2024-02-10,2024-03-26,2024-03-26,13337.71,13337.71,0.0,0,PAID,PAID,MAINTENANCE,EAST
INV-08211,CUS-0143,2024-03-27,2024-05-11,2024-05-29,2174.38,2174.38,0.0,0,PAID,PAID,HARDWARE,WEST
INV-08212,CUS-0038,2022-09-27,2022-10-27,,2390.71,824.4,1566.31,521,90+,PARTIAL,MAINTENANCE,EAST
INV-08213,CUS-0200,2023-10-06,2023-11-05,2023-11-03,120.59,120.59,0.0,0,PAID,PAID,HARDWARE,SOUTH
INV-08214,CUS-0327,2023-09-15,2023-10-15,2023-10-12,13885.8,13885.8,0.0,0,PAID,PAID,MAINTENANCE,EAST
INV-08215,CUS-0373,2022-07-02,2022-08-16,2022-08-16,11912.0,11912.0,0.0,0,PAID,PAID,MAINTENANCE,SOUTH
INV-08216,CUS-0096,2022-12-24,2023-01-23,2023-01-19,4225.87,4225.87,0.0,0,PAID,PAID,SERVICES,SOUTH
INV-08217,CUS-0285,2023-03-17,2023-05-01,2023-04-27,1038.3,1038.3,0.0,0,PAID,PAID,MAINTENANCE,SOUTH
INV-08218,CUS-0500,2023-05-29,2023-06-28,2023-06-28,2788.06,2788.06,0.0,0,PAID,PAID,SERVICES,WEST
INV-08219,CUS-0190,2022-05-22,2022-07-06,2022-08-02,2011.09,2011.09,0.0,0,PAID,PAID,SOFTWARE,WEST
INV-08220,CUS-0263,2023-01-03,2023-03-04,2023-03-01,511.15,511.15,0.0,0,PAID,PAID,MAINTENANCE,EAST
INV-08221,CUS-0209,2024-03-18,2024-04-17,2024-04-16,2336.1,2336.1,0.0,0,PAID,PAID,MAINTENANCE,NORTH
INV-08222,CUS-0144,2023-11-18,2023-12-18,2023-12-29,348.5,348.5,0.0,0,PAID,PAID,SOFTWARE,NORTH
INV-08223,CUS-0271,2022-09-24,2022-10-24,2022-10-22,190.69,190.69,0.0,0,PAID,PAID,SERVICES,NORTH
INV-08224,CUS-0066,2022-05-28,2022-07-12,2022-07-07,14237.23,14237.23,0.0,0,PAID,PAID,HARDWARE,WEST
INV-08225,CUS-0206,2023-05-29,2023-07-13,2023-07-12,17403.07,17403.07,0.0,0,PAID,PAID,SERVICES,WEST
INV-08226,CUS-0233,2022-12-25,2023-01-24,2023-01-21,584.0,584.0,0.0,0,PAID,PAID,SOFTWARE,EAST
INV-08227,CUS-0212,2023-02-18,2023-04-19,2023-04-19,4082.92,4082.92,0.0,0,PAID,PAID,HARDWARE,NORTH
INV-08228,CUS-0008,2023-11-17,2024-01-16,2024-01-16,11713.71,11713.71,0.0,0,PAID,PAID,HARDWARE,EAST
INV-08229,CUS-0293,2022-04-14,2022-05-29,2022-05-26,6075.12,6075.12,0.0,0,PAID,PAID,HARDWARE,SOUTH
INV-08230,CUS-0135,2023-08-05,2023-09-04,2023-09-01,16651.53,16651.53,0.0,0,PAID,PAID,SERVICES,NORTH
INV-08231,CUS-0016,2023-12-17,2024-02-15,2024-02-12,2286.02,2286.02,0.0,0,PAID,PAID,HARDWARE,SOUTH
INV-08232,CUS-0252,2024-01-12,2024-02-11,2024-02-22,3096.3,3096.3,0.0,0,PAID,PAID,SERVICES,SOUTH
INV-08233,CUS-0254,2023-03-08,2023-04-22,2023-04-17,5378.98,5378.98,0.0,0,PAID,PAID,HARDWARE,WEST
INV-08234,CUS-0269,2023-08-26,2023-10-10,2023-10-09,3293.98,3293.98,0.0,0,PAID,PAID,HARDWARE,EAST
INV-08235,CUS-0121,2022-05-05,2022-06-19,2022-07-05,8327.34,8327.34,0.0,0,PAID,PAID,SERVICES,EAST
INV-08236,CUS-0103,2022-08-07,2022-09-21,2022-09-20,3708.39,3708.39,0.0,0,PAID,PAID,MAINTENANCE,NORTH
INV-08237,CUS-0467,2024-02-04,2024-03-20,2024-03-18,1147.02,1147.02,0.0,0,PAID,PAID,SOFTWARE,NORTH
INV-08238,CUS-0405,2023-10-06,2023-11-05,2023-11-04,392.41,392.41,0.0,0,PAID,PAID,SOFTWARE,WEST
INV-08239,CUS-0230,2023-09-04,2023-10-19,2023-10-15,12062.32,12062.32,0.0,0,PAID,PAID,SOFTWARE,WEST
INV-08240,CUS-0467,2023-05-22,2023-07-06,2023-07-06,436.86,436.86,0.0,0,PAID,PAID,SOFTWARE,NORTH
INV-08241,CUS-0485,2023-07-26,2023-09-24,2023-09-22,7813.63,7813.63,0.0,0,PAID,PAID,MAINTENANCE,WEST
INV-08242,CUS-0122,2023-04-12,2023-05-27,2023-05-23,7801.88,7801.88,0.0,0,PAID,PAID,SERVICES,WEST
INV-08243,CUS-0163,2022-06-30,2022-08-29,2022-08-29,10381.62,10381.62,0.0,0,PAID,PAID,SERVICES,EAST
INV-08244,CUS-0142,2023-05-20,2023-06-19,,40430.58,13386.7,27043.88,286,90+,PARTIAL,SERVICES,SOUTH
INV-08245,CUS-0014,2024-02-04,2024-04-04,2024-03-31,2702.76,2702.76,0.0,0,PAID,PAID,SOFTWARE,EAST
INV-08246,CUS-0154,2024-01-29,2024-03-29,2024-04-27,2816.41,2816.41,0.0,0,PAID,PAID,SOFTWARE,WEST
INV-08247,CUS-0303,2022-11-28,2022-12-28,2022-12-24,2402.74,2402.74,0.0,0,PAID,PAID,SERVICES,EAST
INV-08248,CUS-0003,2023-04-16,2023-05-31,2023-05-27,45022.53,45022.53,0.0,0,PAID,PAID,SOFTWARE,EAST
INV-08249,CUS-0149,2022-11-02,2022-12-17,2022-12-16,48400.11,48400.11,0.0,0,PAID,PAID,SOFTWARE,WEST
INV-08250,CUS-0052,2024-03-19,2024-05-18,,4224.79,1466.54,2758.25,0,CURRENT,PARTIAL,HARDWARE,NORTH
INV-08251,CUS-0072,2022-07-11,2022-09-09,,13906.52,5204.8,8701.72,569,90+,PARTIAL,SOFTWARE,NORTH
INV-08252,CUS-0026,2022-05-30,2022-07-14,2022-07-25,1080.44,1080.44,0.0,0,PAID,PAID,SOFTWARE,NORTH
INV-08253,CUS-0373,2022-10-24,2022-12-08,2022-12-08,5005.21,5005.21,0.0,0,PAID,PAID,SOFTWARE,NORTH
INV-08254,CUS-0440,2022-12-07,2023-01-06,2023-01-02,6870.19,6870.19,0.0,0,PAID,PAID,SERVICES,NORTH
INV-08255,CUS-0288,2023-04-19,2023-06-18,2023-06-13,3785.87,3785.87,0.0,0,PAID,PAID,MAINTENANCE,WEST
INV-08256,CUS-0027,2023-02-08,2023-03-10,2023-04-02,2098.67,2098.67,0.0,0,PAID,PAID,HARDWARE,NORTH
INV-08257,CUS-0262,2022-12-27,2023-02-25,2023-02-22,3532.58,3532.58,0.0,0,PAID,PAID,HARDWARE,WEST
INV-08258,CUS-0136,2022-06-24,2022-08-08,2022-08-05,2832.9,2832.9,0.0,0,PAID,PAID,SERVICES,EAST
INV-08259,CUS-0231,2023-01-02,2023-02-01,2023-02-10,2683.3,2683.3,0.0,0,PAID,PAID,HARDWARE,WEST
INV-08260,CUS-0106,2022-12-22,2023-02-20,2023-02-28,708.9,708.9,0.0,0,PAID,PAID,MAINTENANCE,WEST
INV-08261,CUS-0295,2022-07-21,2022-09-04,2022-08-30,26981.02,26981.02,0.0,0,PAID,PAID,SERVICES,SOUTH
INV-08262,CUS-0074,2023-04-04,2023-05-04,2023-04-29,1445.01,1445.01,0.0,0,PAID,PAID,SERVICES,EAST
INV-08263,CUS-0111,2024-03-03,2024-04-17,2024-04-13,11574.87,11574.87,0.0,0,PAID,PAID,SERVICES,WEST
INV-08264,CUS-0072,2023-06-10,2023-08-09,,11623.73,4324.29,7299.44,235,90+,PARTIAL,MAINTENANCE,SOUTH
INV-08265,CUS-0386,2022-04-16,2022-06-15,2022-06-12,160.2,160.2,0.0,0,PAID,PAID,SOFTWARE,SOUTH
INV-08266,CUS-0401,2022-10-06,2022-11-20,2022-12-06,10691.75,10691.75,0.0,0,PAID,PAID,HARDWARE,SOUTH
INV-08267,CUS-0255,2022-08-05,2022-09-19,,1694.28,1178.06,516.22,559,90+,PARTIAL,SERVICES,WEST
INV-08268,CUS-0357,2023-10-13,2023-11-12,2023-11-10,3584.81,3584.81,0.0,0,PAID,PAID,HARDWARE,EAST
INV-08269,CUS-0286,2022-05-25,2022-07-09,2022-07-19,2674.59,2674.59,0.0,0,PAID,PAID,SOFTWARE,NORTH
INV-08270,CUS-0010,2023-05-22,2023-06-21,2023-06-16,21301.14,21301.14,0.0,0,PAID,PAID,SOFTWARE,SOUTH
INV-08271,CUS-0146,2022-09-05,2022-10-20,2022-10-15,5503.92,5503.92,0.0,0,PAID,PAID,HARDWARE,WEST
INV-08272,CUS-0381,2024-01-30,2024-02-29,2024-03-26,1112.76,1112.76,0.0,0,PAID,PAID,HARDWARE,NORTH
INV-08273,CUS-0064,2024-03-12,2024-04-11,2024-04-10,5532.06,5532.06,0.0,0,PAID,PAID,SERVICES,SOUTH
INV-08274,CUS-0139,2024-03-19,2024-05-03,2024-05-02,1291.23,1291.23,0.0,0,PAID,PAID,MAINTENANCE,EAST
INV-08275,CUS-0410,2023-03-26,2023-05-10,2023-05-06,12795.64,12795.64,0.0,0,PAID,PAID,HARDWARE,NORTH
INV-08276,CUS-0042,2022-09-23,2022-11-22,,12095.82,6171.44,5924.38,495,90+,PARTIAL,SERVICES,SOUTH
INV-08277,CUS-0034,2023-10-23,2023-11-22,2023-11-29,7961.2,7961.2,0.0,0,PAID,PAID,SERVICES,WEST
INV-08278,CUS-0067,2023-03-21,2023-05-20,,30331.76,0.0,30331.76,316,90+,OVERDUE,SOFTWARE,WEST
INV-08279,CUS-0408,2022-05-14,2022-06-28,2022-06-28,7113.96,7113.96,0.0,0,PAID,PAID,SERVICES,WEST
INV-08280,CUS-0258,2024-03-10,2024-04-09,2024-04-15,5332.19,5332.19,0.0,0,PAID,PAID,HARDWARE,WEST
INV-08281,CUS-0094,2023-11-13,2024-01-12,2024-01-08,2703.52,2703.52,0.0,0,PAID,PAID,MAINTENANCE,SOUTH
INV-08282,CUS-0470,2024-01-19,2024-03-19,2024-03-17,8999.54,8999.54,0.0,0,PAID,PAID,SERVICES,EAST
INV-08283,CUS-0349,2023-09-06,2023-10-06,2023-10-21,8771.35,8771.35,0.0,0,PAID,PAID,SOFTWARE,NORTH
INV-08284,CUS-0390,2022-09-27,2022-10-27,2022-10-23,1156.02,1156.02,0.0,0,PAID,PAID,SERVICES,SOUTH
INV-08285,CUS-0220,2022-10-05,2022-11-04,2022-11-01,54431.92,54431.92,0.0,0,PAID,PAID,HARDWARE,NORTH
INV-08286,CUS-0353,2023-05-31,2023-06-30,2023-06-29,31905.28,31905.28,0.0,0,PAID,PAID,HARDWARE,NORTH
INV-08287,CUS-0178,2023-02-19,2023-04-05,2023-04-03,28752.05,28752.05,0.0,0,PAID,PAID,MAINTENANCE,NORTH
INV-08288,CUS-0285,2024-02-04,2024-03-20,2024-03-17,922.42,922.42,0.0,0,PAID,PAID,HARDWARE,NORTH
INV-08289,CUS-0343,2022-11-02,2022-12-17,2023-01-03,10889.32,10889.32,0.0,0,PAID,PAID,HARDWARE,SOUTH
INV-08290,CUS-0491,2023-03-06,2023-04-20,2023-04-17,3161.23,3161.23,0.0,0,PAID,PAID,SOFTWARE,SOUTH
INV-08291,CUS-0413,2023-04-17,2023-06-01,2023-05-31,1698.5,1698.5,0.0,0,PAID,PAID,SERVICES,WEST
INV-08292,CUS-0441,2023-02-28,2023-03-30,2023-04-25,16248.46,16248.46,0.0,0,PAID,PAID,MAINTENANCE,SOUTH
INV-08293,CUS-0404,2022-11-28,2023-01-27,2023-01-27,672.86,672.86,0.0,0,PAID,PAID,SERVICES,SOUTH
INV-08294,CUS-0229,2022-11-04,2022-12-04,2022-12-03,1591.55,1591.55,0.0,0,PAID,PAID,MAINTENANCE,SOUTH
INV-08295,CUS-0327,2023-10-11,2023-11-10,2023-11-09,35851.64,35851.64,0.0,0,PAID,PAID,HARDWARE,EAST
INV-08296,CUS-0328,2022-10-11,2022-11-25,2022-11-24,4185.7,4185.7,0.0,0,PAID,PAID,HARDWARE,SOUTH
INV-08297,CUS-0033,2023-11-01,2023-12-01,2023-11-26,12357.52,12357.52,0.0,0,PAID,PAID,HARDWARE,WEST
INV-08298,CUS-0405,2022-09-12,2022-10-12,2022-10-10,3271.38,3271.38,0.0,0,PAID,PAID,SOFTWARE,WEST
INV-08299,CUS-0127,2023-02-18,2023-04-04,,2191.29,1511.0,680.29,362,90+,PARTIAL,HARDWARE,SOUTH
INV-08300,CUS-0255,2023-08-05,2023-09-19,,3576.26,0.0,3576.26,194,90+,OVERDUE,MAINTENANCE,SOUTH
INV-08301,CUS-0015,2022-09-24,2022-10-24,2022-10-30,2800.06,2800.06,0.0,0,PAID,PAID,MAINTENANCE,NORTH
INV-08302,CUS-0047,2022-12-20,2023-02-18,2023-02-17,2971.05,2971.05,0.0,0,PAID,PAID,SOFTWARE,EAST
INV-08303,CUS-0450,2023-04-26,2023-06-25,2023-06-24,5542.15,5542.15,0.0,0,PAID,PAID,HARDWARE,SOUTH
INV-08304,CUS-0401,2023-07-28,2023-09-11,2023-09-08,100704.36,100704.36,0.0,0,PAID,PAID,HARDWARE,SOUTH
INV-08305,CUS-0317,2023-02-18,2023-03-20,2023-03-20,599.84,599.84,0.0,0,PAID,PAID,MAINTENANCE,WEST
INV-08306,CUS-0030,2022-07-12,2022-08-11,2022-08-07,37556.84,37556.84,0.0,0,PAID,PAID,MAINTENANCE,EAST
INV-08307,CUS-0378,2022-04-25,2022-05-25,2022-05-22,25385.86,25385.86,0.0,0,PAID,PAID,SERVICES,NORTH
INV-08308,CUS-0458,2023-01-18,2023-02-17,2023-02-17,4685.89,4685.89,0.0,0,PAID,PAID,SOFTWARE,NORTH
INV-08309,CUS-0456,2023-05-01,2023-06-30,2023-06-30,11974.05,11974.05,0.0,0,PAID,PAID,SOFTWARE,SOUTH
INV-08310,CUS-0033,2023-10-09,2023-11-08,2023-11-07,7051.48,7051.48,0.0,0,PAID,PAID,SERVICES,SOUTH
INV-08311,CUS-0412,2022-07-03,2022-08-02,2022-08-31,13785.44,13785.44,0.0,0,PAID,PAID,SOFTWARE,SOUTH
INV-08312,CUS-0066,2022-06-27,2022-08-11,2022-08-28,3068.34,3068.34,0.0,0,PAID,PAID,HARDWARE,EAST
INV-08313,CUS-0123,2023-04-04,2023-05-19,2023-05-18,14072.46,14072.46,0.0,0,PAID,PAID,SERVICES,SOUTH
INV-08314,CUS-0367,2023-05-30,2023-06-29,2023-06-24,61660.37,61660.37,0.0,0,PAID,PAID,SOFTWARE,SOUTH
INV-08315,CUS-0067,2022-04-25,2022-06-24,2022-06-23,50814.42,50814.42,0.0,0,PAID,PAID,SERVICES,WEST
INV-08316,CUS-0095,2022-09-03,2022-10-03,2022-10-06,1069.42,1069.42,0.0,0,PAID,PAID,SERVICES,WEST
INV-08317,CUS-0400,2022-07-21,2022-09-04,2022-09-04,3638.44,3638.44,0.0,0,PAID,PAID,MAINTENANCE,WEST
INV-08318,CUS-0254,2022-08-28,2022-10-12,2022-10-08,740.77,740.77,0.0,0,PAID,PAID,SERVICES,WEST
INV-08319,CUS-0496,2023-03-30,2023-04-29,2023-04-29,1771.19,1771.19,0.0,0,PAID,PAID,SERVICES,NORTH
INV-08320,CUS-0405,2023-02-10,2023-03-12,2023-03-13,2293.97,2293.97,0.0,0,PAID,PAID,SERVICES,EAST
INV-08321,CUS-0346,2023-10-25,2023-12-24,2023-12-23,4548.07,4548.07,0.0,0,PAID,PAID,HARDWARE,SOUTH
INV-08322,CUS-0021,2023-03-09,2023-04-08,2023-04-04,12364.37,12364.37,0.0,0,PAID,PAID,MAINTENANCE,EAST
INV-08323,CUS-0032,2023-08-08,2023-10-07,2023-10-06,3736.58,3736.58,0.0,0,PAID,PAID,MAINTENANCE,WEST
INV-08324,CUS-0131,2024-01-12,2024-02-11,2024-02-10,695.36,695.36,0.0,0,PAID,PAID,SOFTWARE,WEST
INV-08325,CUS-0036,2023-09-28,2023-10-28,,5028.75,1559.58,3469.17,155,90+,PARTIAL,MAINTENANCE,SOUTH
INV-08326,CUS-0070,2022-04-01,2022-05-01,2022-05-22,15504.41,15504.41,0.0,0,PAID,PAID,SERVICES,NORTH
INV-08327,CUS-0391,2023-10-30,2023-12-14,2023-12-10,528.55,528.55,0.0,0,PAID,PAID,HARDWARE,WEST
INV-08328,CUS-0323,2023-09-17,2023-10-17,2023-10-15,3670.65,3670.65,0.0,0,PAID,PAID,HARDWARE,WEST
INV-08329,CUS-0218,2022-10-05,2022-12-04,2023-01-02,6899.56,6899.56,0.0,0,PAID,PAID,MAINTENANCE,WEST
INV-08330,CUS-0276,2023-12-27,2024-02-10,2024-02-26,11273.7,11273.7,0.0,0,PAID,PAID,SERVICES,WEST
INV-08331,CUS-0139,2023-08-02,2023-09-16,2023-10-03,882.41,882.41,0.0,0,PAID,PAID,SERVICES,EAST
INV-08332,CUS-0202,2022-07-24,2022-09-07,2022-09-04,6657.26,6657.26,0.0,0,PAID,PAID,MAINTENANCE,WEST
INV-08333,CUS-0005,2022-05-20,2022-07-19,2022-07-14,556.29,556.29,0.0,0,PAID,PAID,SERVICES,EAST
INV-08334,CUS-0293,2023-12-04,2024-01-18,2024-01-14,1704.17,1704.17,0.0,0,PAID,PAID,SOFTWARE,WEST
INV-08335,CUS-0091,2022-12-22,2023-01-21,2023-02-19,2467.48,2467.48,0.0,0,PAID,PAID,SOFTWARE,SOUTH
INV-08336,CUS-0081,2024-01-25,2024-02-24,2024-02-23,246.56,246.56,0.0,0,PAID,PAID,SERVICES,EAST
INV-08337,CUS-0308,2023-07-25,2023-09-08,2023-09-06,9366.07,9366.07,0.0,0,PAID,PAID,MAINTENANCE,WEST
INV-08338,CUS-0397,2023-06-04,2023-08-03,2023-07-31,7975.91,7975.91,0.0,0,PAID,PAID,SOFTWARE,EAST
INV-08339,CUS-0450,2023-04-01,2023-05-31,2023-06-25,9513.04,9513.04,0.0,0,PAID,PAID,HARDWARE,NORTH
INV-08340,CUS-0134,2023-06-21,2023-08-20,2023-08-17,345.34,345.34,0.0,0,PAID,PAID,SOFTWARE,SOUTH
INV-08341,CUS-0384,2022-08-21,2022-10-05,2022-10-01,1434.52,1434.52,0.0,0,PAID,PAID,HARDWARE,EAST
INV-08342,CUS-0317,2023-08-23,2023-09-22,2023-09-22,2140.99,2140.99,0.0,0,PAID,PAID,SOFTWARE,WEST
INV-08343,CUS-0333,2023-06-20,2023-08-19,2023-08-16,2990.17,2990.17,0.0,0,PAID,PAID,SERVICES,EAST
INV-08344,CUS-0236,2022-05-04,2022-07-03,2022-06-30,6921.9,6921.9,0.0,0,PAID,PAID,HARDWARE,WEST
INV-08345,CUS-0162,2022-11-11,2022-12-11,2023-01-08,1922.44,1922.44,0.0,0,PAID,PAID,SOFTWARE,SOUTH
INV-08346,CUS-0129,2022-10-06,2022-11-05,2022-11-01,5017.01,5017.01,0.0,0,PAID,PAID,SERVICES,NORTH
INV-08347,CUS-0125,2024-03-05,2024-04-19,2024-04-17,286.19,286.19,0.0,0,PAID,PAID,SERVICES,SOUTH
INV-08348,CUS-0166,2022-10-10,2022-11-24,2022-11-27,1274.75,1274.75,0.0,0,PAID,PAID,MAINTENANCE,EAST
INV-08349,CUS-0451,2024-03-06,2024-04-20,2024-04-18,10463.81,10463.81,0.0,0,PAID,PAID,MAINTENANCE,EAST
INV-08350,CUS-0378,2023-04-17,2023-05-17,2023-05-16,52358.16,52358.16,0.0,0,PAID,PAID,HARDWARE,NORTH
INV-08351,CUS-0235,2022-11-04,2022-12-19,2023-01-13,2263.25,2263.25,0.0,0,PAID,PAID,HARDWARE,EAST
INV-08352,CUS-0273,2022-11-17,2022-12-17,2022-12-15,7034.8,7034.8,0.0,0,PAID,PAID,SERVICES,WEST
INV-08353,CUS-0102,2023-04-04,2023-06-03,2023-05-29,1238.66,1238.66,0.0,0,PAID,PAID,SERVICES,NORTH
INV-08354,CUS-0129,2022-10-03,2022-11-02,2022-11-02,21249.48,21249.48,0.0,0,PAID,PAID,HARDWARE,WEST
INV-08355,CUS-0468,2023-09-11,2023-10-11,2023-10-08,6422.71,6422.71,0.0,0,PAID,PAID,HARDWARE,EAST
INV-08356,CUS-0043,2023-06-12,2023-07-12,,13441.34,0.0,13441.34,263,90+,OVERDUE,MAINTENANCE,WEST
INV-08357,CUS-0127,2024-02-14,2024-03-30,2024-04-25,10472.97,10472.97,0.0,0,PAID,PAID,SOFTWARE,EAST
INV-08358,CUS-0148,2022-05-29,2022-07-28,2022-08-10,18750.98,18750.98,0.0,0,PAID,PAID,MAINTENANCE,NORTH
INV-08359,CUS-0249,2023-09-28,2023-10-28,2023-10-27,2102.14,2102.14,0.0,0,PAID,PAID,MAINTENANCE,WEST
INV-08360,CUS-0187,2023-11-03,2023-12-03,2023-12-01,6528.69,6528.69,0.0,0,PAID,PAID,SERVICES,WEST
INV-08361,CUS-0288,2023-04-17,2023-06-16,2023-06-15,3397.04,3397.04,0.0,0,PAID,PAID,SERVICES,SOUTH
INV-08362,CUS-0485,2024-03-20,2024-05-19,2024-05-18,42371.3,42371.3,0.0,0,PAID,PAID,SOFTWARE,SOUTH
INV-08363,CUS-0042,2022-08-27,2022-10-26,2022-10-22,30193.4,30193.4,0.0,0,PAID,PAID,MAINTENANCE,WEST
INV-08364,CUS-0444,2023-04-02,2023-06-01,2023-06-19,3798.35,3798.35,0.0,0,PAID,PAID,HARDWARE,WEST
INV-08365,CUS-0418,2022-11-01,2022-12-01,2022-12-01,3852.53,3852.53,0.0,0,PAID,PAID,SERVICES,NORTH
INV-08366,CUS-0276,2023-01-17,2023-03-03,2023-03-10,6431.78,6431.78,0.0,0,PAID,PAID,MAINTENANCE,SOUTH
INV-08367,CUS-0494,2022-08-18,2022-10-17,2022-10-26,10573.57,10573.57,0.0,0,PAID,PAID,SERVICES,NORTH
INV-08368,CUS-0201,2023-07-27,2023-09-10,,1692.36,771.95,920.41,203,90+,PARTIAL,SOFTWARE,WEST
INV-08369,CUS-0472,2024-02-26,2024-03-27,2024-03-26,669.85,669.85,0.0,0,PAID,PAID,SOFTWARE,SOUTH
INV-08370,CUS-0260,2022-07-07,2022-08-21,2022-09-13,1689.4,1689.4,0.0,0,PAID,PAID,SERVICES,EAST
INV-08371,CUS-0312,2023-10-08,2023-11-22,2023-11-25,102318.42,102318.42,0.0,0,PAID,PAID,SOFTWARE,NORTH
INV-08372,CUS-0151,2022-10-19,2022-11-18,2022-11-13,3652.6,3652.6,0.0,0,PAID,PAID,SERVICES,EAST
INV-08373,CUS-0217,2023-10-13,2023-12-12,2023-12-08,6887.97,6887.97,0.0,0,PAID,PAID,HARDWARE,NORTH
INV-08374,CUS-0120,2022-05-28,2022-07-12,2022-07-09,426.69,426.69,0.0,0,PAID,PAID,MAINTENANCE,WEST
INV-08375,CUS-0345,2023-07-07,2023-09-05,2023-09-07,4655.64,4655.64,0.0,0,PAID,PAID,MAINTENANCE,SOUTH
INV-08376,CUS-0258,2022-10-08,2022-11-07,2022-11-03,3317.64,3317.64,0.0,0,PAID,PAID,SOFTWARE,WEST
INV-08377,CUS-0185,2024-01-05,2024-03-05,2024-03-17,615.22,615.22,0.0,0,PAID,PAID,HARDWARE,NORTH
INV-08378,CUS-0025,2023-06-14,2023-07-14,2023-07-11,10637.67,10637.67,0.0,0,PAID,PAID,MAINTENANCE,WEST
INV-08379,CUS-0166,2022-07-03,2022-08-17,,2202.86,1539.16,663.7,592,90+,PARTIAL,SERVICES,SOUTH
INV-08380,CUS-0111,2022-09-26,2022-11-10,2022-12-04,4752.99,4752.99,0.0,0,PAID,PAID,SOFTWARE,EAST
INV-08381,CUS-0402,2023-07-07,2023-08-06,2023-08-21,530.45,530.45,0.0,0,PAID,PAID,HARDWARE,WEST
INV-08382,CUS-0331,2022-11-30,2023-01-29,2023-01-26,6142.21,6142.21,0.0,0,PAID,PAID,HARDWARE,SOUTH
INV-08383,CUS-0135,2023-09-26,2023-10-26,2023-10-24,63234.78,63234.78,0.0,0,PAID,PAID,SERVICES,EAST
INV-08384,CUS-0231,2024-02-05,2024-03-06,2024-03-24,2619.58,2619.58,0.0,0,PAID,PAID,SERVICES,EAST
INV-08385,CUS-0087,2022-08-16,2022-09-15,2022-09-10,249.38,249.38,0.0,0,PAID,PAID,SOFTWARE,WEST
INV-08386,CUS-0079,2022-06-03,2022-07-03,2022-07-01,293.5,293.5,0.0,0,PAID,PAID,HARDWARE,SOUTH
INV-08387,CUS-0387,2022-08-17,2022-09-16,2022-09-14,8497.86,8497.86,0.0,0,PAID,PAID,MAINTENANCE,WEST
INV-08388,CUS-0120,2022-08-28,2022-10-12,2022-10-09,10212.71,10212.71,0.0,0,PAID,PAID,MAINTENANCE,SOUTH
INV-08389,CUS-0380,2023-07-31,2023-09-14,,3125.36,0.0,3125.36,199,90+,OVERDUE,SERVICES,NORTH
INV-08390,CUS-0124,2022-11-15,2022-12-30,2022-12-29,1384.92,1384.92,0.0,0,PAID,PAID,SERVICES,NORTH
INV-08391,CUS-0421,2023-10-17,2023-12-16,2024-01-07,21851.13,21851.13,0.0,0,PAID,PAID,SERVICES,EAST
INV-08392,CUS-0498,2023-10-19,2023-12-18,2023-12-17,647.32,647.32,0.0,0,PAID,PAID,MAINTENANCE,NORTH
INV-08393,CUS-0217,2022-08-27,2022-10-26,2022-10-24,3896.54,3896.54,0.0,0,PAID,PAID,SERVICES,EAST
INV-08394,CUS-0254,2023-07-06,2023-08-20,2023-08-17,2230.98,2230.98,0.0,0,PAID,PAID,HARDWARE,NORTH
INV-08395,CUS-0315,2023-06-10,2023-08-09,2023-08-04,2324.91,2324.91,0.0,0,PAID,PAID,SOFTWARE,WEST
INV-08396,CUS-0017,2023-06-06,2023-08-05,,1714.95,0.0,1714.95,239,90+,OVERDUE,MAINTENANCE,EAST
INV-08397,CUS-0419,2022-07-11,2022-09-09,,2535.69,0.0,2535.69,569,90+,OVERDUE,SOFTWARE,NORTH
INV-08398,CUS-0077,2024-03-25,2024-05-24,,255.19,0.0,255.19,0,CURRENT,OVERDUE,MAINTENANCE,NORTH
INV-08399,CUS-0413,2022-11-24,2023-01-08,2023-01-04,2332.31,2332.31,0.0,0,PAID,PAID,SOFTWARE,NORTH
INV-08400,CUS-0234,2022-10-01,2022-10-31,2022-10-27,1952.16,1952.16,0.0,0,PAID,PAID,HARDWARE,NORTH
INV-08401,CUS-0022,2022-07-13,2022-09-11,2022-09-08,6152.76,6152.76,0.0,0,PAID,PAID,MAINTENANCE,NORTH
INV-08402,CUS-0129,2023-07-03,2023-08-02,2023-08-02,9775.36,9775.36,0.0,0,PAID,PAID,SOFTWARE,SOUTH
INV-08403,CUS-0224,2023-06-18,2023-07-18,,4200.98,0.0,4200.98,257,90+,OVERDUE,MAINTENANCE,WEST
INV-08404,CUS-0401,2023-01-12,2023-02-26,2023-02-23,7945.65,7945.65,0.0,0,PAID,PAID,SERVICES,WEST
INV-08405,CUS-0148,2022-06-08,2022-08-07,2022-08-04,22973.86,22973.86,0.0,0,PAID,PAID,MAINTENANCE,NORTH
INV-08406,CUS-0320,2022-12-04,2023-02-02,2023-01-30,5317.08,5317.08,0.0,0,PAID,PAID,MAINTENANCE,WEST
INV-08407,CUS-0219,2022-12-16,2023-02-14,2023-02-22,3663.55,3663.55,0.0,0,PAID,PAID,SOFTWARE,WEST
INV-08408,CUS-0067,2022-06-26,2022-08-25,,5364.85,1865.64,3499.21,584,90+,PARTIAL,HARDWARE,SOUTH
INV-08409,CUS-0170,2022-06-07,2022-07-22,2022-07-19,1890.49,1890.49,0.0,0,PAID,PAID,SOFTWARE,EAST
INV-08410,CUS-0391,2022-11-23,2023-01-07,2023-01-03,998.22,998.22,0.0,0,PAID,PAID,SERVICES,WEST
INV-08411,CUS-0179,2023-06-30,2023-08-29,2023-08-27,22178.6,22178.6,0.0,0,PAID,PAID,MAINTENANCE,WEST
INV-08412,CUS-0331,2022-04-30,2022-06-29,2022-06-28,2943.52,2943.52,0.0,0,PAID,PAID,MAINTENANCE,EAST
INV-08413,CUS-0051,2024-03-22,2024-05-06,,1732.77,1076.3,656.47,0,CURRENT,PARTIAL,SERVICES,EAST
INV-08414,CUS-0153,2022-10-14,2022-12-13,2022-12-12,3864.63,3864.63,0.0,0,PAID,PAID,HARDWARE,WEST
INV-08415,CUS-0163,2022-05-20,2022-07-19,2022-07-15,1425.17,1425.17,0.0,0,PAID,PAID,HARDWARE,NORTH
INV-08416,CUS-0237,2023-08-09,2023-09-23,2023-10-13,3811.53,3811.53,0.0,0,PAID,PAID,SOFTWARE,EAST
INV-08417,CUS-0456,2022-10-20,2022-12-19,2022-12-19,2421.28,2421.28,0.0,0,PAID,PAID,SOFTWARE,NORTH
INV-08418,CUS-0202,2022-12-21,2023-02-04,2023-02-01,2797.43,2797.43,0.0,0,PAID,PAID,SERVICES,NORTH
INV-08419,CUS-0269,2023-02-20,2023-04-06,2023-04-03,2063.29,2063.29,0.0,0,PAID,PAID,MAINTENANCE,WEST
INV-08420,CUS-0444,2023-03-20,2023-05-19,2023-05-19,3650.84,3650.84,0.0,0,PAID,PAID,SOFTWARE,SOUTH
INV-08421,CUS-0178,2023-05-12,2023-06-26,2023-06-24,42993.73,42993.73,0.0,0,PAID,PAID,SOFTWARE,EAST
INV-08422,CUS-0439,2022-04-23,2022-06-07,2022-07-06,4274.74,4274.74,0.0,0,PAID,PAID,HARDWARE,EAST
INV-08423,CUS-0256,2022-07-21,2022-09-19,2022-09-14,571.53,571.53,0.0,0,PAID,PAID,SERVICES,SOUTH
INV-08424,CUS-0202,2024-02-23,2024-04-08,2024-04-05,1267.66,1267.66,0.0,0,PAID,PAID,HARDWARE,SOUTH
INV-08425,CUS-0237,2022-05-18,2022-07-02,2022-06-27,2299.91,2299.91,0.0,0,PAID,PAID,SOFTWARE,SOUTH
INV-08426,CUS-0227,2023-10-20,2023-11-19,2023-11-17,5388.56,5388.56,0.0,0,PAID,PAID,MAINTENANCE,EAST
INV-08427,CUS-0364,2023-06-13,2023-08-12,2023-08-08,17768.88,17768.88,0.0,0,PAID,PAID,SERVICES,EAST
INV-08428,CUS-0098,2023-01-28,2023-02-27,2023-02-24,444.63,444.63,0.0,0,PAID,PAID,HARDWARE,WEST
INV-08429,CUS-0463,2023-07-18,2023-09-16,,19124.24,12172.45,6951.79,197,90+,PARTIAL,SERVICES,NORTH
INV-08430,CUS-0027,2022-11-27,2022-12-27,2023-01-06,34978.87,34978.87,0.0,0,PAID,PAID,HARDWARE,NORTH
INV-08431,CUS-0434,2022-12-07,2023-01-06,2023-01-04,3070.96,3070.96,0.0,0,PAID,PAID,HARDWARE,WEST
INV-08432,CUS-0426,2023-05-24,2023-07-08,2023-07-29,383.93,383.93,0.0,0,PAID,PAID,MAINTENANCE,EAST
INV-08433,CUS-0232,2023-12-28,2024-01-27,2024-01-22,1537.67,1537.67,0.0,0,PAID,PAID,MAINTENANCE,EAST
INV-08434,CUS-0105,2022-06-10,2022-07-25,2022-07-20,771.37,771.37,0.0,0,PAID,PAID,HARDWARE,SOUTH
INV-08435,CUS-0121,2024-02-01,2024-03-17,2024-03-13,9373.88,9373.88,0.0,0,PAID,PAID,SERVICES,WEST
INV-08436,CUS-0058,2022-09-30,2022-11-29,2022-12-13,2635.56,2635.56,0.0,0,PAID,PAID,SERVICES,EAST
INV-08437,CUS-0405,2023-02-26,2023-03-28,2023-03-24,1003.35,1003.35,0.0,0,PAID,PAID,SOFTWARE,NORTH
INV-08438,CUS-0280,2022-07-30,2022-09-28,2022-09-26,1067.18,1067.18,0.0,0,PAID,PAID,SOFTWARE,EAST
INV-08439,CUS-0241,2023-09-14,2023-11-13,2023-11-11,453.49,453.49,0.0,0,PAID,PAID,MAINTENANCE,SOUTH
INV-08440,CUS-0083,2022-09-23,2022-10-23,,20811.58,11625.51,9186.07,525,90+,PARTIAL,MAINTENANCE,NORTH
INV-08441,CUS-0185,2022-06-24,2022-08-23,,3291.17,1313.91,1977.26,586,90+,PARTIAL,SERVICES,WEST
INV-08442,CUS-0088,2022-12-08,2023-01-07,2023-01-07,10036.27,10036.27,0.0,0,PAID,PAID,SOFTWARE,EAST
INV-08443,CUS-0052,2023-11-04,2024-01-03,2024-01-01,14201.02,14201.02,0.0,0,PAID,PAID,HARDWARE,EAST
INV-08444,CUS-0475,2022-05-01,2022-06-15,2022-06-11,1050.9,1050.9,0.0,0,PAID,PAID,SOFTWARE,EAST
INV-08445,CUS-0387,2023-01-09,2023-02-08,2023-03-02,15701.98,15701.98,0.0,0,PAID,PAID,SERVICES,EAST
INV-08446,CUS-0074,2022-08-18,2022-09-17,2022-09-17,43870.75,43870.75,0.0,0,PAID,PAID,SOFTWARE,NORTH
INV-08447,CUS-0188,2022-08-15,2022-09-29,,1164.29,657.53,506.76,549,90+,PARTIAL,MAINTENANCE,NORTH
INV-08448,CUS-0270,2024-01-14,2024-03-14,2024-03-09,1354.41,1354.41,0.0,0,PAID,PAID,SERVICES,WEST
INV-08449,CUS-0437,2022-10-21,2022-12-20,2022-12-19,25522.33,25522.33,0.0,0,PAID,PAID,SERVICES,SOUTH
INV-08450,CUS-0149,2024-03-04,2024-04-18,2024-04-16,10058.68,10058.68,0.0,0,PAID,PAID,SERVICES,WEST
INV-08451,CUS-0117,2023-09-13,2023-10-13,2023-10-09,3157.24,3157.24,0.0,0,PAID,PAID,SERVICES,EAST
INV-08452,CUS-0025,2023-10-15,2023-11-14,2023-11-09,4288.4,4288.4,0.0,0,PAID,PAID,SERVICES,EAST
INV-08453,CUS-0099,2022-06-17,2022-08-01,2022-07-31,29982.98,29982.98,0.0,0,PAID,PAID,SOFTWARE,NORTH
INV-08454,CUS-0498,2023-03-11,2023-05-10,2023-05-12,300.74,300.74,0.0,0,PAID,PAID,MAINTENANCE,WEST
INV-08455,CUS-0028,2022-04-16,2022-05-31,2022-05-29,7407.12,7407.12,0.0,0,PAID,PAID,SOFTWARE,NORTH
INV-08456,CUS-0161,2022-06-20,2022-08-19,2022-08-17,47432.19,47432.19,0.0,0,PAID,PAID,SOFTWARE,SOUTH
INV-08457,CUS-0438,2023-10-07,2023-11-21,,7151.17,0.0,7151.17,131,90+,OVERDUE,SOFTWARE,NORTH
INV-08458,CUS-0427,2023-12-15,2024-02-13,2024-03-06,1424.27,1424.27,0.0,0,PAID,PAID,SERVICES,EAST
INV-08459,CUS-0229,2022-04-25,2022-05-25,2022-06-18,12136.79,12136.79,0.0,0,PAID,PAID,MAINTENANCE,SOUTH
INV-08460,CUS-0107,2023-12-04,2024-01-18,2024-01-16,2783.88,2783.88,0.0,0,PAID,PAID,MAINTENANCE,EAST
INV-08461,CUS-0162,2024-01-03,2024-02-02,2024-02-01,852.66,852.66,0.0,0,PAID,PAID,SOFTWARE,SOUTH
INV-08462,CUS-0076,2022-10-13,2022-12-12,2022-12-12,4164.58,4164.58,0.0,0,PAID,PAID,SERVICES,NORTH
INV-08463,CUS-0442,2023-05-21,2023-07-05,2023-07-23,6717.46,6717.46,0.0,0,PAID,PAID,MAINTENANCE,SOUTH
INV-08464,CUS-0347,2023-11-27,2023-12-27,2024-01-15,4608.86,4608.86,0.0,0,PAID,PAID,SERVICES,WEST
INV-08465,CUS-0428,2022-11-18,2023-01-02,2022-12-29,9096.46,9096.46,0.0,0,PAID,PAID,SOFTWARE,WEST
INV-08466,CUS-0229,2022-12-19,2023-01-18,2023-01-18,6547.26,6547.26,0.0,0,PAID,PAID,MAINTENANCE,EAST
INV-08467,CUS-0428,2023-01-06,2023-02-20,2023-02-15,3718.45,3718.45,0.0,0,PAID,PAID,HARDWARE,WEST
INV-08468,CUS-0167,2022-11-14,2022-12-14,2022-12-11,2928.27,2928.27,0.0,0,PAID,PAID,SOFTWARE,EAST
INV-08469,CUS-0204,2023-01-05,2023-02-19,2023-02-20,4324.39,4324.39,0.0,0,PAID,PAID,SOFTWARE,SOUTH
INV-08470,CUS-0220,2022-07-03,2022-08-02,2022-07-29,27478.7,27478.7,0.0,0,PAID,PAID,MAINTENANCE,EAST
INV-08471,CUS-0102,2022-12-17,2023-02-15,,1224.01,393.37,830.64,410,90+,PARTIAL,HARDWARE,SOUTH
INV-08472,CUS-0285,2022-12-17,2023-01-31,2023-01-29,3414.08,3414.08,0.0,0,PAID,PAID,SOFTWARE,NORTH
INV-08473,CUS-0313,2022-04-12,2022-06-11,2022-06-07,4727.8,4727.8,0.0,0,PAID,PAID,HARDWARE,WEST
INV-08474,CUS-0147,2023-10-01,2023-11-30,2023-11-30,224.62,224.62,0.0,0,PAID,PAID,MAINTENANCE,EAST
INV-08475,CUS-0254,2022-07-06,2022-08-20,2022-08-17,9374.35,9374.35,0.0,0,PAID,PAID,SOFTWARE,SOUTH
INV-08476,CUS-0350,2022-09-07,2022-11-06,2022-11-01,32188.33,32188.33,0.0,0,PAID,PAID,SERVICES,EAST
INV-08477,CUS-0469,2023-01-14,2023-02-28,2023-03-08,2443.69,2443.69,0.0,0,PAID,PAID,HARDWARE,WEST
INV-08478,CUS-0340,2023-03-25,2023-05-24,,2658.47,1491.64,1166.83,312,90+,PARTIAL,HARDWARE,NORTH
INV-08479,CUS-0271,2023-08-20,2023-09-19,2023-09-19,415.23,415.23,0.0,0,PAID,PAID,SOFTWARE,WEST
INV-08480,CUS-0282,2022-10-03,2022-12-02,,8550.86,4653.12,3897.74,485,90+,PARTIAL,HARDWARE,WEST
INV-08481,CUS-0248,2024-02-07,2024-03-08,2024-03-03,35679.26,35679.26,0.0,0,PAID,PAID,SERVICES,SOUTH
INV-08482,CUS-0182,2023-01-05,2023-03-06,2023-03-01,12585.9,12585.9,0.0,0,PAID,PAID,MAINTENANCE,WEST
INV-08483,CUS-0067,2023-07-25,2023-09-23,2023-09-26,12782.75,12782.75,0.0,0,PAID,PAID,HARDWARE,WEST
INV-08484,CUS-0261,2022-10-25,2022-12-24,2022-12-21,5115.19,5115.19,0.0,0,PAID,PAID,SERVICES,WEST
INV-08485,CUS-0176,2023-01-28,2023-03-14,2023-03-09,5774.97,5774.97,0.0,0,PAID,PAID,HARDWARE,SOUTH
INV-08486,CUS-0251,2023-09-25,2023-11-24,,15248.79,10070.85,5177.94,128,90+,PARTIAL,SOFTWARE,NORTH
INV-08487,CUS-0168,2023-06-14,2023-08-13,2023-08-13,758.36,758.36,0.0,0,PAID,PAID,MAINTENANCE,NORTH
INV-08488,CUS-0395,2022-07-28,2022-09-11,2022-09-09,3708.55,3708.55,0.0,0,PAID,PAID,SOFTWARE,NORTH
INV-08489,CUS-0310,2022-06-20,2022-08-04,2022-08-01,13658.98,13658.98,0.0,0,PAID,PAID,SERVICES,NORTH
INV-08490,CUS-0305,2022-06-14,2022-07-29,,642.3,375.45,266.85,611,90+,PARTIAL,SERVICES,SOUTH
INV-08491,CUS-0112,2023-11-24,2024-01-23,2024-02-10,6821.37,6821.37,0.0,0,PAID,PAID,MAINTENANCE,NORTH
INV-08492,CUS-0326,2022-09-05,2022-11-04,2022-10-30,9398.65,9398.65,0.0,0,PAID,PAID,SOFTWARE,NORTH
INV-08493,CUS-0156,2022-10-10,2022-12-09,2022-12-08,21122.79,21122.79,0.0,0,PAID,PAID,SOFTWARE,EAST
INV-08494,CUS-0283,2023-06-26,2023-07-26,2023-07-24,21679.51,21679.51,0.0,0,PAID,PAID,SERVICES,WEST
INV-08495,CUS-0230,2022-11-04,2022-12-19,2022-12-19,5521.73,5521.73,0.0,0,PAID,PAID,MAINTENANCE,NORTH
INV-08496,CUS-0341,2022-10-03,2022-11-02,2022-10-28,19627.88,19627.88,0.0,0,PAID,PAID,SOFTWARE,WEST
INV-08497,CUS-0209,2023-03-21,2023-04-20,2023-04-16,2163.96,2163.96,0.0,0,PAID,PAID,SOFTWARE,NORTH
INV-08498,CUS-0178,2023-12-12,2024-01-26,2024-01-26,43617.08,43617.08,0.0,0,PAID,PAID,HARDWARE,NORTH
INV-08499,CUS-0315,2022-05-10,2022-07-09,2022-07-05,4107.25,4107.25,0.0,0,PAID,PAID,HARDWARE,EAST
INV-08500,CUS-0187,2023-10-31,2023-11-30,2023-11-26,2426.08,2426.08,0.0,0,PAID,PAID,HARDWARE,NORTH
INV-08501,CUS-0216,2023-01-17,2023-03-18,2023-03-13,38212.89,38212.89,0.0,0,PAID,PAID,SERVICES,WEST
INV-08502,CUS-0396,2022-04-13,2022-05-28,2022-05-23,51133.74,51133.74,0.0,0,PAID,PAID,MAINTENANCE,EAST
INV-08503,CUS-0243,2022-11-08,2022-12-23,2023-01-04,1199.41,1199.41,0.0,0,PAID,PAID,MAINTENANCE,NORTH
INV-08504,CUS-0234,2023-01-15,2023-02-14,2023-02-13,30679.79,30679.79,0.0,0,PAID,PAID,MAINTENANCE,WEST
INV-08505,CUS-0255,2023-07-02,2023-08-16,,1508.85,905.53,603.32,228,90+,PARTIAL,SERVICES,WEST
INV-08506,CUS-0285,2023-03-05,2023-04-19,2023-04-22,1501.12,1501.12,0.0,0,PAID,PAID,HARDWARE,SOUTH
INV-08507,CUS-0251,2023-12-20,2024-02-18,2024-02-14,6361.81,6361.81,0.0,0,PAID,PAID,MAINTENANCE,EAST
INV-08508,CUS-0428,2023-10-02,2023-11-16,2023-11-16,1123.97,1123.97,0.0,0,PAID,PAID,HARDWARE,EAST
INV-08509,CUS-0044,2023-04-07,2023-05-07,,822.04,310.27,511.77,329,90+,PARTIAL,SOFTWARE,NORTH
INV-08510,CUS-0263,2023-11-28,2024-01-27,2024-01-23,1379.31,1379.31,0.0,0,PAID,PAID,SOFTWARE,NORTH
INV-08511,CUS-0096,2023-04-19,2023-05-19,2023-05-19,103080.16,103080.16,0.0,0,PAID,PAID,HARDWARE,SOUTH
INV-08512,CUS-0019,2024-03-17,2024-04-16,,29223.62,0.0,29223.62,0,CURRENT,OVERDUE,MAINTENANCE,EAST
INV-08513,CUS-0050,2022-05-24,2022-07-08,2022-07-05,2276.51,2276.51,0.0,0,PAID,PAID,SERVICES,SOUTH
INV-08514,CUS-0298,2022-11-23,2022-12-23,,2403.91,1480.71,923.2,464,90+,PARTIAL,HARDWARE,WEST
INV-08515,CUS-0384,2022-09-23,2022-11-07,2022-11-06,7614.35,7614.35,0.0,0,PAID,PAID,SERVICES,NORTH
INV-08516,CUS-0194,2023-07-03,2023-08-02,2023-08-01,2609.65,2609.65,0.0,0,PAID,PAID,SOFTWARE,NORTH
INV-08517,CUS-0323,2022-10-29,2022-11-28,2022-11-26,1495.48,1495.48,0.0,0,PAID,PAID,SOFTWARE,NORTH
INV-08518,CUS-0133,2022-05-07,2022-06-21,2022-06-20,10636.59,10636.59,0.0,0,PAID,PAID,MAINTENANCE,SOUTH
INV-08519,CUS-0419,2022-08-03,2022-10-02,,1139.75,589.97,549.78,546,90+,PARTIAL,HARDWARE,EAST
INV-08520,CUS-0192,2023-05-21,2023-06-20,2023-07-17,16039.9,16039.9,0.0,0,PAID,PAID,HARDWARE,WEST
INV-08521,CUS-0472,2022-07-23,2022-08-22,2022-08-20,1361.73,1361.73,0.0,0,PAID,PAID,HARDWARE,EAST
INV-08522,CUS-0259,2022-12-02,2023-01-16,2023-01-15,852.8,852.8,0.0,0,PAID,PAID,HARDWARE,WEST
INV-08523,CUS-0497,2023-04-28,2023-05-28,2023-06-22,21138.8,21138.8,0.0,0,PAID,PAID,MAINTENANCE,WEST
INV-08524,CUS-0365,2022-04-04,2022-05-19,2022-05-18,5078.15,5078.15,0.0,0,PAID,PAID,MAINTENANCE,NORTH
INV-08525,CUS-0499,2022-08-13,2022-10-12,2022-10-12,2470.18,2470.18,0.0,0,PAID,PAID,HARDWARE,WEST
INV-08526,CUS-0107,2023-09-16,2023-10-31,2023-11-08,1906.1,1906.1,0.0,0,PAID,PAID,SERVICES,SOUTH
INV-08527,CUS-0493,2022-06-11,2022-07-11,2022-07-08,2756.05,2756.05,0.0,0,PAID,PAID,MAINTENANCE,SOUTH
INV-08528,CUS-0060,2023-11-02,2023-12-02,2023-12-02,36500.72,36500.72,0.0,0,PAID,PAID,MAINTENANCE,NORTH
INV-08529,CUS-0128,2024-02-25,2024-04-25,2024-04-21,756.59,756.59,0.0,0,PAID,PAID,MAINTENANCE,EAST
INV-08530,CUS-0403,2022-12-17,2023-01-31,,129557.77,0.0,129557.77,425,90+,OVERDUE,SERVICES,NORTH
INV-08531,CUS-0284,2023-02-05,2023-03-22,2023-03-21,2773.64,2773.64,0.0,0,PAID,PAID,SERVICES,EAST
INV-08532,CUS-0250,2022-10-13,2022-11-12,2022-11-10,7524.63,7524.63,0.0,0,PAID,PAID,SOFTWARE,WEST
INV-08533,CUS-0092,2023-04-14,2023-05-14,,4204.5,1837.86,2366.64,322,90+,PARTIAL,SERVICES,WEST
INV-08534,CUS-0447,2023-09-02,2023-10-17,2023-10-14,2599.5,2599.5,0.0,0,PAID,PAID,MAINTENANCE,WEST
INV-08535,CUS-0433,2024-03-17,2024-04-16,2024-05-05,564.13,564.13,0.0,0,PAID,PAID,SERVICES,NORTH
INV-08536,CUS-0242,2022-11-10,2022-12-10,2022-12-07,2344.37,2344.37,0.0,0,PAID,PAID,HARDWARE,SOUTH
INV-08537,CUS-0272,2024-02-01,2024-03-17,,1600.96,897.06,703.9,14,CURRENT,PARTIAL,MAINTENANCE,NORTH
INV-08538,CUS-0383,2022-08-30,2022-09-29,2022-09-24,1773.68,1773.68,0.0,0,PAID,PAID,HARDWARE,EAST
INV-08539,CUS-0422,2022-06-04,2022-07-19,2022-07-14,1516.43,1516.43,0.0,0,PAID,PAID,HARDWARE,EAST
INV-08540,CUS-0316,2023-08-02,2023-09-16,2023-09-29,1990.75,1990.75,0.0,0,PAID,PAID,SOFTWARE,SOUTH
INV-08541,CUS-0107,2024-01-31,2024-03-16,2024-03-14,1362.41,1362.41,0.0,0,PAID,PAID,MAINTENANCE,WEST
INV-08542,CUS-0088,2023-03-31,2023-04-30,2023-04-26,47694.17,47694.17,0.0,0,PAID,PAID,MAINTENANCE,NORTH
INV-08543,CUS-0300,2022-12-10,2023-01-09,2023-01-04,1160.57,1160.57,0.0,0,PAID,PAID,SERVICES,SOUTH
INV-08544,CUS-0138,2023-06-24,2023-08-08,2023-08-04,8496.27,8496.27,0.0,0,PAID,PAID,SERVICES,NORTH
INV-08545,CUS-0321,2023-02-23,2023-03-25,2023-03-20,508.58,508.58,0.0,0,PAID,PAID,HARDWARE,WEST
INV-08546,CUS-0332,2022-12-20,2023-02-18,2023-02-14,1888.39,1888.39,0.0,0,PAID,PAID,HARDWARE,EAST
INV-08547,CUS-0281,2024-03-03,2024-05-02,2024-05-24,17054.8,17054.8,0.0,0,PAID,PAID,SOFTWARE,NORTH
INV-08548,CUS-0013,2022-10-09,2022-11-08,2022-11-08,1153.41,1153.41,0.0,0,PAID,PAID,SOFTWARE,EAST
INV-08549,CUS-0193,2023-09-10,2023-10-25,2023-11-13,1194.86,1194.86,0.0,0,PAID,PAID,SOFTWARE,WEST
INV-08550,CUS-0150,2023-03-21,2023-05-05,2023-05-01,2109.68,2109.68,0.0,0,PAID,PAID,HARDWARE,WEST
INV-08551,CUS-0123,2022-08-26,2022-10-10,2022-10-09,243.41,243.41,0.0,0,PAID,PAID,SERVICES,WEST
INV-08552,CUS-0095,2023-02-22,2023-03-24,2023-03-19,3256.1,3256.1,0.0,0,PAID,PAID,SERVICES,NORTH
INV-08553,CUS-0105,2023-07-19,2023-09-02,2023-09-01,564.35,564.35,0.0,0,PAID,PAID,HARDWARE,WEST
INV-08554,CUS-0264,2024-01-12,2024-02-11,2024-02-07,2075.3,2075.3,0.0,0,PAID,PAID,MAINTENANCE,EAST
INV-08555,CUS-0064,2022-11-30,2022-12-30,2022-12-26,12521.3,12521.3,0.0,0,PAID,PAID,SOFTWARE,SOUTH
INV-08556,CUS-0030,2023-06-09,2023-07-09,2023-07-04,3508.51,3508.51,0.0,0,PAID,PAID,SERVICES,WEST
INV-08557,CUS-0201,2022-10-12,2022-11-26,2022-12-17,1156.14,1156.14,0.0,0,PAID,PAID,SOFTWARE,EAST
INV-08558,CUS-0291,2023-03-11,2023-05-10,2023-05-09,115361.31,115361.31,0.0,0,PAID,PAID,HARDWARE,EAST
INV-08559,CUS-0107,2023-05-14,2023-06-28,2023-06-27,4581.84,4581.84,0.0,0,PAID,PAID,MAINTENANCE,SOUTH
INV-08560,CUS-0061,2023-01-20,2023-03-21,2023-03-28,8307.57,8307.57,0.0,0,PAID,PAID,SOFTWARE,NORTH
INV-08561,CUS-0309,2023-03-17,2023-05-16,2023-05-16,9819.74,9819.74,0.0,0,PAID,PAID,SOFTWARE,WEST
INV-08562,CUS-0058,2023-09-26,2023-11-25,,270.86,0.0,270.86,127,90+,OVERDUE,SOFTWARE,EAST
INV-08563,CUS-0206,2023-07-12,2023-08-26,2023-08-26,89197.5,89197.5,0.0,0,PAID,PAID,MAINTENANCE,EAST
INV-08564,CUS-0382,2023-03-15,2023-05-14,2023-05-29,294.91,294.91,0.0,0,PAID,PAID,MAINTENANCE,EAST
INV-08565,CUS-0345,2023-03-18,2023-05-17,2023-05-16,22597.23,22597.23,0.0,0,PAID,PAID,SERVICES,WEST
INV-08566,CUS-0462,2023-09-15,2023-11-14,2023-11-12,517.99,517.99,0.0,0,PAID,PAID,HARDWARE,WEST
INV-08567,CUS-0105,2023-02-06,2023-03-23,2023-03-21,1947.4,1947.4,0.0,0,PAID,PAID,HARDWARE,WEST
INV-08568,CUS-0226,2023-10-29,2023-11-28,2023-11-23,19789.83,19789.83,0.0,0,PAID,PAID,SOFTWARE,EAST
INV-08569,CUS-0209,2023-06-06,2023-07-06,2023-07-03,526.12,526.12,0.0,0,PAID,PAID,HARDWARE,EAST
INV-08570,CUS-0129,2023-08-28,2023-09-27,2023-09-25,1716.09,1716.09,0.0,0,PAID,PAID,MAINTENANCE,EAST
INV-08571,CUS-0273,2023-12-25,2024-01-24,2024-01-24,873.35,873.35,0.0,0,PAID,PAID,MAINTENANCE,WEST
INV-08572,CUS-0394,2022-08-02,2022-09-16,2022-09-13,676.55,676.55,0.0,0,PAID,PAID,SERVICES,NORTH
INV-08573,CUS-0322,2024-03-16,2024-04-30,2024-04-29,29364.48,29364.48,0.0,0,PAID,PAID,HARDWARE,SOUTH
INV-08574,CUS-0239,2023-05-23,2023-07-07,2023-07-04,23396.52,23396.52,0.0,0,PAID,PAID,SOFTWARE,SOUTH
INV-08575,CUS-0010,2024-03-11,2024-04-10,2024-04-06,4678.34,4678.34,0.0,0,PAID,PAID,SOFTWARE,SOUTH
INV-08576,CUS-0388,2023-02-13,2023-03-15,2023-03-13,6647.15,6647.15,0.0,0,PAID,PAID,HARDWARE,WEST
INV-08577,CUS-0262,2022-09-30,2022-11-29,2022-11-27,2524.46,2524.46,0.0,0,PAID,PAID,SOFTWARE,EAST
INV-08578,CUS-0308,2022-10-06,2022-11-20,2022-11-15,2539.14,2539.14,0.0,0,PAID,PAID,SERVICES,EAST
INV-08579,CUS-0089,2023-12-17,2024-02-15,2024-02-13,75901.82,75901.82,0.0,0,PAID,PAID,HARDWARE,NORTH
INV-08580,CUS-0273,2022-04-07,2022-05-07,2022-05-07,3345.86,3345.86,0.0,0,PAID,PAID,SERVICES,WEST
INV-08581,CUS-0290,2023-04-24,2023-06-23,2023-06-18,630.28,630.28,0.0,0,PAID,PAID,HARDWARE,SOUTH
INV-08582,CUS-0019,2023-06-22,2023-07-22,,8756.87,0.0,8756.87,253,90+,OVERDUE,SERVICES,EAST
INV-08583,CUS-0114,2023-02-03,2023-03-20,2023-03-15,3131.78,3131.78,0.0,0,PAID,PAID,HARDWARE,NORTH
INV-08584,CUS-0341,2022-09-12,2022-10-12,2022-10-12,19594.77,19594.77,0.0,0,PAID,PAID,SOFTWARE,WEST
INV-08585,CUS-0309,2023-10-12,2023-12-11,2023-12-09,11754.58,11754.58,0.0,0,PAID,PAID,MAINTENANCE,EAST
INV-08586,CUS-0202,2023-08-04,2023-09-18,,499.03,269.79,229.24,195,90+,PARTIAL,HARDWARE,WEST
INV-08587,CUS-0212,2023-12-23,2024-02-21,2024-02-18,523.27,523.27,0.0,0,PAID,PAID,SERVICES,NORTH
INV-08588,CUS-0212,2022-05-28,2022-07-27,2022-07-27,1905.82,1905.82,0.0,0,PAID,PAID,SOFTWARE,SOUTH
INV-08589,CUS-0248,2023-07-04,2023-08-03,2023-08-12,16288.38,16288.38,0.0,0,PAID,PAID,HARDWARE,WEST
INV-08590,CUS-0040,2022-10-27,2022-12-11,2022-12-21,19311.46,19311.46,0.0,0,PAID,PAID,HARDWARE,SOUTH
INV-08591,CUS-0091,2022-06-08,2022-07-08,2022-07-17,2449.3,2449.3,0.0,0,PAID,PAID,SERVICES,SOUTH
INV-08592,CUS-0329,2022-07-12,2022-09-10,2022-09-28,31671.78,31671.78,0.0,0,PAID,PAID,MAINTENANCE,SOUTH
INV-08593,CUS-0082,2023-04-12,2023-05-27,2023-06-04,7205.4,7205.4,0.0,0,PAID,PAID,MAINTENANCE,EAST
INV-08594,CUS-0224,2022-06-14,2022-07-14,2022-07-11,1179.98,1179.98,0.0,0,PAID,PAID,HARDWARE,NORTH
INV-08595,CUS-0159,2022-04-18,2022-05-18,2022-05-14,11128.1,11128.1,0.0,0,PAID,PAID,HARDWARE,NORTH
INV-08596,CUS-0311,2023-04-07,2023-06-06,2023-06-05,10470.59,10470.59,0.0,0,PAID,PAID,HARDWARE,NORTH
INV-08597,CUS-0267,2023-05-09,2023-06-23,,2256.71,0.0,2256.71,282,90+,OVERDUE,MAINTENANCE,SOUTH
INV-08598,CUS-0226,2024-02-11,2024-03-12,2024-03-09,21349.46,21349.46,0.0,0,PAID,PAID,MAINTENANCE,SOUTH
INV-08599,CUS-0295,2022-04-14,2022-05-29,2022-05-28,6176.66,6176.66,0.0,0,PAID,PAID,HARDWARE,WEST
INV-08600,CUS-0148,2022-04-23,2022-06-22,2022-06-18,40026.04,40026.04,0.0,0,PAID,PAID,HARDWARE,WEST
INV-08601,CUS-0104,2023-07-26,2023-09-24,2023-10-01,2538.3,2538.3,0.0,0,PAID,PAID,MAINTENANCE,WEST
INV-08602,CUS-0046,2023-12-21,2024-01-20,2024-01-18,3348.26,3348.26,0.0,0,PAID,PAID,SERVICES,NORTH
INV-08603,CUS-0183,2022-07-09,2022-08-08,2022-08-31,1700.89,1700.89,0.0,0,PAID,PAID,HARDWARE,NORTH
INV-08604,CUS-0138,2024-01-21,2024-03-06,2024-03-01,12140.47,12140.47,0.0,0,PAID,PAID,SOFTWARE,WEST
INV-08605,CUS-0113,2023-09-02,2023-10-17,2023-10-16,8946.13,8946.13,0.0,0,PAID,PAID,SERVICES,SOUTH
INV-08606,CUS-0328,2023-02-03,2023-03-20,2023-03-16,2658.22,2658.22,0.0,0,PAID,PAID,SOFTWARE,EAST
INV-08607,CUS-0455,2022-07-22,2022-08-21,,10242.05,4672.19,5569.86,588,90+,PARTIAL,MAINTENANCE,EAST
INV-08608,CUS-0346,2023-04-01,2023-05-31,2023-05-29,3949.0,3949.0,0.0,0,PAID,PAID,HARDWARE,NORTH
INV-08609,CUS-0006,2023-03-16,2023-04-15,2023-04-10,1844.2,1844.2,0.0,0,PAID,PAID,SOFTWARE,SOUTH
INV-08610,CUS-0382,2023-09-30,2023-11-29,2023-11-25,11319.6,11319.6,0.0,0,PAID,PAID,SERVICES,WEST
INV-08611,CUS-0126,2022-09-11,2022-11-10,2022-12-01,4243.31,4243.31,0.0,0,PAID,PAID,SOFTWARE,EAST
INV-08612,CUS-0135,2022-12-25,2023-01-24,2023-01-19,4363.68,4363.68,0.0,0,PAID,PAID,HARDWARE,WEST
INV-08613,CUS-0021,2022-05-26,2022-06-25,2022-06-25,2086.22,2086.22,0.0,0,PAID,PAID,SERVICES,EAST
INV-08614,CUS-0183,2023-05-31,2023-06-30,2023-06-30,1487.94,1487.94,0.0,0,PAID,PAID,SOFTWARE,WEST
INV-08615,CUS-0236,2024-03-21,2024-05-20,2024-05-16,5536.64,5536.64,0.0,0,PAID,PAID,HARDWARE,EAST
INV-08616,CUS-0298,2024-01-28,2024-02-27,2024-02-23,7487.25,7487.25,0.0,0,PAID,PAID,SERVICES,SOUTH
INV-08617,CUS-0300,2023-06-27,2023-07-27,2023-07-23,4334.21,4334.21,0.0,0,PAID,PAID,HARDWARE,EAST
INV-08618,CUS-0036,2024-01-08,2024-02-07,2024-03-08,1731.02,1731.02,0.0,0,PAID,PAID,HARDWARE,NORTH
INV-08619,CUS-0396,2022-06-16,2022-07-31,2022-07-30,8967.98,8967.98,0.0,0,PAID,PAID,SERVICES,EAST
INV-08620,CUS-0329,2022-06-28,2022-08-27,2022-08-24,24055.53,24055.53,0.0,0,PAID,PAID,SERVICES,EAST
INV-08621,CUS-0062,2023-09-13,2023-10-28,2023-10-24,1266.25,1266.25,0.0,0,PAID,PAID,SOFTWARE,WEST
INV-08622,CUS-0200,2024-03-03,2024-04-02,2024-04-27,1344.39,1344.39,0.0,0,PAID,PAID,MAINTENANCE,EAST
INV-08623,CUS-0256,2022-04-29,2022-06-28,,1435.4,0.0,1435.4,642,90+,OVERDUE,MAINTENANCE,SOUTH
INV-08624,CUS-0397,2024-03-28,2024-05-27,,1290.69,0.0,1290.69,0,CURRENT,OVERDUE,HARDWARE,NORTH
INV-08625,CUS-0181,2024-02-19,2024-04-04,2024-04-04,7174.14,7174.14,0.0,0,PAID,PAID,HARDWARE,WEST
INV-08626,CUS-0118,2022-04-13,2022-05-28,,2706.7,1856.17,850.53,673,90+,PARTIAL,SERVICES,WEST
INV-08627,CUS-0347,2024-03-29,2024-04-28,2024-04-27,6787.55,6787.55,0.0,0,PAID,PAID,SOFTWARE,EAST
INV-08628,CUS-0476,2023-08-14,2023-10-13,,30446.37,0.0,30446.37,170,90+,OVERDUE,SERVICES,WEST
INV-08629,CUS-0078,2023-07-30,2023-09-13,2023-09-08,33928.19,33928.19,0.0,0,PAID,PAID,SERVICES,WEST
INV-08630,CUS-0194,2022-05-26,2022-06-25,2022-06-23,17913.2,17913.2,0.0,0,PAID,PAID,HARDWARE,SOUTH
INV-08631,CUS-0396,2024-03-26,2024-05-10,2024-05-09,4548.12,4548.12,0.0,0,PAID,PAID,SERVICES,SOUTH
INV-08632,CUS-0442,2023-12-05,2024-01-19,2024-02-10,4712.04,4712.04,0.0,0,PAID,PAID,SERVICES,WEST
INV-08633,CUS-0178,2023-07-23,2023-09-06,2023-09-04,17124.51,17124.51,0.0,0,PAID,PAID,HARDWARE,NORTH
INV-08634,CUS-0108,2023-03-22,2023-05-06,,6134.26,2940.7,3193.56,330,90+,PARTIAL,SOFTWARE,EAST
INV-08635,CUS-0021,2023-07-17,2023-08-16,2023-08-13,3022.52,3022.52,0.0,0,PAID,PAID,HARDWARE,EAST
INV-08636,CUS-0348,2024-01-28,2024-02-27,2024-02-26,601.5,601.5,0.0,0,PAID,PAID,SERVICES,WEST
INV-08637,CUS-0127,2024-01-03,2024-02-17,2024-03-01,4790.59,4790.59,0.0,0,PAID,PAID,SOFTWARE,NORTH
INV-08638,CUS-0301,2022-07-24,2022-09-07,2022-09-06,4633.02,4633.02,0.0,0,PAID,PAID,HARDWARE,NORTH
INV-08639,CUS-0006,2023-01-13,2023-02-12,2023-02-07,1378.03,1378.03,0.0,0,PAID,PAID,MAINTENANCE,SOUTH
INV-08640,CUS-0417,2022-11-06,2022-12-06,2022-12-04,16140.44,16140.44,0.0,0,PAID,PAID,HARDWARE,NORTH
INV-08641,CUS-0148,2023-08-15,2023-10-14,,2497.03,883.56,1613.47,169,90+,PARTIAL,SOFTWARE,SOUTH
INV-08642,CUS-0096,2023-10-11,2023-11-10,2023-11-08,91078.44,91078.44,0.0,0,PAID,PAID,MAINTENANCE,EAST
INV-08643,CUS-0388,2023-04-26,2023-05-26,2023-05-23,3282.17,3282.17,0.0,0,PAID,PAID,SOFTWARE,WEST
INV-08644,CUS-0429,2023-04-05,2023-05-05,2023-05-02,2719.34,2719.34,0.0,0,PAID,PAID,SERVICES,EAST
INV-08645,CUS-0199,2023-03-23,2023-05-07,2023-05-03,2153.82,2153.82,0.0,0,PAID,PAID,MAINTENANCE,EAST
INV-08646,CUS-0453,2022-04-05,2022-05-05,2022-05-17,1881.14,1881.14,0.0,0,PAID,PAID,HARDWARE,WEST
INV-08647,CUS-0477,2022-09-19,2022-11-03,2022-10-30,8211.04,8211.04,0.0,0,PAID,PAID,MAINTENANCE,SOUTH
INV-08648,CUS-0460,2023-07-31,2023-09-14,2023-09-10,12986.91,12986.91,0.0,0,PAID,PAID,MAINTENANCE,NORTH
INV-08649,CUS-0378,2022-11-16,2022-12-16,2022-12-16,16468.71,16468.71,0.0,0,PAID,PAID,SOFTWARE,EAST
INV-08650,CUS-0233,2024-01-06,2024-02-05,2024-01-31,7539.6,7539.6,0.0,0,PAID,PAID,SERVICES,EAST
INV-08651,CUS-0140,2022-10-08,2022-11-07,2022-11-04,4292.01,4292.01,0.0,0,PAID,PAID,SERVICES,SOUTH
INV-08652,CUS-0484,2023-10-25,2023-11-24,2023-11-20,2550.5,2550.5,0.0,0,PAID,PAID,SERVICES,EAST
INV-08653,CUS-0452,2023-09-03,2023-10-03,2023-10-03,936.74,936.74,0.0,0,PAID,PAID,SERVICES,EAST
INV-08654,CUS-0222,2024-02-26,2024-04-26,2024-04-21,7523.3,7523.3,0.0,0,PAID,PAID,MAINTENANCE,SOUTH
INV-08655,CUS-0031,2022-07-07,2022-09-05,2022-09-02,4780.1,4780.1,0.0,0,PAID,PAID,SERVICES,NORTH
INV-08656,CUS-0086,2023-12-08,2024-02-06,2024-02-02,2932.51,2932.51,0.0,0,PAID,PAID,MAINTENANCE,NORTH
INV-08657,CUS-0356,2022-09-16,2022-10-31,2022-10-28,2670.07,2670.07,0.0,0,PAID,PAID,SERVICES,EAST
INV-08658,CUS-0201,2022-11-13,2022-12-28,2023-01-03,1153.35,1153.35,0.0,0,PAID,PAID,SOFTWARE,NORTH
INV-08659,CUS-0299,2023-09-13,2023-11-12,2023-11-07,507.27,507.27,0.0,0,PAID,PAID,SOFTWARE,EAST
INV-08660,CUS-0444,2022-04-23,2022-06-22,2022-07-12,776.4,776.4,0.0,0,PAID,PAID,MAINTENANCE,WEST
INV-08661,CUS-0262,2023-05-27,2023-07-26,2023-07-26,2037.5,2037.5,0.0,0,PAID,PAID,HARDWARE,WEST
INV-08662,CUS-0362,2023-07-13,2023-08-12,2023-08-09,925.94,925.94,0.0,0,PAID,PAID,SERVICES,SOUTH
INV-08663,CUS-0078,2022-06-30,2022-08-14,2022-08-12,1540.67,1540.67,0.0,0,PAID,PAID,HARDWARE,EAST
INV-08664,CUS-0363,2022-07-09,2022-08-23,2022-09-01,402.67,402.67,0.0,0,PAID,PAID,SOFTWARE,WEST
INV-08665,CUS-0096,2022-10-08,2022-11-07,2022-11-03,50962.3,50962.3,0.0,0,PAID,PAID,SOFTWARE,EAST
INV-08666,CUS-0227,2022-12-12,2023-01-11,2023-01-07,7716.82,7716.82,0.0,0,PAID,PAID,SOFTWARE,WEST
INV-08667,CUS-0067,2022-06-19,2022-08-18,2022-09-11,44376.39,44376.39,0.0,0,PAID,PAID,HARDWARE,WEST
INV-08668,CUS-0013,2023-05-11,2023-06-10,2023-06-05,13906.16,13906.16,0.0,0,PAID,PAID,SERVICES,NORTH
INV-08669,CUS-0360,2022-11-05,2022-12-20,2022-12-16,9769.88,9769.88,0.0,0,PAID,PAID,MAINTENANCE,EAST
INV-08670,CUS-0019,2022-10-19,2022-11-18,2022-12-17,56090.46,56090.46,0.0,0,PAID,PAID,MAINTENANCE,NORTH
INV-08671,CUS-0362,2023-05-24,2023-06-23,2023-06-30,786.8,786.8,0.0,0,PAID,PAID,HARDWARE,SOUTH
INV-08672,CUS-0214,2023-11-23,2023-12-23,2023-12-21,2177.75,2177.75,0.0,0,PAID,PAID,MAINTENANCE,EAST
INV-08673,CUS-0030,2024-02-25,2024-03-26,2024-03-21,18501.75,18501.75,0.0,0,PAID,PAID,SERVICES,EAST
INV-08674,CUS-0358,2022-10-19,2022-12-03,2022-11-30,23423.93,23423.93,0.0,0,PAID,PAID,MAINTENANCE,EAST
INV-08675,CUS-0409,2022-04-14,2022-05-14,2022-06-10,3010.06,3010.06,0.0,0,PAID,PAID,HARDWARE,SOUTH
INV-08676,CUS-0029,2023-03-25,2023-05-09,2023-05-08,2506.59,2506.59,0.0,0,PAID,PAID,HARDWARE,WEST
INV-08677,CUS-0426,2022-08-06,2022-09-20,2022-09-19,793.09,793.09,0.0,0,PAID,PAID,HARDWARE,SOUTH
INV-08678,CUS-0471,2024-01-27,2024-03-12,2024-03-10,21799.48,21799.48,0.0,0,PAID,PAID,HARDWARE,SOUTH
INV-08679,CUS-0332,2024-01-19,2024-03-19,2024-03-17,1227.29,1227.29,0.0,0,PAID,PAID,SERVICES,SOUTH
INV-08680,CUS-0182,2023-05-31,2023-07-30,2023-07-28,4286.06,4286.06,0.0,0,PAID,PAID,HARDWARE,SOUTH
INV-08681,CUS-0251,2023-05-24,2023-07-23,2023-07-20,1668.27,1668.27,0.0,0,PAID,PAID,HARDWARE,NORTH
INV-08682,CUS-0096,2022-06-25,2022-07-25,,20634.11,0.0,20634.11,615,90+,OVERDUE,MAINTENANCE,EAST
INV-08683,CUS-0205,2022-04-24,2022-06-08,2022-06-19,1014.72,1014.72,0.0,0,PAID,PAID,HARDWARE,EAST
INV-08684,CUS-0088,2023-02-24,2023-03-26,2023-03-23,13680.91,13680.91,0.0,0,PAID,PAID,SOFTWARE,SOUTH
INV-08685,CUS-0043,2022-08-30,2022-09-29,2022-10-04,4749.43,4749.43,0.0,0,PAID,PAID,SOFTWARE,NORTH
INV-08686,CUS-0362,2024-01-10,2024-02-09,2024-02-09,13049.06,13049.06,0.0,0,PAID,PAID,SOFTWARE,NORTH
INV-08687,CUS-0019,2023-08-22,2023-09-21,,42557.75,0.0,42557.75,192,90+,OVERDUE,HARDWARE,WEST
INV-08688,CUS-0439,2023-09-06,2023-10-21,2023-10-19,9597.14,9597.14,0.0,0,PAID,PAID,SERVICES,SOUTH
INV-08689,CUS-0330,2023-08-13,2023-10-12,2023-10-09,32326.12,32326.12,0.0,0,PAID,PAID,HARDWARE,SOUTH
INV-08690,CUS-0442,2023-06-13,2023-07-28,,1383.25,0.0,1383.25,247,90+,OVERDUE,SOFTWARE,SOUTH
INV-08691,CUS-0224,2024-02-16,2024-03-17,2024-03-14,1743.11,1743.11,0.0,0,PAID,PAID,SERVICES,NORTH
INV-08692,CUS-0003,2023-06-04,2023-07-19,2023-08-07,7125.88,7125.88,0.0,0,PAID,PAID,MAINTENANCE,NORTH
INV-08693,CUS-0354,2023-02-06,2023-03-08,2023-03-08,7518.12,7518.12,0.0,0,PAID,PAID,SERVICES,NORTH
INV-08694,CUS-0230,2022-10-10,2022-11-24,2022-11-19,2089.97,2089.97,0.0,0,PAID,PAID,SOFTWARE,EAST
INV-08695,CUS-0227,2023-09-15,2023-10-15,2023-10-10,3453.92,3453.92,0.0,0,PAID,PAID,SOFTWARE,WEST
INV-08696,CUS-0432,2023-11-22,2024-01-06,2024-01-01,93.41,93.41,0.0,0,PAID,PAID,SERVICES,EAST
INV-08697,CUS-0262,2023-06-20,2023-08-19,2023-08-14,53058.95,53058.95,0.0,0,PAID,PAID,SOFTWARE,SOUTH
INV-08698,CUS-0094,2022-05-17,2022-07-16,2022-07-13,1918.73,1918.73,0.0,0,PAID,PAID,SOFTWARE,SOUTH
INV-08699,CUS-0379,2022-10-05,2022-11-19,2022-11-17,21849.2,21849.2,0.0,0,PAID,PAID,SERVICES,SOUTH
INV-08700,CUS-0390,2023-11-10,2023-12-10,2023-12-10,2099.5,2099.5,0.0,0,PAID,PAID,HARDWARE,SOUTH
INV-08701,CUS-0375,2023-06-26,2023-08-10,2023-08-08,1767.01,1767.01,0.0,0,PAID,PAID,SOFTWARE,WEST
INV-08702,CUS-0182,2024-01-21,2024-03-21,,11319.7,4143.6,7176.1,10,CURRENT,PARTIAL,SERVICES,NORTH
INV-08703,CUS-0235,2023-09-12,2023-10-27,2023-10-27,11613.61,11613.61,0.0,0,PAID,PAID,SERVICES,WEST
INV-08704,CUS-0432,2023-08-12,2023-09-26,2023-09-24,622.22,622.22,0.0,0,PAID,PAID,SERVICES,WEST
INV-08705,CUS-0300,2022-06-06,2022-07-06,2022-07-02,11599.1,11599.1,0.0,0,PAID,PAID,HARDWARE,SOUTH
INV-08706,CUS-0447,2022-05-03,2022-06-17,2022-07-07,5110.84,5110.84,0.0,0,PAID,PAID,MAINTENANCE,EAST
INV-08707,CUS-0177,2023-02-03,2023-03-20,2023-03-20,4938.02,4938.02,0.0,0,PAID,PAID,HARDWARE,EAST
INV-08708,CUS-0182,2023-07-24,2023-09-22,2023-09-21,34917.09,34917.09,0.0,0,PAID,PAID,SOFTWARE,NORTH
INV-08709,CUS-0390,2023-06-13,2023-07-13,2023-07-08,661.93,661.93,0.0,0,PAID,PAID,SOFTWARE,WEST
INV-08710,CUS-0300,2022-09-10,2022-10-10,2022-10-05,567.26,567.26,0.0,0,PAID,PAID,SERVICES,NORTH
INV-08711,CUS-0342,2022-08-22,2022-10-21,2022-10-19,805.77,805.77,0.0,0,PAID,PAID,HARDWARE,NORTH
INV-08712,CUS-0312,2022-11-10,2022-12-25,2022-12-25,14075.61,14075.61,0.0,0,PAID,PAID,SERVICES,WEST
INV-08713,CUS-0451,2022-04-25,2022-06-09,2022-06-07,8471.74,8471.74,0.0,0,PAID,PAID,HARDWARE,WEST
INV-08714,CUS-0044,2022-11-20,2022-12-20,2022-12-17,6298.87,6298.87,0.0,0,PAID,PAID,MAINTENANCE,SOUTH
INV-08715,CUS-0084,2022-07-14,2022-09-12,2022-09-10,14539.33,14539.33,0.0,0,PAID,PAID,SOFTWARE,NORTH
INV-08716,CUS-0419,2023-11-21,2024-01-20,2024-01-20,3987.02,3987.02,0.0,0,PAID,PAID,MAINTENANCE,SOUTH
INV-08717,CUS-0193,2023-03-07,2023-04-21,,930.38,601.92,328.46,345,90+,PARTIAL,MAINTENANCE,WEST
INV-08718,CUS-0305,2023-01-12,2023-02-26,,4954.4,1685.94,3268.46,399,90+,PARTIAL,SOFTWARE,WEST
INV-08719,CUS-0186,2023-03-09,2023-04-23,2023-04-21,24732.77,24732.77,0.0,0,PAID,PAID,HARDWARE,NORTH
INV-08720,CUS-0266,2024-01-14,2024-02-13,,5255.61,0.0,5255.61,47,31-60,OVERDUE,SOFTWARE,NORTH
INV-08721,CUS-0392,2023-03-25,2023-05-24,,26721.76,9662.44,17059.32,312,90+,PARTIAL,MAINTENANCE,NORTH
INV-08722,CUS-0102,2023-03-22,2023-05-21,2023-05-20,937.14,937.14,0.0,0,PAID,PAID,SOFTWARE,SOUTH
INV-08723,CUS-0145,2023-09-11,2023-11-10,2023-11-10,1775.21,1775.21,0.0,0,PAID,PAID,SERVICES,NORTH
INV-08724,CUS-0491,2022-11-08,2022-12-23,2022-12-21,1651.98,1651.98,0.0,0,PAID,PAID,SERVICES,SOUTH
INV-08725,CUS-0052,2022-09-14,2022-11-13,2022-11-09,9045.35,9045.35,0.0,0,PAID,PAID,SOFTWARE,SOUTH
INV-08726,CUS-0230,2022-05-21,2022-07-05,2022-07-04,18258.88,18258.88,0.0,0,PAID,PAID,SOFTWARE,SOUTH
INV-08727,CUS-0082,2024-02-19,2024-04-04,2024-04-04,450.71,450.71,0.0,0,PAID,PAID,SOFTWARE,SOUTH
INV-08728,CUS-0161,2024-03-28,2024-05-27,2024-05-23,37421.32,37421.32,0.0,0,PAID,PAID,SOFTWARE,SOUTH
INV-08729,CUS-0387,2023-01-30,2023-03-01,2023-03-12,27782.46,27782.46,0.0,0,PAID,PAID,HARDWARE,WEST
INV-08730,CUS-0448,2024-01-09,2024-03-09,2024-03-17,1186.3,1186.3,0.0,0,PAID,PAID,SERVICES,SOUTH
INV-08731,CUS-0177,2023-02-18,2023-04-04,2023-04-01,3344.39,3344.39,0.0,0,PAID,PAID,HARDWARE,WEST
INV-08732,CUS-0458,2023-04-23,2023-05-23,2023-05-21,3984.95,3984.95,0.0,0,PAID,PAID,SERVICES,WEST
INV-08733,CUS-0383,2023-01-30,2023-03-01,,1780.52,737.76,1042.76,396,90+,PARTIAL,MAINTENANCE,WEST
INV-08734,CUS-0241,2023-02-20,2023-04-21,2023-04-19,904.71,904.71,0.0,0,PAID,PAID,SOFTWARE,WEST
INV-08735,CUS-0048,2022-10-13,2022-12-12,2022-12-13,3998.48,3998.48,0.0,0,PAID,PAID,SOFTWARE,NORTH
INV-08736,CUS-0276,2023-06-09,2023-07-24,2023-07-24,23165.98,23165.98,0.0,0,PAID,PAID,MAINTENANCE,SOUTH
INV-08737,CUS-0102,2022-08-04,2022-10-03,2022-10-02,4494.02,4494.02,0.0,0,PAID,PAID,MAINTENANCE,SOUTH
INV-08738,CUS-0220,2023-07-03,2023-08-02,2023-07-31,1814.26,1814.26,0.0,0,PAID,PAID,MAINTENANCE,WEST
INV-08739,CUS-0273,2022-04-09,2022-05-09,2022-05-06,1405.07,1405.07,0.0,0,PAID,PAID,SOFTWARE,WEST
INV-08740,CUS-0387,2023-07-30,2023-08-29,2023-09-08,15949.44,15949.44,0.0,0,PAID,PAID,SERVICES,WEST
INV-08741,CUS-0381,2022-12-17,2023-01-16,2023-01-23,1504.16,1504.16,0.0,0,PAID,PAID,SOFTWARE,EAST
INV-08742,CUS-0259,2023-12-29,2024-02-12,2024-02-17,492.38,492.38,0.0,0,PAID,PAID,HARDWARE,EAST
INV-08743,CUS-0321,2024-02-13,2024-03-14,2024-03-13,744.83,744.83,0.0,0,PAID,PAID,SOFTWARE,SOUTH
INV-08744,CUS-0147,2022-07-30,2022-09-28,2022-10-26,767.41,767.41,0.0,0,PAID,PAID,SOFTWARE,SOUTH
INV-08745,CUS-0477,2023-11-08,2023-12-23,2023-12-21,21540.01,21540.01,0.0,0,PAID,PAID,SOFTWARE,SOUTH
INV-08746,CUS-0212,2023-12-27,2024-02-25,2024-02-25,6848.22,6848.22,0.0,0,PAID,PAID,MAINTENANCE,SOUTH
INV-08747,CUS-0274,2022-08-26,2022-10-25,2022-11-19,5684.79,5684.79,0.0,0,PAID,PAID,SERVICES,NORTH
INV-08748,CUS-0299,2023-09-25,2023-11-24,,3210.31,0.0,3210.31,128,90+,OVERDUE,SERVICES,NORTH
INV-08749,CUS-0238,2023-06-27,2023-08-11,2023-08-09,792.29,792.29,0.0,0,PAID,PAID,SOFTWARE,SOUTH
INV-08750,CUS-0192,2022-04-21,2022-05-21,2022-05-19,4325.41,4325.41,0.0,0,PAID,PAID,MAINTENANCE,WEST
INV-08751,CUS-0209,2022-06-16,2022-07-16,2022-07-11,7567.94,7567.94,0.0,0,PAID,PAID,SOFTWARE,SOUTH
INV-08752,CUS-0030,2024-02-05,2024-03-06,2024-03-03,2382.51,2382.51,0.0,0,PAID,PAID,SOFTWARE,SOUTH
INV-08753,CUS-0071,2022-11-02,2022-12-17,2023-01-01,4274.94,4274.94,0.0,0,PAID,PAID,SERVICES,NORTH
INV-08754,CUS-0028,2023-06-18,2023-08-02,,932.93,0.0,932.93,242,90+,OVERDUE,SERVICES,SOUTH
INV-08755,CUS-0185,2022-11-05,2023-01-04,2022-12-31,7557.77,7557.77,0.0,0,PAID,PAID,MAINTENANCE,EAST
INV-08756,CUS-0013,2023-11-18,2023-12-18,2024-01-13,34373.65,34373.65,0.0,0,PAID,PAID,HARDWARE,EAST
INV-08757,CUS-0347,2023-02-27,2023-03-29,2023-04-17,13206.01,13206.01,0.0,0,PAID,PAID,SERVICES,EAST
INV-08758,CUS-0164,2023-08-26,2023-09-25,2023-09-23,4609.83,4609.83,0.0,0,PAID,PAID,HARDWARE,SOUTH
INV-08759,CUS-0243,2022-04-19,2022-06-03,,1454.14,0.0,1454.14,667,90+,OVERDUE,MAINTENANCE,SOUTH
INV-08760,CUS-0003,2023-02-12,2023-03-29,2023-03-24,30516.93,30516.93,0.0,0,PAID,PAID,SOFTWARE,NORTH
INV-08761,CUS-0172,2022-11-10,2022-12-25,2022-12-21,89951.01,89951.01,0.0,0,PAID,PAID,MAINTENANCE,NORTH
INV-08762,CUS-0027,2022-05-17,2022-06-16,2022-06-26,3384.69,3384.69,0.0,0,PAID,PAID,SERVICES,WEST
INV-08763,CUS-0180,2024-01-17,2024-02-16,2024-02-11,6513.71,6513.71,0.0,0,PAID,PAID,SERVICES,SOUTH
INV-08764,CUS-0186,2022-12-05,2023-01-19,2023-01-18,4385.4,4385.4,0.0,0,PAID,PAID,SERVICES,WEST
INV-08765,CUS-0248,2024-03-25,2024-04-24,2024-04-19,21832.46,21832.46,0.0,0,PAID,PAID,MAINTENANCE,SOUTH
INV-08766,CUS-0246,2024-02-11,2024-03-12,2024-04-09,10457.36,10457.36,0.0,0,PAID,PAID,HARDWARE,SOUTH
INV-08767,CUS-0466,2022-11-30,2023-01-29,2023-01-24,2093.01,2093.01,0.0,0,PAID,PAID,SERVICES,EAST
INV-08768,CUS-0185,2023-07-14,2023-09-12,2023-10-06,2122.0,2122.0,0.0,0,PAID,PAID,HARDWARE,EAST
INV-08769,CUS-0060,2023-07-16,2023-08-15,2023-08-14,8219.7,8219.7,0.0,0,PAID,PAID,SERVICES,NORTH
INV-08770,CUS-0238,2022-06-01,2022-07-16,2022-07-13,515.97,515.97,0.0,0,PAID,PAID,MAINTENANCE,WEST
INV-08771,CUS-0481,2023-08-24,2023-10-08,2023-10-04,23035.75,23035.75,0.0,0,PAID,PAID,SERVICES,NORTH
INV-08772,CUS-0260,2023-07-13,2023-08-27,2023-09-06,3252.41,3252.41,0.0,0,PAID,PAID,MAINTENANCE,NORTH
INV-08773,CUS-0381,2023-09-01,2023-10-01,2023-09-29,2057.93,2057.93,0.0,0,PAID,PAID,SOFTWARE,EAST
INV-08774,CUS-0367,2023-09-15,2023-10-15,2023-10-10,10482.9,10482.9,0.0,0,PAID,PAID,SOFTWARE,NORTH
INV-08775,CUS-0233,2023-04-21,2023-05-21,2023-05-16,1968.92,1968.92,0.0,0,PAID,PAID,SOFTWARE,SOUTH
INV-08776,CUS-0384,2024-03-08,2024-04-22,2024-04-20,38332.75,38332.75,0.0,0,PAID,PAID,SOFTWARE,EAST
INV-08777,CUS-0392,2022-10-28,2022-12-27,2022-12-26,58113.09,58113.09,0.0,0,PAID,PAID,MAINTENANCE,NORTH
INV-08778,CUS-0416,2024-03-04,2024-04-03,2024-03-29,1951.13,1951.13,0.0,0,PAID,PAID,SERVICES,SOUTH
INV-08779,CUS-0463,2023-06-25,2023-08-24,2023-08-24,8629.96,8629.96,0.0,0,PAID,PAID,SERVICES,WEST
INV-08780,CUS-0313,2023-12-20,2024-02-18,2024-02-18,3227.29,3227.29,0.0,0,PAID,PAID,SERVICES,SOUTH
INV-08781,CUS-0140,2023-11-14,2023-12-14,2023-12-13,33749.87,33749.87,0.0,0,PAID,PAID,SOFTWARE,EAST
INV-08782,CUS-0490,2022-09-02,2022-10-17,2022-10-14,2408.23,2408.23,0.0,0,PAID,PAID,SERVICES,WEST
INV-08783,CUS-0221,2022-11-28,2023-01-27,2023-01-24,4845.99,4845.99,0.0,0,PAID,PAID,HARDWARE,WEST
INV-08784,CUS-0160,2023-09-20,2023-11-04,2023-10-30,1692.8,1692.8,0.0,0,PAID,PAID,MAINTENANCE,EAST
INV-08785,CUS-0061,2022-06-20,2022-08-19,2022-08-16,3077.64,3077.64,0.0,0,PAID,PAID,SOFTWARE,NORTH
INV-08786,CUS-0062,2023-07-05,2023-08-19,,1805.2,0.0,1805.2,225,90+,OVERDUE,HARDWARE,WEST
INV-08787,CUS-0097,2023-01-07,2023-03-08,2023-03-03,1785.11,1785.11,0.0,0,PAID,PAID,HARDWARE,NORTH
INV-08788,CUS-0183,2024-02-03,2024-03-04,2024-03-02,615.35,615.35,0.0,0,PAID,PAID,SERVICES,NORTH
INV-08789,CUS-0237,2023-10-20,2023-12-04,2023-11-29,259.37,259.37,0.0,0,PAID,PAID,SERVICES,SOUTH
INV-08790,CUS-0316,2022-10-05,2022-11-19,2022-11-15,991.2,991.2,0.0,0,PAID,PAID,MAINTENANCE,EAST
INV-08791,CUS-0215,2023-07-25,2023-08-24,2023-08-22,5422.44,5422.44,0.0,0,PAID,PAID,HARDWARE,NORTH
INV-08792,CUS-0263,2024-02-12,2024-04-12,2024-04-07,1461.23,1461.23,0.0,0,PAID,PAID,SOFTWARE,NORTH
INV-08793,CUS-0064,2024-03-28,2024-04-27,2024-05-03,4570.8,4570.8,0.0,0,PAID,PAID,HARDWARE,EAST
INV-08794,CUS-0378,2022-10-30,2022-11-29,2022-11-26,6380.52,6380.52,0.0,0,PAID,PAID,SERVICES,NORTH
INV-08795,CUS-0196,2023-08-17,2023-10-01,2023-10-01,20228.19,20228.19,0.0,0,PAID,PAID,HARDWARE,WEST
INV-08796,CUS-0482,2023-09-29,2023-11-28,2023-11-26,8843.54,8843.54,0.0,0,PAID,PAID,SOFTWARE,NORTH
INV-08797,CUS-0166,2022-07-20,2022-09-03,2022-09-01,7571.98,7571.98,0.0,0,PAID,PAID,HARDWARE,SOUTH
INV-08798,CUS-0343,2023-05-17,2023-07-01,2023-06-27,4502.14,4502.14,0.0,0,PAID,PAID,MAINTENANCE,EAST
INV-08799,CUS-0337,2022-11-09,2023-01-08,2023-01-08,5118.95,5118.95,0.0,0,PAID,PAID,MAINTENANCE,WEST
INV-08800,CUS-0332,2022-10-20,2022-12-19,2022-12-17,19989.76,19989.76,0.0,0,PAID,PAID,HARDWARE,EAST
INV-08801,CUS-0058,2022-04-18,2022-06-17,2022-06-17,1306.28,1306.28,0.0,0,PAID,PAID,SERVICES,WEST
INV-08802,CUS-0248,2022-05-12,2022-06-11,2022-06-11,95304.2,95304.2,0.0,0,PAID,PAID,SERVICES,SOUTH
INV-08803,CUS-0021,2023-09-24,2023-10-24,2023-10-19,8658.72,8658.72,0.0,0,PAID,PAID,SOFTWARE,NORTH
INV-08804,CUS-0244,2023-07-04,2023-08-18,2023-09-05,1661.07,1661.07,0.0,0,PAID,PAID,MAINTENANCE,NORTH
INV-08805,CUS-0480,2022-06-26,2022-07-26,,3320.37,1158.36,2162.01,614,90+,PARTIAL,HARDWARE,WEST
INV-08806,CUS-0271,2022-10-29,2022-11-28,2022-11-23,1538.76,1538.76,0.0,0,PAID,PAID,MAINTENANCE,NORTH
INV-08807,CUS-0106,2023-05-02,2023-07-01,2023-06-29,319.19,319.19,0.0,0,PAID,PAID,SOFTWARE,EAST
INV-08808,CUS-0292,2022-04-22,2022-06-06,2022-06-06,60547.35,60547.35,0.0,0,PAID,PAID,MAINTENANCE,EAST
INV-08809,CUS-0476,2022-04-19,2022-06-18,2022-06-13,22640.5,22640.5,0.0,0,PAID,PAID,MAINTENANCE,SOUTH
INV-08810,CUS-0090,2023-10-03,2023-11-17,2023-11-17,11956.3,11956.3,0.0,0,PAID,PAID,HARDWARE,WEST
INV-08811,CUS-0456,2022-10-22,2022-12-21,2022-12-21,1159.02,1159.02,0.0,0,PAID,PAID,SOFTWARE,SOUTH
INV-08812,CUS-0025,2023-02-01,2023-03-03,2023-03-01,6191.09,6191.09,0.0,0,PAID,PAID,HARDWARE,EAST
INV-08813,CUS-0362,2023-06-10,2023-07-10,2023-07-05,6038.29,6038.29,0.0,0,PAID,PAID,SOFTWARE,EAST
INV-08814,CUS-0236,2024-01-27,2024-03-27,2024-03-24,41635.02,41635.02,0.0,0,PAID,PAID,HARDWARE,WEST
INV-08815,CUS-0078,2023-12-14,2024-01-28,2024-01-27,4123.3,4123.3,0.0,0,PAID,PAID,SOFTWARE,WEST
INV-08816,CUS-0355,2023-03-29,2023-04-28,2023-04-28,802.61,802.61,0.0,0,PAID,PAID,SOFTWARE,NORTH
INV-08817,CUS-0379,2024-03-22,2024-05-06,2024-05-29,6164.33,6164.33,0.0,0,PAID,PAID,SERVICES,NORTH
INV-08818,CUS-0095,2022-07-20,2022-08-19,2022-08-15,475.9,475.9,0.0,0,PAID,PAID,HARDWARE,SOUTH
INV-08819,CUS-0069,2022-05-16,2022-07-15,2022-07-19,10454.51,10454.51,0.0,0,PAID,PAID,SOFTWARE,SOUTH
INV-08820,CUS-0342,2022-12-03,2023-02-01,2023-02-11,72.07,72.07,0.0,0,PAID,PAID,HARDWARE,EAST
INV-08821,CUS-0304,2022-10-15,2022-11-14,2022-11-12,1120.52,1120.52,0.0,0,PAID,PAID,SERVICES,SOUTH
INV-08822,CUS-0299,2023-01-29,2023-03-30,,263.63,165.65,97.98,367,90+,PARTIAL,SOFTWARE,WEST
INV-08823,CUS-0238,2023-02-24,2023-04-10,2023-04-05,588.65,588.65,0.0,0,PAID,PAID,SOFTWARE,WEST
INV-08824,CUS-0283,2023-08-28,2023-09-27,2023-09-22,2286.55,2286.55,0.0,0,PAID,PAID,MAINTENANCE,WEST
INV-08825,CUS-0349,2022-11-06,2022-12-06,2022-12-24,787.23,787.23,0.0,0,PAID,PAID,HARDWARE,NORTH
INV-08826,CUS-0124,2022-05-23,2022-07-07,2022-07-06,3786.67,3786.67,0.0,0,PAID,PAID,SOFTWARE,WEST
INV-08827,CUS-0195,2023-11-30,2024-01-14,2024-01-13,17225.24,17225.24,0.0,0,PAID,PAID,HARDWARE,WEST
INV-08828,CUS-0239,2023-08-05,2023-09-19,2023-09-15,4744.16,4744.16,0.0,0,PAID,PAID,SOFTWARE,WEST
INV-08829,CUS-0255,2023-01-05,2023-02-19,2023-02-22,3099.92,3099.92,0.0,0,PAID,PAID,HARDWARE,WEST
INV-08830,CUS-0212,2023-12-31,2024-02-29,2024-02-28,4249.08,4249.08,0.0,0,PAID,PAID,SERVICES,NORTH
INV-08831,CUS-0394,2022-06-15,2022-07-30,2022-07-30,9724.66,9724.66,0.0,0,PAID,PAID,SOFTWARE,SOUTH
INV-08832,CUS-0281,2023-02-17,2023-04-18,,7142.98,0.0,7142.98,348,90+,OVERDUE,MAINTENANCE,SOUTH
INV-08833,CUS-0473,2022-06-26,2022-07-26,2022-07-25,272.43,272.43,0.0,0,PAID,PAID,SOFTWARE,WEST
INV-08834,CUS-0476,2023-10-25,2023-12-24,2023-12-19,3785.03,3785.03,0.0,0,PAID,PAID,MAINTENANCE,SOUTH
INV-08835,CUS-0182,2023-03-27,2023-05-26,2023-05-25,19212.6,19212.6,0.0,0,PAID,PAID,SERVICES,NORTH
INV-08836,CUS-0085,2023-06-26,2023-08-25,2023-08-22,14855.0,14855.0,0.0,0,PAID,PAID,HARDWARE,WEST
INV-08837,CUS-0073,2024-02-25,2024-03-26,2024-03-26,43302.72,43302.72,0.0,0,PAID,PAID,HARDWARE,EAST
INV-08838,CUS-0463,2023-09-09,2023-11-08,2023-11-28,9473.85,9473.85,0.0,0,PAID,PAID,HARDWARE,SOUTH
INV-08839,CUS-0350,2023-04-11,2023-06-10,2023-06-26,9683.01,9683.01,0.0,0,PAID,PAID,SOFTWARE,WEST
INV-08840,CUS-0139,2023-05-18,2023-07-02,2023-06-29,2740.29,2740.29,0.0,0,PAID,PAID,SOFTWARE,SOUTH
INV-08841,CUS-0191,2024-01-26,2024-02-25,2024-02-21,7857.1,7857.1,0.0,0,PAID,PAID,SERVICES,NORTH
INV-08842,CUS-0029,2022-11-27,2023-01-11,2023-01-08,3613.38,3613.38,0.0,0,PAID,PAID,MAINTENANCE,WEST
INV-08843,CUS-0378,2023-03-06,2023-04-05,2023-04-16,20552.64,20552.64,0.0,0,PAID,PAID,SERVICES,NORTH
INV-08844,CUS-0315,2022-05-23,2022-07-22,2022-07-20,1018.48,1018.48,0.0,0,PAID,PAID,HARDWARE,NORTH
INV-08845,CUS-0170,2023-12-08,2024-01-22,2024-01-17,2538.65,2538.65,0.0,0,PAID,PAID,SOFTWARE,EAST
INV-08846,CUS-0404,2023-07-19,2023-09-17,2023-09-13,8653.75,8653.75,0.0,0,PAID,PAID,HARDWARE,EAST
INV-08847,CUS-0500,2023-05-30,2023-06-29,,22884.85,0.0,22884.85,276,90+,OVERDUE,SERVICES,EAST
INV-08848,CUS-0379,2023-09-23,2023-11-07,2023-11-03,573.73,573.73,0.0,0,PAID,PAID,SERVICES,NORTH
INV-08849,CUS-0423,2023-07-11,2023-08-25,2023-08-22,2087.66,2087.66,0.0,0,PAID,PAID,HARDWARE,WEST
INV-08850,CUS-0017,2023-09-07,2023-11-06,2023-11-29,2512.19,2512.19,0.0,0,PAID,PAID,SOFTWARE,NORTH
INV-08851,CUS-0389,2022-05-14,2022-06-13,2022-06-09,562.24,562.24,0.0,0,PAID,PAID,HARDWARE,NORTH
INV-08852,CUS-0359,2022-07-28,2022-08-27,2022-08-23,6841.27,6841.27,0.0,0,PAID,PAID,SOFTWARE,WEST
INV-08853,CUS-0489,2022-11-08,2023-01-07,2023-01-03,8503.52,8503.52,0.0,0,PAID,PAID,HARDWARE,SOUTH
INV-08854,CUS-0454,2023-09-22,2023-11-06,,7033.96,0.0,7033.96,146,90+,OVERDUE,HARDWARE,WEST
INV-08855,CUS-0121,2022-06-01,2022-07-16,2022-07-12,171595.25,171595.25,0.0,0,PAID,PAID,HARDWARE,NORTH
INV-08856,CUS-0187,2023-12-23,2024-01-22,2024-01-20,13560.48,13560.48,0.0,0,PAID,PAID,SERVICES,NORTH
INV-08857,CUS-0079,2022-12-09,2023-01-08,2023-01-05,1552.37,1552.37,0.0,0,PAID,PAID,SERVICES,SOUTH
INV-08858,CUS-0044,2023-10-09,2023-11-08,2023-11-05,342.3,342.3,0.0,0,PAID,PAID,SERVICES,SOUTH
INV-08859,CUS-0448,2023-02-06,2023-04-07,2023-04-09,3373.14,3373.14,0.0,0,PAID,PAID,SOFTWARE,WEST
INV-08860,CUS-0420,2022-06-10,2022-07-25,2022-08-13,1864.96,1864.96,0.0,0,PAID,PAID,HARDWARE,SOUTH
INV-08861,CUS-0290,2023-02-28,2023-04-29,2023-04-25,4572.19,4572.19,0.0,0,PAID,PAID,MAINTENANCE,WEST
INV-08862,CUS-0010,2022-08-07,2022-09-06,2022-09-22,36305.9,36305.9,0.0,0,PAID,PAID,SERVICES,SOUTH
INV-08863,CUS-0289,2022-06-25,2022-07-25,,1525.41,0.0,1525.41,615,90+,OVERDUE,SERVICES,SOUTH
INV-08864,CUS-0495,2023-06-05,2023-08-04,2023-07-30,8087.25,8087.25,0.0,0,PAID,PAID,MAINTENANCE,EAST
INV-08865,CUS-0148,2022-10-25,2022-12-24,2022-12-29,7104.91,7104.91,0.0,0,PAID,PAID,MAINTENANCE,NORTH
INV-08866,CUS-0327,2022-08-23,2022-09-22,2022-09-19,18115.06,18115.06,0.0,0,PAID,PAID,HARDWARE,NORTH
INV-08867,CUS-0123,2023-06-13,2023-07-28,2023-07-28,4520.98,4520.98,0.0,0,PAID,PAID,HARDWARE,NORTH
INV-08868,CUS-0178,2023-10-27,2023-12-11,2023-12-10,46076.49,46076.49,0.0,0,PAID,PAID,HARDWARE,SOUTH
INV-08869,CUS-0465,2023-08-20,2023-10-19,2023-10-19,3849.8,3849.8,0.0,0,PAID,PAID,MAINTENANCE,NORTH
INV-08870,CUS-0010,2023-07-08,2023-08-07,2023-08-05,69221.99,69221.99,0.0,0,PAID,PAID,MAINTENANCE,EAST
INV-08871,CUS-0350,2023-10-21,2023-12-20,,4907.29,0.0,4907.29,102,90+,OVERDUE,MAINTENANCE,NORTH
INV-08872,CUS-0374,2024-03-29,2024-05-28,2024-05-25,9332.65,9332.65,0.0,0,PAID,PAID,MAINTENANCE,EAST
INV-08873,CUS-0196,2023-07-18,2023-09-01,2023-08-28,64519.46,64519.46,0.0,0,PAID,PAID,HARDWARE,EAST
INV-08874,CUS-0341,2023-09-25,2023-10-25,2023-10-23,12817.51,12817.51,0.0,0,PAID,PAID,MAINTENANCE,NORTH
INV-08875,CUS-0292,2022-07-30,2022-09-13,,24539.06,8748.77,15790.29,565,90+,PARTIAL,SOFTWARE,WEST
INV-08876,CUS-0074,2023-07-15,2023-08-14,2023-08-11,3738.71,3738.71,0.0,0,PAID,PAID,SOFTWARE,WEST
INV-08877,CUS-0312,2024-03-29,2024-05-13,2024-05-11,25392.94,25392.94,0.0,0,PAID,PAID,HARDWARE,SOUTH
INV-08878,CUS-0380,2023-06-13,2023-07-28,2023-07-27,2115.2,2115.2,0.0,0,PAID,PAID,SERVICES,WEST
INV-08879,CUS-0264,2023-10-10,2023-11-09,2023-11-28,1517.96,1517.96,0.0,0,PAID,PAID,SOFTWARE,NORTH
INV-08880,CUS-0298,2022-08-18,2022-09-17,2022-09-13,11474.79,11474.79,0.0,0,PAID,PAID,MAINTENANCE,EAST
INV-08881,CUS-0001,2024-02-17,2024-04-17,,3784.18,2147.41,1636.77,0,CURRENT,PARTIAL,MAINTENANCE,EAST
INV-08882,CUS-0122,2022-06-10,2022-07-25,2022-07-21,64125.73,64125.73,0.0,0,PAID,PAID,HARDWARE,NORTH
INV-08883,CUS-0274,2023-03-29,2023-05-28,2023-05-26,98967.7,98967.7,0.0,0,PAID,PAID,MAINTENANCE,WEST
INV-08884,CUS-0234,2022-12-04,2023-01-03,2023-01-01,22937.62,22937.62,0.0,0,PAID,PAID,SERVICES,EAST
INV-08885,CUS-0198,2023-05-30,2023-07-29,2023-08-26,1286.67,1286.67,0.0,0,PAID,PAID,SOFTWARE,WEST
INV-08886,CUS-0214,2024-02-29,2024-03-30,2024-03-25,927.34,927.34,0.0,0,PAID,PAID,HARDWARE,NORTH
INV-08887,CUS-0442,2023-01-28,2023-03-14,2023-03-13,632.63,632.63,0.0,0,PAID,PAID,MAINTENANCE,EAST
INV-08888,CUS-0171,2024-03-13,2024-04-27,2024-04-26,1815.13,1815.13,0.0,0,PAID,PAID,HARDWARE,SOUTH
INV-08889,CUS-0251,2024-01-05,2024-03-05,2024-03-01,1725.95,1725.95,0.0,0,PAID,PAID,HARDWARE,NORTH
INV-08890,CUS-0438,2022-07-05,2022-08-19,2022-09-07,14533.33,14533.33,0.0,0,PAID,PAID,SOFTWARE,WEST
INV-08891,CUS-0106,2024-03-03,2024-05-02,2024-05-01,7130.36,7130.36,0.0,0,PAID,PAID,SERVICES,WEST
INV-08892,CUS-0087,2023-03-27,2023-04-26,2023-04-25,1079.11,1079.11,0.0,0,PAID,PAID,HARDWARE,WEST
INV-08893,CUS-0124,2023-08-15,2023-09-29,2023-09-29,14289.3,14289.3,0.0,0,PAID,PAID,MAINTENANCE,NORTH
INV-08894,CUS-0254,2023-11-09,2023-12-24,2023-12-21,12197.37,12197.37,0.0,0,PAID,PAID,SERVICES,WEST
INV-08895,CUS-0495,2022-06-21,2022-08-20,2022-08-19,1762.43,1762.43,0.0,0,PAID,PAID,SERVICES,WEST
INV-08896,CUS-0161,2024-03-18,2024-05-17,2024-05-13,23263.96,23263.96,0.0,0,PAID,PAID,SOFTWARE,EAST
INV-08897,CUS-0278,2022-10-21,2022-12-05,,475.44,316.94,158.5,482,90+,PARTIAL,SERVICES,EAST
INV-08898,CUS-0467,2024-02-19,2024-04-04,2024-04-04,1661.85,1661.85,0.0,0,PAID,PAID,SOFTWARE,WEST
INV-08899,CUS-0170,2023-09-12,2023-10-27,2023-10-26,991.6,991.6,0.0,0,PAID,PAID,SERVICES,WEST
INV-08900,CUS-0330,2022-06-13,2022-08-12,2022-08-13,50530.82,50530.82,0.0,0,PAID,PAID,HARDWARE,EAST
INV-08901,CUS-0419,2022-11-16,2023-01-15,2023-01-28,600.77,600.77,0.0,0,PAID,PAID,HARDWARE,SOUTH
INV-08902,CUS-0139,2024-02-12,2024-03-28,2024-03-27,1646.88,1646.88,0.0,0,PAID,PAID,SOFTWARE,SOUTH
INV-08903,CUS-0493,2022-10-31,2022-11-30,2022-11-29,1431.77,1431.77,0.0,0,PAID,PAID,HARDWARE,WEST
INV-08904,CUS-0190,2022-10-26,2022-12-10,2022-12-06,472.68,472.68,0.0,0,PAID,PAID,HARDWARE,NORTH
INV-08905,CUS-0429,2023-03-14,2023-04-13,2023-04-08,15088.66,15088.66,0.0,0,PAID,PAID,MAINTENANCE,WEST
INV-08906,CUS-0439,2022-05-07,2022-06-21,2022-06-21,4694.59,4694.59,0.0,0,PAID,PAID,SOFTWARE,SOUTH
INV-08907,CUS-0356,2023-06-22,2023-08-06,,1851.06,607.47,1243.59,238,90+,PARTIAL,SOFTWARE,EAST
INV-08908,CUS-0266,2023-04-18,2023-05-18,2023-05-18,4604.45,4604.45,0.0,0,PAID,PAID,SOFTWARE,SOUTH
INV-08909,CUS-0435,2023-12-22,2024-02-20,2024-02-20,1679.06,1679.06,0.0,0,PAID,PAID,SERVICES,WEST
INV-08910,CUS-0463,2023-10-25,2023-12-24,2023-12-22,26035.16,26035.16,0.0,0,PAID,PAID,HARDWARE,WEST
INV-08911,CUS-0410,2024-03-14,2024-04-28,2024-04-27,1839.27,1839.27,0.0,0,PAID,PAID,HARDWARE,SOUTH
INV-08912,CUS-0090,2023-03-15,2023-04-29,2023-04-29,47185.41,47185.41,0.0,0,PAID,PAID,HARDWARE,WEST
INV-08913,CUS-0012,2022-09-30,2022-11-14,2022-11-12,24192.62,24192.62,0.0,0,PAID,PAID,SERVICES,NORTH
INV-08914,CUS-0316,2022-08-15,2022-09-29,2022-10-06,3391.59,3391.59,0.0,0,PAID,PAID,SERVICES,WEST
INV-08915,CUS-0098,2023-10-01,2023-10-31,2023-10-26,3617.65,3617.65,0.0,0,PAID,PAID,SOFTWARE,WEST
INV-08916,CUS-0377,2024-01-26,2024-02-25,2024-02-22,568.23,568.23,0.0,0,PAID,PAID,HARDWARE,EAST
INV-08917,CUS-0392,2022-09-08,2022-11-07,,2123.45,1037.74,1085.71,510,90+,PARTIAL,HARDWARE,EAST
INV-08918,CUS-0194,2022-04-25,2022-05-25,2022-05-25,7395.48,7395.48,0.0,0,PAID,PAID,MAINTENANCE,SOUTH
INV-08919,CUS-0115,2023-05-14,2023-07-13,2023-07-27,8377.88,8377.88,0.0,0,PAID,PAID,MAINTENANCE,NORTH
INV-08920,CUS-0356,2022-10-26,2022-12-10,2022-12-05,2537.47,2537.47,0.0,0,PAID,PAID,SOFTWARE,EAST
INV-08921,CUS-0294,2022-09-13,2022-11-12,2022-11-30,6561.43,6561.43,0.0,0,PAID,PAID,SERVICES,NORTH
INV-08922,CUS-0081,2023-10-29,2023-11-28,2023-12-21,402.39,402.39,0.0,0,PAID,PAID,MAINTENANCE,EAST
INV-08923,CUS-0071,2023-04-22,2023-06-06,2023-06-06,31169.7,31169.7,0.0,0,PAID,PAID,MAINTENANCE,NORTH
INV-08924,CUS-0378,2024-01-13,2024-02-12,,17852.68,8148.07,9704.61,48,31-60,PARTIAL,HARDWARE,WEST
INV-08925,CUS-0143,2023-06-22,2023-08-06,2023-08-31,1153.21,1153.21,0.0,0,PAID,PAID,HARDWARE,WEST
INV-08926,CUS-0238,2023-07-06,2023-08-20,2023-08-15,848.7,848.7,0.0,0,PAID,PAID,HARDWARE,NORTH
INV-08927,CUS-0443,2024-03-21,2024-05-05,2024-04-30,309.15,309.15,0.0,0,PAID,PAID,SOFTWARE,EAST
INV-08928,CUS-0370,2022-04-01,2022-05-16,2022-05-13,13362.5,13362.5,0.0,0,PAID,PAID,SOFTWARE,WEST
INV-08929,CUS-0317,2022-04-16,2022-05-16,2022-05-14,2517.42,2517.42,0.0,0,PAID,PAID,SERVICES,NORTH
INV-08930,CUS-0068,2023-08-25,2023-10-09,2023-10-06,3847.89,3847.89,0.0,0,PAID,PAID,HARDWARE,EAST
INV-08931,CUS-0407,2022-12-24,2023-02-22,2023-02-21,4001.5,4001.5,0.0,0,PAID,PAID,MAINTENANCE,EAST
INV-08932,CUS-0393,2023-08-15,2023-09-29,2023-09-25,9686.06,9686.06,0.0,0,PAID,PAID,SOFTWARE,WEST
INV-08933,CUS-0494,2023-05-13,2023-07-12,,1428.85,797.22,631.63,263,90+,PARTIAL,MAINTENANCE,EAST
INV-08934,CUS-0294,2022-09-18,2022-11-17,2022-11-16,42521.9,42521.9,0.0,0,PAID,PAID,MAINTENANCE,WEST
INV-08935,CUS-0209,2023-09-17,2023-10-17,2023-10-14,934.53,934.53,0.0,0,PAID,PAID,SERVICES,EAST
INV-08936,CUS-0047,2023-06-11,2023-08-10,2023-08-19,10972.77,10972.77,0.0,0,PAID,PAID,HARDWARE,SOUTH
INV-08937,CUS-0339,2022-09-30,2022-11-14,2022-11-10,10390.73,10390.73,0.0,0,PAID,PAID,SOFTWARE,WEST
INV-08938,CUS-0182,2023-09-16,2023-11-15,2023-11-26,42844.03,42844.03,0.0,0,PAID,PAID,SOFTWARE,WEST
INV-08939,CUS-0101,2022-06-26,2022-07-26,2022-07-25,401.36,401.36,0.0,0,PAID,PAID,SOFTWARE,NORTH
INV-08940,CUS-0473,2023-04-14,2023-05-14,2023-05-12,937.25,937.25,0.0,0,PAID,PAID,SERVICES,EAST
INV-08941,CUS-0457,2022-07-26,2022-09-24,2022-10-06,4113.11,4113.11,0.0,0,PAID,PAID,SOFTWARE,NORTH
INV-08942,CUS-0137,2023-12-02,2024-01-31,2024-02-24,1176.2,1176.2,0.0,0,PAID,PAID,MAINTENANCE,WEST
INV-08943,CUS-0395,2023-03-14,2023-04-28,,11849.41,0.0,11849.41,338,90+,OVERDUE,HARDWARE,EAST
INV-08944,CUS-0472,2023-01-08,2023-02-07,2023-02-24,2351.72,2351.72,0.0,0,PAID,PAID,SERVICES,SOUTH
INV-08945,CUS-0034,2023-01-07,2023-02-06,2023-02-04,1764.79,1764.79,0.0,0,PAID,PAID,SOFTWARE,EAST
INV-08946,CUS-0497,2022-07-27,2022-08-26,2022-08-25,10380.0,10380.0,0.0,0,PAID,PAID,MAINTENANCE,SOUTH
INV-08947,CUS-0062,2023-03-16,2023-04-30,2023-04-29,6617.69,6617.69,0.0,0,PAID,PAID,SERVICES,NORTH
INV-08948,CUS-0329,2022-07-07,2022-09-05,2022-09-30,53232.85,53232.85,0.0,0,PAID,PAID,SERVICES,NORTH
INV-08949,CUS-0405,2022-04-03,2022-05-03,2022-05-20,629.95,629.95,0.0,0,PAID,PAID,MAINTENANCE,NORTH
INV-08950,CUS-0256,2022-09-29,2022-11-28,2022-11-26,255.87,255.87,0.0,0,PAID,PAID,SOFTWARE,WEST
INV-08951,CUS-0060,2024-01-22,2024-02-21,2024-02-18,5666.93,5666.93,0.0,0,PAID,PAID,HARDWARE,NORTH
INV-08952,CUS-0163,2023-04-18,2023-06-17,2023-06-14,2443.55,2443.55,0.0,0,PAID,PAID,SOFTWARE,WEST
INV-08953,CUS-0154,2023-03-13,2023-05-12,2023-05-09,2868.28,2868.28,0.0,0,PAID,PAID,HARDWARE,WEST
INV-08954,CUS-0151,2023-07-06,2023-08-05,2023-08-02,894.76,894.76,0.0,0,PAID,PAID,SOFTWARE,WEST
INV-08955,CUS-0315,2024-01-24,2024-03-24,2024-03-23,5632.88,5632.88,0.0,0,PAID,PAID,MAINTENANCE,SOUTH
INV-08956,CUS-0117,2023-06-01,2023-07-01,2023-06-26,3455.65,3455.65,0.0,0,PAID,PAID,SOFTWARE,NORTH
INV-08957,CUS-0342,2022-06-04,2022-08-03,2022-07-31,945.36,945.36,0.0,0,PAID,PAID,HARDWARE,WEST
INV-08958,CUS-0435,2023-01-31,2023-04-01,2023-03-27,1504.77,1504.77,0.0,0,PAID,PAID,MAINTENANCE,WEST
INV-08959,CUS-0166,2023-04-10,2023-05-25,2023-06-07,3692.61,3692.61,0.0,0,PAID,PAID,SOFTWARE,NORTH
INV-08960,CUS-0388,2023-09-22,2023-10-22,2023-10-19,11191.79,11191.79,0.0,0,PAID,PAID,SOFTWARE,SOUTH
INV-08961,CUS-0188,2023-11-06,2023-12-21,2024-01-11,1227.7,1227.7,0.0,0,PAID,PAID,MAINTENANCE,WEST
INV-08962,CUS-0083,2022-08-23,2022-09-22,,29857.46,0.0,29857.46,556,90+,OVERDUE,MAINTENANCE,NORTH
INV-08963,CUS-0412,2023-06-25,2023-07-25,2023-07-22,19029.24,19029.24,0.0,0,PAID,PAID,HARDWARE,EAST
INV-08964,CUS-0500,2022-09-07,2022-10-07,2022-10-12,13941.76,13941.76,0.0,0,PAID,PAID,SERVICES,WEST
INV-08965,CUS-0171,2023-09-13,2023-10-28,2023-10-27,10074.81,10074.81,0.0,0,PAID,PAID,SERVICES,SOUTH
INV-08966,CUS-0241,2022-09-09,2022-11-08,,616.08,0.0,616.08,509,90+,OVERDUE,HARDWARE,SOUTH
INV-08967,CUS-0089,2023-10-15,2023-12-14,2023-12-14,15148.23,15148.23,0.0,0,PAID,PAID,SOFTWARE,WEST
INV-08968,CUS-0100,2024-02-06,2024-03-07,2024-03-05,44539.32,44539.32,0.0,0,PAID,PAID,SOFTWARE,EAST
INV-08969,CUS-0359,2023-10-22,2023-11-21,2023-11-21,14769.1,14769.1,0.0,0,PAID,PAID,HARDWARE,EAST
INV-08970,CUS-0468,2022-07-07,2022-08-06,2022-08-05,7753.34,7753.34,0.0,0,PAID,PAID,SOFTWARE,NORTH
INV-08971,CUS-0009,2022-09-04,2022-10-04,,22777.78,9869.59,12908.19,544,90+,PARTIAL,MAINTENANCE,NORTH
INV-08972,CUS-0408,2023-01-27,2023-03-13,2023-03-14,12103.45,12103.45,0.0,0,PAID,PAID,MAINTENANCE,NORTH
INV-08973,CUS-0288,2023-10-21,2023-12-20,2023-12-15,9435.36,9435.36,0.0,0,PAID,PAID,MAINTENANCE,SOUTH
INV-08974,CUS-0464,2023-12-11,2024-01-25,2024-01-22,1763.68,1763.68,0.0,0,PAID,PAID,SERVICES,EAST
INV-08975,CUS-0279,2022-10-01,2022-11-15,2022-11-14,2113.51,2113.51,0.0,0,PAID,PAID,MAINTENANCE,EAST
INV-08976,CUS-0335,2023-07-31,2023-09-29,2023-09-29,6152.8,6152.8,0.0,0,PAID,PAID,SOFTWARE,EAST
INV-08977,CUS-0185,2023-04-17,2023-06-16,2023-06-11,4502.4,4502.4,0.0,0,PAID,PAID,SOFTWARE,NORTH
INV-08978,CUS-0452,2023-08-02,2023-09-01,2023-08-30,3529.87,3529.87,0.0,0,PAID,PAID,SERVICES,WEST
INV-08979,CUS-0379,2023-04-08,2023-05-23,2023-05-19,10188.53,10188.53,0.0,0,PAID,PAID,HARDWARE,EAST
INV-08980,CUS-0086,2023-08-17,2023-10-16,,1779.61,1076.99,702.62,167,90+,PARTIAL,MAINTENANCE,WEST
INV-08981,CUS-0372,2022-09-03,2022-10-03,2022-10-03,4684.96,4684.96,0.0,0,PAID,PAID,MAINTENANCE,NORTH
INV-08982,CUS-0047,2024-01-18,2024-03-18,2024-03-13,20102.13,20102.13,0.0,0,PAID,PAID,SOFTWARE,EAST
INV-08983,CUS-0410,2023-06-24,2023-08-08,2023-08-08,4619.28,4619.28,0.0,0,PAID,PAID,SERVICES,SOUTH
INV-08984,CUS-0089,2023-06-17,2023-08-16,2023-08-13,9431.49,9431.49,0.0,0,PAID,PAID,SOFTWARE,WEST
INV-08985,CUS-0435,2023-11-01,2023-12-31,2023-12-27,398.02,398.02,0.0,0,PAID,PAID,SOFTWARE,WEST
INV-08986,CUS-0495,2023-09-29,2023-11-28,2023-11-23,2606.05,2606.05,0.0,0,PAID,PAID,SERVICES,EAST
INV-08987,CUS-0130,2023-02-15,2023-04-16,,640.4,322.19,318.21,350,90+,PARTIAL,HARDWARE,NORTH
INV-08988,CUS-0467,2024-03-08,2024-04-22,2024-04-21,425.66,425.66,0.0,0,PAID,PAID,SOFTWARE,WEST
INV-08989,CUS-0053,2023-12-16,2024-02-14,2024-02-10,9281.96,9281.96,0.0,0,PAID,PAID,SOFTWARE,NORTH
INV-08990,CUS-0042,2022-09-25,2022-11-24,2022-11-24,5727.19,5727.19,0.0,0,PAID,PAID,SERVICES,SOUTH
INV-08991,CUS-0031,2023-05-26,2023-07-25,2023-07-21,9871.71,9871.71,0.0,0,PAID,PAID,SOFTWARE,NORTH
INV-08992,CUS-0112,2024-01-01,2024-03-01,2024-02-29,3202.81,3202.81,0.0,0,PAID,PAID,SERVICES,WEST
INV-08993,CUS-0228,2023-11-26,2024-01-25,,26662.91,14849.07,11813.84,66,61-90,PARTIAL,SERVICES,NORTH
INV-08994,CUS-0271,2023-03-31,2023-04-30,2023-04-25,447.17,447.17,0.0,0,PAID,PAID,MAINTENANCE,SOUTH
INV-08995,CUS-0310,2023-09-02,2023-10-17,2023-10-12,12084.45,12084.45,0.0,0,PAID,PAID,SOFTWARE,WEST
INV-08996,CUS-0472,2022-05-20,2022-06-19,2022-06-23,724.19,724.19,0.0,0,PAID,PAID,SOFTWARE,NORTH
INV-08997,CUS-0210,2023-01-06,2023-03-07,2023-03-02,2070.02,2070.02,0.0,0,PAID,PAID,SOFTWARE,NORTH
INV-08998,CUS-0361,2023-10-30,2023-11-29,2023-11-30,65019.3,65019.3,0.0,0,PAID,PAID,SERVICES,EAST
INV-08999,CUS-0439,2022-09-11,2022-10-26,2022-10-23,2525.99,2525.99,0.0,0,PAID,PAID,HARDWARE,WEST
INV-09000,CUS-0333,2023-02-13,2023-04-14,2023-04-11,2205.2,2205.2,0.0,0,PAID,PAID,HARDWARE,SOUTH
INV-09001,CUS-0462,2023-07-27,2023-09-25,2023-09-25,1547.64,1547.64,0.0,0,PAID,PAID,HARDWARE,EAST
INV-09002,CUS-0445,2023-08-01,2023-09-15,2023-10-02,1323.16,1323.16,0.0,0,PAID,PAID,HARDWARE,NORTH
INV-09003,CUS-0062,2022-08-28,2022-10-12,2022-10-10,108.84,108.84,0.0,0,PAID,PAID,SOFTWARE,SOUTH
INV-09004,CUS-0167,2023-06-04,2023-07-04,2023-07-02,2403.96,2403.96,0.0,0,PAID,PAID,MAINTENANCE,EAST
INV-09005,CUS-0190,2023-04-29,2023-06-13,2023-06-08,1386.2,1386.2,0.0,0,PAID,PAID,HARDWARE,NORTH
INV-09006,CUS-0227,2023-04-20,2023-05-20,2023-05-18,2949.02,2949.02,0.0,0,PAID,PAID,SOFTWARE,NORTH
INV-09007,CUS-0250,2023-12-15,2024-01-14,2024-01-14,43925.43,43925.43,0.0,0,PAID,PAID,MAINTENANCE,NORTH
INV-09008,CUS-0016,2023-04-29,2023-06-28,2023-06-26,716.38,716.38,0.0,0,PAID,PAID,HARDWARE,WEST
INV-09009,CUS-0335,2023-07-10,2023-09-08,2023-09-03,3398.49,3398.49,0.0,0,PAID,PAID,SOFTWARE,NORTH
INV-09010,CUS-0485,2022-06-22,2022-08-21,,12623.27,0.0,12623.27,588,90+,OVERDUE,SERVICES,SOUTH
INV-09011,CUS-0094,2022-12-04,2023-02-02,2023-02-02,1237.56,1237.56,0.0,0,PAID,PAID,HARDWARE,NORTH
INV-09012,CUS-0127,2023-11-17,2024-01-01,,13891.55,0.0,13891.55,90,61-90,OVERDUE,HARDWARE,NORTH
INV-09013,CUS-0030,2023-09-04,2023-10-04,2023-10-15,21986.18,21986.18,0.0,0,PAID,PAID,SOFTWARE,WEST
INV-09014,CUS-0050,2024-02-12,2024-03-28,2024-03-26,19257.24,19257.24,0.0,0,PAID,PAID,SOFTWARE,EAST
INV-09015,CUS-0360,2023-02-26,2023-04-12,2023-04-11,34776.17,34776.17,0.0,0,PAID,PAID,SERVICES,WEST
INV-09016,CUS-0028,2022-04-10,2022-05-25,2022-05-25,1479.36,1479.36,0.0,0,PAID,PAID,MAINTENANCE,NORTH
INV-09017,CUS-0278,2023-12-31,2024-02-14,2024-02-25,8482.84,8482.84,0.0,0,PAID,PAID,SOFTWARE,NORTH
INV-09018,CUS-0162,2022-12-16,2023-01-15,2023-01-13,2092.6,2092.6,0.0,0,PAID,PAID,MAINTENANCE,SOUTH
INV-09019,CUS-0169,2023-02-19,2023-03-21,2023-03-17,1079.27,1079.27,0.0,0,PAID,PAID,HARDWARE,EAST
INV-09020,CUS-0169,2022-10-26,2022-11-25,2022-11-22,865.33,865.33,0.0,0,PAID,PAID,SERVICES,EAST
INV-09021,CUS-0222,2022-09-04,2022-11-03,2022-11-03,3393.84,3393.84,0.0,0,PAID,PAID,MAINTENANCE,SOUTH
INV-09022,CUS-0135,2023-06-05,2023-07-05,2023-07-05,12495.87,12495.87,0.0,0,PAID,PAID,SERVICES,WEST
INV-09023,CUS-0470,2022-05-17,2022-07-16,2022-07-11,1534.34,1534.34,0.0,0,PAID,PAID,SOFTWARE,EAST
INV-09024,CUS-0227,2022-06-11,2022-07-11,2022-07-06,293.88,293.88,0.0,0,PAID,PAID,HARDWARE,SOUTH
INV-09025,CUS-0369,2023-01-17,2023-03-03,2023-03-30,27852.45,27852.45,0.0,0,PAID,PAID,MAINTENANCE,WEST
INV-09026,CUS-0155,2024-03-16,2024-05-15,2024-06-04,3879.62,3879.62,0.0,0,PAID,PAID,SERVICES,SOUTH
INV-09027,CUS-0412,2023-06-19,2023-07-19,,102404.07,0.0,102404.07,256,90+,OVERDUE,SERVICES,WEST
INV-09028,CUS-0201,2024-01-11,2024-02-25,2024-02-20,1299.63,1299.63,0.0,0,PAID,PAID,HARDWARE,EAST
INV-09029,CUS-0315,2023-09-04,2023-11-03,2023-11-02,560.95,560.95,0.0,0,PAID,PAID,HARDWARE,NORTH
INV-09030,CUS-0222,2023-02-22,2023-04-23,2023-04-19,2580.02,2580.02,0.0,0,PAID,PAID,SERVICES,WEST
INV-09031,CUS-0241,2024-02-05,2024-04-05,2024-04-01,2247.45,2247.45,0.0,0,PAID,PAID,HARDWARE,SOUTH
INV-09032,CUS-0181,2023-05-29,2023-07-13,2023-07-10,4500.71,4500.71,0.0,0,PAID,PAID,MAINTENANCE,SOUTH
INV-09033,CUS-0290,2022-08-20,2022-10-19,2022-10-17,13971.82,13971.82,0.0,0,PAID,PAID,MAINTENANCE,EAST
INV-09034,CUS-0068,2022-07-27,2022-09-10,2022-09-10,6637.45,6637.45,0.0,0,PAID,PAID,MAINTENANCE,EAST
INV-09035,CUS-0433,2022-09-15,2022-10-15,,1342.69,0.0,1342.69,533,90+,OVERDUE,HARDWARE,SOUTH
INV-09036,CUS-0128,2023-05-04,2023-07-03,2023-07-03,422.34,422.34,0.0,0,PAID,PAID,SERVICES,NORTH
INV-09037,CUS-0108,2022-08-20,2022-10-04,2022-10-04,2801.36,2801.36,0.0,0,PAID,PAID,HARDWARE,NORTH
INV-09038,CUS-0453,2022-07-22,2022-08-21,2022-08-16,4114.73,4114.73,0.0,0,PAID,PAID,MAINTENANCE,NORTH
INV-09039,CUS-0413,2023-01-01,2023-02-15,2023-02-16,1932.3,1932.3,0.0,0,PAID,PAID,HARDWARE,EAST
INV-09040,CUS-0126,2023-09-01,2023-10-31,2023-10-26,1146.16,1146.16,0.0,0,PAID,PAID,HARDWARE,SOUTH
INV-09041,CUS-0059,2022-10-26,2022-11-25,2022-11-21,4554.55,4554.55,0.0,0,PAID,PAID,HARDWARE,NORTH
INV-09042,CUS-0289,2022-12-23,2023-01-22,,1178.83,431.65,747.18,434,90+,PARTIAL,SERVICES,SOUTH
INV-09043,CUS-0138,2022-05-28,2022-07-12,2022-07-09,28478.41,28478.41,0.0,0,PAID,PAID,SOFTWARE,EAST
INV-09044,CUS-0424,2022-09-12,2022-10-12,2022-10-10,2518.85,2518.85,0.0,0,PAID,PAID,SERVICES,NORTH
INV-09045,CUS-0327,2022-09-12,2022-10-12,2022-10-07,14081.82,14081.82,0.0,0,PAID,PAID,MAINTENANCE,NORTH
INV-09046,CUS-0387,2022-12-02,2023-01-01,,8717.71,2819.5,5898.21,455,90+,PARTIAL,SOFTWARE,SOUTH
INV-09047,CUS-0355,2023-12-20,2024-01-19,2024-01-18,909.17,909.17,0.0,0,PAID,PAID,SERVICES,NORTH
INV-09048,CUS-0079,2023-03-24,2023-04-23,,1059.18,364.18,695.0,343,90+,PARTIAL,HARDWARE,EAST
INV-09049,CUS-0283,2023-04-20,2023-05-20,2023-05-19,2404.54,2404.54,0.0,0,PAID,PAID,SOFTWARE,EAST
INV-09050,CUS-0399,2023-04-15,2023-06-14,,13884.17,8327.49,5556.68,291,90+,PARTIAL,SOFTWARE,WEST
INV-09051,CUS-0150,2024-01-02,2024-02-16,2024-02-15,730.65,730.65,0.0,0,PAID,PAID,HARDWARE,WEST
INV-09052,CUS-0008,2023-05-17,2023-07-16,,6105.87,0.0,6105.87,259,90+,OVERDUE,SERVICES,NORTH
INV-09053,CUS-0032,2023-08-19,2023-10-18,2023-11-15,1478.42,1478.42,0.0,0,PAID,PAID,HARDWARE,NORTH
INV-09054,CUS-0184,2023-07-14,2023-08-28,2023-08-23,16831.34,16831.34,0.0,0,PAID,PAID,SOFTWARE,SOUTH
INV-09055,CUS-0164,2022-09-07,2022-10-07,2022-10-04,1381.4,1381.4,0.0,0,PAID,PAID,MAINTENANCE,EAST
INV-09056,CUS-0350,2023-10-22,2023-12-21,,5206.52,2374.58,2831.94,101,90+,PARTIAL,MAINTENANCE,SOUTH
INV-09057,CUS-0271,2023-11-17,2023-12-17,2023-12-13,6481.72,6481.72,0.0,0,PAID,PAID,SOFTWARE,WEST
INV-09058,CUS-0150,2022-11-14,2022-12-29,2022-12-28,6024.85,6024.85,0.0,0,PAID,PAID,SERVICES,EAST
INV-09059,CUS-0367,2023-10-04,2023-11-03,2023-11-09,31351.29,31351.29,0.0,0,PAID,PAID,HARDWARE,WEST
INV-09060,CUS-0181,2023-12-15,2024-01-29,2024-01-24,3434.13,3434.13,0.0,0,PAID,PAID,HARDWARE,EAST
INV-09061,CUS-0345,2023-01-22,2023-03-23,2023-03-18,25705.02,25705.02,0.0,0,PAID,PAID,HARDWARE,EAST
INV-09062,CUS-0265,2022-07-05,2022-08-19,2022-08-14,21830.79,21830.79,0.0,0,PAID,PAID,SERVICES,SOUTH
INV-09063,CUS-0063,2022-10-19,2022-12-03,2022-12-02,1050.67,1050.67,0.0,0,PAID,PAID,MAINTENANCE,SOUTH
INV-09064,CUS-0232,2022-05-06,2022-06-05,,1142.91,567.72,575.19,665,90+,PARTIAL,HARDWARE,NORTH
INV-09065,CUS-0065,2023-05-28,2023-06-27,2023-06-24,2014.18,2014.18,0.0,0,PAID,PAID,SOFTWARE,WEST
INV-09066,CUS-0317,2023-11-18,2023-12-18,,713.86,0.0,713.86,104,90+,OVERDUE,HARDWARE,NORTH
INV-09067,CUS-0245,2023-04-30,2023-06-29,,2998.76,0.0,2998.76,276,90+,OVERDUE,SERVICES,NORTH
INV-09068,CUS-0165,2023-09-25,2023-10-25,2023-11-24,4851.23,4851.23,0.0,0,PAID,PAID,SERVICES,WEST
INV-09069,CUS-0488,2023-06-04,2023-08-03,2023-08-01,3988.34,3988.34,0.0,0,PAID,PAID,HARDWARE,EAST
INV-09070,CUS-0253,2023-10-06,2023-11-20,2023-11-18,1283.02,1283.02,0.0,0,PAID,PAID,SOFTWARE,WEST
INV-09071,CUS-0430,2022-05-11,2022-07-10,2022-07-08,9551.43,9551.43,0.0,0,PAID,PAID,SOFTWARE,SOUTH
INV-09072,CUS-0263,2023-09-12,2023-11-11,2023-11-10,2108.18,2108.18,0.0,0,PAID,PAID,SERVICES,SOUTH
INV-09073,CUS-0352,2022-10-29,2022-12-28,2023-01-13,1670.93,1670.93,0.0,0,PAID,PAID,SOFTWARE,NORTH
INV-09074,CUS-0062,2023-12-11,2024-01-25,2024-01-24,1480.72,1480.72,0.0,0,PAID,PAID,HARDWARE,WEST
INV-09075,CUS-0266,2023-06-23,2023-07-23,2023-07-23,39717.9,39717.9,0.0,0,PAID,PAID,SOFTWARE,EAST
INV-09076,CUS-0375,2024-03-09,2024-04-23,2024-04-18,3983.36,3983.36,0.0,0,PAID,PAID,SERVICES,WEST
INV-09077,CUS-0042,2023-02-13,2023-04-14,,13182.58,0.0,13182.58,352,90+,OVERDUE,SOFTWARE,NORTH
INV-09078,CUS-0208,2023-09-30,2023-11-29,2023-12-24,2367.12,2367.12,0.0,0,PAID,PAID,MAINTENANCE,SOUTH
INV-09079,CUS-0381,2022-06-12,2022-07-12,2022-07-11,413.88,413.88,0.0,0,PAID,PAID,HARDWARE,SOUTH
INV-09080,CUS-0339,2022-11-09,2022-12-24,2022-12-23,21484.01,21484.01,0.0,0,PAID,PAID,HARDWARE,NORTH
INV-09081,CUS-0072,2022-04-26,2022-06-25,2022-06-25,39398.95,39398.95,0.0,0,PAID,PAID,SERVICES,WEST
INV-09082,CUS-0323,2022-04-30,2022-05-30,2022-05-29,1748.56,1748.56,0.0,0,PAID,PAID,HARDWARE,EAST
INV-09083,CUS-0257,2023-06-24,2023-07-24,2023-07-21,2361.08,2361.08,0.0,0,PAID,PAID,HARDWARE,EAST
INV-09084,CUS-0384,2023-08-05,2023-09-19,2023-09-15,4925.86,4925.86,0.0,0,PAID,PAID,SOFTWARE,SOUTH
INV-09085,CUS-0467,2022-06-08,2022-07-23,,2393.44,740.57,1652.87,617,90+,PARTIAL,SOFTWARE,WEST
INV-09086,CUS-0243,2022-08-14,2022-09-28,2022-09-26,17970.94,17970.94,0.0,0,PAID,PAID,MAINTENANCE,WEST
INV-09087,CUS-0434,2023-04-10,2023-05-10,2023-06-03,13712.24,13712.24,0.0,0,PAID,PAID,MAINTENANCE,SOUTH
INV-09088,CUS-0496,2023-08-17,2023-09-16,2023-09-12,7266.45,7266.45,0.0,0,PAID,PAID,MAINTENANCE,EAST
INV-09089,CUS-0111,2023-12-11,2024-01-25,2024-01-23,882.7,882.7,0.0,0,PAID,PAID,HARDWARE,WEST
INV-09090,CUS-0312,2022-12-17,2023-01-31,2023-01-27,14962.26,14962.26,0.0,0,PAID,PAID,MAINTENANCE,WEST
INV-09091,CUS-0164,2022-09-30,2022-10-30,2022-10-25,16098.98,16098.98,0.0,0,PAID,PAID,MAINTENANCE,SOUTH
INV-09092,CUS-0015,2024-02-25,2024-03-26,2024-03-22,1777.91,1777.91,0.0,0,PAID,PAID,HARDWARE,NORTH
INV-09093,CUS-0194,2023-02-19,2023-03-21,2023-03-21,7485.46,7485.46,0.0,0,PAID,PAID,SERVICES,WEST
INV-09094,CUS-0141,2024-03-25,2024-05-24,2024-05-22,2489.64,2489.64,0.0,0,PAID,PAID,SOFTWARE,SOUTH
INV-09095,CUS-0096,2023-03-04,2023-04-03,2023-04-02,27939.31,27939.31,0.0,0,PAID,PAID,MAINTENANCE,NORTH
INV-09096,CUS-0268,2023-06-02,2023-07-02,2023-06-27,292.81,292.81,0.0,0,PAID,PAID,SERVICES,SOUTH
INV-09097,CUS-0274,2024-02-23,2024-04-23,2024-05-23,5154.42,5154.42,0.0,0,PAID,PAID,SOFTWARE,SOUTH
INV-09098,CUS-0098,2023-01-27,2023-02-26,2023-02-25,5225.38,5225.38,0.0,0,PAID,PAID,SOFTWARE,NORTH
INV-09099,CUS-0314,2023-10-14,2023-12-13,,2316.75,0.0,2316.75,109,90+,OVERDUE,HARDWARE,WEST
INV-09100,CUS-0170,2023-03-21,2023-05-05,,4190.94,0.0,4190.94,331,90+,OVERDUE,MAINTENANCE,EAST
INV-09101,CUS-0441,2023-03-06,2023-04-05,2023-04-02,3056.3,3056.3,0.0,0,PAID,PAID,MAINTENANCE,NORTH
INV-09102,CUS-0427,2022-05-17,2022-07-16,2022-07-12,1028.34,1028.34,0.0,0,PAID,PAID,SERVICES,NORTH
INV-09103,CUS-0465,2023-12-31,2024-02-29,2024-02-26,5309.44,5309.44,0.0,0,PAID,PAID,MAINTENANCE,SOUTH
INV-09104,CUS-0485,2023-03-22,2023-05-21,2023-06-20,4776.91,4776.91,0.0,0,PAID,PAID,SOFTWARE,WEST
INV-09105,CUS-0159,2023-09-08,2023-10-08,2023-10-06,1441.84,1441.84,0.0,0,PAID,PAID,MAINTENANCE,NORTH
INV-09106,CUS-0337,2024-02-02,2024-04-02,2024-04-01,26021.44,26021.44,0.0,0,PAID,PAID,SOFTWARE,WEST
INV-09107,CUS-0339,2022-08-24,2022-10-08,2022-10-06,14506.2,14506.2,0.0,0,PAID,PAID,SERVICES,EAST
INV-09108,CUS-0232,2023-09-05,2023-10-05,2023-10-04,2430.68,2430.68,0.0,0,PAID,PAID,MAINTENANCE,NORTH
INV-09109,CUS-0166,2023-01-20,2023-03-06,2023-03-02,4935.44,4935.44,0.0,0,PAID,PAID,MAINTENANCE,EAST
INV-09110,CUS-0461,2023-03-14,2023-05-13,2023-05-13,497.15,497.15,0.0,0,PAID,PAID,SERVICES,WEST
INV-09111,CUS-0184,2022-05-16,2022-06-30,2022-06-27,12069.87,12069.87,0.0,0,PAID,PAID,SERVICES,EAST
INV-09112,CUS-0287,2023-06-13,2023-08-12,2023-08-11,2104.92,2104.92,0.0,0,PAID,PAID,MAINTENANCE,EAST
INV-09113,CUS-0029,2022-07-19,2022-09-02,2022-08-31,6418.97,6418.97,0.0,0,PAID,PAID,SOFTWARE,WEST
INV-09114,CUS-0332,2022-07-29,2022-09-27,2022-09-24,252.64,252.64,0.0,0,PAID,PAID,HARDWARE,EAST
INV-09115,CUS-0353,2023-07-31,2023-08-30,2023-08-27,4173.43,4173.43,0.0,0,PAID,PAID,MAINTENANCE,NORTH
INV-09116,CUS-0011,2022-06-20,2022-08-19,2022-08-19,5342.96,5342.96,0.0,0,PAID,PAID,MAINTENANCE,NORTH
INV-09117,CUS-0394,2023-10-19,2023-12-03,2023-11-28,4774.62,4774.62,0.0,0,PAID,PAID,MAINTENANCE,SOUTH
INV-09118,CUS-0195,2022-08-09,2022-09-23,2022-09-20,3696.14,3696.14,0.0,0,PAID,PAID,SERVICES,WEST
INV-09119,CUS-0244,2023-08-23,2023-10-07,,1954.95,0.0,1954.95,176,90+,OVERDUE,SERVICES,EAST
INV-09120,CUS-0418,2024-02-22,2024-03-23,2024-03-20,39984.37,39984.37,0.0,0,PAID,PAID,SOFTWARE,SOUTH
INV-09121,CUS-0143,2023-07-26,2023-09-09,2023-10-06,482.13,482.13,0.0,0,PAID,PAID,HARDWARE,EAST
INV-09122,CUS-0052,2023-10-25,2023-12-24,2023-12-22,29800.64,29800.64,0.0,0,PAID,PAID,HARDWARE,SOUTH
INV-09123,CUS-0484,2022-07-28,2022-08-27,2022-08-22,1419.4,1419.4,0.0,0,PAID,PAID,SERVICES,EAST
INV-09124,CUS-0462,2023-12-12,2024-02-10,2024-02-05,497.45,497.45,0.0,0,PAID,PAID,HARDWARE,WEST
INV-09125,CUS-0047,2023-10-26,2023-12-25,2023-12-22,5708.93,5708.93,0.0,0,PAID,PAID,HARDWARE,EAST
INV-09126,CUS-0117,2023-04-18,2023-05-18,2023-05-17,2077.27,2077.27,0.0,0,PAID,PAID,HARDWARE,NORTH
INV-09127,CUS-0145,2023-04-23,2023-06-22,2023-06-22,1178.13,1178.13,0.0,0,PAID,PAID,SERVICES,NORTH
INV-09128,CUS-0136,2023-11-23,2024-01-07,2024-01-05,7694.01,7694.01,0.0,0,PAID,PAID,SOFTWARE,NORTH
INV-09129,CUS-0307,2023-07-11,2023-09-09,2023-09-05,1906.29,1906.29,0.0,0,PAID,PAID,SERVICES,WEST
INV-09130,CUS-0196,2023-11-27,2024-01-11,2024-01-20,1616.01,1616.01,0.0,0,PAID,PAID,HARDWARE,EAST
INV-09131,CUS-0082,2022-11-15,2022-12-30,2022-12-25,2464.91,2464.91,0.0,0,PAID,PAID,SOFTWARE,EAST
INV-09132,CUS-0263,2022-08-25,2022-10-24,2022-10-22,1684.12,1684.12,0.0,0,PAID,PAID,SERVICES,WEST
INV-09133,CUS-0455,2022-08-19,2022-09-18,2022-09-13,536.59,536.59,0.0,0,PAID,PAID,MAINTENANCE,EAST
INV-09134,CUS-0075,2022-12-23,2023-02-21,2023-02-16,7055.54,7055.54,0.0,0,PAID,PAID,SERVICES,SOUTH
INV-09135,CUS-0388,2023-05-13,2023-06-12,2023-06-08,3569.89,3569.89,0.0,0,PAID,PAID,SOFTWARE,SOUTH
INV-09136,CUS-0229,2023-03-02,2023-04-01,2023-04-01,2740.49,2740.49,0.0,0,PAID,PAID,SERVICES,NORTH
INV-09137,CUS-0425,2023-05-10,2023-06-09,2023-06-05,3473.28,3473.28,0.0,0,PAID,PAID,MAINTENANCE,NORTH
INV-09138,CUS-0192,2023-03-25,2023-04-24,2023-04-22,21588.69,21588.69,0.0,0,PAID,PAID,SOFTWARE,NORTH
INV-09139,CUS-0411,2022-12-07,2023-01-21,2023-02-07,4160.26,4160.26,0.0,0,PAID,PAID,MAINTENANCE,WEST
INV-09140,CUS-0500,2022-05-27,2022-06-26,,4951.98,2379.76,2572.22,644,90+,PARTIAL,SOFTWARE,WEST
INV-09141,CUS-0477,2023-10-04,2023-11-18,2023-11-18,7171.49,7171.49,0.0,0,PAID,PAID,HARDWARE,SOUTH
INV-09142,CUS-0387,2022-09-23,2022-10-23,,3415.63,0.0,3415.63,525,90+,OVERDUE,SERVICES,WEST
INV-09143,CUS-0042,2022-04-14,2022-06-13,2022-06-09,1209.31,1209.31,0.0,0,PAID,PAID,SOFTWARE,SOUTH
INV-09144,CUS-0207,2022-09-02,2022-11-01,2022-11-01,7664.6,7664.6,0.0,0,PAID,PAID,MAINTENANCE,EAST
INV-09145,CUS-0094,2022-06-14,2022-08-13,2022-08-09,1620.83,1620.83,0.0,0,PAID,PAID,MAINTENANCE,NORTH
INV-09146,CUS-0304,2023-08-30,2023-09-29,2023-10-16,1321.01,1321.01,0.0,0,PAID,PAID,SERVICES,EAST
INV-09147,CUS-0493,2022-11-26,2022-12-26,2022-12-23,366.44,366.44,0.0,0,PAID,PAID,SERVICES,EAST
INV-09148,CUS-0254,2023-04-30,2023-06-14,2023-06-09,2625.0,2625.0,0.0,0,PAID,PAID,HARDWARE,NORTH
INV-09149,CUS-0069,2022-09-17,2022-11-16,2022-11-12,5165.63,5165.63,0.0,0,PAID,PAID,MAINTENANCE,WEST
INV-09150,CUS-0097,2022-05-25,2022-07-24,2022-07-22,10245.49,10245.49,0.0,0,PAID,PAID,HARDWARE,WEST
INV-09151,CUS-0174,2023-06-20,2023-08-19,2023-08-18,7421.86,7421.86,0.0,0,PAID,PAID,HARDWARE,EAST
INV-09152,CUS-0424,2024-02-07,2024-03-08,2024-04-04,494.37,494.37,0.0,0,PAID,PAID,MAINTENANCE,EAST
INV-09153,CUS-0081,2023-03-25,2023-04-24,,1340.65,655.73,684.92,342,90+,PARTIAL,SOFTWARE,WEST
INV-09154,CUS-0180,2023-11-05,2023-12-05,2023-12-01,8415.62,8415.62,0.0,0,PAID,PAID,MAINTENANCE,EAST
INV-09155,CUS-0422,2023-12-21,2024-02-04,2024-02-02,2275.44,2275.44,0.0,0,PAID,PAID,SOFTWARE,EAST
INV-09156,CUS-0128,2023-10-25,2023-12-24,2023-12-21,31030.71,31030.71,0.0,0,PAID,PAID,HARDWARE,EAST
INV-09157,CUS-0034,2023-04-19,2023-05-19,2023-05-14,878.65,878.65,0.0,0,PAID,PAID,HARDWARE,WEST
INV-09158,CUS-0199,2024-01-31,2024-03-16,2024-03-15,2803.05,2803.05,0.0,0,PAID,PAID,MAINTENANCE,EAST
INV-09159,CUS-0425,2023-03-18,2023-04-17,2023-05-06,572.24,572.24,0.0,0,PAID,PAID,SOFTWARE,WEST
INV-09160,CUS-0033,2022-06-24,2022-07-24,2022-07-30,6210.35,6210.35,0.0,0,PAID,PAID,MAINTENANCE,NORTH
INV-09161,CUS-0070,2023-01-05,2023-02-04,2023-02-01,23642.36,23642.36,0.0,0,PAID,PAID,MAINTENANCE,WEST
INV-09162,CUS-0412,2022-06-27,2022-07-27,,23499.06,14221.44,9277.62,613,90+,PARTIAL,HARDWARE,NORTH
INV-09163,CUS-0105,2022-04-03,2022-05-18,2022-05-17,616.23,616.23,0.0,0,PAID,PAID,HARDWARE,EAST
INV-09164,CUS-0054,2022-06-12,2022-07-12,2022-07-31,1687.26,1687.26,0.0,0,PAID,PAID,SOFTWARE,SOUTH
INV-09165,CUS-0186,2022-12-26,2023-02-09,2023-02-08,45759.23,45759.23,0.0,0,PAID,PAID,SOFTWARE,SOUTH
INV-09166,CUS-0344,2024-01-03,2024-02-17,2024-02-17,1403.03,1403.03,0.0,0,PAID,PAID,SERVICES,EAST
INV-09167,CUS-0476,2022-05-19,2022-07-18,2022-07-17,8186.26,8186.26,0.0,0,PAID,PAID,SOFTWARE,EAST
INV-09168,CUS-0327,2022-04-20,2022-05-20,2022-05-16,5646.59,5646.59,0.0,0,PAID,PAID,MAINTENANCE,EAST
INV-09169,CUS-0229,2022-04-25,2022-05-25,2022-05-25,2056.71,2056.71,0.0,0,PAID,PAID,SOFTWARE,WEST
INV-09170,CUS-0265,2023-05-11,2023-06-25,2023-06-20,27495.32,27495.32,0.0,0,PAID,PAID,SERVICES,EAST
INV-09171,CUS-0289,2022-10-06,2022-11-05,2022-11-01,5776.99,5776.99,0.0,0,PAID,PAID,SOFTWARE,SOUTH
INV-09172,CUS-0249,2022-09-03,2022-10-03,2022-10-03,608.82,608.82,0.0,0,PAID,PAID,SERVICES,WEST
INV-09173,CUS-0363,2023-09-06,2023-10-21,,1659.84,904.72,755.12,162,90+,PARTIAL,HARDWARE,EAST
INV-09174,CUS-0184,2022-12-04,2023-01-18,2023-01-15,13719.54,13719.54,0.0,0,PAID,PAID,HARDWARE,NORTH
INV-09175,CUS-0367,2023-10-14,2023-11-13,,63076.74,40553.33,22523.41,139,90+,PARTIAL,SERVICES,EAST
INV-09176,CUS-0471,2023-05-30,2023-07-14,2023-07-10,18465.62,18465.62,0.0,0,PAID,PAID,HARDWARE,EAST
INV-09177,CUS-0243,2023-01-18,2023-03-04,2023-04-01,4039.03,4039.03,0.0,0,PAID,PAID,HARDWARE,SOUTH
INV-09178,CUS-0146,2023-01-30,2023-03-16,2023-03-16,13853.53,13853.53,0.0,0,PAID,PAID,SERVICES,NORTH
INV-09179,CUS-0301,2023-05-14,2023-06-28,2023-06-27,21202.16,21202.16,0.0,0,PAID,PAID,SOFTWARE,WEST
INV-09180,CUS-0267,2023-07-27,2023-09-10,,2626.0,0.0,2626.0,203,90+,OVERDUE,SERVICES,WEST
INV-09181,CUS-0315,2023-01-03,2023-03-04,2023-03-02,9643.46,9643.46,0.0,0,PAID,PAID,MAINTENANCE,NORTH
INV-09182,CUS-0374,2023-04-27,2023-06-26,2023-06-24,2744.89,2744.89,0.0,0,PAID,PAID,HARDWARE,NORTH
INV-09183,CUS-0045,2022-11-09,2023-01-08,2023-01-19,949.0,949.0,0.0,0,PAID,PAID,MAINTENANCE,SOUTH
INV-09184,CUS-0078,2023-01-05,2023-02-19,2023-03-13,884.46,884.46,0.0,0,PAID,PAID,MAINTENANCE,WEST
INV-09185,CUS-0495,2022-12-29,2023-02-27,2023-02-27,7920.71,7920.71,0.0,0,PAID,PAID,MAINTENANCE,EAST
INV-09186,CUS-0188,2023-01-16,2023-03-02,2023-02-26,2860.96,2860.96,0.0,0,PAID,PAID,SOFTWARE,WEST
INV-09187,CUS-0186,2023-11-29,2024-01-13,2024-01-09,12414.47,12414.47,0.0,0,PAID,PAID,HARDWARE,WEST
INV-09188,CUS-0062,2023-01-23,2023-03-09,2023-04-03,1722.74,1722.74,0.0,0,PAID,PAID,SOFTWARE,SOUTH
INV-09189,CUS-0031,2023-07-03,2023-09-01,,1505.43,0.0,1505.43,212,90+,OVERDUE,SOFTWARE,EAST
INV-09190,CUS-0050,2024-01-31,2024-03-16,2024-03-13,65698.94,65698.94,0.0,0,PAID,PAID,SERVICES,WEST
INV-09191,CUS-0087,2022-09-07,2022-10-07,2022-10-04,1676.14,1676.14,0.0,0,PAID,PAID,SERVICES,WEST
INV-09192,CUS-0434,2023-12-03,2024-01-02,2023-12-31,31007.31,31007.31,0.0,0,PAID,PAID,SERVICES,SOUTH
INV-09193,CUS-0444,2023-05-22,2023-07-21,2023-07-18,837.87,837.87,0.0,0,PAID,PAID,SOFTWARE,SOUTH
INV-09194,CUS-0111,2023-03-11,2023-04-25,2023-04-24,5154.98,5154.98,0.0,0,PAID,PAID,SOFTWARE,WEST
INV-09195,CUS-0216,2023-01-31,2023-04-01,2023-03-27,22359.61,22359.61,0.0,0,PAID,PAID,HARDWARE,EAST
INV-09196,CUS-0066,2023-04-18,2023-06-02,,53668.37,25001.9,28666.47,303,90+,PARTIAL,MAINTENANCE,WEST
INV-09197,CUS-0253,2022-12-30,2023-02-13,2023-02-13,2378.29,2378.29,0.0,0,PAID,PAID,HARDWARE,WEST
INV-09198,CUS-0186,2024-01-18,2024-03-03,2024-03-02,13788.65,13788.65,0.0,0,PAID,PAID,HARDWARE,NORTH
INV-09199,CUS-0471,2023-09-22,2023-11-06,2023-11-05,47195.57,47195.57,0.0,0,PAID,PAID,MAINTENANCE,EAST
INV-09200,CUS-0083,2022-04-18,2022-05-18,2022-06-10,22652.57,22652.57,0.0,0,PAID,PAID,MAINTENANCE,NORTH
INV-09201,CUS-0253,2023-11-29,2024-01-13,2024-01-13,1233.47,1233.47,0.0,0,PAID,PAID,SOFTWARE,NORTH
INV-09202,CUS-0254,2023-12-20,2024-02-03,2024-02-18,6588.59,6588.59,0.0,0,PAID,PAID,HARDWARE,EAST
INV-09203,CUS-0211,2022-04-28,2022-06-27,2022-06-26,1160.95,1160.95,0.0,0,PAID,PAID,MAINTENANCE,EAST
INV-09204,CUS-0479,2022-05-27,2022-07-11,2022-07-08,34880.49,34880.49,0.0,0,PAID,PAID,SOFTWARE,SOUTH
INV-09205,CUS-0230,2023-11-16,2023-12-31,2023-12-26,3509.8,3509.8,0.0,0,PAID,PAID,SERVICES,EAST
INV-09206,CUS-0322,2023-08-05,2023-09-19,2023-09-16,36356.59,36356.59,0.0,0,PAID,PAID,SOFTWARE,SOUTH
INV-09207,CUS-0185,2022-06-23,2022-08-22,,2083.08,0.0,2083.08,587,90+,OVERDUE,SOFTWARE,SOUTH
INV-09208,CUS-0344,2022-10-07,2022-11-21,2022-11-22,1197.72,1197.72,0.0,0,PAID,PAID,MAINTENANCE,SOUTH
INV-09209,CUS-0421,2023-09-14,2023-11-13,2023-12-03,12012.68,12012.68,0.0,0,PAID,PAID,SERVICES,NORTH
INV-09210,CUS-0041,2023-09-15,2023-10-15,2023-11-06,2996.73,2996.73,0.0,0,PAID,PAID,HARDWARE,NORTH
INV-09211,CUS-0278,2022-07-18,2022-09-01,2022-09-21,5202.82,5202.82,0.0,0,PAID,PAID,SOFTWARE,SOUTH
INV-09212,CUS-0249,2022-09-27,2022-10-27,2022-10-24,869.14,869.14,0.0,0,PAID,PAID,SOFTWARE,EAST
INV-09213,CUS-0332,2023-12-02,2024-01-31,2024-01-30,1981.32,1981.32,0.0,0,PAID,PAID,SOFTWARE,WEST
INV-09214,CUS-0376,2022-05-04,2022-06-18,2022-06-17,2000.91,2000.91,0.0,0,PAID,PAID,MAINTENANCE,WEST
INV-09215,CUS-0385,2022-05-14,2022-06-13,2022-06-08,6177.34,6177.34,0.0,0,PAID,PAID,MAINTENANCE,SOUTH
INV-09216,CUS-0047,2022-04-26,2022-06-25,,16726.73,5699.86,11026.87,645,90+,PARTIAL,SERVICES,EAST
INV-09217,CUS-0397,2023-02-03,2023-04-04,2023-04-02,1778.06,1778.06,0.0,0,PAID,PAID,HARDWARE,NORTH
INV-09218,CUS-0106,2022-05-26,2022-07-25,2022-07-21,1452.91,1452.91,0.0,0,PAID,PAID,SOFTWARE,SOUTH
INV-09219,CUS-0048,2023-10-20,2023-12-19,2023-12-19,15217.65,15217.65,0.0,0,PAID,PAID,HARDWARE,WEST
INV-09220,CUS-0312,2023-04-24,2023-06-08,2023-06-08,6735.54,6735.54,0.0,0,PAID,PAID,MAINTENANCE,NORTH
INV-09221,CUS-0471,2024-03-14,2024-04-28,2024-04-26,17757.6,17757.6,0.0,0,PAID,PAID,SERVICES,NORTH
INV-09222,CUS-0305,2023-10-30,2023-12-14,2023-12-11,2078.71,2078.71,0.0,0,PAID,PAID,MAINTENANCE,NORTH
INV-09223,CUS-0303,2024-01-11,2024-02-10,,1065.3,0.0,1065.3,50,31-60,OVERDUE,SERVICES,SOUTH
INV-09224,CUS-0189,2022-06-30,2022-08-14,2022-08-27,9091.57,9091.57,0.0,0,PAID,PAID,MAINTENANCE,EAST
INV-09225,CUS-0230,2022-06-02,2022-07-17,2022-07-12,8140.31,8140.31,0.0,0,PAID,PAID,HARDWARE,NORTH
INV-09226,CUS-0130,2024-02-18,2024-04-18,,179.2,63.41,115.79,0,CURRENT,PARTIAL,HARDWARE,WEST
INV-09227,CUS-0351,2022-07-18,2022-09-16,2022-09-11,3789.74,3789.74,0.0,0,PAID,PAID,HARDWARE,NORTH
INV-09228,CUS-0015,2022-05-25,2022-06-24,,2588.14,1117.68,1470.46,646,90+,PARTIAL,SERVICES,NORTH
INV-09229,CUS-0139,2022-10-20,2022-12-04,2022-12-03,2154.47,2154.47,0.0,0,PAID,PAID,MAINTENANCE,EAST
INV-09230,CUS-0355,2023-09-29,2023-10-29,,1260.37,0.0,1260.37,154,90+,OVERDUE,MAINTENANCE,WEST
INV-09231,CUS-0330,2023-01-27,2023-03-28,2023-04-09,14456.39,14456.39,0.0,0,PAID,PAID,SERVICES,NORTH
INV-09232,CUS-0269,2024-03-29,2024-05-13,,1701.32,0.0,1701.32,0,CURRENT,OVERDUE,MAINTENANCE,WEST
INV-09233,CUS-0286,2022-05-03,2022-06-17,2022-06-12,13556.92,13556.92,0.0,0,PAID,PAID,SOFTWARE,SOUTH
INV-09234,CUS-0002,2023-11-22,2024-01-06,2024-01-04,4648.02,4648.02,0.0,0,PAID,PAID,SERVICES,NORTH
INV-09235,CUS-0370,2022-05-05,2022-06-19,2022-06-14,22740.47,22740.47,0.0,0,PAID,PAID,HARDWARE,EAST
INV-09236,CUS-0083,2023-07-23,2023-08-22,,27740.44,11117.72,16622.72,222,90+,PARTIAL,SOFTWARE,EAST
INV-09237,CUS-0408,2022-07-24,2022-09-07,2022-10-05,12066.54,12066.54,0.0,0,PAID,PAID,MAINTENANCE,SOUTH
INV-09238,CUS-0302,2023-11-24,2023-12-24,2023-12-21,871.83,871.83,0.0,0,PAID,PAID,MAINTENANCE,WEST
INV-09239,CUS-0405,2022-07-17,2022-08-16,2022-08-25,217.03,217.03,0.0,0,PAID,PAID,SOFTWARE,SOUTH
INV-09240,CUS-0268,2022-10-27,2022-11-26,2022-11-25,869.06,869.06,0.0,0,PAID,PAID,SERVICES,SOUTH
INV-09241,CUS-0427,2023-07-22,2023-09-20,2023-09-16,11370.39,11370.39,0.0,0,PAID,PAID,MAINTENANCE,SOUTH
INV-09242,CUS-0072,2024-03-02,2024-05-01,,40811.38,26509.04,14302.34,0,CURRENT,PARTIAL,HARDWARE,SOUTH
INV-09243,CUS-0314,2024-02-28,2024-04-28,2024-05-05,2564.9,2564.9,0.0,0,PAID,PAID,HARDWARE,WEST
INV-09244,CUS-0369,2023-03-21,2023-05-05,2023-04-30,3703.63,3703.63,0.0,0,PAID,PAID,SOFTWARE,EAST
INV-09245,CUS-0194,2022-06-30,2022-07-30,2022-07-28,105634.58,105634.58,0.0,0,PAID,PAID,HARDWARE,SOUTH
INV-09246,CUS-0301,2023-12-22,2024-02-05,2024-02-05,9618.57,9618.57,0.0,0,PAID,PAID,HARDWARE,EAST
INV-09247,CUS-0052,2022-04-15,2022-06-14,2022-06-12,5103.22,5103.22,0.0,0,PAID,PAID,HARDWARE,SOUTH
INV-09248,CUS-0142,2023-01-29,2023-02-28,,4166.87,2469.9,1696.97,397,90+,PARTIAL,SERVICES,SOUTH
INV-09249,CUS-0282,2022-08-11,2022-10-10,2022-10-07,11506.05,11506.05,0.0,0,PAID,PAID,HARDWARE,NORTH
INV-09250,CUS-0434,2024-01-23,2024-02-22,2024-02-21,945.63,945.63,0.0,0,PAID,PAID,SERVICES,EAST
INV-09251,CUS-0384,2023-08-05,2023-09-19,2023-09-14,12344.26,12344.26,0.0,0,PAID,PAID,SERVICES,EAST
INV-09252,CUS-0061,2022-07-10,2022-09-08,2022-09-03,212.78,212.78,0.0,0,PAID,PAID,SOFTWARE,EAST
INV-09253,CUS-0123,2023-10-23,2023-12-07,2023-12-04,4158.31,4158.31,0.0,0,PAID,PAID,SOFTWARE,SOUTH
INV-09254,CUS-0033,2023-01-28,2023-02-27,2023-02-23,13414.95,13414.95,0.0,0,PAID,PAID,SOFTWARE,EAST
INV-09255,CUS-0298,2022-09-19,2022-10-19,2022-11-11,9578.09,9578.09,0.0,0,PAID,PAID,HARDWARE,SOUTH
INV-09256,CUS-0144,2023-07-06,2023-08-05,2023-08-05,7976.01,7976.01,0.0,0,PAID,PAID,MAINTENANCE,NORTH
INV-09257,CUS-0455,2023-03-04,2023-04-03,2023-04-09,753.64,753.64,0.0,0,PAID,PAID,SERVICES,EAST
INV-09258,CUS-0002,2023-02-27,2023-04-13,2023-04-11,7278.13,7278.13,0.0,0,PAID,PAID,SERVICES,SOUTH
INV-09259,CUS-0395,2023-12-24,2024-02-07,2024-02-14,3496.94,3496.94,0.0,0,PAID,PAID,SOFTWARE,WEST
INV-09260,CUS-0040,2022-12-23,2023-02-06,2023-02-20,2862.55,2862.55,0.0,0,PAID,PAID,MAINTENANCE,EAST
INV-09261,CUS-0327,2022-09-11,2022-10-11,2022-10-11,19059.77,19059.77,0.0,0,PAID,PAID,MAINTENANCE,NORTH
INV-09262,CUS-0407,2022-11-25,2023-01-24,2023-01-23,1663.26,1663.26,0.0,0,PAID,PAID,MAINTENANCE,NORTH
INV-09263,CUS-0499,2023-01-07,2023-03-08,2023-03-03,336.12,336.12,0.0,0,PAID,PAID,SOFTWARE,WEST
INV-09264,CUS-0422,2023-09-15,2023-10-30,2023-10-27,132.7,132.7,0.0,0,PAID,PAID,SERVICES,WEST
INV-09265,CUS-0028,2023-03-16,2023-04-30,2023-04-28,4906.04,4906.04,0.0,0,PAID,PAID,SOFTWARE,NORTH
INV-09266,CUS-0169,2022-07-31,2022-08-30,2022-08-26,1187.15,1187.15,0.0,0,PAID,PAID,SERVICES,NORTH
INV-09267,CUS-0312,2023-12-27,2024-02-10,2024-02-07,28102.89,28102.89,0.0,0,PAID,PAID,SOFTWARE,WEST
INV-09268,CUS-0403,2024-01-09,2024-02-23,,11191.29,0.0,11191.29,37,31-60,OVERDUE,HARDWARE,EAST
INV-09269,CUS-0223,2022-04-29,2022-06-28,2022-06-25,18278.74,18278.74,0.0,0,PAID,PAID,SOFTWARE,SOUTH
INV-09270,CUS-0127,2022-12-21,2023-02-04,,852.98,589.49,263.49,421,90+,PARTIAL,MAINTENANCE,WEST
INV-09271,CUS-0330,2023-06-27,2023-08-26,2023-09-24,4924.25,4924.25,0.0,0,PAID,PAID,MAINTENANCE,EAST
INV-09272,CUS-0353,2022-10-31,2022-11-30,2022-11-27,9502.97,9502.97,0.0,0,PAID,PAID,SERVICES,NORTH
INV-09273,CUS-0384,2022-12-19,2023-02-02,2023-02-01,24912.21,24912.21,0.0,0,PAID,PAID,SERVICES,EAST
INV-09274,CUS-0421,2023-12-02,2024-01-31,,50087.24,24103.0,25984.24,60,31-60,PARTIAL,SERVICES,EAST
INV-09275,CUS-0146,2022-10-06,2022-11-20,2022-11-18,9935.13,9935.13,0.0,0,PAID,PAID,MAINTENANCE,NORTH
INV-09276,CUS-0124,2022-10-08,2022-11-22,2022-11-17,2522.87,2522.87,0.0,0,PAID,PAID,SOFTWARE,EAST
INV-09277,CUS-0276,2023-10-24,2023-12-08,2023-12-05,15065.08,15065.08,0.0,0,PAID,PAID,SOFTWARE,WEST
INV-09278,CUS-0089,2023-12-26,2024-02-24,2024-02-22,21433.77,21433.77,0.0,0,PAID,PAID,MAINTENANCE,WEST
INV-09279,CUS-0115,2022-07-24,2022-09-22,2022-09-25,33844.6,33844.6,0.0,0,PAID,PAID,SERVICES,SOUTH
INV-09280,CUS-0450,2023-03-13,2023-05-12,2023-06-06,10823.64,10823.64,0.0,0,PAID,PAID,HARDWARE,EAST
INV-09281,CUS-0193,2023-02-12,2023-03-29,2023-03-24,1989.94,1989.94,0.0,0,PAID,PAID,HARDWARE,SOUTH
INV-09282,CUS-0199,2022-11-17,2023-01-01,2022-12-31,5375.48,5375.48,0.0,0,PAID,PAID,SOFTWARE,SOUTH
INV-09283,CUS-0055,2023-02-08,2023-03-25,2023-03-30,3261.93,3261.93,0.0,0,PAID,PAID,MAINTENANCE,WEST
INV-09284,CUS-0147,2023-01-25,2023-03-26,2023-04-23,1278.68,1278.68,0.0,0,PAID,PAID,SERVICES,SOUTH
INV-09285,CUS-0429,2023-11-22,2023-12-22,2023-12-17,24043.25,24043.25,0.0,0,PAID,PAID,SERVICES,NORTH
INV-09286,CUS-0080,2022-06-04,2022-07-19,2022-08-03,2124.54,2124.54,0.0,0,PAID,PAID,MAINTENANCE,SOUTH
INV-09287,CUS-0030,2022-08-11,2022-09-10,2022-09-07,23107.17,23107.17,0.0,0,PAID,PAID,SOFTWARE,SOUTH
INV-09288,CUS-0095,2024-01-22,2024-02-21,2024-02-16,701.5,701.5,0.0,0,PAID,PAID,SERVICES,SOUTH
INV-09289,CUS-0490,2022-11-01,2022-12-16,2022-12-15,9308.67,9308.67,0.0,0,PAID,PAID,MAINTENANCE,WEST
INV-09290,CUS-0089,2022-12-31,2023-03-01,2023-03-01,31443.05,31443.05,0.0,0,PAID,PAID,HARDWARE,WEST
INV-09291,CUS-0050,2022-08-05,2022-09-19,,17891.72,8496.56,9395.16,559,90+,PARTIAL,SOFTWARE,EAST
INV-09292,CUS-0158,2023-06-08,2023-07-08,2023-07-06,6002.21,6002.21,0.0,0,PAID,PAID,SERVICES,SOUTH
INV-09293,CUS-0267,2023-02-21,2023-04-07,,1314.21,0.0,1314.21,359,90+,OVERDUE,HARDWARE,WEST
INV-09294,CUS-0206,2024-02-04,2024-03-20,2024-04-06,6814.0,6814.0,0.0,0,PAID,PAID,SERVICES,SOUTH
INV-09295,CUS-0425,2024-03-11,2024-04-10,2024-04-09,588.44,588.44,0.0,0,PAID,PAID,HARDWARE,WEST
INV-09296,CUS-0082,2023-02-05,2023-03-22,2023-03-20,368.41,368.41,0.0,0,PAID,PAID,SERVICES,NORTH
INV-09297,CUS-0459,2023-12-19,2024-01-18,2024-01-13,10072.07,10072.07,0.0,0,PAID,PAID,SERVICES,SOUTH
INV-09298,CUS-0152,2023-02-21,2023-04-07,2023-04-03,868.97,868.97,0.0,0,PAID,PAID,HARDWARE,EAST
INV-09299,CUS-0272,2023-08-18,2023-10-02,2023-10-14,886.44,886.44,0.0,0,PAID,PAID,SERVICES,EAST
INV-09300,CUS-0225,2022-04-07,2022-05-22,2022-05-19,1341.66,1341.66,0.0,0,PAID,PAID,MAINTENANCE,SOUTH
INV-09301,CUS-0165,2023-12-25,2024-01-24,2024-02-11,3646.09,3646.09,0.0,0,PAID,PAID,SERVICES,WEST
INV-09302,CUS-0305,2022-04-04,2022-05-19,2022-05-19,3002.66,3002.66,0.0,0,PAID,PAID,SERVICES,SOUTH
INV-09303,CUS-0004,2023-12-20,2024-02-03,2024-01-31,26059.99,26059.99,0.0,0,PAID,PAID,HARDWARE,SOUTH
INV-09304,CUS-0359,2023-06-20,2023-07-20,2023-07-17,2104.03,2104.03,0.0,0,PAID,PAID,MAINTENANCE,WEST
INV-09305,CUS-0439,2023-12-10,2024-01-24,2024-01-21,173.87,173.87,0.0,0,PAID,PAID,MAINTENANCE,WEST
INV-09306,CUS-0399,2022-11-23,2023-01-22,2023-01-17,21969.62,21969.62,0.0,0,PAID,PAID,HARDWARE,NORTH
INV-09307,CUS-0156,2022-04-15,2022-06-14,2022-06-12,5742.08,5742.08,0.0,0,PAID,PAID,HARDWARE,EAST
INV-09308,CUS-0154,2023-08-19,2023-10-18,2023-10-17,917.18,917.18,0.0,0,PAID,PAID,SERVICES,WEST
INV-09309,CUS-0176,2024-03-14,2024-04-28,2024-04-28,3825.67,3825.67,0.0,0,PAID,PAID,SERVICES,NORTH
INV-09310,CUS-0472,2022-08-13,2022-09-12,2022-09-08,2182.42,2182.42,0.0,0,PAID,PAID,SOFTWARE,SOUTH
INV-09311,CUS-0384,2023-02-14,2023-03-31,2023-03-30,20237.96,20237.96,0.0,0,PAID,PAID,SERVICES,NORTH
INV-09312,CUS-0431,2023-08-05,2023-09-19,2023-09-20,2088.64,2088.64,0.0,0,PAID,PAID,SOFTWARE,EAST
INV-09313,CUS-0233,2022-09-16,2022-10-16,2022-10-11,3399.83,3399.83,0.0,0,PAID,PAID,HARDWARE,EAST
INV-09314,CUS-0396,2023-01-31,2023-03-17,2023-03-12,40834.06,40834.06,0.0,0,PAID,PAID,MAINTENANCE,SOUTH
INV-09315,CUS-0472,2024-01-15,2024-02-14,2024-02-12,216.4,216.4,0.0,0,PAID,PAID,SERVICES,SOUTH
INV-09316,CUS-0387,2024-02-16,2024-03-17,2024-03-16,4199.54,4199.54,0.0,0,PAID,PAID,HARDWARE,EAST
INV-09317,CUS-0475,2023-05-11,2023-06-25,2023-06-20,1261.53,1261.53,0.0,0,PAID,PAID,SERVICES,EAST
INV-09318,CUS-0059,2023-02-26,2023-03-28,2023-04-07,3343.22,3343.22,0.0,0,PAID,PAID,SERVICES,SOUTH
INV-09319,CUS-0455,2022-12-06,2023-01-05,2023-01-04,919.89,919.89,0.0,0,PAID,PAID,SOFTWARE,EAST
INV-09320,CUS-0447,2022-05-01,2022-06-15,2022-06-11,2835.53,2835.53,0.0,0,PAID,PAID,HARDWARE,SOUTH
INV-09321,CUS-0332,2023-07-11,2023-09-09,2023-09-09,587.36,587.36,0.0,0,PAID,PAID,SOFTWARE,EAST
INV-09322,CUS-0206,2023-01-03,2023-02-17,2023-02-17,4638.22,4638.22,0.0,0,PAID,PAID,MAINTENANCE,NORTH
INV-09323,CUS-0464,2022-08-22,2022-10-06,2022-11-01,25894.6,25894.6,0.0,0,PAID,PAID,SERVICES,EAST
INV-09324,CUS-0451,2022-11-25,2023-01-09,2023-01-04,1269.31,1269.31,0.0,0,PAID,PAID,SOFTWARE,EAST
INV-09325,CUS-0390,2022-05-11,2022-06-10,,251.93,144.39,107.54,660,90+,PARTIAL,SOFTWARE,SOUTH
INV-09326,CUS-0341,2022-08-05,2022-09-04,2022-08-30,3530.32,3530.32,0.0,0,PAID,PAID,SOFTWARE,NORTH
INV-09327,CUS-0480,2023-12-27,2024-01-26,2024-01-21,1370.12,1370.12,0.0,0,PAID,PAID,SOFTWARE,NORTH
INV-09328,CUS-0141,2022-07-02,2022-08-31,2022-08-28,4036.8,4036.8,0.0,0,PAID,PAID,HARDWARE,WEST
INV-09329,CUS-0476,2023-03-29,2023-05-28,2023-05-27,33017.03,33017.03,0.0,0,PAID,PAID,HARDWARE,WEST
INV-09330,CUS-0355,2022-04-24,2022-05-24,,5082.78,0.0,5082.78,677,90+,OVERDUE,HARDWARE,NORTH
INV-09331,CUS-0098,2023-12-16,2024-01-15,2024-01-15,1179.33,1179.33,0.0,0,PAID,PAID,HARDWARE,SOUTH
INV-09332,CUS-0411,2023-05-07,2023-06-21,,1459.27,762.97,696.3,284,90+,PARTIAL,MAINTENANCE,WEST
INV-09333,CUS-0155,2022-04-04,2022-06-03,,6869.98,4177.92,2692.06,667,90+,PARTIAL,SOFTWARE,EAST
INV-09334,CUS-0146,2023-12-02,2024-01-16,2024-01-14,44429.89,44429.89,0.0,0,PAID,PAID,SOFTWARE,EAST
INV-09335,CUS-0394,2023-06-07,2023-07-22,2023-07-17,1570.18,1570.18,0.0,0,PAID,PAID,HARDWARE,NORTH
INV-09336,CUS-0122,2023-12-30,2024-02-13,2024-02-10,18000.4,18000.4,0.0,0,PAID,PAID,SOFTWARE,WEST
INV-09337,CUS-0368,2023-12-06,2024-01-20,2024-01-16,2278.07,2278.07,0.0,0,PAID,PAID,MAINTENANCE,SOUTH
INV-09338,CUS-0337,2022-12-26,2023-02-24,,34006.42,19228.08,14778.34,401,90+,PARTIAL,SOFTWARE,EAST
INV-09339,CUS-0120,2023-08-10,2023-09-24,,2597.28,928.67,1668.61,189,90+,PARTIAL,SOFTWARE,NORTH
INV-09340,CUS-0491,2023-11-21,2024-01-05,2024-01-03,2776.72,2776.72,0.0,0,PAID,PAID,HARDWARE,EAST
INV-09341,CUS-0458,2022-04-08,2022-05-08,2022-05-08,6380.53,6380.53,0.0,0,PAID,PAID,HARDWARE,SOUTH
INV-09342,CUS-0413,2023-05-08,2023-06-22,2023-06-21,1482.49,1482.49,0.0,0,PAID,PAID,MAINTENANCE,SOUTH
INV-09343,CUS-0442,2022-09-19,2022-11-03,2022-10-29,2587.28,2587.28,0.0,0,PAID,PAID,HARDWARE,NORTH
INV-09344,CUS-0491,2022-08-12,2022-09-26,2022-10-12,1448.67,1448.67,0.0,0,PAID,PAID,SOFTWARE,SOUTH
INV-09345,CUS-0173,2024-01-16,2024-03-16,,4991.78,1865.55,3126.23,15,CURRENT,PARTIAL,MAINTENANCE,EAST
INV-09346,CUS-0104,2023-04-16,2023-06-15,2023-06-13,1298.55,1298.55,0.0,0,PAID,PAID,HARDWARE,SOUTH
INV-09347,CUS-0112,2024-02-11,2024-04-11,2024-04-08,2683.44,2683.44,0.0,0,PAID,PAID,SOFTWARE,SOUTH
INV-09348,CUS-0225,2023-08-08,2023-09-22,2023-09-17,3540.91,3540.91,0.0,0,PAID,PAID,SERVICES,SOUTH
INV-09349,CUS-0067,2024-03-12,2024-05-11,2024-05-06,4059.42,4059.42,0.0,0,PAID,PAID,HARDWARE,EAST
INV-09350,CUS-0263,2022-07-21,2022-09-19,2022-09-17,6559.1,6559.1,0.0,0,PAID,PAID,SERVICES,WEST
INV-09351,CUS-0194,2024-03-21,2024-04-20,2024-04-18,5371.52,5371.52,0.0,0,PAID,PAID,HARDWARE,EAST
INV-09352,CUS-0279,2022-05-07,2022-06-21,2022-06-16,3222.18,3222.18,0.0,0,PAID,PAID,MAINTENANCE,NORTH
INV-09353,CUS-0413,2023-10-01,2023-11-15,2023-11-14,5604.61,5604.61,0.0,0,PAID,PAID,HARDWARE,WEST
INV-09354,CUS-0138,2024-02-12,2024-03-28,2024-03-24,18515.66,18515.66,0.0,0,PAID,PAID,HARDWARE,SOUTH
INV-09355,CUS-0198,2022-07-07,2022-09-05,2022-09-29,264.15,264.15,0.0,0,PAID,PAID,SOFTWARE,NORTH
INV-09356,CUS-0214,2023-10-22,2023-11-21,,917.0,351.69,565.31,131,90+,PARTIAL,HARDWARE,EAST
INV-09357,CUS-0398,2024-01-07,2024-02-06,2024-02-06,794.9,794.9,0.0,0,PAID,PAID,SOFTWARE,WEST
INV-09358,CUS-0349,2023-06-25,2023-07-25,2023-07-25,3945.01,3945.01,0.0,0,PAID,PAID,HARDWARE,SOUTH
INV-09359,CUS-0436,2023-10-07,2023-11-06,2023-11-04,1836.67,1836.67,0.0,0,PAID,PAID,MAINTENANCE,EAST
INV-09360,CUS-0048,2022-06-22,2022-08-21,2022-08-25,4327.16,4327.16,0.0,0,PAID,PAID,SOFTWARE,WEST
INV-09361,CUS-0433,2023-10-17,2023-11-16,2023-11-11,1996.37,1996.37,0.0,0,PAID,PAID,HARDWARE,WEST
INV-09362,CUS-0425,2022-06-14,2022-07-14,2022-07-09,1430.77,1430.77,0.0,0,PAID,PAID,SOFTWARE,SOUTH
INV-09363,CUS-0314,2022-06-26,2022-08-25,,1327.48,482.33,845.15,584,90+,PARTIAL,HARDWARE,WEST
INV-09364,CUS-0013,2024-03-17,2024-04-16,2024-04-13,41008.12,41008.12,0.0,0,PAID,PAID,SOFTWARE,NORTH
INV-09365,CUS-0135,2023-07-08,2023-08-07,2023-08-04,9775.69,9775.69,0.0,0,PAID,PAID,SOFTWARE,NORTH
INV-09366,CUS-0133,2024-02-11,2024-03-27,2024-03-25,10784.87,10784.87,0.0,0,PAID,PAID,SERVICES,SOUTH
INV-09367,CUS-0462,2022-09-20,2022-11-19,,1645.8,1110.41,535.39,498,90+,PARTIAL,MAINTENANCE,SOUTH
INV-09368,CUS-0433,2023-05-10,2023-06-09,2023-06-08,337.03,337.03,0.0,0,PAID,PAID,SERVICES,NORTH
INV-09369,CUS-0244,2023-06-08,2023-07-23,,1675.81,553.07,1122.74,252,90+,PARTIAL,SERVICES,WEST
INV-09370,CUS-0078,2023-01-02,2023-02-16,2023-02-15,9205.86,9205.86,0.0,0,PAID,PAID,MAINTENANCE,WEST
INV-09371,CUS-0303,2023-08-04,2023-09-03,,1275.2,770.65,504.55,210,90+,PARTIAL,SOFTWARE,EAST
INV-09372,CUS-0176,2022-12-18,2023-02-01,,6729.32,4536.07,2193.25,424,90+,PARTIAL,SERVICES,WEST
INV-09373,CUS-0409,2022-11-29,2022-12-29,,29321.77,20468.27,8853.5,458,90+,PARTIAL,MAINTENANCE,WEST
INV-09374,CUS-0131,2023-10-22,2023-11-21,2023-11-16,478.93,478.93,0.0,0,PAID,PAID,SERVICES,WEST
INV-09375,CUS-0246,2024-03-13,2024-04-12,,17784.59,7622.88,10161.71,0,CURRENT,PARTIAL,MAINTENANCE,EAST
INV-09376,CUS-0378,2023-10-10,2023-11-09,,2516.66,0.0,2516.66,143,90+,OVERDUE,HARDWARE,WEST
INV-09377,CUS-0313,2022-08-01,2022-09-30,2022-09-25,549.55,549.55,0.0,0,PAID,PAID,MAINTENANCE,EAST
INV-09378,CUS-0436,2023-09-12,2023-10-12,2023-10-10,279.79,279.79,0.0,0,PAID,PAID,HARDWARE,EAST
INV-09379,CUS-0435,2023-10-31,2023-12-30,2024-01-26,759.15,759.15,0.0,0,PAID,PAID,SERVICES,WEST
INV-09380,CUS-0359,2022-08-29,2022-09-28,2022-09-27,4058.86,4058.86,0.0,0,PAID,PAID,MAINTENANCE,EAST
INV-09381,CUS-0306,2022-05-11,2022-06-10,,7619.16,3808.11,3811.05,660,90+,PARTIAL,SERVICES,NORTH
INV-09382,CUS-0075,2022-11-22,2023-01-21,2023-01-17,3360.17,3360.17,0.0,0,PAID,PAID,HARDWARE,EAST
INV-09383,CUS-0199,2022-08-07,2022-09-21,2022-09-21,5574.22,5574.22,0.0,0,PAID,PAID,MAINTENANCE,SOUTH
INV-09384,CUS-0185,2023-09-13,2023-11-12,2023-11-12,2850.17,2850.17,0.0,0,PAID,PAID,SERVICES,NORTH
INV-09385,CUS-0391,2023-02-21,2023-04-07,2023-04-04,2207.82,2207.82,0.0,0,PAID,PAID,SERVICES,NORTH
INV-09386,CUS-0310,2022-07-08,2022-08-22,2022-08-18,25113.38,25113.38,0.0,0,PAID,PAID,SOFTWARE,SOUTH
INV-09387,CUS-0415,2023-09-23,2023-10-23,2023-10-22,30581.47,30581.47,0.0,0,PAID,PAID,SOFTWARE,NORTH
INV-09388,CUS-0441,2022-05-16,2022-06-15,2022-06-10,8481.8,8481.8,0.0,0,PAID,PAID,SERVICES,EAST
INV-09389,CUS-0104,2023-03-04,2023-05-03,,2002.26,1304.55,697.71,333,90+,PARTIAL,SOFTWARE,WEST
INV-09390,CUS-0161,2022-10-08,2022-12-07,2022-12-05,4712.42,4712.42,0.0,0,PAID,PAID,HARDWARE,EAST
INV-09391,CUS-0215,2023-12-25,2024-01-24,2024-01-21,587.34,587.34,0.0,0,PAID,PAID,HARDWARE,EAST
INV-09392,CUS-0040,2023-04-04,2023-05-19,2023-05-15,10396.82,10396.82,0.0,0,PAID,PAID,SERVICES,EAST
INV-09393,CUS-0344,2023-10-08,2023-11-22,2023-12-10,5656.54,5656.54,0.0,0,PAID,PAID,SOFTWARE,EAST
INV-09394,CUS-0050,2023-03-26,2023-05-10,2023-06-07,14648.53,14648.53,0.0,0,PAID,PAID,SOFTWARE,EAST
INV-09395,CUS-0394,2022-12-14,2023-01-28,2023-01-23,3835.41,3835.41,0.0,0,PAID,PAID,HARDWARE,WEST
INV-09396,CUS-0458,2022-08-17,2022-09-16,2022-09-14,1375.96,1375.96,0.0,0,PAID,PAID,SERVICES,SOUTH
INV-09397,CUS-0106,2022-10-04,2022-12-03,2022-11-30,382.58,382.58,0.0,0,PAID,PAID,SERVICES,NORTH
INV-09398,CUS-0475,2023-07-31,2023-09-14,,1200.84,0.0,1200.84,199,90+,OVERDUE,HARDWARE,NORTH
INV-09399,CUS-0124,2023-09-27,2023-11-11,2023-11-08,4454.51,4454.51,0.0,0,PAID,PAID,SERVICES,WEST
INV-09400,CUS-0155,2023-01-11,2023-03-12,2023-03-16,5641.96,5641.96,0.0,0,PAID,PAID,HARDWARE,EAST
INV-09401,CUS-0179,2023-03-14,2023-05-13,2023-05-10,1984.84,1984.84,0.0,0,PAID,PAID,HARDWARE,NORTH
INV-09402,CUS-0479,2023-08-31,2023-10-15,2023-10-15,12181.29,12181.29,0.0,0,PAID,PAID,SERVICES,EAST
INV-09403,CUS-0282,2023-06-10,2023-08-09,2023-08-13,10130.78,10130.78,0.0,0,PAID,PAID,MAINTENANCE,EAST
INV-09404,CUS-0427,2024-02-01,2024-04-01,2024-03-27,399.52,399.52,0.0,0,PAID,PAID,SERVICES,WEST
INV-09405,CUS-0018,2023-06-28,2023-07-28,2023-08-04,1550.78,1550.78,0.0,0,PAID,PAID,SERVICES,EAST
INV-09406,CUS-0249,2023-03-04,2023-04-03,2023-04-01,2528.39,2528.39,0.0,0,PAID,PAID,SOFTWARE,NORTH
INV-09407,CUS-0087,2023-01-14,2023-02-13,2023-02-12,1464.27,1464.27,0.0,0,PAID,PAID,HARDWARE,EAST
INV-09408,CUS-0272,2022-06-16,2022-07-31,2022-08-06,1945.49,1945.49,0.0,0,PAID,PAID,MAINTENANCE,EAST
INV-09409,CUS-0281,2023-10-13,2023-12-12,,18719.47,11854.36,6865.11,110,90+,PARTIAL,MAINTENANCE,SOUTH
INV-09410,CUS-0171,2024-02-29,2024-04-14,2024-04-14,1139.36,1139.36,0.0,0,PAID,PAID,SERVICES,EAST
INV-09411,CUS-0034,2023-04-17,2023-05-17,2023-06-15,741.64,741.64,0.0,0,PAID,PAID,HARDWARE,NORTH
INV-09412,CUS-0018,2024-02-14,2024-03-15,2024-03-12,374.38,374.38,0.0,0,PAID,PAID,MAINTENANCE,NORTH
INV-09413,CUS-0234,2023-07-04,2023-08-03,2023-07-30,4369.56,4369.56,0.0,0,PAID,PAID,MAINTENANCE,NORTH
INV-09414,CUS-0141,2022-11-19,2023-01-18,2023-01-13,20187.74,20187.74,0.0,0,PAID,PAID,MAINTENANCE,EAST
INV-09415,CUS-0026,2023-05-15,2023-06-29,2023-06-27,1818.41,1818.41,0.0,0,PAID,PAID,HARDWARE,SOUTH
INV-09416,CUS-0307,2023-07-14,2023-09-12,2023-09-08,421.86,421.86,0.0,0,PAID,PAID,SOFTWARE,WEST
INV-09417,CUS-0397,2023-01-19,2023-03-20,,3078.14,1889.77,1188.37,377,90+,PARTIAL,SERVICES,SOUTH
INV-09418,CUS-0288,2024-03-11,2024-05-10,2024-05-05,1026.82,1026.82,0.0,0,PAID,PAID,HARDWARE,WEST
INV-09419,CUS-0242,2022-12-27,2023-01-26,2023-02-09,4746.87,4746.87,0.0,0,PAID,PAID,HARDWARE,EAST
INV-09420,CUS-0130,2023-11-06,2024-01-05,2024-01-27,779.91,779.91,0.0,0,PAID,PAID,SERVICES,NORTH
INV-09421,CUS-0399,2022-07-19,2022-09-17,,20906.11,0.0,20906.11,561,90+,OVERDUE,SOFTWARE,WEST
INV-09422,CUS-0405,2023-02-27,2023-03-29,2023-03-29,1013.85,1013.85,0.0,0,PAID,PAID,HARDWARE,SOUTH
INV-09423,CUS-0107,2022-06-02,2022-07-17,2022-07-17,1619.39,1619.39,0.0,0,PAID,PAID,SOFTWARE,NORTH
INV-09424,CUS-0381,2023-06-24,2023-07-24,2023-07-20,1480.94,1480.94,0.0,0,PAID,PAID,MAINTENANCE,NORTH
INV-09425,CUS-0074,2022-09-17,2022-10-17,,4423.24,2157.37,2265.87,531,90+,PARTIAL,SERVICES,EAST
INV-09426,CUS-0483,2023-11-12,2023-12-12,2023-12-30,1898.45,1898.45,0.0,0,PAID,PAID,SERVICES,WEST
INV-09427,CUS-0303,2022-08-17,2022-09-16,2022-09-14,4496.01,4496.01,0.0,0,PAID,PAID,SERVICES,NORTH
INV-09428,CUS-0080,2022-05-20,2022-07-04,2022-06-29,428.67,428.67,0.0,0,PAID,PAID,MAINTENANCE,WEST
INV-09429,CUS-0165,2022-12-06,2023-01-05,2023-01-01,5398.92,5398.92,0.0,0,PAID,PAID,HARDWARE,NORTH
INV-09430,CUS-0240,2023-04-07,2023-06-06,2023-06-05,4310.25,4310.25,0.0,0,PAID,PAID,MAINTENANCE,EAST
INV-09431,CUS-0020,2023-04-09,2023-06-08,2023-06-08,6655.0,6655.0,0.0,0,PAID,PAID,SERVICES,SOUTH
INV-09432,CUS-0110,2023-01-01,2023-01-31,2023-01-26,5744.27,5744.27,0.0,0,PAID,PAID,MAINTENANCE,NORTH
INV-09433,CUS-0144,2022-07-16,2022-08-15,2022-09-09,10837.89,10837.89,0.0,0,PAID,PAID,HARDWARE,SOUTH
INV-09434,CUS-0428,2024-03-12,2024-04-26,2024-04-22,6708.48,6708.48,0.0,0,PAID,PAID,MAINTENANCE,SOUTH
INV-09435,CUS-0097,2023-11-11,2024-01-10,2024-01-07,43112.14,43112.14,0.0,0,PAID,PAID,HARDWARE,NORTH
INV-09436,CUS-0274,2023-07-13,2023-09-11,2023-09-17,23290.55,23290.55,0.0,0,PAID,PAID,SOFTWARE,NORTH
INV-09437,CUS-0356,2024-01-13,2024-02-27,2024-02-27,16256.37,16256.37,0.0,0,PAID,PAID,SERVICES,EAST
INV-09438,CUS-0118,2023-02-10,2023-03-27,2023-04-19,324.86,324.86,0.0,0,PAID,PAID,SOFTWARE,EAST
INV-09439,CUS-0326,2023-12-27,2024-02-25,2024-03-13,1261.22,1261.22,0.0,0,PAID,PAID,HARDWARE,WEST
INV-09440,CUS-0468,2023-10-17,2023-11-16,2023-11-13,18097.9,18097.9,0.0,0,PAID,PAID,HARDWARE,NORTH
INV-09441,CUS-0289,2023-06-01,2023-07-01,,8110.65,0.0,8110.65,274,90+,OVERDUE,SERVICES,NORTH
INV-09442,CUS-0471,2023-07-24,2023-09-07,2023-09-02,4146.36,4146.36,0.0,0,PAID,PAID,SOFTWARE,EAST
INV-09443,CUS-0300,2022-10-12,2022-11-11,2022-11-11,4416.57,4416.57,0.0,0,PAID,PAID,MAINTENANCE,NORTH
INV-09444,CUS-0312,2022-11-27,2023-01-11,2023-01-06,4473.01,4473.01,0.0,0,PAID,PAID,SOFTWARE,NORTH
INV-09445,CUS-0077,2022-06-03,2022-08-02,2022-07-28,6064.06,6064.06,0.0,0,PAID,PAID,SERVICES,SOUTH
INV-09446,CUS-0448,2022-05-07,2022-07-06,2022-07-06,11947.58,11947.58,0.0,0,PAID,PAID,SERVICES,WEST
INV-09447,CUS-0076,2023-09-05,2023-11-04,2023-10-30,12316.88,12316.88,0.0,0,PAID,PAID,HARDWARE,WEST
INV-09448,CUS-0206,2022-12-06,2023-01-20,2023-01-18,98428.71,98428.71,0.0,0,PAID,PAID,HARDWARE,SOUTH
INV-09449,CUS-0489,2023-02-14,2023-04-15,2023-04-14,25615.08,25615.08,0.0,0,PAID,PAID,HARDWARE,NORTH
INV-09450,CUS-0072,2022-11-30,2023-01-29,,9790.0,0.0,9790.0,427,90+,OVERDUE,MAINTENANCE,WEST
INV-09451,CUS-0370,2023-02-16,2023-04-02,2023-03-31,8947.11,8947.11,0.0,0,PAID,PAID,MAINTENANCE,SOUTH
INV-09452,CUS-0208,2023-04-12,2023-06-11,2023-06-08,14166.06,14166.06,0.0,0,PAID,PAID,HARDWARE,NORTH
INV-09453,CUS-0407,2023-02-13,2023-04-14,2023-04-10,1558.91,1558.91,0.0,0,PAID,PAID,SOFTWARE,NORTH
INV-09454,CUS-0303,2023-03-23,2023-04-22,2023-05-07,6427.01,6427.01,0.0,0,PAID,PAID,MAINTENANCE,WEST
INV-09455,CUS-0352,2024-01-18,2024-03-18,2024-04-08,2631.5,2631.5,0.0,0,PAID,PAID,SERVICES,SOUTH
INV-09456,CUS-0206,2024-01-06,2024-02-20,2024-02-16,4440.42,4440.42,0.0,0,PAID,PAID,SOFTWARE,NORTH
INV-09457,CUS-0013,2023-05-26,2023-06-25,,66977.57,29006.52,37971.05,280,90+,PARTIAL,HARDWARE,NORTH
INV-09458,CUS-0174,2022-06-01,2022-07-31,2022-07-29,1936.72,1936.72,0.0,0,PAID,PAID,MAINTENANCE,EAST
INV-09459,CUS-0279,2023-02-06,2023-03-23,2023-03-19,2302.21,2302.21,0.0,0,PAID,PAID,HARDWARE,EAST
INV-09460,CUS-0055,2023-10-08,2023-11-22,2023-11-17,627.86,627.86,0.0,0,PAID,PAID,SERVICES,WEST
INV-09461,CUS-0266,2022-04-15,2022-05-15,2022-05-12,5483.9,5483.9,0.0,0,PAID,PAID,SOFTWARE,NORTH
INV-09462,CUS-0356,2022-05-04,2022-06-18,2022-06-16,977.42,977.42,0.0,0,PAID,PAID,SOFTWARE,NORTH
INV-09463,CUS-0052,2023-12-12,2024-02-10,,2769.01,1286.95,1482.06,50,31-60,PARTIAL,SERVICES,NORTH
INV-09464,CUS-0302,2023-06-11,2023-07-11,2023-08-07,2539.88,2539.88,0.0,0,PAID,PAID,MAINTENANCE,EAST
INV-09465,CUS-0376,2023-12-20,2024-02-03,2024-02-13,3102.96,3102.96,0.0,0,PAID,PAID,SERVICES,EAST
INV-09466,CUS-0023,2023-10-04,2023-12-03,2023-12-01,9573.29,9573.29,0.0,0,PAID,PAID,MAINTENANCE,EAST
INV-09467,CUS-0085,2023-01-09,2023-03-10,2023-03-05,1398.78,1398.78,0.0,0,PAID,PAID,SERVICES,SOUTH
INV-09468,CUS-0494,2022-10-23,2022-12-22,2022-12-18,3294.93,3294.93,0.0,0,PAID,PAID,MAINTENANCE,EAST
INV-09469,CUS-0231,2023-11-11,2023-12-11,2023-12-11,7793.09,7793.09,0.0,0,PAID,PAID,SOFTWARE,NORTH
INV-09470,CUS-0001,2024-02-20,2024-04-20,2024-04-20,66430.9,66430.9,0.0,0,PAID,PAID,MAINTENANCE,EAST
INV-09471,CUS-0023,2023-01-29,2023-03-30,2023-03-26,445.04,445.04,0.0,0,PAID,PAID,HARDWARE,SOUTH
INV-09472,CUS-0011,2024-01-13,2024-03-13,2024-03-09,2145.28,2145.28,0.0,0,PAID,PAID,MAINTENANCE,EAST
INV-09473,CUS-0163,2024-02-26,2024-04-26,2024-04-22,10118.15,10118.15,0.0,0,PAID,PAID,SOFTWARE,WEST
INV-09474,CUS-0155,2023-06-04,2023-08-03,2023-08-02,885.99,885.99,0.0,0,PAID,PAID,MAINTENANCE,NORTH
INV-09475,CUS-0263,2023-03-22,2023-05-21,2023-05-20,1366.03,1366.03,0.0,0,PAID,PAID,SOFTWARE,EAST
INV-09476,CUS-0203,2023-05-05,2023-07-04,2023-07-02,528.76,528.76,0.0,0,PAID,PAID,HARDWARE,SOUTH
INV-09477,CUS-0004,2022-04-04,2022-05-19,2022-05-19,5883.96,5883.96,0.0,0,PAID,PAID,SOFTWARE,EAST
INV-09478,CUS-0120,2023-01-27,2023-03-13,2023-03-12,4289.94,4289.94,0.0,0,PAID,PAID,MAINTENANCE,SOUTH
INV-09479,CUS-0192,2024-03-28,2024-04-27,2024-04-27,13719.66,13719.66,0.0,0,PAID,PAID,MAINTENANCE,EAST
INV-09480,CUS-0356,2022-11-06,2022-12-21,,12773.9,4084.06,8689.84,466,90+,PARTIAL,HARDWARE,WEST
INV-09481,CUS-0088,2023-04-30,2023-05-30,2023-05-29,21899.32,21899.32,0.0,0,PAID,PAID,MAINTENANCE,WEST
INV-09482,CUS-0222,2023-04-30,2023-06-29,2023-06-27,6062.38,6062.38,0.0,0,PAID,PAID,SOFTWARE,NORTH
INV-09483,CUS-0495,2023-03-31,2023-05-30,2023-05-26,3995.92,3995.92,0.0,0,PAID,PAID,SOFTWARE,WEST
INV-09484,CUS-0150,2022-10-14,2022-11-28,2022-11-24,4505.88,4505.88,0.0,0,PAID,PAID,SOFTWARE,WEST
INV-09485,CUS-0305,2023-02-06,2023-03-23,2023-03-23,4248.4,4248.4,0.0,0,PAID,PAID,SERVICES,EAST
INV-09486,CUS-0277,2023-10-17,2023-12-16,2023-12-12,8911.55,8911.55,0.0,0,PAID,PAID,SERVICES,NORTH
INV-09487,CUS-0434,2022-12-18,2023-01-17,,2987.3,1850.94,1136.36,439,90+,PARTIAL,SERVICES,SOUTH
INV-09488,CUS-0249,2022-05-05,2022-06-04,2022-06-01,1911.07,1911.07,0.0,0,PAID,PAID,SOFTWARE,EAST
INV-09489,CUS-0417,2022-08-14,2022-09-13,2022-09-13,54783.83,54783.83,0.0,0,PAID,PAID,MAINTENANCE,EAST
INV-09490,CUS-0187,2023-01-15,2023-02-14,2023-02-10,4665.04,4665.04,0.0,0,PAID,PAID,SERVICES,EAST
INV-09491,CUS-0031,2023-05-07,2023-07-06,,3725.76,1409.03,2316.73,269,90+,PARTIAL,SERVICES,WEST
INV-09492,CUS-0209,2023-02-15,2023-03-17,2023-03-13,1272.16,1272.16,0.0,0,PAID,PAID,MAINTENANCE,SOUTH
INV-09493,CUS-0426,2023-07-04,2023-08-18,2023-08-14,1556.5,1556.5,0.0,0,PAID,PAID,SOFTWARE,SOUTH
INV-09494,CUS-0137,2022-05-08,2022-07-07,2022-07-06,1127.09,1127.09,0.0,0,PAID,PAID,HARDWARE,NORTH
INV-09495,CUS-0284,2023-06-21,2023-08-05,2023-08-02,6115.49,6115.49,0.0,0,PAID,PAID,SOFTWARE,NORTH
INV-09496,CUS-0157,2024-02-07,2024-03-08,2024-03-07,3969.16,3969.16,0.0,0,PAID,PAID,SERVICES,SOUTH
INV-09497,CUS-0281,2023-12-17,2024-02-15,,25281.5,14211.58,11069.92,45,31-60,PARTIAL,MAINTENANCE,SOUTH
INV-09498,CUS-0252,2023-03-14,2023-04-13,2023-04-29,45892.8,45892.8,0.0,0,PAID,PAID,SOFTWARE,NORTH
INV-09499,CUS-0013,2024-01-21,2024-02-20,2024-02-19,11061.91,11061.91,0.0,0,PAID,PAID,HARDWARE,SOUTH
INV-09500,CUS-0227,2023-12-13,2024-01-12,2024-01-08,1822.11,1822.11,0.0,0,PAID,PAID,MAINTENANCE,NORTH
INV-09501,CUS-0280,2023-06-07,2023-08-06,2023-08-06,189.0,189.0,0.0,0,PAID,PAID,SOFTWARE,WEST
INV-09502,CUS-0084,2022-12-22,2023-02-20,,4987.37,0.0,4987.37,405,90+,OVERDUE,SERVICES,EAST
INV-09503,CUS-0014,2022-05-20,2022-07-19,2022-07-19,2637.07,2637.07,0.0,0,PAID,PAID,MAINTENANCE,WEST
INV-09504,CUS-0401,2022-06-03,2022-07-18,2022-07-14,18445.56,18445.56,0.0,0,PAID,PAID,SOFTWARE,NORTH
INV-09505,CUS-0339,2022-11-27,2023-01-11,2023-01-30,7353.01,7353.01,0.0,0,PAID,PAID,MAINTENANCE,WEST
INV-09506,CUS-0427,2022-12-05,2023-02-03,2023-01-31,6245.42,6245.42,0.0,0,PAID,PAID,SERVICES,NORTH
INV-09507,CUS-0045,2023-12-05,2024-02-03,2024-02-05,333.61,333.61,0.0,0,PAID,PAID,HARDWARE,EAST
INV-09508,CUS-0109,2023-02-28,2023-04-29,2023-04-30,13021.54,13021.54,0.0,0,PAID,PAID,SOFTWARE,WEST
INV-09509,CUS-0138,2023-08-14,2023-09-28,2023-09-28,8032.67,8032.67,0.0,0,PAID,PAID,SOFTWARE,SOUTH
INV-09510,CUS-0345,2022-08-23,2022-10-22,2022-10-20,24212.71,24212.71,0.0,0,PAID,PAID,MAINTENANCE,EAST
INV-09511,CUS-0260,2022-06-10,2022-07-25,2022-07-25,5934.48,5934.48,0.0,0,PAID,PAID,HARDWARE,SOUTH
INV-09512,CUS-0131,2022-08-06,2022-09-05,2022-09-30,4578.01,4578.01,0.0,0,PAID,PAID,SERVICES,WEST
INV-09513,CUS-0382,2022-12-16,2023-02-14,2023-02-11,14798.12,14798.12,0.0,0,PAID,PAID,SOFTWARE,EAST
INV-09514,CUS-0065,2024-01-31,2024-03-01,,9695.99,6077.61,3618.38,30,CURRENT,PARTIAL,HARDWARE,EAST
INV-09515,CUS-0041,2022-07-24,2022-08-23,2022-08-21,6122.68,6122.68,0.0,0,PAID,PAID,HARDWARE,WEST
INV-09516,CUS-0011,2022-09-06,2022-11-05,2022-12-05,5890.52,5890.52,0.0,0,PAID,PAID,SOFTWARE,NORTH
INV-09517,CUS-0233,2023-01-02,2023-02-01,2023-02-01,1942.24,1942.24,0.0,0,PAID,PAID,SOFTWARE,SOUTH
INV-09518,CUS-0356,2022-11-12,2022-12-27,2022-12-24,1262.67,1262.67,0.0,0,PAID,PAID,SOFTWARE,EAST
INV-09519,CUS-0220,2022-11-19,2022-12-19,2022-12-15,25909.79,25909.79,0.0,0,PAID,PAID,HARDWARE,SOUTH
INV-09520,CUS-0068,2024-01-06,2024-02-20,2024-02-17,1781.91,1781.91,0.0,0,PAID,PAID,SOFTWARE,SOUTH
INV-09521,CUS-0200,2024-03-24,2024-04-23,2024-04-23,2485.95,2485.95,0.0,0,PAID,PAID,MAINTENANCE,WEST
INV-09522,CUS-0241,2022-04-01,2022-05-31,2022-05-30,1428.8,1428.8,0.0,0,PAID,PAID,SERVICES,SOUTH
INV-09523,CUS-0197,2022-06-12,2022-07-12,2022-07-10,14695.77,14695.77,0.0,0,PAID,PAID,SERVICES,WEST
INV-09524,CUS-0303,2023-02-23,2023-03-25,,7139.22,0.0,7139.22,372,90+,OVERDUE,SERVICES,WEST
INV-09525,CUS-0290,2024-01-18,2024-03-18,2024-03-18,4936.26,4936.26,0.0,0,PAID,PAID,MAINTENANCE,NORTH
INV-09526,CUS-0247,2023-07-09,2023-08-08,2023-08-04,13066.4,13066.4,0.0,0,PAID,PAID,HARDWARE,SOUTH
INV-09527,CUS-0435,2024-03-03,2024-05-02,2024-04-30,480.93,480.93,0.0,0,PAID,PAID,SERVICES,SOUTH
INV-09528,CUS-0227,2022-10-19,2022-11-18,2022-11-16,3587.25,3587.25,0.0,0,PAID,PAID,MAINTENANCE,WEST
INV-09529,CUS-0481,2022-10-24,2022-12-08,2023-01-01,20104.76,20104.76,0.0,0,PAID,PAID,SOFTWARE,SOUTH
INV-09530,CUS-0475,2022-07-31,2022-09-14,2022-09-30,1577.18,1577.18,0.0,0,PAID,PAID,MAINTENANCE,NORTH
INV-09531,CUS-0297,2023-02-22,2023-04-08,2023-04-05,3068.81,3068.81,0.0,0,PAID,PAID,HARDWARE,EAST
INV-09532,CUS-0185,2023-12-06,2024-02-04,,1920.51,0.0,1920.51,56,31-60,OVERDUE,SERVICES,SOUTH
INV-09533,CUS-0367,2023-08-25,2023-09-24,2023-09-22,6393.77,6393.77,0.0,0,PAID,PAID,SOFTWARE,NORTH
INV-09534,CUS-0486,2023-05-15,2023-06-29,2023-07-13,2515.19,2515.19,0.0,0,PAID,PAID,SERVICES,SOUTH
INV-09535,CUS-0077,2023-11-10,2024-01-09,2024-01-06,7499.93,7499.93,0.0,0,PAID,PAID,HARDWARE,WEST
INV-09536,CUS-0241,2022-09-20,2022-11-19,2022-11-19,8375.27,8375.27,0.0,0,PAID,PAID,MAINTENANCE,NORTH
INV-09537,CUS-0476,2024-03-22,2024-05-21,2024-05-17,29386.36,29386.36,0.0,0,PAID,PAID,MAINTENANCE,SOUTH
INV-09538,CUS-0255,2023-01-28,2023-03-14,2023-03-14,3391.51,3391.51,0.0,0,PAID,PAID,HARDWARE,EAST
INV-09539,CUS-0382,2023-01-07,2023-03-08,2023-03-07,1989.47,1989.47,0.0,0,PAID,PAID,SERVICES,SOUTH
INV-09540,CUS-0434,2023-10-16,2023-11-15,2023-11-10,2670.88,2670.88,0.0,0,PAID,PAID,SERVICES,EAST
INV-09541,CUS-0234,2022-06-11,2022-07-11,2022-07-11,14004.68,14004.68,0.0,0,PAID,PAID,SERVICES,NORTH
INV-09542,CUS-0133,2024-02-04,2024-03-20,2024-03-15,6317.14,6317.14,0.0,0,PAID,PAID,MAINTENANCE,NORTH
INV-09543,CUS-0286,2023-11-05,2023-12-20,,1099.13,341.5,757.63,102,90+,PARTIAL,SOFTWARE,EAST
INV-09544,CUS-0436,2024-03-23,2024-04-22,2024-04-17,3656.36,3656.36,0.0,0,PAID,PAID,SERVICES,EAST
INV-09545,CUS-0286,2022-06-11,2022-07-26,2022-07-24,3499.55,3499.55,0.0,0,PAID,PAID,SERVICES,WEST
INV-09546,CUS-0136,2023-05-19,2023-07-03,2023-06-30,19041.29,19041.29,0.0,0,PAID,PAID,MAINTENANCE,EAST
INV-09547,CUS-0397,2022-12-26,2023-02-24,2023-02-22,2349.59,2349.59,0.0,0,PAID,PAID,SOFTWARE,NORTH
INV-09548,CUS-0101,2023-02-18,2023-03-20,2023-03-16,1281.94,1281.94,0.0,0,PAID,PAID,SOFTWARE,WEST
INV-09549,CUS-0212,2023-01-28,2023-03-29,2023-03-27,1498.96,1498.96,0.0,0,PAID,PAID,MAINTENANCE,EAST
INV-09550,CUS-0016,2022-05-05,2022-07-04,2022-07-01,828.47,828.47,0.0,0,PAID,PAID,MAINTENANCE,WEST
INV-09551,CUS-0317,2023-12-27,2024-01-26,2024-02-03,239.94,239.94,0.0,0,PAID,PAID,HARDWARE,NORTH
INV-09552,CUS-0331,2022-11-11,2023-01-10,2023-01-06,5263.75,5263.75,0.0,0,PAID,PAID,MAINTENANCE,WEST
INV-09553,CUS-0284,2022-07-22,2022-09-05,2022-09-05,570.8,570.8,0.0,0,PAID,PAID,SOFTWARE,SOUTH
INV-09554,CUS-0308,2023-12-30,2024-02-13,2024-02-13,6130.27,6130.27,0.0,0,PAID,PAID,SOFTWARE,WEST
INV-09555,CUS-0451,2024-03-27,2024-05-11,2024-05-08,6041.73,6041.73,0.0,0,PAID,PAID,HARDWARE,NORTH
INV-09556,CUS-0369,2023-11-19,2024-01-03,2024-01-27,4145.63,4145.63,0.0,0,PAID,PAID,SERVICES,WEST
INV-09557,CUS-0242,2022-10-02,2022-11-01,2022-10-28,823.97,823.97,0.0,0,PAID,PAID,MAINTENANCE,EAST
INV-09558,CUS-0078,2023-08-02,2023-09-16,2023-09-15,1011.29,1011.29,0.0,0,PAID,PAID,SOFTWARE,NORTH
INV-09559,CUS-0341,2023-06-26,2023-07-26,2023-07-25,2737.97,2737.97,0.0,0,PAID,PAID,HARDWARE,NORTH
INV-09560,CUS-0289,2022-11-30,2022-12-30,2023-01-13,16221.01,16221.01,0.0,0,PAID,PAID,SERVICES,NORTH
INV-09561,CUS-0340,2023-03-29,2023-05-28,2023-05-24,24712.24,24712.24,0.0,0,PAID,PAID,SERVICES,NORTH
INV-09562,CUS-0268,2023-10-14,2023-11-13,2023-11-10,4920.79,4920.79,0.0,0,PAID,PAID,SERVICES,NORTH
INV-09563,CUS-0453,2022-06-03,2022-07-03,2022-06-28,5017.23,5017.23,0.0,0,PAID,PAID,SOFTWARE,SOUTH
INV-09564,CUS-0141,2022-11-14,2023-01-13,2023-01-13,20445.83,20445.83,0.0,0,PAID,PAID,MAINTENANCE,NORTH
INV-09565,CUS-0200,2023-05-22,2023-06-21,,283.81,170.33,113.48,284,90+,PARTIAL,MAINTENANCE,NORTH
INV-09566,CUS-0194,2022-05-27,2022-06-26,2022-06-26,39132.39,39132.39,0.0,0,PAID,PAID,SERVICES,WEST
INV-09567,CUS-0292,2023-05-30,2023-07-14,2023-07-10,7876.05,7876.05,0.0,0,PAID,PAID,MAINTENANCE,WEST
INV-09568,CUS-0070,2022-04-30,2022-05-30,2022-05-25,18583.32,18583.32,0.0,0,PAID,PAID,HARDWARE,WEST
INV-09569,CUS-0144,2022-04-30,2022-05-30,2022-05-26,2511.38,2511.38,0.0,0,PAID,PAID,SOFTWARE,WEST
INV-09570,CUS-0072,2022-10-18,2022-12-17,2022-12-19,11015.51,11015.51,0.0,0,PAID,PAID,HARDWARE,NORTH
INV-09571,CUS-0164,2022-11-18,2022-12-18,,2776.83,1540.88,1235.95,469,90+,PARTIAL,MAINTENANCE,WEST
INV-09572,CUS-0222,2023-04-09,2023-06-08,2023-06-08,3833.3,3833.3,0.0,0,PAID,PAID,MAINTENANCE,NORTH
INV-09573,CUS-0100,2024-03-19,2024-04-18,2024-04-17,3341.58,3341.58,0.0,0,PAID,PAID,SERVICES,WEST
INV-09574,CUS-0366,2023-05-15,2023-06-14,2023-06-14,6366.88,6366.88,0.0,0,PAID,PAID,HARDWARE,WEST
INV-09575,CUS-0494,2022-10-29,2022-12-28,2022-12-26,8808.85,8808.85,0.0,0,PAID,PAID,SOFTWARE,WEST
INV-09576,CUS-0388,2023-02-24,2023-03-26,2023-03-26,26846.04,26846.04,0.0,0,PAID,PAID,HARDWARE,NORTH
INV-09577,CUS-0340,2023-01-15,2023-03-16,,1940.39,1164.46,775.93,381,90+,PARTIAL,SOFTWARE,NORTH
INV-09578,CUS-0442,2022-07-30,2022-09-13,2022-09-10,4719.16,4719.16,0.0,0,PAID,PAID,SOFTWARE,NORTH
INV-09579,CUS-0051,2023-01-25,2023-03-11,2023-03-06,740.77,740.77,0.0,0,PAID,PAID,HARDWARE,NORTH
INV-09580,CUS-0144,2023-08-31,2023-09-30,2023-09-26,1273.56,1273.56,0.0,0,PAID,PAID,HARDWARE,WEST
INV-09581,CUS-0087,2023-03-03,2023-04-02,2023-03-28,1521.19,1521.19,0.0,0,PAID,PAID,HARDWARE,NORTH
INV-09582,CUS-0322,2022-11-24,2023-01-08,,7297.83,3463.17,3834.66,448,90+,PARTIAL,MAINTENANCE,NORTH
INV-09583,CUS-0319,2022-06-13,2022-08-12,2022-08-12,5200.68,5200.68,0.0,0,PAID,PAID,SERVICES,EAST
INV-09584,CUS-0282,2024-02-07,2024-04-07,2024-04-04,3222.51,3222.51,0.0,0,PAID,PAID,SOFTWARE,SOUTH
INV-09585,CUS-0294,2022-11-13,2023-01-12,,25226.53,11228.85,13997.68,444,90+,PARTIAL,MAINTENANCE,EAST
INV-09586,CUS-0379,2022-06-02,2022-07-17,2022-07-13,4200.43,4200.43,0.0,0,PAID,PAID,SERVICES,WEST
INV-09587,CUS-0166,2023-01-09,2023-02-23,2023-02-22,618.16,618.16,0.0,0,PAID,PAID,HARDWARE,NORTH
INV-09588,CUS-0466,2024-03-14,2024-05-13,2024-05-12,4233.59,4233.59,0.0,0,PAID,PAID,SERVICES,EAST
INV-09589,CUS-0149,2023-04-20,2023-06-04,2023-05-31,34358.46,34358.46,0.0,0,PAID,PAID,MAINTENANCE,EAST
INV-09590,CUS-0494,2023-07-11,2023-09-09,2023-09-08,3389.18,3389.18,0.0,0,PAID,PAID,SERVICES,SOUTH
INV-09591,CUS-0206,2022-04-23,2022-06-07,,13333.46,7538.07,5795.39,663,90+,PARTIAL,SOFTWARE,EAST
INV-09592,CUS-0170,2023-04-09,2023-05-24,2023-05-22,6077.24,6077.24,0.0,0,PAID,PAID,HARDWARE,EAST
INV-09593,CUS-0281,2022-08-18,2022-10-17,,46359.94,0.0,46359.94,531,90+,OVERDUE,SERVICES,NORTH
INV-09594,CUS-0404,2023-02-13,2023-04-14,,1524.82,0.0,1524.82,352,90+,OVERDUE,SOFTWARE,EAST
INV-09595,CUS-0073,2023-01-09,2023-02-08,2023-02-06,4100.79,4100.79,0.0,0,PAID,PAID,SOFTWARE,WEST
INV-09596,CUS-0402,2022-12-08,2023-01-07,2023-01-05,444.86,444.86,0.0,0,PAID,PAID,SOFTWARE,SOUTH
INV-09597,CUS-0323,2023-08-04,2023-09-03,2023-08-29,6128.44,6128.44,0.0,0,PAID,PAID,SERVICES,EAST
INV-09598,CUS-0315,2023-01-22,2023-03-23,2023-03-23,9221.76,9221.76,0.0,0,PAID,PAID,SOFTWARE,SOUTH
INV-09599,CUS-0373,2022-07-17,2022-08-31,2022-08-28,33714.59,33714.59,0.0,0,PAID,PAID,HARDWARE,SOUTH
INV-09600,CUS-0098,2023-06-22,2023-07-22,2023-07-22,1743.61,1743.61,0.0,0,PAID,PAID,MAINTENANCE,WEST
INV-09601,CUS-0450,2023-05-28,2023-07-27,2023-07-24,54117.08,54117.08,0.0,0,PAID,PAID,SERVICES,EAST
INV-09602,CUS-0275,2023-02-13,2023-03-30,2023-03-25,12371.83,12371.83,0.0,0,PAID,PAID,MAINTENANCE,NORTH
INV-09603,CUS-0478,2022-07-21,2022-08-20,2022-09-09,10803.62,10803.62,0.0,0,PAID,PAID,HARDWARE,NORTH
INV-09604,CUS-0400,2023-08-27,2023-10-11,2023-10-19,1506.32,1506.32,0.0,0,PAID,PAID,HARDWARE,WEST
INV-09605,CUS-0201,2022-08-17,2022-10-01,2022-09-28,3560.53,3560.53,0.0,0,PAID,PAID,MAINTENANCE,SOUTH
INV-09606,CUS-0330,2023-05-24,2023-07-23,2023-07-22,14947.69,14947.69,0.0,0,PAID,PAID,MAINTENANCE,EAST
INV-09607,CUS-0405,2023-02-04,2023-03-06,,426.37,236.62,189.75,391,90+,PARTIAL,SERVICES,WEST
INV-09608,CUS-0226,2023-06-30,2023-07-30,2023-07-27,163.34,163.34,0.0,0,PAID,PAID,SERVICES,EAST
INV-09609,CUS-0325,2023-12-11,2024-01-10,,2633.36,0.0,2633.36,81,61-90,OVERDUE,SERVICES,EAST
INV-09610,CUS-0206,2023-07-16,2023-08-30,2023-09-29,2581.48,2581.48,0.0,0,PAID,PAID,MAINTENANCE,EAST
INV-09611,CUS-0357,2022-06-03,2022-07-03,2022-07-03,9288.91,9288.91,0.0,0,PAID,PAID,SOFTWARE,WEST
INV-09612,CUS-0303,2024-01-06,2024-02-05,2024-02-14,1001.71,1001.71,0.0,0,PAID,PAID,SOFTWARE,WEST
INV-09613,CUS-0006,2023-10-29,2023-11-28,2023-11-27,22733.49,22733.49,0.0,0,PAID,PAID,MAINTENANCE,SOUTH
INV-09614,CUS-0026,2023-04-10,2023-05-25,2023-06-19,5103.0,5103.0,0.0,0,PAID,PAID,SOFTWARE,WEST
INV-09615,CUS-0460,2024-03-11,2024-04-25,2024-04-23,13220.96,13220.96,0.0,0,PAID,PAID,SERVICES,EAST
INV-09616,CUS-0343,2023-04-25,2023-06-09,2023-06-07,22354.28,22354.28,0.0,0,PAID,PAID,SERVICES,WEST
INV-09617,CUS-0027,2022-10-19,2022-11-18,2022-11-16,23470.39,23470.39,0.0,0,PAID,PAID,HARDWARE,SOUTH
INV-09618,CUS-0171,2022-11-07,2022-12-22,2022-12-21,1511.5,1511.5,0.0,0,PAID,PAID,HARDWARE,EAST
INV-09619,CUS-0210,2024-03-24,2024-05-23,2024-05-21,191.14,191.14,0.0,0,PAID,PAID,SERVICES,EAST
INV-09620,CUS-0064,2022-04-19,2022-05-19,2022-05-15,6133.47,6133.47,0.0,0,PAID,PAID,SOFTWARE,SOUTH
INV-09621,CUS-0191,2023-10-12,2023-11-11,,10840.24,0.0,10840.24,141,90+,OVERDUE,SERVICES,EAST
INV-09622,CUS-0237,2022-07-25,2022-09-08,2022-09-07,538.69,538.69,0.0,0,PAID,PAID,SERVICES,WEST
INV-09623,CUS-0091,2022-11-14,2022-12-14,2022-12-20,1000.15,1000.15,0.0,0,PAID,PAID,SOFTWARE,WEST
INV-09624,CUS-0168,2022-07-16,2022-09-14,2022-09-09,5360.06,5360.06,0.0,0,PAID,PAID,SERVICES,EAST
INV-09625,CUS-0354,2023-01-31,2023-03-02,2023-03-28,2893.13,2893.13,0.0,0,PAID,PAID,SOFTWARE,NORTH
INV-09626,CUS-0337,2023-09-24,2023-11-23,2023-11-18,34630.07,34630.07,0.0,0,PAID,PAID,MAINTENANCE,WEST
INV-09627,CUS-0238,2022-08-11,2022-09-25,2022-09-25,175.64,175.64,0.0,0,PAID,PAID,SERVICES,WEST
INV-09628,CUS-0024,2022-05-02,2022-06-16,,657.02,223.2,433.82,654,90+,PARTIAL,SERVICES,NORTH
INV-09629,CUS-0021,2023-11-15,2023-12-15,2023-12-15,1697.62,1697.62,0.0,0,PAID,PAID,SERVICES,NORTH
INV-09630,CUS-0196,2022-12-31,2023-02-14,,4114.26,1582.94,2531.32,411,90+,PARTIAL,SERVICES,SOUTH
INV-09631,CUS-0348,2023-09-28,2023-10-28,2023-10-27,2062.34,2062.34,0.0,0,PAID,PAID,HARDWARE,NORTH
INV-09632,CUS-0129,2023-01-14,2023-02-13,2023-02-08,45153.43,45153.43,0.0,0,PAID,PAID,MAINTENANCE,EAST
INV-09633,CUS-0351,2023-02-12,2023-04-13,2023-04-13,6400.52,6400.52,0.0,0,PAID,PAID,MAINTENANCE,SOUTH
INV-09634,CUS-0059,2023-08-16,2023-09-15,2023-09-27,3121.84,3121.84,0.0,0,PAID,PAID,HARDWARE,EAST
INV-09635,CUS-0041,2023-11-26,2023-12-26,2023-12-22,6273.44,6273.44,0.0,0,PAID,PAID,SOFTWARE,NORTH
INV-09636,CUS-0059,2022-11-02,2022-12-02,2022-11-27,712.39,712.39,0.0,0,PAID,PAID,HARDWARE,NORTH
INV-09637,CUS-0449,2022-05-01,2022-05-31,2022-05-29,3009.98,3009.98,0.0,0,PAID,PAID,SERVICES,SOUTH
INV-09638,CUS-0124,2022-11-13,2022-12-28,2022-12-25,3549.72,3549.72,0.0,0,PAID,PAID,MAINTENANCE,SOUTH
INV-09639,CUS-0468,2023-09-07,2023-10-07,2023-10-02,9341.95,9341.95,0.0,0,PAID,PAID,MAINTENANCE,EAST
INV-09640,CUS-0277,2023-07-08,2023-09-06,2023-09-05,4102.54,4102.54,0.0,0,PAID,PAID,MAINTENANCE,WEST
INV-09641,CUS-0468,2022-07-15,2022-08-14,2022-08-09,39304.46,39304.46,0.0,0,PAID,PAID,SOFTWARE,WEST
INV-09642,CUS-0386,2022-05-05,2022-07-04,2022-08-01,265.22,265.22,0.0,0,PAID,PAID,MAINTENANCE,WEST
INV-09643,CUS-0074,2022-07-14,2022-08-13,2022-08-08,25510.84,25510.84,0.0,0,PAID,PAID,HARDWARE,NORTH
INV-09644,CUS-0246,2022-05-05,2022-06-04,2022-05-30,12570.04,12570.04,0.0,0,PAID,PAID,HARDWARE,WEST
INV-09645,CUS-0182,2024-03-04,2024-05-03,2024-04-29,3325.95,3325.95,0.0,0,PAID,PAID,MAINTENANCE,NORTH
INV-09646,CUS-0224,2022-08-17,2022-09-16,2022-09-15,5228.56,5228.56,0.0,0,PAID,PAID,MAINTENANCE,EAST
INV-09647,CUS-0416,2022-08-01,2022-08-31,2022-08-31,443.12,443.12,0.0,0,PAID,PAID,MAINTENANCE,EAST
INV-09648,CUS-0131,2023-12-01,2023-12-31,2024-01-10,329.66,329.66,0.0,0,PAID,PAID,SOFTWARE,SOUTH
INV-09649,CUS-0148,2023-01-08,2023-03-09,2023-03-07,7294.61,7294.61,0.0,0,PAID,PAID,SOFTWARE,EAST
INV-09650,CUS-0404,2024-02-29,2024-04-29,2024-05-11,3431.1,3431.1,0.0,0,PAID,PAID,SERVICES,WEST
INV-09651,CUS-0010,2023-06-28,2023-07-28,2023-07-24,12657.53,12657.53,0.0,0,PAID,PAID,SERVICES,WEST
INV-09652,CUS-0106,2023-08-29,2023-10-28,2023-10-24,263.6,263.6,0.0,0,PAID,PAID,MAINTENANCE,SOUTH
INV-09653,CUS-0009,2023-12-06,2024-01-05,2024-01-01,3903.9,3903.9,0.0,0,PAID,PAID,MAINTENANCE,SOUTH
INV-09654,CUS-0464,2022-04-25,2022-06-09,,10255.15,0.0,10255.15,661,90+,OVERDUE,SERVICES,EAST
INV-09655,CUS-0218,2024-02-12,2024-04-12,2024-04-10,717.53,717.53,0.0,0,PAID,PAID,HARDWARE,EAST
INV-09656,CUS-0022,2022-08-12,2022-10-11,2022-10-11,3479.97,3479.97,0.0,0,PAID,PAID,HARDWARE,EAST
INV-09657,CUS-0001,2023-11-23,2024-01-22,2024-01-19,3457.97,3457.97,0.0,0,PAID,PAID,MAINTENANCE,EAST
INV-09658,CUS-0338,2023-01-23,2023-03-24,2023-03-20,9411.15,9411.15,0.0,0,PAID,PAID,HARDWARE,EAST
INV-09659,CUS-0200,2023-05-31,2023-06-30,2023-07-18,1425.97,1425.97,0.0,0,PAID,PAID,MAINTENANCE,WEST
INV-09660,CUS-0235,2022-12-12,2023-01-26,,3649.56,0.0,3649.56,430,90+,OVERDUE,MAINTENANCE,SOUTH
INV-09661,CUS-0352,2023-10-02,2023-12-01,,1267.35,489.17,778.18,121,90+,PARTIAL,SERVICES,SOUTH
INV-09662,CUS-0029,2023-05-02,2023-06-16,2023-07-10,5134.5,5134.5,0.0,0,PAID,PAID,HARDWARE,NORTH
INV-09663,CUS-0374,2023-05-25,2023-07-24,2023-07-19,1093.25,1093.25,0.0,0,PAID,PAID,SERVICES,SOUTH
INV-09664,CUS-0083,2024-02-23,2024-03-24,,10783.43,4025.68,6757.75,7,CURRENT,PARTIAL,SERVICES,WEST
INV-09665,CUS-0428,2023-01-22,2023-03-08,2023-03-05,16767.84,16767.84,0.0,0,PAID,PAID,MAINTENANCE,SOUTH
INV-09666,CUS-0331,2023-11-17,2024-01-16,2024-01-14,2675.16,2675.16,0.0,0,PAID,PAID,SOFTWARE,EAST
INV-09667,CUS-0085,2023-11-09,2024-01-08,2024-01-05,6397.16,6397.16,0.0,0,PAID,PAID,HARDWARE,NORTH
INV-09668,CUS-0291,2022-10-07,2022-12-06,,20335.28,0.0,20335.28,481,90+,OVERDUE,HARDWARE,NORTH
INV-09669,CUS-0188,2023-08-21,2023-10-05,2023-10-09,4743.63,4743.63,0.0,0,PAID,PAID,MAINTENANCE,SOUTH
INV-09670,CUS-0141,2023-10-24,2023-12-23,2023-12-22,9614.34,9614.34,0.0,0,PAID,PAID,MAINTENANCE,SOUTH
INV-09671,CUS-0372,2023-06-20,2023-07-20,2023-07-15,8823.18,8823.18,0.0,0,PAID,PAID,SOFTWARE,NORTH
INV-09672,CUS-0269,2022-09-24,2022-11-08,2022-11-05,692.11,692.11,0.0,0,PAID,PAID,SERVICES,EAST
INV-09673,CUS-0447,2022-06-15,2022-07-30,2022-07-26,27223.54,27223.54,0.0,0,PAID,PAID,MAINTENANCE,NORTH
INV-09674,CUS-0040,2023-04-11,2023-05-26,,19031.42,0.0,19031.42,310,90+,OVERDUE,SOFTWARE,EAST
INV-09675,CUS-0446,2023-08-15,2023-10-14,,1294.97,846.4,448.57,169,90+,PARTIAL,SOFTWARE,EAST
INV-09676,CUS-0353,2022-05-09,2022-06-08,2022-06-30,19356.46,19356.46,0.0,0,PAID,PAID,HARDWARE,NORTH
INV-09677,CUS-0279,2022-08-20,2022-10-04,2022-10-02,2214.57,2214.57,0.0,0,PAID,PAID,SOFTWARE,EAST
INV-09678,CUS-0188,2022-05-27,2022-07-11,2022-07-08,377.06,377.06,0.0,0,PAID,PAID,SOFTWARE,WEST
INV-09679,CUS-0062,2023-08-22,2023-10-06,2023-10-05,1643.03,1643.03,0.0,0,PAID,PAID,HARDWARE,WEST
INV-09680,CUS-0218,2022-11-15,2023-01-14,2023-01-15,20514.8,20514.8,0.0,0,PAID,PAID,SOFTWARE,WEST
INV-09681,CUS-0333,2022-10-25,2022-12-24,2022-12-23,4961.82,4961.82,0.0,0,PAID,PAID,MAINTENANCE,WEST
INV-09682,CUS-0440,2022-09-29,2022-10-29,2022-10-28,5964.6,5964.6,0.0,0,PAID,PAID,MAINTENANCE,WEST
INV-09683,CUS-0227,2024-01-22,2024-02-21,2024-02-17,1134.33,1134.33,0.0,0,PAID,PAID,MAINTENANCE,EAST
INV-09684,CUS-0121,2022-05-05,2022-06-19,2022-06-16,26301.35,26301.35,0.0,0,PAID,PAID,HARDWARE,SOUTH
INV-09685,CUS-0199,2023-01-25,2023-03-11,,12369.52,7363.49,5006.03,386,90+,PARTIAL,SERVICES,EAST
INV-09686,CUS-0265,2022-07-26,2022-09-09,2022-09-06,12759.28,12759.28,0.0,0,PAID,PAID,SERVICES,SOUTH
INV-09687,CUS-0231,2022-12-13,2023-01-12,2023-01-12,9743.2,9743.2,0.0,0,PAID,PAID,HARDWARE,EAST
INV-09688,CUS-0057,2022-10-01,2022-10-31,2022-10-26,6593.56,6593.56,0.0,0,PAID,PAID,SERVICES,EAST
INV-09689,CUS-0423,2024-02-01,2024-03-17,2024-03-12,1360.44,1360.44,0.0,0,PAID,PAID,SOFTWARE,NORTH
INV-09690,CUS-0069,2022-10-07,2022-12-06,2022-12-01,2752.19,2752.19,0.0,0,PAID,PAID,HARDWARE,SOUTH
INV-09691,CUS-0362,2024-03-29,2024-04-28,2024-04-27,2469.98,2469.98,0.0,0,PAID,PAID,SERVICES,NORTH
INV-09692,CUS-0062,2023-07-20,2023-09-03,2023-09-08,162.85,162.85,0.0,0,PAID,PAID,HARDWARE,WEST
INV-09693,CUS-0172,2023-09-21,2023-11-05,2023-11-04,5193.87,5193.87,0.0,0,PAID,PAID,HARDWARE,WEST
INV-09694,CUS-0341,2022-06-16,2022-07-16,2022-07-12,2150.71,2150.71,0.0,0,PAID,PAID,MAINTENANCE,NORTH
INV-09695,CUS-0134,2022-06-03,2022-08-02,2022-07-28,539.05,539.05,0.0,0,PAID,PAID,SERVICES,EAST
INV-09696,CUS-0039,2023-12-06,2024-01-20,2024-01-27,5445.92,5445.92,0.0,0,PAID,PAID,HARDWARE,NORTH
INV-09697,CUS-0220,2023-12-31,2024-01-30,2024-01-28,70521.55,70521.55,0.0,0,PAID,PAID,MAINTENANCE,WEST
INV-09698,CUS-0094,2024-03-22,2024-05-21,2024-05-25,2888.61,2888.61,0.0,0,PAID,PAID,SERVICES,WEST
INV-09699,CUS-0043,2022-06-06,2022-07-06,,2693.14,1348.11,1345.03,634,90+,PARTIAL,HARDWARE,WEST
INV-09700,CUS-0095,2022-11-12,2022-12-12,2022-12-11,2886.19,2886.19,0.0,0,PAID,PAID,SERVICES,SOUTH
INV-09701,CUS-0160,2023-01-25,2023-03-11,2023-03-10,5234.01,5234.01,0.0,0,PAID,PAID,HARDWARE,EAST
INV-09702,CUS-0030,2023-07-21,2023-08-20,2023-09-04,35136.08,35136.08,0.0,0,PAID,PAID,MAINTENANCE,WEST
INV-09703,CUS-0396,2023-08-25,2023-10-09,2023-10-09,9180.95,9180.95,0.0,0,PAID,PAID,SOFTWARE,EAST
INV-09704,CUS-0443,2024-02-02,2024-03-18,2024-03-15,248.79,248.79,0.0,0,PAID,PAID,MAINTENANCE,WEST
INV-09705,CUS-0455,2022-07-21,2022-08-20,,129.9,0.0,129.9,589,90+,OVERDUE,SERVICES,NORTH
INV-09706,CUS-0493,2023-12-11,2024-01-10,2024-01-08,2482.01,2482.01,0.0,0,PAID,PAID,SOFTWARE,WEST
INV-09707,CUS-0205,2024-03-03,2024-04-17,,763.42,0.0,763.42,0,CURRENT,OVERDUE,MAINTENANCE,WEST
INV-09708,CUS-0197,2024-03-11,2024-04-10,2024-04-05,32317.06,32317.06,0.0,0,PAID,PAID,SOFTWARE,SOUTH
INV-09709,CUS-0459,2022-11-13,2022-12-13,2022-12-11,992.23,992.23,0.0,0,PAID,PAID,MAINTENANCE,EAST
INV-09710,CUS-0213,2022-04-04,2022-06-03,2022-06-01,186.66,186.66,0.0,0,PAID,PAID,HARDWARE,SOUTH
INV-09711,CUS-0363,2022-11-18,2023-01-02,2022-12-31,2213.12,2213.12,0.0,0,PAID,PAID,SOFTWARE,WEST
INV-09712,CUS-0401,2023-02-10,2023-03-27,2023-03-26,14750.52,14750.52,0.0,0,PAID,PAID,SERVICES,WEST
INV-09713,CUS-0279,2022-08-19,2022-10-03,2022-10-03,11589.39,11589.39,0.0,0,PAID,PAID,SOFTWARE,NORTH
INV-09714,CUS-0176,2023-12-14,2024-01-28,2024-01-23,1493.68,1493.68,0.0,0,PAID,PAID,SOFTWARE,NORTH
INV-09715,CUS-0005,2022-05-14,2022-07-13,2022-07-09,887.26,887.26,0.0,0,PAID,PAID,SOFTWARE,WEST
INV-09716,CUS-0457,2024-02-20,2024-04-20,2024-04-16,1870.19,1870.19,0.0,0,PAID,PAID,SOFTWARE,NORTH
INV-09717,CUS-0050,2023-03-31,2023-05-15,2023-05-20,3708.69,3708.69,0.0,0,PAID,PAID,HARDWARE,WEST
INV-09718,CUS-0185,2023-04-30,2023-06-29,2023-06-25,964.13,964.13,0.0,0,PAID,PAID,HARDWARE,WEST
INV-09719,CUS-0206,2023-01-23,2023-03-09,2023-03-04,3917.65,3917.65,0.0,0,PAID,PAID,HARDWARE,NORTH
INV-09720,CUS-0468,2022-12-28,2023-01-27,,42298.92,19982.7,22316.22,429,90+,PARTIAL,MAINTENANCE,EAST
INV-09721,CUS-0449,2023-05-27,2023-06-26,2023-06-25,4454.37,4454.37,0.0,0,PAID,PAID,MAINTENANCE,SOUTH
INV-09722,CUS-0184,2022-07-14,2022-08-28,2022-08-31,16178.13,16178.13,0.0,0,PAID,PAID,SERVICES,SOUTH
INV-09723,CUS-0433,2024-03-18,2024-04-17,2024-04-17,551.38,551.38,0.0,0,PAID,PAID,MAINTENANCE,WEST
INV-09724,CUS-0108,2023-10-27,2023-12-11,2023-12-14,8142.19,8142.19,0.0,0,PAID,PAID,MAINTENANCE,WEST
INV-09725,CUS-0043,2022-12-25,2023-01-24,2023-01-24,27677.49,27677.49,0.0,0,PAID,PAID,MAINTENANCE,EAST
INV-09726,CUS-0280,2023-11-13,2024-01-12,2024-01-10,2330.66,2330.66,0.0,0,PAID,PAID,SOFTWARE,WEST
INV-09727,CUS-0217,2022-12-05,2023-02-03,2023-02-01,2019.76,2019.76,0.0,0,PAID,PAID,SERVICES,SOUTH
INV-09728,CUS-0107,2024-02-24,2024-04-09,2024-04-07,1789.11,1789.11,0.0,0,PAID,PAID,HARDWARE,NORTH
INV-09729,CUS-0453,2022-07-05,2022-08-04,2022-08-01,2865.47,2865.47,0.0,0,PAID,PAID,SERVICES,NORTH
INV-09730,CUS-0090,2022-11-23,2023-01-07,2023-01-07,9889.87,9889.87,0.0,0,PAID,PAID,MAINTENANCE,SOUTH
INV-09731,CUS-0482,2023-06-10,2023-08-09,2023-08-07,3204.82,3204.82,0.0,0,PAID,PAID,SERVICES,SOUTH
INV-09732,CUS-0239,2023-12-20,2024-02-03,2024-02-03,52665.46,52665.46,0.0,0,PAID,PAID,SOFTWARE,EAST
INV-09733,CUS-0127,2022-08-10,2022-09-24,2022-09-22,5101.33,5101.33,0.0,0,PAID,PAID,HARDWARE,SOUTH
INV-09734,CUS-0429,2023-11-29,2023-12-29,2023-12-29,6757.25,6757.25,0.0,0,PAID,PAID,MAINTENANCE,EAST
INV-09735,CUS-0084,2023-07-20,2023-09-18,2023-09-14,878.69,878.69,0.0,0,PAID,PAID,MAINTENANCE,EAST
INV-09736,CUS-0212,2024-01-21,2024-03-21,2024-03-16,4754.91,4754.91,0.0,0,PAID,PAID,SERVICES,WEST
INV-09737,CUS-0303,2022-06-18,2022-07-18,2022-07-27,3200.36,3200.36,0.0,0,PAID,PAID,SOFTWARE,NORTH
INV-09738,CUS-0445,2023-09-15,2023-10-30,2023-10-26,6388.97,6388.97,0.0,0,PAID,PAID,SOFTWARE,NORTH
INV-09739,CUS-0109,2023-12-31,2024-02-29,,13223.47,0.0,13223.47,31,31-60,OVERDUE,SERVICES,WEST
INV-09740,CUS-0129,2024-02-26,2024-03-27,,8434.78,3473.43,4961.35,4,CURRENT,PARTIAL,HARDWARE,EAST
INV-09741,CUS-0285,2023-03-13,2023-04-27,2023-04-27,1000.82,1000.82,0.0,0,PAID,PAID,SERVICES,NORTH
INV-09742,CUS-0036,2023-09-18,2023-10-18,2023-10-13,3969.14,3969.14,0.0,0,PAID,PAID,MAINTENANCE,EAST
INV-09743,CUS-0324,2022-08-20,2022-10-04,2022-09-29,3831.22,3831.22,0.0,0,PAID,PAID,MAINTENANCE,EAST
INV-09744,CUS-0107,2022-05-01,2022-06-15,2022-06-12,1539.37,1539.37,0.0,0,PAID,PAID,SOFTWARE,WEST
INV-09745,CUS-0086,2023-06-29,2023-08-28,2023-08-25,1448.1,1448.1,0.0,0,PAID,PAID,HARDWARE,SOUTH
INV-09746,CUS-0453,2022-09-01,2022-10-01,2022-09-29,862.47,862.47,0.0,0,PAID,PAID,SOFTWARE,SOUTH
INV-09747,CUS-0448,2022-04-02,2022-06-01,,1354.46,453.62,900.84,669,90+,PARTIAL,MAINTENANCE,EAST
INV-09748,CUS-0411,2023-04-27,2023-06-11,2023-07-08,869.46,869.46,0.0,0,PAID,PAID,SOFTWARE,WEST
INV-09749,CUS-0462,2023-11-18,2024-01-17,2024-01-15,1262.31,1262.31,0.0,0,PAID,PAID,MAINTENANCE,SOUTH
INV-09750,CUS-0344,2023-02-06,2023-03-23,,1510.1,947.13,562.97,374,90+,PARTIAL,HARDWARE,SOUTH
INV-09751,CUS-0421,2023-01-18,2023-03-19,,29432.4,11573.96,17858.44,378,90+,PARTIAL,MAINTENANCE,WEST
INV-09752,CUS-0358,2023-12-26,2024-02-09,2024-02-25,11244.55,11244.55,0.0,0,PAID,PAID,MAINTENANCE,EAST
INV-09753,CUS-0034,2023-11-05,2023-12-05,,1506.36,0.0,1506.36,117,90+,OVERDUE,HARDWARE,EAST
INV-09754,CUS-0107,2023-11-30,2024-01-14,2024-01-11,572.76,572.76,0.0,0,PAID,PAID,HARDWARE,NORTH
INV-09755,CUS-0049,2024-03-29,2024-05-13,,643.69,0.0,643.69,0,CURRENT,OVERDUE,HARDWARE,NORTH
INV-09756,CUS-0102,2023-05-24,2023-07-23,2023-07-21,3302.83,3302.83,0.0,0,PAID,PAID,HARDWARE,SOUTH
INV-09757,CUS-0062,2024-03-14,2024-04-28,2024-04-24,484.58,484.58,0.0,0,PAID,PAID,SOFTWARE,WEST
INV-09758,CUS-0200,2023-03-10,2023-04-09,,1193.4,589.84,603.56,357,90+,PARTIAL,SOFTWARE,NORTH
INV-09759,CUS-0108,2023-04-27,2023-06-11,2023-06-06,2565.07,2565.07,0.0,0,PAID,PAID,HARDWARE,WEST
INV-09760,CUS-0203,2023-06-21,2023-08-20,2023-08-17,296.22,296.22,0.0,0,PAID,PAID,SERVICES,NORTH
INV-09761,CUS-0029,2023-03-10,2023-04-24,2023-04-20,1103.99,1103.99,0.0,0,PAID,PAID,MAINTENANCE,WEST
INV-09762,CUS-0342,2023-04-12,2023-06-11,2023-06-07,758.57,758.57,0.0,0,PAID,PAID,MAINTENANCE,EAST
INV-09763,CUS-0312,2022-05-27,2022-07-11,2022-07-08,10564.81,10564.81,0.0,0,PAID,PAID,HARDWARE,NORTH
INV-09764,CUS-0445,2023-06-21,2023-08-05,2023-08-08,64870.42,64870.42,0.0,0,PAID,PAID,MAINTENANCE,EAST
INV-09765,CUS-0020,2023-11-23,2024-01-22,2024-01-18,1539.52,1539.52,0.0,0,PAID,PAID,HARDWARE,WEST
INV-09766,CUS-0083,2023-04-10,2023-05-10,2023-05-31,32603.62,32603.62,0.0,0,PAID,PAID,SERVICES,NORTH
INV-09767,CUS-0407,2023-02-01,2023-04-02,2023-03-28,1365.27,1365.27,0.0,0,PAID,PAID,SOFTWARE,SOUTH
INV-09768,CUS-0060,2023-01-28,2023-02-27,2023-02-24,8263.53,8263.53,0.0,0,PAID,PAID,MAINTENANCE,WEST
INV-09769,CUS-0400,2023-01-25,2023-03-11,2023-03-11,9575.9,9575.9,0.0,0,PAID,PAID,SOFTWARE,SOUTH
INV-09770,CUS-0314,2023-01-14,2023-03-15,,284.15,0.0,284.15,382,90+,OVERDUE,SERVICES,NORTH
INV-09771,CUS-0327,2023-04-11,2023-05-11,2023-05-11,18962.9,18962.9,0.0,0,PAID,PAID,SERVICES,SOUTH
INV-09772,CUS-0149,2023-09-03,2023-10-18,2023-10-16,16145.82,16145.82,0.0,0,PAID,PAID,SOFTWARE,NORTH
INV-09773,CUS-0182,2023-11-13,2024-01-12,,6553.48,0.0,6553.48,79,61-90,OVERDUE,SERVICES,NORTH
INV-09774,CUS-0284,2022-05-16,2022-06-30,,4777.88,0.0,4777.88,640,90+,OVERDUE,SOFTWARE,SOUTH
INV-09775,CUS-0134,2023-07-12,2023-09-10,2023-09-06,678.79,678.79,0.0,0,PAID,PAID,SERVICES,EAST
INV-09776,CUS-0175,2023-05-31,2023-07-30,2023-07-29,50975.95,50975.95,0.0,0,PAID,PAID,MAINTENANCE,NORTH
INV-09777,CUS-0177,2023-09-06,2023-10-21,2023-10-16,5801.82,5801.82,0.0,0,PAID,PAID,SOFTWARE,WEST
INV-09778,CUS-0212,2023-12-11,2024-02-09,2024-02-07,4170.46,4170.46,0.0,0,PAID,PAID,SOFTWARE,WEST
INV-09779,CUS-0336,2023-01-23,2023-03-09,2023-03-08,1011.25,1011.25,0.0,0,PAID,PAID,MAINTENANCE,WEST
INV-09780,CUS-0224,2023-11-04,2023-12-04,2023-12-04,2091.97,2091.97,0.0,0,PAID,PAID,SOFTWARE,EAST
INV-09781,CUS-0175,2023-10-16,2023-12-15,2023-12-12,34950.96,34950.96,0.0,0,PAID,PAID,HARDWARE,EAST
INV-09782,CUS-0101,2023-06-26,2023-07-26,,1155.7,0.0,1155.7,249,90+,OVERDUE,HARDWARE,EAST
INV-09783,CUS-0460,2023-10-02,2023-11-16,2023-11-11,12589.3,12589.3,0.0,0,PAID,PAID,SOFTWARE,EAST
INV-09784,CUS-0284,2022-04-16,2022-05-31,2022-05-31,1542.03,1542.03,0.0,0,PAID,PAID,SOFTWARE,NORTH
INV-09785,CUS-0390,2023-03-18,2023-04-17,2023-04-15,511.7,511.7,0.0,0,PAID,PAID,HARDWARE,EAST
INV-09786,CUS-0478,2022-08-01,2022-08-31,,1433.07,446.85,986.22,578,90+,PARTIAL,SOFTWARE,EAST
INV-09787,CUS-0147,2024-01-27,2024-03-27,2024-03-22,184.47,184.47,0.0,0,PAID,PAID,MAINTENANCE,NORTH
INV-09788,CUS-0370,2023-03-12,2023-04-26,2023-04-24,10854.36,10854.36,0.0,0,PAID,PAID,SOFTWARE,SOUTH
INV-09789,CUS-0071,2023-04-14,2023-05-29,2023-06-05,40177.68,40177.68,0.0,0,PAID,PAID,HARDWARE,SOUTH
INV-09790,CUS-0039,2023-12-19,2024-02-02,2024-02-01,2541.14,2541.14,0.0,0,PAID,PAID,SERVICES,NORTH
INV-09791,CUS-0057,2023-02-06,2023-03-08,2023-03-23,705.59,705.59,0.0,0,PAID,PAID,HARDWARE,WEST
INV-09792,CUS-0050,2024-03-21,2024-05-05,2024-05-05,6937.54,6937.54,0.0,0,PAID,PAID,MAINTENANCE,WEST
INV-09793,CUS-0481,2023-02-02,2023-03-19,2023-03-14,3619.98,3619.98,0.0,0,PAID,PAID,SOFTWARE,NORTH
INV-09794,CUS-0200,2023-03-07,2023-04-06,,3574.06,1779.9,1794.16,360,90+,PARTIAL,MAINTENANCE,EAST
INV-09795,CUS-0410,2023-02-12,2023-03-29,2023-03-28,18788.19,18788.19,0.0,0,PAID,PAID,HARDWARE,EAST
INV-09796,CUS-0418,2022-07-25,2022-08-24,2022-09-18,1460.5,1460.5,0.0,0,PAID,PAID,SERVICES,NORTH
INV-09797,CUS-0470,2023-11-24,2024-01-23,2024-01-20,4700.94,4700.94,0.0,0,PAID,PAID,SOFTWARE,NORTH
INV-09798,CUS-0360,2023-10-20,2023-12-04,2023-11-29,6910.84,6910.84,0.0,0,PAID,PAID,HARDWARE,EAST
INV-09799,CUS-0444,2022-11-18,2023-01-17,,866.81,475.82,390.99,439,90+,PARTIAL,MAINTENANCE,EAST
INV-09800,CUS-0174,2023-10-17,2023-12-16,2023-12-13,16747.14,16747.14,0.0,0,PAID,PAID,MAINTENANCE,SOUTH
INV-09801,CUS-0251,2022-09-06,2022-11-05,2022-11-03,769.15,769.15,0.0,0,PAID,PAID,MAINTENANCE,NORTH
INV-09802,CUS-0493,2023-08-01,2023-08-31,2023-08-26,285.28,285.28,0.0,0,PAID,PAID,MAINTENANCE,WEST
INV-09803,CUS-0181,2022-04-03,2022-05-18,2022-05-17,3353.34,3353.34,0.0,0,PAID,PAID,MAINTENANCE,EAST
INV-09804,CUS-0042,2023-09-13,2023-11-12,2023-11-07,17181.01,17181.01,0.0,0,PAID,PAID,MAINTENANCE,NORTH
INV-09805,CUS-0029,2023-01-17,2023-03-03,2023-02-27,3902.31,3902.31,0.0,0,PAID,PAID,SOFTWARE,NORTH
INV-09806,CUS-0184,2023-03-21,2023-05-05,2023-04-30,20405.01,20405.01,0.0,0,PAID,PAID,MAINTENANCE,NORTH
INV-09807,CUS-0208,2022-09-08,2022-11-07,,5165.93,1552.76,3613.17,510,90+,PARTIAL,SOFTWARE,WEST
INV-09808,CUS-0122,2022-09-04,2022-10-19,2022-10-16,3982.16,3982.16,0.0,0,PAID,PAID,SOFTWARE,EAST
INV-09809,CUS-0220,2022-12-02,2023-01-01,2022-12-29,8414.27,8414.27,0.0,0,PAID,PAID,SERVICES,SOUTH
INV-09810,CUS-0452,2023-06-02,2023-07-02,2023-07-03,6094.15,6094.15,0.0,0,PAID,PAID,SOFTWARE,WEST
INV-09811,CUS-0274,2023-07-21,2023-09-19,2023-09-17,41211.02,41211.02,0.0,0,PAID,PAID,MAINTENANCE,EAST
INV-09812,CUS-0129,2023-02-19,2023-03-21,2023-03-21,106378.67,106378.67,0.0,0,PAID,PAID,MAINTENANCE,EAST
INV-09813,CUS-0177,2022-05-26,2022-07-10,2022-07-06,5663.34,5663.34,0.0,0,PAID,PAID,SOFTWARE,SOUTH
INV-09814,CUS-0211,2023-07-04,2023-09-02,2023-08-29,5185.23,5185.23,0.0,0,PAID,PAID,SOFTWARE,SOUTH
INV-09815,CUS-0251,2022-04-13,2022-06-12,2022-06-09,756.13,756.13,0.0,0,PAID,PAID,MAINTENANCE,NORTH
INV-09816,CUS-0348,2023-06-15,2023-07-15,2023-07-13,1214.51,1214.51,0.0,0,PAID,PAID,MAINTENANCE,EAST
INV-09817,CUS-0327,2023-07-02,2023-08-01,2023-07-27,35778.42,35778.42,0.0,0,PAID,PAID,MAINTENANCE,EAST
INV-09818,CUS-0372,2023-07-28,2023-08-27,2023-08-26,8756.18,8756.18,0.0,0,PAID,PAID,SERVICES,WEST
INV-09819,CUS-0287,2022-11-25,2023-01-24,2023-01-20,21806.16,21806.16,0.0,0,PAID,PAID,HARDWARE,SOUTH
INV-09820,CUS-0437,2022-08-22,2022-10-21,2022-10-19,52202.8,52202.8,0.0,0,PAID,PAID,MAINTENANCE,EAST
INV-09821,CUS-0014,2022-11-18,2023-01-17,2023-01-16,32595.24,32595.24,0.0,0,PAID,PAID,SOFTWARE,WEST
INV-09822,CUS-0355,2023-02-21,2023-03-23,2023-03-22,5582.93,5582.93,0.0,0,PAID,PAID,SERVICES,NORTH
INV-09823,CUS-0211,2023-11-08,2024-01-07,2024-01-05,23724.81,23724.81,0.0,0,PAID,PAID,SERVICES,WEST
INV-09824,CUS-0454,2022-06-28,2022-08-12,2022-08-08,12784.73,12784.73,0.0,0,PAID,PAID,SOFTWARE,WEST
INV-09825,CUS-0040,2023-03-06,2023-04-20,2023-04-15,18240.27,18240.27,0.0,0,PAID,PAID,SERVICES,WEST
INV-09826,CUS-0050,2023-07-02,2023-08-16,2023-08-15,11556.38,11556.38,0.0,0,PAID,PAID,SOFTWARE,NORTH
INV-09827,CUS-0239,2022-12-24,2023-02-07,,5826.4,1889.76,3936.64,418,90+,PARTIAL,SOFTWARE,EAST
INV-09828,CUS-0039,2023-12-03,2024-01-17,2024-01-12,6383.09,6383.09,0.0,0,PAID,PAID,MAINTENANCE,EAST
INV-09829,CUS-0480,2022-07-31,2022-08-30,2022-08-25,2838.55,2838.55,0.0,0,PAID,PAID,SOFTWARE,WEST
INV-09830,CUS-0420,2024-02-01,2024-03-17,2024-03-12,1171.46,1171.46,0.0,0,PAID,PAID,SOFTWARE,SOUTH
INV-09831,CUS-0128,2023-11-01,2023-12-31,2023-12-26,2178.81,2178.81,0.0,0,PAID,PAID,SOFTWARE,WEST
INV-09832,CUS-0233,2023-03-12,2023-04-11,2023-04-10,6497.4,6497.4,0.0,0,PAID,PAID,MAINTENANCE,SOUTH
INV-09833,CUS-0109,2022-10-03,2022-12-02,2022-12-17,3444.33,3444.33,0.0,0,PAID,PAID,SOFTWARE,WEST
INV-09834,CUS-0482,2023-04-02,2023-06-01,2023-06-14,5178.08,5178.08,0.0,0,PAID,PAID,SERVICES,SOUTH
INV-09835,CUS-0142,2022-08-23,2022-09-22,2022-09-22,38020.26,38020.26,0.0,0,PAID,PAID,MAINTENANCE,SOUTH
INV-09836,CUS-0252,2022-05-26,2022-06-25,2022-07-11,2500.14,2500.14,0.0,0,PAID,PAID,SOFTWARE,EAST
INV-09837,CUS-0157,2022-05-20,2022-06-19,2022-06-15,6200.12,6200.12,0.0,0,PAID,PAID,HARDWARE,WEST
INV-09838,CUS-0349,2023-02-27,2023-03-29,2023-04-18,2339.02,2339.02,0.0,0,PAID,PAID,MAINTENANCE,NORTH
INV-09839,CUS-0008,2022-05-29,2022-07-28,,12195.65,0.0,12195.65,612,90+,OVERDUE,SERVICES,SOUTH
INV-09840,CUS-0336,2023-10-26,2023-12-10,2024-01-06,5109.02,5109.02,0.0,0,PAID,PAID,SERVICES,NORTH
INV-09841,CUS-0086,2023-04-24,2023-06-23,2023-06-18,1021.59,1021.59,0.0,0,PAID,PAID,SOFTWARE,WEST
INV-09842,CUS-0374,2022-07-20,2022-09-18,2022-09-18,63824.81,63824.81,0.0,0,PAID,PAID,HARDWARE,WEST
INV-09843,CUS-0016,2023-04-13,2023-06-12,2023-06-07,2595.57,2595.57,0.0,0,PAID,PAID,MAINTENANCE,WEST
INV-09844,CUS-0485,2023-09-07,2023-11-06,2023-11-14,23657.51,23657.51,0.0,0,PAID,PAID,MAINTENANCE,NORTH
INV-09845,CUS-0490,2023-06-10,2023-07-25,,3760.44,0.0,3760.44,250,90+,OVERDUE,HARDWARE,EAST
INV-09846,CUS-0387,2023-03-16,2023-04-15,2023-04-30,7714.71,7714.71,0.0,0,PAID,PAID,SERVICES,WEST
INV-09847,CUS-0430,2023-10-17,2023-12-16,2023-12-14,2321.88,2321.88,0.0,0,PAID,PAID,SOFTWARE,WEST
INV-09848,CUS-0131,2023-10-16,2023-11-15,2023-11-12,6113.26,6113.26,0.0,0,PAID,PAID,SOFTWARE,EAST
INV-09849,CUS-0251,2022-04-13,2022-06-12,2022-06-12,3375.13,3375.13,0.0,0,PAID,PAID,SOFTWARE,SOUTH
INV-09850,CUS-0029,2023-06-04,2023-07-19,2023-07-15,2062.96,2062.96,0.0,0,PAID,PAID,MAINTENANCE,WEST
INV-09851,CUS-0059,2023-09-04,2023-10-04,2023-10-04,15389.74,15389.74,0.0,0,PAID,PAID,SERVICES,NORTH
INV-09852,CUS-0473,2022-04-14,2022-05-14,2022-05-17,1622.96,1622.96,0.0,0,PAID,PAID,SOFTWARE,SOUTH
INV-09853,CUS-0454,2024-03-30,2024-05-14,2024-05-13,34354.26,34354.26,0.0,0,PAID,PAID,SERVICES,WEST
INV-09854,CUS-0393,2024-02-14,2024-03-30,2024-03-27,785.75,785.75,0.0,0,PAID,PAID,SOFTWARE,EAST
INV-09855,CUS-0351,2023-09-09,2023-11-08,2023-11-05,931.03,931.03,0.0,0,PAID,PAID,SERVICES,NORTH
INV-09856,CUS-0130,2023-10-26,2023-12-25,2023-12-21,784.89,784.89,0.0,0,PAID,PAID,SERVICES,SOUTH
INV-09857,CUS-0049,2022-10-19,2022-12-03,2022-12-31,1129.04,1129.04,0.0,0,PAID,PAID,HARDWARE,NORTH
INV-09858,CUS-0418,2023-04-25,2023-05-25,2023-05-20,4087.44,4087.44,0.0,0,PAID,PAID,SOFTWARE,EAST
INV-09859,CUS-0442,2023-12-05,2024-01-19,2024-02-18,717.85,717.85,0.0,0,PAID,PAID,SERVICES,NORTH
INV-09860,CUS-0079,2023-06-24,2023-07-24,2023-08-03,7376.43,7376.43,0.0,0,PAID,PAID,MAINTENANCE,SOUTH
INV-09861,CUS-0001,2023-07-15,2023-09-13,2023-09-29,6945.67,6945.67,0.0,0,PAID,PAID,SERVICES,EAST
INV-09862,CUS-0215,2024-01-03,2024-02-02,2024-01-31,11015.18,11015.18,0.0,0,PAID,PAID,SOFTWARE,WEST
INV-09863,CUS-0318,2023-11-14,2024-01-13,2024-01-10,31192.32,31192.32,0.0,0,PAID,PAID,HARDWARE,NORTH
INV-09864,CUS-0272,2022-06-01,2022-07-16,2022-07-12,282.29,282.29,0.0,0,PAID,PAID,MAINTENANCE,WEST
INV-09865,CUS-0498,2022-11-17,2023-01-16,2023-01-15,1460.63,1460.63,0.0,0,PAID,PAID,MAINTENANCE,EAST
INV-09866,CUS-0350,2022-06-10,2022-08-09,,21444.72,7158.88,14285.84,600,90+,PARTIAL,SERVICES,SOUTH
INV-09867,CUS-0466,2023-03-27,2023-05-26,2023-05-26,17723.64,17723.64,0.0,0,PAID,PAID,HARDWARE,SOUTH
INV-09868,CUS-0356,2023-07-28,2023-09-11,2023-09-08,1319.17,1319.17,0.0,0,PAID,PAID,SERVICES,NORTH
INV-09869,CUS-0022,2023-01-12,2023-03-13,2023-03-09,15241.76,15241.76,0.0,0,PAID,PAID,MAINTENANCE,WEST
INV-09870,CUS-0486,2024-02-27,2024-04-12,,3586.4,2068.46,1517.94,0,CURRENT,PARTIAL,SERVICES,NORTH
INV-09871,CUS-0138,2022-08-03,2022-09-17,2022-09-16,10108.33,10108.33,0.0,0,PAID,PAID,MAINTENANCE,NORTH
INV-09872,CUS-0480,2023-02-17,2023-03-19,2023-04-05,5356.65,5356.65,0.0,0,PAID,PAID,HARDWARE,SOUTH
INV-09873,CUS-0381,2022-08-03,2022-09-02,2022-09-02,5431.99,5431.99,0.0,0,PAID,PAID,HARDWARE,NORTH
INV-09874,CUS-0444,2022-05-19,2022-07-18,2022-08-12,431.45,431.45,0.0,0,PAID,PAID,HARDWARE,EAST
INV-09875,CUS-0044,2023-05-18,2023-06-17,2023-06-15,836.25,836.25,0.0,0,PAID,PAID,SOFTWARE,SOUTH
INV-09876,CUS-0024,2024-02-03,2024-03-19,2024-03-28,456.72,456.72,0.0,0,PAID,PAID,SERVICES,EAST
INV-09877,CUS-0105,2023-02-18,2023-04-04,2023-04-03,4140.54,4140.54,0.0,0,PAID,PAID,SOFTWARE,SOUTH
INV-09878,CUS-0303,2022-05-30,2022-06-29,2022-07-17,9806.42,9806.42,0.0,0,PAID,PAID,SERVICES,EAST
INV-09879,CUS-0132,2023-06-01,2023-07-16,2023-07-12,999.97,999.97,0.0,0,PAID,PAID,SERVICES,NORTH
INV-09880,CUS-0377,2023-06-08,2023-07-08,2023-07-28,4987.78,4987.78,0.0,0,PAID,PAID,SOFTWARE,SOUTH
INV-09881,CUS-0213,2022-04-24,2022-06-23,2022-06-23,6200.39,6200.39,0.0,0,PAID,PAID,SERVICES,WEST
INV-09882,CUS-0451,2024-02-13,2024-03-29,2024-03-31,18917.31,18917.31,0.0,0,PAID,PAID,MAINTENANCE,NORTH
INV-09883,CUS-0353,2023-11-23,2023-12-23,2023-12-18,40775.84,40775.84,0.0,0,PAID,PAID,MAINTENANCE,EAST
INV-09884,CUS-0404,2024-03-28,2024-05-27,2024-05-24,985.61,985.61,0.0,0,PAID,PAID,SOFTWARE,WEST
INV-09885,CUS-0314,2023-05-24,2023-07-23,,1851.44,602.61,1248.83,252,90+,PARTIAL,SOFTWARE,WEST
INV-09886,CUS-0278,2023-06-14,2023-07-29,2023-08-21,1872.02,1872.02,0.0,0,PAID,PAID,HARDWARE,NORTH
INV-09887,CUS-0003,2023-07-24,2023-09-07,,7959.88,5513.02,2446.86,206,90+,PARTIAL,MAINTENANCE,SOUTH
INV-09888,CUS-0285,2023-09-13,2023-10-28,2023-10-27,631.38,631.38,0.0,0,PAID,PAID,HARDWARE,EAST
INV-09889,CUS-0314,2023-05-31,2023-07-30,2023-07-27,1880.15,1880.15,0.0,0,PAID,PAID,MAINTENANCE,SOUTH
INV-09890,CUS-0089,2023-08-23,2023-10-22,2023-10-17,42526.38,42526.38,0.0,0,PAID,PAID,SOFTWARE,EAST
INV-09891,CUS-0042,2024-02-23,2024-04-23,2024-04-23,26185.36,26185.36,0.0,0,PAID,PAID,SERVICES,NORTH
INV-09892,CUS-0265,2023-10-31,2023-12-15,2023-12-15,14895.38,14895.38,0.0,0,PAID,PAID,SOFTWARE,NORTH
INV-09893,CUS-0465,2022-04-17,2022-06-16,2022-06-13,681.71,681.71,0.0,0,PAID,PAID,HARDWARE,EAST
INV-09894,CUS-0403,2023-02-14,2023-03-31,2023-03-27,3207.97,3207.97,0.0,0,PAID,PAID,MAINTENANCE,EAST
INV-09895,CUS-0352,2023-02-09,2023-04-10,2023-04-28,3727.01,3727.01,0.0,0,PAID,PAID,HARDWARE,EAST
INV-09896,CUS-0216,2023-06-15,2023-08-14,,6593.51,3545.29,3048.22,230,90+,PARTIAL,SOFTWARE,WEST
INV-09897,CUS-0237,2023-08-14,2023-09-28,2023-09-26,485.47,485.47,0.0,0,PAID,PAID,MAINTENANCE,NORTH
INV-09898,CUS-0104,2023-12-31,2024-02-29,2024-03-21,2674.36,2674.36,0.0,0,PAID,PAID,HARDWARE,EAST
INV-09899,CUS-0372,2022-12-29,2023-01-28,2023-01-26,1215.02,1215.02,0.0,0,PAID,PAID,MAINTENANCE,NORTH
INV-09900,CUS-0447,2023-07-20,2023-09-03,2023-09-02,2888.32,2888.32,0.0,0,PAID,PAID,SOFTWARE,NORTH
INV-09901,CUS-0349,2023-09-18,2023-10-18,2023-10-15,878.99,878.99,0.0,0,PAID,PAID,HARDWARE,EAST
INV-09902,CUS-0115,2022-05-08,2022-07-07,2022-08-04,11487.04,11487.04,0.0,0,PAID,PAID,HARDWARE,EAST
INV-09903,CUS-0426,2022-07-18,2022-09-01,,792.16,281.54,510.62,577,90+,PARTIAL,SOFTWARE,EAST
INV-09904,CUS-0439,2023-02-03,2023-03-20,2023-03-17,1219.86,1219.86,0.0,0,PAID,PAID,SERVICES,WEST
INV-09905,CUS-0247,2023-05-29,2023-06-28,2023-06-26,17776.05,17776.05,0.0,0,PAID,PAID,HARDWARE,EAST
INV-09906,CUS-0500,2022-09-06,2022-10-06,,13493.07,0.0,13493.07,542,90+,OVERDUE,SERVICES,EAST
INV-09907,CUS-0449,2024-01-07,2024-02-06,2024-02-03,1353.35,1353.35,0.0,0,PAID,PAID,SERVICES,WEST
INV-09908,CUS-0111,2023-09-19,2023-11-03,,187.38,91.91,95.47,149,90+,PARTIAL,SOFTWARE,NORTH
INV-09909,CUS-0368,2022-04-03,2022-05-18,2022-05-28,1125.12,1125.12,0.0,0,PAID,PAID,MAINTENANCE,EAST
INV-09910,CUS-0452,2023-03-12,2023-04-11,2023-04-07,2600.96,2600.96,0.0,0,PAID,PAID,HARDWARE,SOUTH
INV-09911,CUS-0070,2023-01-29,2023-02-28,,6486.42,2160.36,4326.06,397,90+,PARTIAL,MAINTENANCE,NORTH
INV-09912,CUS-0486,2022-11-05,2022-12-20,2022-12-21,1884.07,1884.07,0.0,0,PAID,PAID,SOFTWARE,WEST
INV-09913,CUS-0239,2024-01-28,2024-03-13,2024-03-22,30675.38,30675.38,0.0,0,PAID,PAID,MAINTENANCE,NORTH
INV-09914,CUS-0275,2023-02-24,2023-04-10,2023-04-05,56674.81,56674.81,0.0,0,PAID,PAID,SOFTWARE,SOUTH
INV-09915,CUS-0332,2023-11-16,2024-01-15,2024-01-10,920.23,920.23,0.0,0,PAID,PAID,HARDWARE,SOUTH
INV-09916,CUS-0357,2022-07-02,2022-08-01,2022-08-26,12713.05,12713.05,0.0,0,PAID,PAID,SOFTWARE,SOUTH
INV-09917,CUS-0480,2023-11-12,2023-12-12,2023-12-07,8188.4,8188.4,0.0,0,PAID,PAID,HARDWARE,SOUTH
INV-09918,CUS-0055,2024-03-29,2024-05-13,2024-05-09,4810.84,4810.84,0.0,0,PAID,PAID,SOFTWARE,NORTH
INV-09919,CUS-0221,2022-04-22,2022-06-21,2022-06-20,3178.55,3178.55,0.0,0,PAID,PAID,SOFTWARE,WEST
INV-09920,CUS-0311,2022-09-11,2022-11-10,2022-11-07,20246.22,20246.22,0.0,0,PAID,PAID,SOFTWARE,SOUTH
INV-09921,CUS-0141,2022-12-28,2023-02-26,2023-02-24,7328.56,7328.56,0.0,0,PAID,PAID,SOFTWARE,EAST
INV-09922,CUS-0386,2022-09-30,2022-11-29,2022-11-25,2007.38,2007.38,0.0,0,PAID,PAID,MAINTENANCE,WEST
INV-09923,CUS-0450,2022-12-25,2023-02-23,2023-02-21,61598.04,61598.04,0.0,0,PAID,PAID,HARDWARE,NORTH
INV-09924,CUS-0039,2022-09-19,2022-11-03,2022-10-30,245.97,245.97,0.0,0,PAID,PAID,SERVICES,SOUTH
INV-09925,CUS-0198,2024-03-06,2024-05-05,2024-05-03,5328.12,5328.12,0.0,0,PAID,PAID,HARDWARE,NORTH
INV-09926,CUS-0154,2023-06-14,2023-08-13,2023-08-08,487.32,487.32,0.0,0,PAID,PAID,SERVICES,WEST
INV-09927,CUS-0315,2023-10-22,2023-12-21,2023-12-21,763.57,763.57,0.0,0,PAID,PAID,MAINTENANCE,WEST
INV-09928,CUS-0428,2023-02-11,2023-03-28,2023-03-23,1049.22,1049.22,0.0,0,PAID,PAID,HARDWARE,EAST
INV-09929,CUS-0240,2022-11-28,2023-01-27,2023-01-22,12065.19,12065.19,0.0,0,PAID,PAID,HARDWARE,EAST
INV-09930,CUS-0157,2022-10-04,2022-11-03,2022-11-03,899.81,899.81,0.0,0,PAID,PAID,SERVICES,EAST
INV-09931,CUS-0160,2022-09-16,2022-10-31,2022-10-31,1441.97,1441.97,0.0,0,PAID,PAID,HARDWARE,WEST
INV-09932,CUS-0430,2023-10-02,2023-12-01,2023-11-30,2202.94,2202.94,0.0,0,PAID,PAID,MAINTENANCE,WEST
INV-09933,CUS-0083,2023-09-07,2023-10-07,2023-10-05,3081.05,3081.05,0.0,0,PAID,PAID,SERVICES,EAST
INV-09934,CUS-0002,2022-06-09,2022-07-24,2022-07-19,2484.64,2484.64,0.0,0,PAID,PAID,MAINTENANCE,SOUTH
INV-09935,CUS-0443,2022-10-25,2022-12-09,2022-12-25,2543.78,2543.78,0.0,0,PAID,PAID,MAINTENANCE,WEST
INV-09936,CUS-0136,2022-11-02,2022-12-17,2022-12-15,32404.35,32404.35,0.0,0,PAID,PAID,HARDWARE,SOUTH
INV-09937,CUS-0450,2023-04-30,2023-06-29,2023-06-28,16377.89,16377.89,0.0,0,PAID,PAID,SOFTWARE,NORTH
INV-09938,CUS-0148,2024-03-12,2024-05-11,2024-05-08,10542.18,10542.18,0.0,0,PAID,PAID,MAINTENANCE,EAST
INV-09939,CUS-0142,2022-10-17,2022-11-16,,10662.13,3658.04,7004.09,501,90+,PARTIAL,MAINTENANCE,NORTH
INV-09940,CUS-0331,2022-07-03,2022-09-01,2022-08-31,6791.0,6791.0,0.0,0,PAID,PAID,SOFTWARE,WEST
INV-09941,CUS-0348,2022-11-18,2022-12-18,2022-12-14,622.3,622.3,0.0,0,PAID,PAID,HARDWARE,EAST
INV-09942,CUS-0142,2022-05-25,2022-06-24,2022-06-19,6720.47,6720.47,0.0,0,PAID,PAID,SERVICES,NORTH
INV-09943,CUS-0450,2023-01-29,2023-03-30,2023-03-29,3803.48,3803.48,0.0,0,PAID,PAID,SERVICES,WEST
INV-09944,CUS-0368,2022-12-09,2023-01-23,2023-01-20,2618.12,2618.12,0.0,0,PAID,PAID,HARDWARE,SOUTH
INV-09945,CUS-0234,2023-06-20,2023-07-20,2023-07-17,5530.36,5530.36,0.0,0,PAID,PAID,SOFTWARE,EAST
INV-09946,CUS-0214,2022-05-27,2022-06-26,2022-06-22,300.93,300.93,0.0,0,PAID,PAID,SOFTWARE,WEST
INV-09947,CUS-0411,2023-11-15,2023-12-30,2024-01-07,1543.91,1543.91,0.0,0,PAID,PAID,HARDWARE,WEST
INV-09948,CUS-0461,2023-04-05,2023-06-04,2023-05-30,5777.09,5777.09,0.0,0,PAID,PAID,MAINTENANCE,SOUTH
INV-09949,CUS-0116,2022-04-08,2022-05-08,2022-05-04,1043.41,1043.41,0.0,0,PAID,PAID,SERVICES,EAST
INV-09950,CUS-0137,2022-09-24,2022-11-23,2022-11-18,5447.36,5447.36,0.0,0,PAID,PAID,SERVICES,WEST
INV-09951,CUS-0236,2022-07-16,2022-09-14,2022-09-11,14181.42,14181.42,0.0,0,PAID,PAID,SERVICES,WEST
INV-09952,CUS-0096,2022-04-01,2022-05-01,2022-04-28,30573.66,30573.66,0.0,0,PAID,PAID,SOFTWARE,WEST
INV-09953,CUS-0488,2023-03-27,2023-05-26,2023-05-23,3112.53,3112.53,0.0,0,PAID,PAID,HARDWARE,WEST
INV-09954,CUS-0430,2024-02-17,2024-04-17,2024-04-14,12367.71,12367.71,0.0,0,PAID,PAID,MAINTENANCE,NORTH
INV-09955,CUS-0161,2022-06-16,2022-08-15,2022-08-14,26506.84,26506.84,0.0,0,PAID,PAID,SERVICES,EAST
INV-09956,CUS-0194,2023-08-13,2023-09-12,2023-09-12,15215.19,15215.19,0.0,0,PAID,PAID,HARDWARE,EAST
INV-09957,CUS-0231,2023-08-09,2023-09-08,2023-09-08,406.26,406.26,0.0,0,PAID,PAID,SOFTWARE,EAST
INV-09958,CUS-0335,2022-12-12,2023-02-10,2023-02-09,31832.38,31832.38,0.0,0,PAID,PAID,MAINTENANCE,SOUTH
INV-09959,CUS-0147,2023-09-11,2023-11-10,2023-11-10,7089.03,7089.03,0.0,0,PAID,PAID,HARDWARE,WEST
INV-09960,CUS-0341,2024-03-23,2024-04-22,2024-04-22,7568.65,7568.65,0.0,0,PAID,PAID,MAINTENANCE,EAST
INV-09961,CUS-0459,2022-05-17,2022-06-16,2022-06-14,5797.77,5797.77,0.0,0,PAID,PAID,SOFTWARE,SOUTH
INV-09962,CUS-0129,2023-12-30,2024-01-29,2024-01-27,13719.6,13719.6,0.0,0,PAID,PAID,SOFTWARE,NORTH
INV-09963,CUS-0101,2023-01-07,2023-02-06,2023-02-03,546.55,546.55,0.0,0,PAID,PAID,HARDWARE,EAST
INV-09964,CUS-0301,2022-09-01,2022-10-16,,36746.12,0.0,36746.12,532,90+,OVERDUE,HARDWARE,WEST
INV-09965,CUS-0353,2023-01-18,2023-02-17,2023-02-15,6264.24,6264.24,0.0,0,PAID,PAID,HARDWARE,EAST
INV-09966,CUS-0062,2024-03-28,2024-05-12,2024-05-09,145.1,145.1,0.0,0,PAID,PAID,MAINTENANCE,EAST
INV-09967,CUS-0413,2023-05-01,2023-06-15,2023-06-15,4541.5,4541.5,0.0,0,PAID,PAID,SOFTWARE,EAST
INV-09968,CUS-0098,2023-02-25,2023-03-27,2023-03-23,626.49,626.49,0.0,0,PAID,PAID,HARDWARE,NORTH
INV-09969,CUS-0308,2023-12-31,2024-02-14,2024-02-10,17866.89,17866.89,0.0,0,PAID,PAID,SERVICES,WEST
INV-09970,CUS-0146,2023-05-28,2023-07-12,2023-07-10,5391.12,5391.12,0.0,0,PAID,PAID,SERVICES,NORTH
INV-09971,CUS-0330,2024-01-27,2024-03-27,2024-03-31,36246.03,36246.03,0.0,0,PAID,PAID,SERVICES,EAST
INV-09972,CUS-0301,2023-03-20,2023-05-04,2023-05-03,50989.73,50989.73,0.0,0,PAID,PAID,MAINTENANCE,SOUTH
INV-09973,CUS-0146,2022-11-16,2022-12-31,2022-12-28,21183.62,21183.62,0.0,0,PAID,PAID,SOFTWARE,WEST
INV-09974,CUS-0147,2023-03-27,2023-05-26,2023-05-22,1118.98,1118.98,0.0,0,PAID,PAID,HARDWARE,EAST
INV-09975,CUS-0380,2022-12-30,2023-02-13,2023-03-02,2225.59,2225.59,0.0,0,PAID,PAID,HARDWARE,WEST
INV-09976,CUS-0500,2022-05-19,2022-06-18,2022-07-16,5845.61,5845.61,0.0,0,PAID,PAID,MAINTENANCE,SOUTH
INV-09977,CUS-0295,2022-04-25,2022-06-09,2022-06-09,50306.01,50306.01,0.0,0,PAID,PAID,HARDWARE,WEST
INV-09978,CUS-0235,2024-01-20,2024-03-05,2024-03-29,1653.35,1653.35,0.0,0,PAID,PAID,MAINTENANCE,EAST
INV-09979,CUS-0482,2024-02-27,2024-04-27,2024-04-26,5294.88,5294.88,0.0,0,PAID,PAID,HARDWARE,NORTH
INV-09980,CUS-0450,2023-12-07,2024-02-05,2024-02-03,16036.31,16036.31,0.0,0,PAID,PAID,SERVICES,NORTH
INV-09981,CUS-0486,2022-12-12,2023-01-26,2023-01-22,982.13,982.13,0.0,0,PAID,PAID,MAINTENANCE,SOUTH
INV-09982,CUS-0408,2023-04-04,2023-05-19,2023-05-18,14786.29,14786.29,0.0,0,PAID,PAID,MAINTENANCE,WEST
INV-09983,CUS-0081,2023-12-22,2024-01-21,,3929.94,1397.03,2532.91,70,61-90,PARTIAL,MAINTENANCE,SOUTH
INV-09984,CUS-0089,2023-02-10,2023-04-11,2023-04-08,13877.56,13877.56,0.0,0,PAID,PAID,SOFTWARE,WEST
INV-09985,CUS-0395,2022-11-29,2023-01-13,2023-01-12,1873.89,1873.89,0.0,0,PAID,PAID,SOFTWARE,WEST
INV-09986,CUS-0201,2023-06-21,2023-08-05,2023-08-05,4578.77,4578.77,0.0,0,PAID,PAID,SERVICES,WEST
INV-09987,CUS-0168,2024-02-22,2024-04-22,2024-04-20,9054.95,9054.95,0.0,0,PAID,PAID,SOFTWARE,SOUTH
INV-09988,CUS-0450,2024-03-06,2024-05-05,2024-04-30,15162.67,15162.67,0.0,0,PAID,PAID,SERVICES,EAST
INV-09989,CUS-0339,2022-04-26,2022-06-10,2022-06-08,38887.65,38887.65,0.0,0,PAID,PAID,SOFTWARE,WEST
INV-09990,CUS-0288,2023-05-14,2023-07-13,2023-07-11,1005.95,1005.95,0.0,0,PAID,PAID,HARDWARE,SOUTH
INV-09991,CUS-0052,2023-07-24,2023-09-22,,639.71,342.22,297.49,191,90+,PARTIAL,SERVICES,SOUTH
INV-09992,CUS-0109,2023-07-14,2023-09-12,2023-10-03,7033.74,7033.74,0.0,0,PAID,PAID,MAINTENANCE,NORTH
INV-09993,CUS-0394,2023-05-18,2023-07-02,2023-06-28,6486.07,6486.07,0.0,0,PAID,PAID,MAINTENANCE,SOUTH
INV-09994,CUS-0253,2022-10-17,2022-12-01,2022-12-01,26587.9,26587.9,0.0,0,PAID,PAID,SERVICES,NORTH
INV-09995,CUS-0283,2022-12-21,2023-01-20,2023-01-19,562.97,562.97,0.0,0,PAID,PAID,HARDWARE,WEST
INV-09996,CUS-0306,2023-08-19,2023-09-18,2023-09-18,5878.7,5878.7,0.0,0,PAID,PAID,HARDWARE,SOUTH
INV-09997,CUS-0033,2023-10-21,2023-11-20,2023-11-18,10325.72,10325.72,0.0,0,PAID,PAID,HARDWARE,SOUTH
INV-09998,CUS-0399,2023-10-24,2023-12-23,,54981.21,0.0,54981.21,99,90+,OVERDUE,SOFTWARE,WEST
INV-09999,CUS-0384,2024-03-14,2024-04-28,2024-04-25,21603.55,21603.55,0.0,0,PAID,PAID,SOFTWARE,SOUTH
INV-10000,CUS-0037,2022-07-08,2022-08-07,2022-08-05,886.15,886.15,0.0,0,PAID,PAID,SOFTWARE,EAST
