payment_id,invoice_id,customer_id,payment_date,payment_amount,payment_mode,days_to_pay,on_time_flag
1,INV-00001,CUS-0362,2023-10-08,2986.37,RTGS,28,True
2,INV-00002,CUS-0195,2022-10-31,28450.91,RTGS,68,False
3,INV-00003,CUS-0277,2024-02-20,1268.13,RTGS,59,True
4,INV-00004,CUS-0152,2024-03-27,16540.61,ONLINE,45,True
5,INV-00005,CUS-0177,2023-12-30,4033.74,CHEQUE,43,True
6,INV-00006,CUS-0009,2023-09-26,7130.04,RTGS,27,True
7,INV-00007,CUS-0446,2023-08-19,1326.63,ONLINE,80,False
8,INV-00008,CUS-0227,2023-03-24,4555.37,CHEQUE,26,True
9,INV-00009,CUS-0166,2022-09-14,5548.14,ONLINE,44,True
10,INV-00010,CUS-0306,2022-10-11,11351.67,RTGS,27,True
11,INV-00011,CUS-0262,2024-03-27,354.18,CHEQUE,82,False
12,INV-00012,CUS-0302,2022-10-21,33245.57,NEFT,26,True
13,INV-00013,CUS-0461,2023-06-22,6219.99,NEFT,57,True
14,INV-00015,CUS-0373,2023-11-28,12036.0,CHEQUE,40,True
15,INV-00016,CUS-0478,2023-03-24,4417.4,NEFT,26,True
16,INV-00017,CUS-0071,2023-08-12,1780.8,NEFT,40,True
17,INV-00019,CUS-0102,2022-09-04,3083.69,NEFT,67,False
18,INV-00020,CUS-0281,2022-08-26,8888.73,RTGS,55,True
19,INV-00021,CUS-0098,2023-08-11,5114.04,NEFT,25,True
20,INV-00022,CUS-0424,2023-10-30,762.72,RTGS,29,True
21,INV-00023,CUS-0134,2023-05-08,1045.03,ONLINE,74,False
22,INV-00024,CUS-0462,2023-06-16,1381.03,NEFT,60,True
23,INV-00025,CUS-0100,2022-10-31,6766.5,NEFT,26,True
24,INV-00026,CUS-0182,2023-01-09,10987.65,CHEQUE,56,True
25,INV-00027,CUS-0022,2023-01-26,6806.9,ONLINE,58,True
26,INV-00028,CUS-0098,2023-07-28,2473.96,RTGS,30,True
27,INV-00029,CUS-0326,2023-10-31,4696.11,CHEQUE,57,True
28,INV-00031,CUS-0004,2023-09-03,7066.74,NEFT,41,True
29,INV-00032,CUS-0498,2023-12-03,2300.81,CHEQUE,56,True
30,INV-00033,CUS-0159,2024-03-30,2379.51,ONLINE,25,True
31,INV-00034,CUS-0005,2022-12-30,5806.09,RTGS,88,False
32,INV-00035,CUS-0472,2024-03-01,1183.67,RTGS,28,True
33,INV-00036,CUS-0028,2023-10-23,17615.22,NEFT,64,False
34,INV-00037,CUS-0102,2024-01-09,1725.32,RTGS,60,True
35,INV-00038,CUS-0433,2023-08-20,1684.15,RTGS,46,False
36,INV-00039,CUS-0428,2023-10-31,4927.01,NEFT,44,True
37,INV-00041,CUS-0351,2023-10-25,2279.53,CHEQUE,58,True
38,INV-00043,CUS-0095,2022-05-24,808.79,CHEQUE,25,True
39,INV-00044,CUS-0253,2022-10-19,11016.35,ONLINE,40,True
40,INV-00045,CUS-0478,2023-09-05,3972.54,RTGS,28,True
41,INV-00046,CUS-0442,2022-07-11,2086.75,RTGS,48,False
42,INV-00047,CUS-0084,2023-09-01,1141.31,NEFT,55,True
43,INV-00050,CUS-0449,2022-12-31,3196.82,ONLINE,29,True
44,INV-00051,CUS-0068,2023-03-18,5053.39,NEFT,45,True
45,INV-00052,CUS-0466,2022-10-24,1276.65,ONLINE,56,True
46,INV-00053,CUS-0361,2023-05-12,5847.08,CHEQUE,26,True
47,INV-00054,CUS-0477,2023-11-08,1442.18,CHEQUE,42,True
48,INV-00055,CUS-0113,2023-11-09,10780.53,ONLINE,45,True
49,INV-00056,CUS-0476,2024-01-15,23181.89,CHEQUE,57,True
50,INV-00057,CUS-0364,2024-03-07,171.35,RTGS,56,True
51,INV-00058,CUS-0464,2024-04-17,10001.7,CHEQUE,42,True
52,INV-00059,CUS-0071,2023-02-19,14275.14,CHEQUE,44,True
53,INV-00060,CUS-0466,2024-05-21,6534.75,ONLINE,57,True
54,INV-00061,CUS-0451,2023-07-03,124429.72,RTGS,45,True
55,INV-00062,CUS-0163,2023-04-06,2095.44,ONLINE,58,True
56,INV-00063,CUS-0320,2023-01-09,3964.06,ONLINE,55,True
57,INV-00064,CUS-0426,2022-06-19,1973.02,NEFT,41,True
58,INV-00065,CUS-0415,2022-05-05,7024.8,NEFT,29,True
59,INV-00069,CUS-0277,2023-05-27,3385.46,RTGS,56,True
60,INV-00070,CUS-0160,2022-09-30,4246.32,CHEQUE,42,True
61,INV-00071,CUS-0065,2022-12-14,412.93,NEFT,25,True
62,INV-00072,CUS-0230,2024-03-30,1677.84,NEFT,42,True
63,INV-00073,CUS-0312,2023-12-28,23695.16,NEFT,41,True
64,INV-00074,CUS-0364,2023-07-04,2602.05,NEFT,56,True
65,INV-00075,CUS-0250,2024-01-14,17633.3,ONLINE,29,True
66,INV-00076,CUS-0297,2023-02-23,1971.2,ONLINE,45,True
67,INV-00077,CUS-0192,2023-03-17,14158.25,ONLINE,43,False
68,INV-00078,CUS-0318,2022-11-26,3688.76,CHEQUE,57,True
69,INV-00079,CUS-0037,2024-02-15,1374.93,RTGS,48,False
70,INV-00080,CUS-0433,2024-02-28,292.13,NEFT,25,True
71,INV-00081,CUS-0381,2023-12-26,1854.36,CHEQUE,29,True
72,INV-00082,CUS-0340,2023-07-21,3627.2,ONLINE,57,True
73,INV-00083,CUS-0457,2024-02-03,2383.02,RTGS,56,True
74,INV-00084,CUS-0270,2023-05-30,2114.43,CHEQUE,56,True
75,INV-00085,CUS-0045,2024-04-23,1065.2,CHEQUE,57,True
76,INV-00086,CUS-0103,2024-01-30,1197.84,RTGS,58,False
77,INV-00087,CUS-0412,2023-10-17,3301.06,RTGS,25,True
78,INV-00088,CUS-0394,2022-06-26,305.02,ONLINE,43,True
79,INV-00091,CUS-0315,2023-05-17,1884.32,NEFT,59,True
80,INV-00092,CUS-0420,2024-04-30,1577.86,RTGS,42,True
81,INV-00093,CUS-0491,2023-09-05,3644.01,CHEQUE,42,True
82,INV-00094,CUS-0403,2022-12-08,13194.68,NEFT,41,True
83,INV-00095,CUS-0226,2022-11-17,1778.3,NEFT,25,True
84,INV-00097,CUS-0094,2022-06-09,1437.5,NEFT,57,True
85,INV-00098,CUS-0146,2023-03-11,8315.28,CHEQUE,63,False
86,INV-00100,CUS-0022,2023-08-19,9500.13,RTGS,79,False
87,INV-00101,CUS-0235,2023-11-07,7805.53,CHEQUE,45,True
88,INV-00103,CUS-0460,2023-05-09,27672.2,CHEQUE,42,True
89,INV-00105,CUS-0458,2023-07-21,8215.09,RTGS,28,True
90,INV-00106,CUS-0217,2022-12-01,2619.2,CHEQUE,59,True
91,INV-00107,CUS-0200,2022-10-27,1971.57,CHEQUE,30,True
92,INV-00108,CUS-0211,2023-08-27,3504.05,RTGS,55,True
93,INV-00109,CUS-0100,2023-01-25,6669.74,RTGS,28,True
94,INV-00111,CUS-0180,2023-02-18,3552.34,RTGS,29,True
95,INV-00112,CUS-0236,2023-11-03,11101.9,NEFT,59,True
96,INV-00113,CUS-0106,2023-05-17,1314.87,NEFT,60,True
97,INV-00114,CUS-0237,2024-02-22,534.86,CHEQUE,43,True
98,INV-00115,CUS-0372,2022-05-10,894.73,RTGS,26,True
99,INV-00116,CUS-0013,2024-04-24,29072.14,ONLINE,35,False
100,INV-00118,CUS-0104,2023-06-05,2235.46,NEFT,55,True
101,INV-00119,CUS-0195,2023-05-02,8146.4,NEFT,42,True
102,INV-00120,CUS-0012,2022-08-01,28502.62,CHEQUE,42,True
103,INV-00121,CUS-0288,2022-11-22,4550.97,RTGS,58,True
104,INV-00122,CUS-0081,2023-06-11,1750.07,RTGS,50,False
105,INV-00123,CUS-0286,2023-03-06,1643.63,CHEQUE,44,True
106,INV-00124,CUS-0328,2022-06-21,1596.07,RTGS,54,False
107,INV-00126,CUS-0084,2024-05-23,5912.59,RTGS,56,True
108,INV-00127,CUS-0165,2023-12-24,826.65,NEFT,25,True
109,INV-00128,CUS-0310,2023-08-17,6351.04,ONLINE,42,True
110,INV-00129,CUS-0348,2024-03-05,917.59,NEFT,26,True
111,INV-00130,CUS-0011,2024-02-16,1415.32,ONLINE,60,True
112,INV-00131,CUS-0230,2023-10-18,37165.36,CHEQUE,45,True
113,INV-00132,CUS-0420,2024-04-09,2433.51,NEFT,41,True
114,INV-00133,CUS-0396,2023-08-19,7980.77,CHEQUE,43,True
115,INV-00134,CUS-0172,2023-05-12,17003.45,NEFT,40,True
116,INV-00135,CUS-0045,2023-07-26,1612.54,RTGS,58,True
117,INV-00137,CUS-0268,2022-10-20,1312.57,CHEQUE,30,True
118,INV-00138,CUS-0285,2024-03-26,627.3,ONLINE,43,True
119,INV-00139,CUS-0372,2023-11-21,10057.23,ONLINE,27,True
120,INV-00140,CUS-0119,2023-02-13,3727.99,CHEQUE,30,True
121,INV-00142,CUS-0056,2023-09-18,3412.6,ONLINE,30,True
122,INV-00143,CUS-0300,2023-08-31,2811.52,NEFT,30,True
123,INV-00144,CUS-0495,2024-01-19,18073.31,CHEQUE,59,True
124,INV-00145,CUS-0372,2024-01-23,4111.26,RTGS,25,True
125,INV-00146,CUS-0407,2023-08-23,1037.47,CHEQUE,59,True
126,INV-00148,CUS-0153,2022-08-11,459.35,RTGS,56,True
127,INV-00150,CUS-0409,2022-07-13,4828.95,CHEQUE,51,False
128,INV-00151,CUS-0494,2022-06-18,885.26,CHEQUE,68,False
129,INV-00152,CUS-0122,2023-04-06,33834.15,NEFT,43,True
130,INV-00153,CUS-0206,2023-03-30,7533.24,ONLINE,44,True
131,INV-00154,CUS-0025,2024-02-10,5222.67,CHEQUE,25,True
132,INV-00155,CUS-0451,2023-04-17,30453.03,NEFT,42,True
133,INV-00156,CUS-0032,2022-12-10,4856.89,ONLINE,59,True
134,INV-00157,CUS-0450,2022-10-17,15950.9,RTGS,55,True
135,INV-00158,CUS-0121,2022-09-09,140663.16,CHEQUE,42,True
136,INV-00159,CUS-0329,2023-08-26,22373.03,RTGS,78,False
137,INV-00160,CUS-0470,2024-03-18,498.88,NEFT,66,False
138,INV-00161,CUS-0331,2023-09-24,19223.13,ONLINE,56,True
139,INV-00162,CUS-0153,2023-08-26,1927.12,NEFT,60,True
140,INV-00163,CUS-0474,2023-07-18,7504.49,RTGS,60,True
141,INV-00164,CUS-0471,2023-11-05,10532.97,NEFT,40,True
142,INV-00165,CUS-0069,2024-01-19,36421.06,ONLINE,57,True
143,INV-00166,CUS-0450,2023-01-01,7347.09,NEFT,57,True
144,INV-00167,CUS-0142,2023-05-30,25045.74,CHEQUE,57,False
145,INV-00168,CUS-0073,2023-02-13,18204.03,RTGS,30,True
146,INV-00169,CUS-0325,2022-07-12,1559.12,NEFT,39,False
147,INV-00171,CUS-0267,2023-12-25,3183.34,RTGS,60,False
148,INV-00172,CUS-0016,2024-05-28,853.4,ONLINE,60,True
149,INV-00173,CUS-0497,2022-08-19,955.02,NEFT,40,False
150,INV-00174,CUS-0129,2022-05-21,6505.74,ONLINE,26,True
151,INV-00175,CUS-0169,2022-08-16,315.76,RTGS,29,True
152,INV-00177,CUS-0419,2023-05-19,7114.15,ONLINE,59,True
153,INV-00178,CUS-0251,2023-11-27,7804.45,RTGS,60,True
154,INV-00179,CUS-0267,2023-01-10,399.98,ONLINE,45,True
155,INV-00180,CUS-0234,2022-07-01,96820.53,NEFT,26,True
156,INV-00181,CUS-0462,2022-08-28,2416.35,ONLINE,59,True
157,INV-00182,CUS-0078,2022-11-12,6374.05,RTGS,41,True
158,INV-00183,CUS-0462,2024-02-09,616.12,CHEQUE,57,True
159,INV-00184,CUS-0146,2022-11-27,21452.51,ONLINE,61,False
160,INV-00185,CUS-0091,2023-06-11,13689.87,ONLINE,29,True
161,INV-00186,CUS-0254,2023-05-13,637.94,RTGS,41,True
162,INV-00187,CUS-0361,2023-01-04,4754.54,ONLINE,57,False
163,INV-00188,CUS-0186,2023-06-07,68795.74,NEFT,40,True
164,INV-00189,CUS-0353,2022-08-06,43037.07,NEFT,28,True
165,INV-00191,CUS-0162,2024-02-14,505.31,CHEQUE,27,True
166,INV-00192,CUS-0201,2024-03-14,1354.11,NEFT,43,True
167,INV-00193,CUS-0224,2023-08-29,805.53,RTGS,29,True
168,INV-00194,CUS-0315,2022-09-12,1977.56,ONLINE,59,True
169,INV-00196,CUS-0252,2023-08-14,29183.99,RTGS,50,False
170,INV-00197,CUS-0207,2023-11-30,3538.96,CHEQUE,60,True
171,INV-00198,CUS-0050,2023-07-10,11165.44,CHEQUE,42,True
172,INV-00199,CUS-0160,2024-03-27,4636.65,NEFT,40,True
173,INV-00200,CUS-0271,2023-09-11,6870.49,RTGS,47,False
174,INV-00201,CUS-0197,2023-07-02,2890.7,RTGS,29,True
175,INV-00202,CUS-0108,2023-09-03,1390.71,CHEQUE,63,False
176,INV-00203,CUS-0232,2022-07-04,366.12,RTGS,25,True
177,INV-00204,CUS-0419,2022-10-28,852.98,RTGS,78,False
178,INV-00205,CUS-0467,2023-08-01,5266.76,CHEQUE,41,True
179,INV-00206,CUS-0393,2023-02-23,3432.15,ONLINE,43,True
180,INV-00207,CUS-0025,2023-07-28,5508.16,ONLINE,28,True
181,INV-00208,CUS-0472,2022-07-30,386.09,ONLINE,25,True
182,INV-00209,CUS-0297,2023-09-21,1144.47,CHEQUE,42,True
183,INV-00210,CUS-0270,2022-08-06,407.63,NEFT,56,True
184,INV-00211,CUS-0469,2023-12-17,2646.08,NEFT,44,True
185,INV-00212,CUS-0167,2022-07-10,2753.14,NEFT,25,True
186,INV-00213,CUS-0262,2023-06-09,6027.62,CHEQUE,58,True
187,INV-00214,CUS-0187,2022-05-18,4546.12,CHEQUE,26,True
188,INV-00216,CUS-0268,2023-06-17,1444.04,RTGS,25,True
189,INV-00217,CUS-0325,2023-10-31,2449.86,NEFT,25,True
190,INV-00218,CUS-0355,2022-09-23,312.54,NEFT,49,False
191,INV-00219,CUS-0100,2022-11-12,2563.77,ONLINE,41,False
192,INV-00221,CUS-0251,2023-08-07,9353.17,NEFT,56,True
193,INV-00222,CUS-0420,2023-12-07,841.99,CHEQUE,45,True
194,INV-00223,CUS-0422,2023-06-03,19152.13,ONLINE,44,True
195,INV-00225,CUS-0018,2022-05-28,1923.93,CHEQUE,27,True
196,INV-00226,CUS-0478,2023-01-11,2003.08,CHEQUE,26,True
197,INV-00227,CUS-0047,2022-06-12,10522.27,RTGS,56,True
198,INV-00228,CUS-0298,2022-10-01,2135.74,RTGS,29,True
199,INV-00229,CUS-0474,2023-06-25,5050.02,NEFT,55,True
200,INV-00230,CUS-0379,2023-06-28,1348.25,NEFT,42,True
201,INV-00231,CUS-0274,2022-08-18,49048.8,RTGS,74,False
202,INV-00232,CUS-0267,2023-09-12,2887.27,RTGS,41,True
203,INV-00234,CUS-0289,2022-10-04,5317.31,CHEQUE,60,False
204,INV-00235,CUS-0393,2023-07-03,11112.01,NEFT,40,True
205,INV-00236,CUS-0413,2023-01-15,4446.73,NEFT,41,True
206,INV-00237,CUS-0488,2022-12-06,753.05,ONLINE,60,True
207,INV-00238,CUS-0434,2023-12-17,8780.15,CHEQUE,29,True
208,INV-00239,CUS-0312,2022-09-10,16708.54,ONLINE,41,True
209,INV-00240,CUS-0249,2023-11-30,3363.84,RTGS,25,True
210,INV-00241,CUS-0048,2024-02-15,31463.04,ONLINE,59,True
211,INV-00242,CUS-0346,2022-10-12,5046.53,CHEQUE,60,True
212,INV-00243,CUS-0217,2023-05-02,192.6,NEFT,55,True
213,INV-00244,CUS-0030,2022-09-25,78527.66,ONLINE,25,True
214,INV-00245,CUS-0291,2023-09-09,49503.75,ONLINE,55,True
215,INV-00246,CUS-0331,2023-10-22,752.77,RTGS,78,False
216,INV-00247,CUS-0308,2022-06-09,8446.85,RTGS,42,True
217,INV-00249,CUS-0254,2022-05-20,3982.07,CHEQUE,40,True
218,INV-00250,CUS-0191,2024-04-18,9427.4,CHEQUE,28,True
219,INV-00251,CUS-0162,2022-08-19,7864.01,NEFT,25,True
220,INV-00253,CUS-0151,2022-05-22,1169.26,ONLINE,27,True
221,INV-00254,CUS-0097,2023-01-14,9888.32,RTGS,55,True
222,INV-00255,CUS-0157,2022-06-15,1999.41,ONLINE,27,True
223,INV-00256,CUS-0143,2023-02-02,1676.91,RTGS,44,True
224,INV-00257,CUS-0235,2022-09-15,58941.75,RTGS,40,True
225,INV-00258,CUS-0477,2022-07-23,1414.14,NEFT,41,True
226,INV-00259,CUS-0388,2024-02-07,8389.35,CHEQUE,25,True
227,INV-00261,CUS-0379,2024-02-26,584.99,ONLINE,59,False
228,INV-00262,CUS-0056,2024-02-02,1924.8,RTGS,25,True
229,INV-00263,CUS-0255,2023-06-18,8177.4,RTGS,44,True
230,INV-00264,CUS-0113,2022-11-13,6359.09,NEFT,44,True
231,INV-00266,CUS-0434,2024-04-23,1830.82,RTGS,27,True
232,INV-00267,CUS-0129,2023-05-28,28858.36,NEFT,29,True
233,INV-00268,CUS-0116,2023-05-18,3006.84,RTGS,44,False
234,INV-00269,CUS-0279,2023-04-01,1351.58,ONLINE,42,True
235,INV-00270,CUS-0170,2023-05-31,6181.78,ONLINE,59,False
236,INV-00271,CUS-0326,2024-05-18,8464.83,ONLINE,73,False
237,INV-00272,CUS-0341,2023-08-19,870.56,NEFT,30,True
238,INV-00273,CUS-0393,2024-01-24,1175.62,CHEQUE,41,True
239,INV-00274,CUS-0144,2023-05-16,2346.31,RTGS,28,True
240,INV-00275,CUS-0447,2024-05-09,534.31,ONLINE,41,True
241,INV-00277,CUS-0024,2022-10-22,2584.39,ONLINE,40,True
242,INV-00278,CUS-0496,2024-03-26,1408.87,RTGS,30,True
243,INV-00279,CUS-0449,2023-04-07,598.43,RTGS,33,False
244,INV-00280,CUS-0110,2023-12-06,805.54,ONLINE,30,True
245,INV-00281,CUS-0483,2023-05-15,3118.7,ONLINE,30,True
246,INV-00282,CUS-0491,2022-09-17,12004.38,RTGS,45,True
247,INV-00283,CUS-0394,2022-10-08,943.02,ONLINE,44,True
248,INV-00284,CUS-0082,2023-01-12,3206.5,RTGS,40,True
249,INV-00285,CUS-0448,2022-08-18,8139.52,CHEQUE,59,True
250,INV-00286,CUS-0117,2023-09-08,3909.86,ONLINE,27,True
251,INV-00287,CUS-0241,2024-01-22,1185.9,ONLINE,56,True
252,INV-00288,CUS-0019,2023-05-05,25034.15,CHEQUE,26,True
253,INV-00289,CUS-0266,2024-02-12,4394.25,RTGS,26,True
254,INV-00290,CUS-0067,2022-11-02,57432.97,RTGS,55,True
255,INV-00291,CUS-0023,2023-10-15,825.17,NEFT,82,False
256,INV-00292,CUS-0414,2024-01-28,13207.45,CHEQUE,57,True
257,INV-00293,CUS-0085,2024-04-30,6325.37,CHEQUE,55,True
258,INV-00295,CUS-0157,2023-12-30,977.74,NEFT,27,True
259,INV-00296,CUS-0122,2023-06-21,8871.23,CHEQUE,44,True
260,INV-00297,CUS-0039,2023-07-07,906.65,NEFT,41,True
261,INV-00298,CUS-0029,2022-12-27,1921.04,CHEQUE,40,True
262,INV-00299,CUS-0192,2023-03-19,17265.06,RTGS,28,True
263,INV-00304,CUS-0152,2022-10-10,1671.02,NEFT,43,True
264,INV-00306,CUS-0183,2023-07-25,681.0,NEFT,26,True
265,INV-00307,CUS-0148,2024-05-03,5738.58,RTGS,71,False
266,INV-00308,CUS-0399,2023-12-28,8703.21,NEFT,58,True
267,INV-00309,CUS-0409,2024-02-18,29618.55,CHEQUE,46,False
268,INV-00310,CUS-0336,2023-10-02,1047.79,CHEQUE,42,True
269,INV-00311,CUS-0369,2023-12-14,13255.67,CHEQUE,46,False
270,INV-00312,CUS-0124,2022-09-07,5827.8,CHEQUE,44,True
271,INV-00314,CUS-0095,2024-03-29,4555.15,NEFT,30,True
272,INV-00315,CUS-0484,2022-06-03,2638.88,CHEQUE,30,True
273,INV-00316,CUS-0278,2023-04-03,332.82,RTGS,55,False
274,INV-00317,CUS-0187,2024-01-10,2231.91,ONLINE,30,True
275,INV-00318,CUS-0282,2023-12-03,3579.84,CHEQUE,57,True
276,INV-00320,CUS-0276,2023-10-30,10591.08,NEFT,45,True
277,INV-00321,CUS-0146,2022-12-19,51374.43,CHEQUE,40,True
278,INV-00323,CUS-0470,2023-05-24,3730.37,NEFT,60,True
279,INV-00324,CUS-0217,2022-07-17,2251.13,RTGS,58,True
280,INV-00325,CUS-0036,2022-12-03,6130.46,NEFT,28,True
281,INV-00326,CUS-0424,2023-01-08,462.04,NEFT,29,True
282,INV-00328,CUS-0135,2022-06-04,7648.36,RTGS,26,True
283,INV-00330,CUS-0355,2023-01-04,2779.04,NEFT,28,True
284,INV-00331,CUS-0460,2023-07-04,25519.66,ONLINE,42,True
285,INV-00332,CUS-0032,2022-08-15,7015.14,ONLINE,57,True
286,INV-00333,CUS-0006,2022-11-26,3736.69,NEFT,28,True
287,INV-00335,CUS-0219,2022-06-06,5471.55,ONLINE,55,True
288,INV-00336,CUS-0314,2023-11-14,1759.87,RTGS,81,False
289,INV-00338,CUS-0214,2024-01-21,2274.46,CHEQUE,43,False
290,INV-00339,CUS-0336,2022-07-29,2406.07,NEFT,45,True
291,INV-00340,CUS-0053,2023-12-15,2380.54,CHEQUE,57,True
292,INV-00341,CUS-0477,2022-08-03,2062.69,NEFT,44,True
293,INV-00342,CUS-0137,2022-11-12,2202.1,ONLINE,55,True
294,INV-00343,CUS-0422,2024-03-15,4856.85,RTGS,42,True
295,INV-00345,CUS-0209,2022-06-12,1457.55,CHEQUE,25,True
296,INV-00346,CUS-0148,2023-01-09,14201.27,ONLINE,59,True
297,INV-00347,CUS-0081,2023-11-02,8293.95,NEFT,26,True
298,INV-00348,CUS-0492,2024-01-09,2039.63,NEFT,44,True
299,INV-00349,CUS-0484,2022-12-21,335.15,ONLINE,25,True
300,INV-00350,CUS-0089,2023-01-30,26378.88,RTGS,60,True
301,INV-00351,CUS-0064,2023-11-17,8318.99,RTGS,59,False
302,INV-00352,CUS-0448,2023-04-11,2977.95,RTGS,58,True
303,INV-00353,CUS-0022,2022-09-14,50225.49,ONLINE,58,True
304,INV-00354,CUS-0479,2024-03-07,20956.72,ONLINE,43,True
305,INV-00355,CUS-0084,2022-10-15,24681.12,NEFT,58,True
306,INV-00356,CUS-0292,2022-08-02,1915.46,CHEQUE,41,True
307,INV-00358,CUS-0269,2023-09-12,1198.59,ONLINE,42,True
308,INV-00359,CUS-0465,2022-07-31,1550.44,ONLINE,56,True
309,INV-00360,CUS-0369,2022-08-05,5309.43,ONLINE,41,True
310,INV-00361,CUS-0358,2024-03-29,51353.63,NEFT,40,True
311,INV-00362,CUS-0315,2023-08-15,9984.87,ONLINE,60,True
312,INV-00365,CUS-0183,2023-07-30,230.43,CHEQUE,27,True
313,INV-00366,CUS-0380,2023-10-29,343.23,RTGS,42,True
314,INV-00367,CUS-0444,2022-06-22,5043.74,NEFT,69,False
315,INV-00369,CUS-0244,2022-12-24,4606.95,CHEQUE,42,True
316,INV-00370,CUS-0020,2022-11-25,2238.9,ONLINE,60,True
317,INV-00371,CUS-0349,2023-12-05,1410.97,NEFT,25,True
318,INV-00372,CUS-0186,2023-03-23,13359.44,ONLINE,63,False
319,INV-00373,CUS-0137,2023-09-04,1881.15,CHEQUE,57,True
320,INV-00375,CUS-0084,2023-01-14,1196.86,NEFT,55,True
321,INV-00376,CUS-0150,2022-10-15,2370.54,CHEQUE,41,True
322,INV-00377,CUS-0123,2024-03-15,1385.47,ONLINE,41,True
323,INV-00378,CUS-0215,2024-02-09,905.28,CHEQUE,26,True
324,INV-00379,CUS-0272,2023-08-06,192.43,NEFT,43,True
325,INV-00380,CUS-0335,2023-07-14,2031.04,ONLINE,56,True
326,INV-00381,CUS-0033,2022-11-21,11704.65,ONLINE,29,True
327,INV-00382,CUS-0104,2023-04-05,603.13,NEFT,56,True
328,INV-00384,CUS-0078,2022-06-28,1783.66,ONLINE,42,True
329,INV-00385,CUS-0221,2023-08-30,35049.86,NEFT,59,True
330,INV-00386,CUS-0353,2023-03-25,11707.4,ONLINE,30,True
331,INV-00387,CUS-0292,2023-07-18,32968.33,ONLINE,43,True
332,INV-00388,CUS-0227,2023-06-02,1867.47,RTGS,27,True
333,INV-00389,CUS-0480,2022-09-13,8968.83,ONLINE,27,True
334,INV-00390,CUS-0291,2023-01-08,37117.73,CHEQUE,58,True
335,INV-00392,CUS-0379,2023-01-18,3907.94,ONLINE,43,True
336,INV-00393,CUS-0045,2023-01-16,395.38,CHEQUE,55,True
337,INV-00395,CUS-0047,2023-12-15,5814.51,ONLINE,87,False
338,INV-00396,CUS-0090,2023-09-06,4535.41,RTGS,45,True
339,INV-00398,CUS-0279,2024-05-10,709.78,NEFT,45,True
340,INV-00399,CUS-0115,2024-02-06,8930.9,RTGS,56,True
341,INV-00400,CUS-0392,2023-01-28,5477.99,CHEQUE,83,False
342,INV-00401,CUS-0030,2023-01-06,18129.67,ONLINE,30,True
343,INV-00402,CUS-0071,2024-03-22,15528.58,RTGS,67,False
344,INV-00403,CUS-0422,2023-01-18,826.46,ONLINE,43,True
345,INV-00404,CUS-0303,2023-08-30,2069.48,RTGS,32,False
346,INV-00405,CUS-0233,2022-12-23,21668.5,RTGS,27,True
347,INV-00406,CUS-0362,2023-07-08,2138.8,RTGS,30,True
348,INV-00407,CUS-0467,2023-08-12,3775.95,NEFT,45,True
349,INV-00408,CUS-0106,2023-03-23,1523.87,NEFT,60,True
350,INV-00409,CUS-0039,2022-08-26,6038.96,ONLINE,50,False
351,INV-00410,CUS-0074,2024-02-05,24281.29,NEFT,25,True
352,INV-00411,CUS-0182,2024-04-23,9714.32,ONLINE,57,True
353,INV-00412,CUS-0318,2022-10-24,19193.24,ONLINE,60,True
354,INV-00414,CUS-0428,2023-10-02,2294.0,ONLINE,43,True
355,INV-00415,CUS-0296,2023-01-04,5248.23,CHEQUE,25,True
356,INV-00416,CUS-0135,2023-11-17,18836.53,RTGS,27,True
357,INV-00417,CUS-0499,2024-02-19,872.71,ONLINE,57,True
358,INV-00418,CUS-0359,2023-08-28,988.95,NEFT,51,False
359,INV-00420,CUS-0312,2023-06-27,13676.69,ONLINE,45,True
360,INV-00421,CUS-0199,2023-10-24,863.43,ONLINE,41,True
361,INV-00423,CUS-0297,2022-07-27,2725.42,NEFT,40,True
362,INV-00424,CUS-0482,2024-04-08,2383.27,RTGS,55,True
363,INV-00426,CUS-0442,2024-03-01,1057.77,RTGS,45,True
364,INV-00428,CUS-0368,2023-02-13,2796.03,RTGS,72,False
365,INV-00429,CUS-0384,2022-08-05,16892.73,ONLINE,45,True
366,INV-00430,CUS-0296,2022-11-07,402.75,RTGS,26,True
367,INV-00431,CUS-0358,2023-12-18,22542.87,NEFT,40,True
368,INV-00433,CUS-0420,2023-09-10,788.33,CHEQUE,44,True
369,INV-00434,CUS-0313,2022-05-31,1133.5,RTGS,58,True
370,INV-00435,CUS-0104,2023-11-11,7991.62,RTGS,56,True
371,INV-00436,CUS-0151,2022-11-26,8460.1,ONLINE,32,False
372,INV-00437,CUS-0236,2023-04-16,3225.31,NEFT,60,True
373,INV-00438,CUS-0263,2022-06-25,1144.81,ONLINE,60,True
374,INV-00439,CUS-0063,2023-02-21,10417.35,ONLINE,44,True
375,INV-00440,CUS-0246,2022-08-16,4768.93,ONLINE,36,False
376,INV-00441,CUS-0126,2022-08-17,1060.04,ONLINE,60,True
377,INV-00442,CUS-0420,2023-04-11,8035.83,NEFT,44,True
378,INV-00443,CUS-0048,2022-12-06,6418.1,RTGS,56,True
379,INV-00444,CUS-0365,2023-07-20,8561.39,ONLINE,52,False
380,INV-00445,CUS-0365,2023-05-24,3754.87,CHEQUE,51,False
381,INV-00446,CUS-0460,2023-03-08,63117.04,ONLINE,42,True
382,INV-00447,CUS-0003,2022-09-10,7490.92,RTGS,40,True
383,INV-00448,CUS-0456,2024-02-10,1762.99,RTGS,57,True
384,INV-00449,CUS-0224,2022-10-29,4227.02,RTGS,26,True
385,INV-00450,CUS-0313,2024-01-30,2000.75,CHEQUE,58,True
386,INV-00451,CUS-0278,2023-04-25,8932.57,ONLINE,44,True
387,INV-00452,CUS-0116,2023-06-28,4301.48,NEFT,33,False
388,INV-00455,CUS-0168,2023-01-21,2980.21,CHEQUE,59,True
389,INV-00458,CUS-0349,2024-01-27,932.17,CHEQUE,45,False
390,INV-00459,CUS-0157,2023-11-20,2498.14,RTGS,28,True
391,INV-00460,CUS-0300,2023-07-18,1705.66,ONLINE,26,True
392,INV-00461,CUS-0386,2022-11-16,2124.59,RTGS,58,True
393,INV-00462,CUS-0464,2023-03-29,8411.04,NEFT,42,True
394,INV-00463,CUS-0437,2023-02-22,2382.88,NEFT,60,True
395,INV-00464,CUS-0431,2023-08-03,894.78,ONLINE,42,True
396,INV-00465,CUS-0037,2023-03-13,587.28,RTGS,30,True
397,INV-00466,CUS-0042,2024-02-07,25411.33,NEFT,58,True
398,INV-00467,CUS-0178,2023-04-12,95216.57,NEFT,43,True
399,INV-00469,CUS-0014,2022-09-28,3290.93,NEFT,58,True
400,INV-00470,CUS-0420,2023-10-24,2879.79,CHEQUE,40,True
401,INV-00471,CUS-0134,2024-04-02,3355.38,CHEQUE,58,True
402,INV-00473,CUS-0090,2023-03-17,5719.67,CHEQUE,43,True
403,INV-00474,CUS-0243,2023-01-01,4430.95,RTGS,66,False
404,INV-00476,CUS-0371,2022-06-26,2600.76,CHEQUE,54,False
405,INV-00477,CUS-0216,2023-08-16,26874.55,NEFT,58,True
406,INV-00478,CUS-0445,2023-02-02,8021.5,NEFT,43,True
407,INV-00479,CUS-0132,2022-08-13,871.85,CHEQUE,41,True
408,INV-00480,CUS-0349,2024-02-09,3289.0,ONLINE,25,True
409,INV-00481,CUS-0120,2024-04-04,1306.85,NEFT,42,True
410,INV-00482,CUS-0153,2024-01-06,1745.98,ONLINE,58,True
411,INV-00483,CUS-0364,2023-08-09,4778.93,ONLINE,59,True
412,INV-00485,CUS-0485,2023-08-08,90425.53,RTGS,57,True
413,INV-00486,CUS-0021,2023-05-20,2820.32,CHEQUE,29,True
414,INV-00487,CUS-0111,2022-11-13,11150.46,ONLINE,71,False
415,INV-00488,CUS-0351,2022-08-19,2507.52,RTGS,56,True
416,INV-00489,CUS-0008,2023-11-08,3461.48,CHEQUE,68,False
417,INV-00490,CUS-0357,2022-05-26,1137.48,CHEQUE,32,False
418,INV-00491,CUS-0286,2023-11-15,1152.01,RTGS,44,True
419,INV-00493,CUS-0145,2023-10-28,2920.9,ONLINE,60,True
420,INV-00494,CUS-0487,2023-01-05,334.69,CHEQUE,29,True
421,INV-00496,CUS-0375,2024-01-19,1761.9,NEFT,51,False
422,INV-00497,CUS-0420,2022-08-27,15732.1,CHEQUE,42,True
423,INV-00498,CUS-0099,2022-11-15,9881.67,ONLINE,40,True
424,INV-00499,CUS-0012,2023-10-27,2791.35,CHEQUE,70,False
425,INV-00500,CUS-0472,2022-06-20,1924.25,RTGS,25,True
426,INV-00501,CUS-0025,2022-12-01,48514.16,ONLINE,30,True
427,INV-00502,CUS-0129,2022-12-09,9695.57,NEFT,29,True
428,INV-00503,CUS-0447,2024-04-04,654.78,CHEQUE,41,True
429,INV-00504,CUS-0457,2024-02-05,921.77,ONLINE,60,True
430,INV-00505,CUS-0165,2022-10-16,4786.07,ONLINE,28,True
431,INV-00506,CUS-0236,2024-01-09,30911.42,CHEQUE,57,True
432,INV-00507,CUS-0155,2022-07-21,4965.04,ONLINE,58,True
433,INV-00508,CUS-0254,2023-09-21,7488.84,ONLINE,48,False
434,INV-00509,CUS-0342,2022-07-09,1626.36,ONLINE,58,True
435,INV-00510,CUS-0078,2024-01-22,6776.06,RTGS,41,True
436,INV-00511,CUS-0104,2024-01-20,2081.63,ONLINE,56,True
437,INV-00512,CUS-0076,2024-03-21,52159.82,RTGS,57,True
438,INV-00513,CUS-0426,2023-06-22,2169.63,RTGS,68,False
439,INV-00514,CUS-0024,2023-11-01,2416.4,CHEQUE,43,True
440,INV-00515,CUS-0287,2022-11-14,1193.66,RTGS,58,True
441,INV-00516,CUS-0078,2023-07-13,1668.89,CHEQUE,45,True
442,INV-00518,CUS-0279,2023-01-11,15693.17,ONLINE,43,True
443,INV-00520,CUS-0082,2022-06-28,1546.38,ONLINE,42,True
444,INV-00521,CUS-0355,2022-10-14,1827.04,NEFT,58,False
445,INV-00522,CUS-0467,2022-12-04,3669.6,RTGS,40,True
446,INV-00523,CUS-0404,2024-01-21,1940.34,RTGS,59,True
447,INV-00524,CUS-0078,2022-06-04,4085.77,ONLINE,45,True
448,INV-00525,CUS-0297,2022-11-28,1875.55,CHEQUE,57,False
449,INV-00526,CUS-0120,2023-03-09,2283.89,NEFT,45,True
450,INV-00527,CUS-0389,2022-04-30,2219.22,CHEQUE,29,True
451,INV-00528,CUS-0439,2023-06-01,3687.09,CHEQUE,40,True
452,INV-00529,CUS-0090,2023-03-18,6490.57,CHEQUE,45,True
453,INV-00530,CUS-0115,2023-06-13,15207.42,NEFT,74,False
454,INV-00531,CUS-0293,2023-11-16,6346.9,NEFT,41,True
455,INV-00532,CUS-0411,2022-11-23,670.29,NEFT,45,True
456,INV-00533,CUS-0216,2024-04-23,23888.95,ONLINE,58,True
457,INV-00534,CUS-0171,2023-09-10,4461.76,CHEQUE,65,False
458,INV-00535,CUS-0381,2023-01-09,1938.88,RTGS,30,True
459,INV-00536,CUS-0430,2023-08-22,8352.92,RTGS,58,True
460,INV-00538,CUS-0140,2023-03-05,36384.23,RTGS,27,True
461,INV-00539,CUS-0453,2023-11-06,1244.34,NEFT,25,True
462,INV-00540,CUS-0343,2023-06-26,47458.94,NEFT,47,False
463,INV-00541,CUS-0182,2023-11-03,9922.94,RTGS,86,False
464,INV-00542,CUS-0138,2023-11-12,5164.97,RTGS,43,True
465,INV-00543,CUS-0240,2023-12-10,25837.42,RTGS,58,True
466,INV-00545,CUS-0187,2024-02-06,6255.16,RTGS,26,True
467,INV-00548,CUS-0036,2023-03-06,1644.33,NEFT,26,True
468,INV-00549,CUS-0309,2023-10-17,4131.33,RTGS,58,True
469,INV-00550,CUS-0398,2024-01-03,901.7,NEFT,27,True
470,INV-00551,CUS-0192,2023-06-26,3092.23,CHEQUE,26,True
471,INV-00552,CUS-0280,2023-06-01,1612.63,CHEQUE,56,True
472,INV-00553,CUS-0461,2022-12-09,25584.26,CHEQUE,57,True
473,INV-00554,CUS-0469,2023-12-25,3755.79,ONLINE,72,False
474,INV-00555,CUS-0440,2023-12-30,1260.72,ONLINE,27,True
475,INV-00556,CUS-0250,2022-06-02,20010.78,ONLINE,42,False
476,INV-00557,CUS-0174,2024-02-01,5589.31,NEFT,73,False
477,INV-00558,CUS-0201,2024-03-20,2454.21,NEFT,42,True
478,INV-00559,CUS-0184,2022-10-10,46289.32,ONLINE,44,True
479,INV-00560,CUS-0261,2023-05-09,2706.84,CHEQUE,57,True
480,INV-00561,CUS-0261,2023-09-20,1562.43,ONLINE,86,False
481,INV-00562,CUS-0338,2024-04-14,17339.55,RTGS,57,True
482,INV-00563,CUS-0290,2023-05-21,631.91,ONLINE,60,True
483,INV-00564,CUS-0102,2024-04-28,614.19,NEFT,55,True
484,INV-00565,CUS-0372,2023-06-15,512.05,RTGS,30,True
485,INV-00566,CUS-0275,2023-10-12,4545.65,CHEQUE,40,True
486,INV-00569,CUS-0287,2022-11-29,728.69,NEFT,56,True
487,INV-00571,CUS-0213,2023-11-18,2921.72,NEFT,57,True
488,INV-00572,CUS-0351,2022-08-19,3571.28,ONLINE,56,True
489,INV-00573,CUS-0423,2023-01-23,811.31,NEFT,43,True
490,INV-00574,CUS-0479,2022-10-30,14490.65,RTGS,42,True
491,INV-00575,CUS-0289,2023-08-16,7165.62,ONLINE,43,False
492,INV-00576,CUS-0228,2022-07-22,4651.11,NEFT,58,True
493,INV-00577,CUS-0008,2023-02-06,29421.47,CHEQUE,60,True
494,INV-00578,CUS-0470,2024-04-21,4692.78,ONLINE,56,True
495,INV-00579,CUS-0109,2022-08-19,2518.79,CHEQUE,58,True
496,INV-00580,CUS-0306,2024-01-27,5715.06,CHEQUE,29,True
497,INV-00581,CUS-0054,2024-03-21,2614.88,NEFT,60,False
498,INV-00582,CUS-0432,2024-03-30,482.31,ONLINE,46,False
499,INV-00583,CUS-0499,2024-02-03,814.31,NEFT,57,True
500,INV-00584,CUS-0089,2024-02-18,17486.18,ONLINE,56,True
501,INV-00585,CUS-0369,2022-10-13,30068.49,NEFT,56,False
502,INV-00586,CUS-0468,2022-12-11,4873.26,CHEQUE,29,True
503,INV-00587,CUS-0138,2024-01-05,20349.39,RTGS,43,True
504,INV-00588,CUS-0172,2022-07-19,58540.66,CHEQUE,45,True
505,INV-00589,CUS-0220,2023-04-13,9524.71,NEFT,26,True
506,INV-00590,CUS-0262,2024-03-15,169.28,CHEQUE,56,True
507,INV-00591,CUS-0043,2022-10-22,37572.02,RTGS,26,True
508,INV-00592,CUS-0033,2024-01-19,7226.99,ONLINE,30,True
509,INV-00594,CUS-0075,2023-08-01,7101.12,NEFT,56,True
510,INV-00595,CUS-0313,2022-12-31,7933.27,RTGS,56,True
511,INV-00596,CUS-0088,2023-06-04,7428.36,ONLINE,25,True
512,INV-00597,CUS-0374,2022-06-24,5733.31,CHEQUE,84,False
513,INV-00598,CUS-0043,2022-10-17,4034.65,ONLINE,29,True
514,INV-00599,CUS-0398,2022-09-26,397.0,CHEQUE,30,True
515,INV-00600,CUS-0060,2023-06-28,25219.61,RTGS,25,True
516,INV-00601,CUS-0207,2023-04-27,4430.61,NEFT,60,True
517,INV-00602,CUS-0312,2023-06-02,47172.19,ONLINE,43,True
518,INV-00603,CUS-0427,2024-05-11,1111.81,CHEQUE,60,True
519,INV-00604,CUS-0367,2023-08-15,33373.68,NEFT,28,True
520,INV-00607,CUS-0180,2023-04-24,3100.97,NEFT,30,True
521,INV-00608,CUS-0208,2023-03-22,5555.7,NEFT,87,False
522,INV-00609,CUS-0235,2024-01-08,1586.35,ONLINE,62,False
523,INV-00611,CUS-0429,2023-09-25,26296.04,ONLINE,26,True
524,INV-00612,CUS-0291,2022-10-25,7611.45,CHEQUE,60,True
525,INV-00613,CUS-0495,2023-12-18,664.81,CHEQUE,58,True
526,INV-00614,CUS-0013,2024-01-11,29798.69,ONLINE,34,False
527,INV-00615,CUS-0492,2023-09-20,3396.93,ONLINE,43,True
528,INV-00616,CUS-0144,2022-06-15,1883.9,NEFT,28,True
529,INV-00617,CUS-0167,2022-10-06,1945.7,ONLINE,25,True
530,INV-00618,CUS-0184,2023-05-03,1512.56,RTGS,40,True
531,INV-00620,CUS-0195,2023-01-14,15562.23,NEFT,58,False
532,INV-00622,CUS-0290,2022-06-02,1986.8,ONLINE,59,True
533,INV-00623,CUS-0131,2024-03-22,1234.88,ONLINE,28,True
534,INV-00624,CUS-0098,2023-07-09,417.01,RTGS,28,True
535,INV-00625,CUS-0069,2022-08-17,8854.11,ONLINE,56,True
536,INV-00626,CUS-0114,2023-07-01,2487.6,NEFT,72,False
537,INV-00627,CUS-0393,2023-07-12,740.79,RTGS,40,True
538,INV-00628,CUS-0127,2022-10-28,2339.43,NEFT,44,True
539,INV-00629,CUS-0128,2023-02-13,2264.39,CHEQUE,59,True
540,INV-00630,CUS-0178,2024-03-18,19206.64,RTGS,40,True
541,INV-00631,CUS-0398,2023-01-09,400.23,NEFT,28,True
542,INV-00632,CUS-0357,2023-07-15,1580.83,RTGS,29,True
543,INV-00633,CUS-0183,2024-04-17,1577.62,ONLINE,30,True
544,INV-00634,CUS-0387,2023-09-09,49811.7,ONLINE,25,True
545,INV-00635,CUS-0028,2022-06-12,9240.14,NEFT,65,False
546,INV-00637,CUS-0258,2023-04-19,1061.89,NEFT,27,True
547,INV-00638,CUS-0027,2023-01-07,18458.97,CHEQUE,29,True
548,INV-00639,CUS-0325,2023-03-01,1140.29,RTGS,27,True
549,INV-00640,CUS-0489,2022-07-09,1083.29,ONLINE,87,False
550,INV-00641,CUS-0164,2023-04-03,2085.21,CHEQUE,29,True
551,INV-00642,CUS-0034,2022-08-24,3807.68,ONLINE,27,True
552,INV-00643,CUS-0197,2024-04-02,49678.47,ONLINE,27,True
553,INV-00644,CUS-0232,2024-03-11,595.69,CHEQUE,25,True
554,INV-00645,CUS-0314,2022-10-11,660.72,CHEQUE,56,True
555,INV-00646,CUS-0180,2023-09-28,9608.44,NEFT,46,False
556,INV-00647,CUS-0052,2023-07-04,6273.16,ONLINE,56,True
557,INV-00648,CUS-0069,2023-05-03,2219.62,CHEQUE,59,True
558,INV-00649,CUS-0358,2022-06-10,23468.95,RTGS,42,True
559,INV-00650,CUS-0346,2024-02-02,1168.44,CHEQUE,55,True
560,INV-00651,CUS-0136,2023-10-11,17889.95,CHEQUE,45,True
561,INV-00652,CUS-0346,2022-08-25,1345.09,CHEQUE,57,True
562,INV-00653,CUS-0261,2022-05-30,3575.03,ONLINE,57,True
563,INV-00654,CUS-0339,2022-07-28,11084.03,RTGS,44,True
564,INV-00655,CUS-0059,2024-02-12,4227.49,ONLINE,29,True
565,INV-00656,CUS-0286,2023-03-21,5987.37,NEFT,40,True
566,INV-00658,CUS-0359,2022-07-19,5908.68,ONLINE,25,True
567,INV-00659,CUS-0335,2023-12-10,76188.49,CHEQUE,55,True
568,INV-00660,CUS-0145,2023-02-19,3469.89,CHEQUE,58,True
569,INV-00661,CUS-0189,2024-02-19,4952.78,RTGS,67,False
570,INV-00662,CUS-0005,2024-02-09,236.38,NEFT,60,True
571,INV-00663,CUS-0199,2022-06-18,6581.73,ONLINE,46,False
572,INV-00664,CUS-0096,2022-05-14,7756.34,NEFT,30,True
573,INV-00665,CUS-0122,2023-04-11,6209.54,CHEQUE,40,True
574,INV-00666,CUS-0421,2023-05-01,8986.33,ONLINE,61,False
575,INV-00667,CUS-0058,2022-10-07,238.46,NEFT,55,True
576,INV-00668,CUS-0247,2023-05-12,2776.91,NEFT,28,True
577,INV-00669,CUS-0270,2023-01-07,756.28,ONLINE,56,True
578,INV-00670,CUS-0318,2023-09-09,11045.77,NEFT,59,True
579,INV-00671,CUS-0136,2022-10-08,36436.33,CHEQUE,51,False
580,INV-00672,CUS-0406,2023-09-30,3681.68,CHEQUE,55,True
581,INV-00673,CUS-0032,2024-04-08,1641.05,CHEQUE,57,True
582,INV-00675,CUS-0479,2022-08-13,1536.48,ONLINE,42,True
583,INV-00676,CUS-0492,2024-02-03,1947.03,ONLINE,42,True
584,INV-00677,CUS-0104,2023-04-24,735.97,ONLINE,60,True
585,INV-00678,CUS-0264,2024-02-28,625.24,NEFT,51,False
586,INV-00679,CUS-0163,2023-06-08,4364.6,CHEQUE,57,True
587,INV-00680,CUS-0247,2024-03-26,7197.26,ONLINE,29,True
588,INV-00681,CUS-0153,2023-07-26,14455.0,NEFT,60,True
589,INV-00682,CUS-0359,2023-07-17,1942.24,CHEQUE,27,True
590,INV-00683,CUS-0086,2023-10-12,592.68,NEFT,56,True
591,INV-00684,CUS-0172,2022-10-16,31962.93,ONLINE,42,True
592,INV-00685,CUS-0059,2023-05-23,1904.64,ONLINE,27,True
593,INV-00686,CUS-0463,2022-09-06,10177.21,RTGS,75,False
594,INV-00687,CUS-0334,2022-10-01,6697.5,ONLINE,45,True
595,INV-00688,CUS-0471,2022-08-01,7365.38,NEFT,45,True
596,INV-00689,CUS-0457,2022-07-19,7114.4,ONLINE,57,True
597,INV-00690,CUS-0381,2023-10-08,4618.9,CHEQUE,26,True
598,INV-00691,CUS-0460,2023-01-02,4006.62,NEFT,44,True
599,INV-00692,CUS-0065,2023-03-29,932.85,RTGS,25,True
600,INV-00693,CUS-0041,2022-08-16,8468.2,RTGS,29,True
601,INV-00694,CUS-0190,2024-04-24,937.06,ONLINE,42,True
602,INV-00695,CUS-0040,2022-09-11,10730.24,ONLINE,44,True
603,INV-00696,CUS-0162,2023-06-14,3692.08,CHEQUE,27,True
604,INV-00697,CUS-0393,2024-05-02,960.66,NEFT,42,True
605,INV-00698,CUS-0168,2022-08-02,996.34,ONLINE,55,True
606,INV-00699,CUS-0371,2022-08-02,26255.63,ONLINE,50,False
607,INV-00700,CUS-0108,2024-02-23,6137.38,NEFT,41,True
608,INV-00701,CUS-0085,2023-04-07,3380.21,CHEQUE,57,True
609,INV-00702,CUS-0060,2022-11-29,34015.2,ONLINE,44,False
610,INV-00703,CUS-0285,2022-05-29,916.33,ONLINE,40,True
611,INV-00704,CUS-0022,2022-10-09,5606.22,CHEQUE,58,True
612,INV-00705,CUS-0037,2023-03-12,3219.83,ONLINE,26,True
613,INV-00706,CUS-0349,2022-07-10,7368.05,CHEQUE,28,True
614,INV-00707,CUS-0189,2023-01-11,72226.3,CHEQUE,71,False
615,INV-00709,CUS-0296,2022-09-03,139.95,ONLINE,29,True
616,INV-00711,CUS-0083,2024-03-30,17070.73,CHEQUE,26,True
617,INV-00712,CUS-0300,2023-10-04,23522.04,NEFT,42,False
618,INV-00713,CUS-0292,2022-11-27,38373.06,RTGS,43,True
619,INV-00714,CUS-0287,2022-12-02,2881.83,CHEQUE,59,True
620,INV-00715,CUS-0112,2024-01-06,2933.24,NEFT,60,True
621,INV-00716,CUS-0132,2023-12-19,2899.03,NEFT,75,False
622,INV-00718,CUS-0008,2024-02-03,30015.98,CHEQUE,59,True
623,INV-00719,CUS-0021,2024-02-25,1923.17,NEFT,28,True
624,INV-00720,CUS-0267,2023-10-11,5360.6,NEFT,43,True
625,INV-00722,CUS-0343,2023-01-28,6196.64,RTGS,42,True
626,INV-00723,CUS-0218,2023-10-13,24320.99,RTGS,58,True
627,INV-00724,CUS-0482,2022-07-31,3198.86,RTGS,56,True
628,INV-00725,CUS-0250,2023-07-22,15585.09,CHEQUE,27,True
629,INV-00726,CUS-0112,2023-02-11,10143.5,NEFT,75,False
630,INV-00727,CUS-0358,2022-06-09,2172.99,ONLINE,43,True
631,INV-00728,CUS-0482,2023-05-18,1391.9,CHEQUE,60,True
632,INV-00729,CUS-0135,2022-06-16,5415.84,CHEQUE,25,True
633,INV-00730,CUS-0035,2022-12-08,1129.58,ONLINE,43,True
634,INV-00731,CUS-0354,2023-06-24,6734.38,ONLINE,59,False
635,INV-00732,CUS-0231,2023-06-02,2514.85,CHEQUE,28,True
636,INV-00733,CUS-0490,2022-10-23,2959.82,RTGS,40,True
637,INV-00734,CUS-0263,2022-07-26,850.42,RTGS,56,True
638,INV-00735,CUS-0074,2023-07-27,8782.91,CHEQUE,26,True
639,INV-00736,CUS-0214,2022-12-27,2331.35,CHEQUE,26,True
640,INV-00737,CUS-0064,2023-08-08,12355.76,NEFT,26,True
641,INV-00738,CUS-0414,2023-03-07,78415.41,NEFT,60,True
642,INV-00739,CUS-0083,2023-12-13,77482.5,CHEQUE,29,True
643,INV-00740,CUS-0232,2023-02-26,9545.65,RTGS,25,True
644,INV-00741,CUS-0402,2023-08-06,239.62,ONLINE,26,True
645,INV-00742,CUS-0337,2024-05-12,21606.34,NEFT,55,True
646,INV-00743,CUS-0157,2023-11-10,4946.53,RTGS,27,True
647,INV-00744,CUS-0013,2022-07-20,4881.01,CHEQUE,28,True
648,INV-00745,CUS-0441,2023-11-03,7552.94,ONLINE,25,True
649,INV-00746,CUS-0298,2023-02-11,2957.58,RTGS,44,False
650,INV-00747,CUS-0030,2022-12-29,3970.71,RTGS,27,True
651,INV-00748,CUS-0256,2023-07-01,2240.25,NEFT,60,True
652,INV-00750,CUS-0082,2022-11-04,14329.94,CHEQUE,45,True
653,INV-00751,CUS-0016,2022-07-13,1094.62,ONLINE,58,True
654,INV-00752,CUS-0474,2024-03-09,56280.61,NEFT,59,True
655,INV-00754,CUS-0031,2023-01-21,19759.42,NEFT,55,True
656,INV-00755,CUS-0464,2022-06-08,7880.87,ONLINE,45,True
657,INV-00756,CUS-0194,2024-01-03,576.37,ONLINE,26,True
658,INV-00757,CUS-0098,2022-06-27,937.31,ONLINE,25,True
659,INV-00759,CUS-0320,2022-12-08,3094.21,RTGS,56,True
660,INV-00761,CUS-0070,2022-12-19,7002.91,NEFT,51,False
661,INV-00762,CUS-0018,2023-09-06,1811.33,NEFT,56,False
662,INV-00763,CUS-0135,2023-07-16,47207.03,ONLINE,26,True
663,INV-00764,CUS-0191,2022-09-06,45537.17,NEFT,30,True
664,INV-00765,CUS-0287,2023-06-06,474.52,NEFT,59,True
665,INV-00766,CUS-0090,2023-04-19,2049.79,NEFT,41,True
666,INV-00767,CUS-0111,2024-05-04,5376.93,RTGS,45,True
667,INV-00768,CUS-0462,2024-03-10,1419.52,CHEQUE,56,True
668,INV-00769,CUS-0089,2024-01-04,9537.79,RTGS,60,True
669,INV-00770,CUS-0273,2022-09-14,2494.53,ONLINE,30,True
670,INV-00771,CUS-0360,2024-02-17,1605.7,NEFT,45,True
671,INV-00773,CUS-0369,2023-04-17,22618.25,NEFT,43,True
672,INV-00774,CUS-0444,2024-03-11,15625.28,ONLINE,59,True
673,INV-00775,CUS-0005,2022-07-22,1112.9,ONLINE,69,False
674,INV-00776,CUS-0449,2023-04-11,1042.13,ONLINE,30,True
675,INV-00777,CUS-0053,2023-06-12,1278.62,RTGS,60,True
676,INV-00778,CUS-0068,2023-07-31,674.39,ONLINE,40,True
677,INV-00779,CUS-0151,2023-04-09,23315.53,CHEQUE,25,True
678,INV-00780,CUS-0131,2023-07-15,1282.68,ONLINE,29,True
679,INV-00781,CUS-0399,2023-11-28,48077.58,NEFT,57,True
680,INV-00782,CUS-0190,2022-07-15,1803.71,ONLINE,42,True
681,INV-00784,CUS-0368,2023-12-19,4274.03,NEFT,40,True
682,INV-00785,CUS-0251,2022-11-22,2325.61,ONLINE,60,True
683,INV-00786,CUS-0235,2023-07-20,4726.33,CHEQUE,41,True
684,INV-00788,CUS-0026,2024-03-21,14025.46,ONLINE,43,True
685,INV-00790,CUS-0285,2024-02-18,248.7,ONLINE,45,True
686,INV-00791,CUS-0405,2023-07-29,1058.46,NEFT,53,False
687,INV-00792,CUS-0463,2023-01-19,1237.85,ONLINE,81,False
688,INV-00793,CUS-0010,2023-08-04,4772.92,ONLINE,28,True
689,INV-00794,CUS-0110,2022-09-26,597.92,ONLINE,25,True
690,INV-00795,CUS-0309,2023-10-01,2180.77,RTGS,59,True
691,INV-00796,CUS-0355,2022-10-04,2791.03,RTGS,55,False
692,INV-00797,CUS-0433,2023-10-14,1526.02,RTGS,26,True
693,INV-00799,CUS-0393,2022-09-29,2230.53,RTGS,40,True
694,INV-00802,CUS-0028,2023-07-22,1199.94,RTGS,67,False
695,INV-00803,CUS-0288,2024-04-08,2210.84,CHEQUE,59,True
696,INV-00804,CUS-0147,2022-05-29,903.37,ONLINE,55,True
697,INV-00805,CUS-0115,2023-08-02,25444.9,ONLINE,57,True
698,INV-00806,CUS-0004,2022-09-26,9307.78,ONLINE,42,True
699,INV-00807,CUS-0229,2024-04-16,1752.94,NEFT,26,True
700,INV-00808,CUS-0477,2024-02-19,4399.89,NEFT,42,True
701,INV-00809,CUS-0139,2023-01-28,1622.01,RTGS,43,True
702,INV-00811,CUS-0118,2024-03-13,658.72,NEFT,43,True
703,INV-00812,CUS-0044,2022-12-15,1473.66,CHEQUE,27,True
704,INV-00813,CUS-0201,2022-11-17,5437.27,NEFT,42,True
705,INV-00814,CUS-0349,2022-11-08,1538.81,ONLINE,26,True
706,INV-00815,CUS-0121,2023-10-12,15448.55,NEFT,40,True
707,INV-00819,CUS-0239,2023-12-06,19643.84,CHEQUE,40,True
708,INV-00822,CUS-0014,2022-06-19,9311.64,NEFT,57,True
709,INV-00823,CUS-0482,2023-11-15,5632.49,NEFT,58,True
710,INV-00824,CUS-0466,2022-10-26,1405.4,RTGS,55,True
711,INV-00826,CUS-0497,2022-06-25,7939.23,RTGS,45,False
712,INV-00827,CUS-0440,2023-08-14,7758.82,ONLINE,30,True
713,INV-00828,CUS-0336,2023-07-22,1549.48,RTGS,40,True
714,INV-00829,CUS-0200,2023-01-26,4883.53,CHEQUE,28,True
715,INV-00831,CUS-0213,2022-10-28,1112.47,CHEQUE,56,True
716,INV-00832,CUS-0220,2023-03-05,6079.54,CHEQUE,29,True
717,INV-00833,CUS-0423,2024-03-14,3145.01,CHEQUE,42,True
718,INV-00834,CUS-0233,2022-11-22,6020.27,NEFT,27,True
719,INV-00835,CUS-0047,2023-10-29,4860.8,NEFT,60,True
720,INV-00836,CUS-0181,2023-07-17,1358.31,RTGS,40,True
721,INV-00837,CUS-0045,2024-05-16,664.73,RTGS,55,True
722,INV-00838,CUS-0050,2022-09-15,13494.66,NEFT,45,True
723,INV-00839,CUS-0361,2022-08-10,49799.08,CHEQUE,48,False
724,INV-00840,CUS-0168,2022-11-16,321.42,NEFT,55,True
725,INV-00841,CUS-0119,2022-11-25,271.59,CHEQUE,28,True
726,INV-00842,CUS-0014,2023-09-20,1802.67,RTGS,58,True
727,INV-00843,CUS-0345,2023-01-29,278395.0,RTGS,58,True
728,INV-00844,CUS-0483,2024-03-07,2659.4,CHEQUE,30,True
729,INV-00845,CUS-0146,2023-09-15,26881.56,ONLINE,43,True
730,INV-00848,CUS-0068,2023-07-07,3466.27,RTGS,42,True
731,INV-00849,CUS-0358,2024-04-11,20587.32,RTGS,55,False
732,INV-00850,CUS-0383,2023-01-04,1686.42,RTGS,28,True
733,INV-00851,CUS-0376,2022-05-18,11237.06,ONLINE,42,True
734,INV-00853,CUS-0122,2023-01-13,7986.0,ONLINE,44,True
735,INV-00855,CUS-0213,2023-07-20,805.94,RTGS,56,True
736,INV-00856,CUS-0225,2023-11-09,1230.33,RTGS,60,False
737,INV-00857,CUS-0107,2023-02-13,4649.41,CHEQUE,42,True
738,INV-00858,CUS-0300,2022-10-14,2988.01,ONLINE,29,True
739,INV-00859,CUS-0011,2023-06-14,259.41,CHEQUE,59,True
740,INV-00860,CUS-0032,2024-04-01,1354.05,CHEQUE,57,True
741,INV-00861,CUS-0328,2023-07-28,601.84,NEFT,43,True
742,INV-00862,CUS-0023,2023-09-09,13848.98,CHEQUE,59,True
743,INV-00864,CUS-0320,2023-06-23,1978.96,NEFT,59,True
744,INV-00865,CUS-0405,2022-05-04,2090.71,RTGS,26,True
745,INV-00866,CUS-0020,2023-11-26,14339.81,RTGS,69,False
746,INV-00867,CUS-0427,2024-01-03,1697.45,CHEQUE,59,True
747,INV-00868,CUS-0301,2023-02-15,35462.29,NEFT,43,True
748,INV-00869,CUS-0293,2022-12-18,1508.27,RTGS,41,True
749,INV-00870,CUS-0453,2023-07-19,2439.09,RTGS,25,True
750,INV-00871,CUS-0092,2022-06-24,10143.39,CHEQUE,26,True
751,INV-00872,CUS-0475,2022-10-25,1157.03,ONLINE,43,True
752,INV-00873,CUS-0368,2024-03-26,777.75,RTGS,42,True
753,INV-00874,CUS-0384,2024-05-06,74767.25,ONLINE,44,True
754,INV-00876,CUS-0028,2022-10-06,929.88,CHEQUE,40,True
755,INV-00877,CUS-0059,2023-12-24,9726.95,RTGS,26,True
756,INV-00879,CUS-0050,2023-09-18,9091.1,RTGS,42,True
757,INV-00880,CUS-0162,2022-05-05,6119.74,NEFT,28,True
758,INV-00881,CUS-0137,2022-12-13,2747.22,ONLINE,55,True
759,INV-00882,CUS-0318,2023-08-16,9134.63,CHEQUE,59,True
760,INV-00883,CUS-0190,2023-12-30,208.27,NEFT,43,True
761,INV-00884,CUS-0275,2023-01-22,21494.36,ONLINE,45,True
762,INV-00885,CUS-0457,2024-03-03,715.72,ONLINE,60,True
763,INV-00886,CUS-0018,2024-05-08,19257.15,RTGS,43,False
764,INV-00887,CUS-0059,2024-03-24,7221.58,CHEQUE,25,True
765,INV-00888,CUS-0401,2024-05-03,13915.96,RTGS,41,True
766,INV-00889,CUS-0097,2023-03-13,15503.65,ONLINE,59,True
767,INV-00890,CUS-0284,2023-07-12,4689.09,ONLINE,44,True
768,INV-00891,CUS-0094,2023-09-08,2329.09,ONLINE,60,True
769,INV-00892,CUS-0371,2024-03-05,22293.72,RTGS,25,True
770,INV-00893,CUS-0458,2023-12-19,1093.48,ONLINE,29,True
771,INV-00894,CUS-0215,2024-01-22,9584.98,NEFT,36,False
772,INV-00895,CUS-0383,2024-02-22,6551.38,NEFT,29,True
773,INV-00896,CUS-0305,2022-08-02,607.92,ONLINE,69,False
774,INV-00898,CUS-0332,2022-10-12,824.28,ONLINE,60,True
775,INV-00899,CUS-0492,2022-05-16,3260.46,NEFT,44,True
776,INV-00900,CUS-0474,2024-01-30,34970.76,CHEQUE,55,True
777,INV-00901,CUS-0285,2023-04-07,55.94,NEFT,44,True
778,INV-00902,CUS-0156,2024-01-02,2027.16,ONLINE,55,True
779,INV-00903,CUS-0284,2023-04-16,4350.9,ONLINE,45,True
780,INV-00904,CUS-0383,2024-03-27,779.63,NEFT,28,True
781,INV-00905,CUS-0069,2022-07-12,1604.94,ONLINE,59,True
782,INV-00906,CUS-0073,2022-06-09,26344.03,RTGS,25,True
783,INV-00907,CUS-0321,2022-11-30,3553.49,RTGS,36,False
784,INV-00908,CUS-0460,2023-10-08,3911.96,CHEQUE,45,True
785,INV-00909,CUS-0100,2024-02-27,6451.3,ONLINE,26,True
786,INV-00910,CUS-0005,2023-02-03,1414.98,RTGS,59,True
787,INV-00911,CUS-0472,2022-05-10,1806.39,CHEQUE,27,True
788,INV-00914,CUS-0153,2023-12-10,3883.28,CHEQUE,60,True
789,INV-00915,CUS-0063,2022-07-03,795.7,ONLINE,40,True
790,INV-00916,CUS-0080,2023-12-18,580.32,NEFT,49,False
791,INV-00917,CUS-0017,2022-06-29,5593.15,CHEQUE,66,False
792,INV-00918,CUS-0266,2022-10-01,3335.39,NEFT,29,True
793,INV-00920,CUS-0446,2023-03-24,14233.4,ONLINE,59,True
794,INV-00922,CUS-0191,2022-12-22,10347.8,RTGS,30,True
795,INV-00923,CUS-0469,2023-12-18,6670.57,NEFT,40,True
796,INV-00924,CUS-0408,2024-04-08,19950.57,RTGS,41,True
797,INV-00925,CUS-0122,2023-12-22,169161.46,NEFT,40,True
798,INV-00926,CUS-0140,2024-01-23,21727.64,ONLINE,30,True
799,INV-00927,CUS-0474,2022-11-04,25626.68,RTGS,56,True
800,INV-00928,CUS-0397,2023-01-24,2193.44,ONLINE,58,True
801,INV-00929,CUS-0354,2023-12-28,192633.65,CHEQUE,30,True
802,INV-00930,CUS-0081,2024-04-11,1187.19,CHEQUE,28,True
803,INV-00931,CUS-0101,2022-09-02,1606.88,RTGS,29,True
804,INV-00932,CUS-0138,2023-03-29,24427.73,ONLINE,45,True
805,INV-00933,CUS-0001,2024-03-17,2320.13,NEFT,59,True
806,INV-00934,CUS-0183,2023-09-03,765.74,RTGS,33,False
807,INV-00935,CUS-0169,2023-04-13,1654.03,RTGS,35,False
808,INV-00936,CUS-0105,2023-01-18,115.84,CHEQUE,45,True
809,INV-00937,CUS-0237,2024-04-08,1243.16,RTGS,44,True
810,INV-00938,CUS-0068,2024-03-24,9765.09,RTGS,43,True
811,INV-00939,CUS-0128,2024-03-09,5716.81,ONLINE,57,True
812,INV-00940,CUS-0158,2023-02-09,1343.4,ONLINE,27,True
813,INV-00941,CUS-0139,2023-09-29,1936.73,ONLINE,42,True
814,INV-00942,CUS-0131,2023-07-27,196.54,RTGS,55,False
815,INV-00943,CUS-0006,2022-09-18,7233.45,CHEQUE,27,True
816,INV-00944,CUS-0119,2023-08-27,2134.05,CHEQUE,26,True
817,INV-00945,CUS-0035,2023-07-26,22020.83,RTGS,42,True
818,INV-00946,CUS-0465,2022-06-12,10215.07,ONLINE,56,True
819,INV-00948,CUS-0333,2023-07-13,8225.81,NEFT,58,True
820,INV-00951,CUS-0472,2023-12-07,3240.6,CHEQUE,28,True
821,INV-00952,CUS-0171,2022-11-22,2405.62,RTGS,40,True
822,INV-00953,CUS-0380,2024-02-19,1380.97,RTGS,45,True
823,INV-00954,CUS-0452,2024-04-06,5202.41,RTGS,27,True
824,INV-00955,CUS-0293,2023-03-17,7752.91,NEFT,40,True
825,INV-00956,CUS-0009,2024-04-18,18638.38,NEFT,51,False
826,INV-00957,CUS-0442,2024-01-30,5219.88,ONLINE,44,True
827,INV-00958,CUS-0343,2022-07-10,55825.29,ONLINE,43,True
828,INV-00959,CUS-0358,2022-11-07,17966.42,CHEQUE,40,True
829,INV-00960,CUS-0056,2023-08-30,5014.96,CHEQUE,28,True
830,INV-00961,CUS-0304,2023-10-17,4152.56,NEFT,29,True
831,INV-00962,CUS-0352,2024-04-08,1172.74,CHEQUE,55,True
832,INV-00963,CUS-0040,2022-11-17,7815.46,RTGS,51,False
833,INV-00964,CUS-0041,2022-05-26,3095.02,NEFT,29,True
834,INV-00965,CUS-0426,2023-09-27,232.2,NEFT,44,True
835,INV-00966,CUS-0354,2023-03-28,26492.51,ONLINE,56,False
836,INV-00967,CUS-0370,2022-05-22,28974.12,NEFT,41,True
837,INV-00968,CUS-0442,2022-12-27,1733.65,NEFT,42,True
838,INV-00969,CUS-0254,2023-08-31,1134.13,ONLINE,41,True
839,INV-00970,CUS-0477,2022-07-11,5797.07,CHEQUE,45,True
840,INV-00971,CUS-0451,2023-02-19,12189.73,RTGS,46,False
841,INV-00972,CUS-0221,2024-01-20,10517.2,ONLINE,60,True
842,INV-00973,CUS-0216,2022-06-12,9467.55,CHEQUE,58,True
843,INV-00974,CUS-0014,2023-08-09,4867.92,CHEQUE,58,True
844,INV-00975,CUS-0325,2023-04-18,476.04,CHEQUE,27,True
845,INV-00978,CUS-0062,2023-03-10,873.64,CHEQUE,41,True
846,INV-00979,CUS-0305,2022-10-11,5793.8,RTGS,40,True
847,INV-00980,CUS-0028,2024-02-25,1348.21,CHEQUE,40,True
848,INV-00981,CUS-0119,2023-08-07,2194.05,RTGS,56,False
849,INV-00982,CUS-0407,2022-06-26,551.28,ONLINE,57,True
850,INV-00983,CUS-0374,2024-01-13,7555.32,ONLINE,90,False
851,INV-00984,CUS-0008,2022-12-28,3084.77,RTGS,59,True
852,INV-00985,CUS-0485,2022-10-18,10791.16,RTGS,60,True
853,INV-00987,CUS-0398,2022-09-09,355.97,ONLINE,29,True
854,INV-00989,CUS-0116,2023-04-09,647.02,RTGS,41,False
855,INV-00990,CUS-0481,2022-08-10,11640.14,RTGS,40,True
856,INV-00993,CUS-0356,2022-11-04,1480.15,RTGS,58,False
857,INV-00994,CUS-0198,2022-10-26,1705.23,NEFT,60,True
858,INV-00995,CUS-0324,2023-12-03,28625.79,CHEQUE,40,True
859,INV-00996,CUS-0168,2022-06-24,1116.42,CHEQUE,58,True
860,INV-00997,CUS-0058,2022-06-24,2377.3,ONLINE,56,True
861,INV-00998,CUS-0333,2024-03-07,6415.54,NEFT,58,True
862,INV-00999,CUS-0048,2024-01-19,38600.56,RTGS,56,True
863,INV-01000,CUS-0349,2024-03-30,2473.36,ONLINE,28,True
864,INV-01001,CUS-0418,2023-09-19,11069.15,CHEQUE,28,True
865,INV-01002,CUS-0478,2022-07-13,3767.64,ONLINE,25,True
866,INV-01003,CUS-0232,2023-10-17,261.81,ONLINE,29,True
867,INV-01004,CUS-0356,2024-03-28,10849.29,RTGS,43,True
868,INV-01005,CUS-0033,2022-05-03,10949.4,ONLINE,30,True
869,INV-01006,CUS-0277,2024-04-05,2773.98,ONLINE,55,True
870,INV-01007,CUS-0379,2022-09-30,1511.34,ONLINE,40,True
871,INV-01008,CUS-0283,2023-04-06,20531.55,RTGS,26,True
872,INV-01009,CUS-0275,2023-12-22,11477.44,RTGS,63,False
873,INV-01010,CUS-0396,2023-11-13,16045.1,ONLINE,41,True
874,INV-01011,CUS-0002,2023-12-26,7561.91,ONLINE,41,True
875,INV-01012,CUS-0359,2023-07-02,7975.67,RTGS,29,True
876,INV-01013,CUS-0288,2022-06-28,1129.66,RTGS,60,True
877,INV-01014,CUS-0075,2023-10-23,20339.98,NEFT,57,True
878,INV-01015,CUS-0298,2024-01-02,15837.82,NEFT,27,True
879,INV-01018,CUS-0213,2022-06-20,612.84,CHEQUE,59,True
880,INV-01019,CUS-0384,2023-08-07,37175.15,ONLINE,44,True
881,INV-01020,CUS-0226,2023-03-05,1917.68,ONLINE,51,False
882,INV-01021,CUS-0358,2023-07-17,6511.92,NEFT,45,True
883,INV-01022,CUS-0038,2024-03-16,6325.06,ONLINE,25,True
884,INV-01023,CUS-0264,2022-10-13,9185.19,ONLINE,25,True
885,INV-01024,CUS-0411,2023-12-23,17044.24,RTGS,40,True
886,INV-01025,CUS-0119,2022-11-09,867.56,NEFT,30,True
887,INV-01026,CUS-0104,2023-01-01,1040.38,NEFT,56,True
888,INV-01027,CUS-0023,2022-12-16,3546.36,RTGS,59,True
889,INV-01028,CUS-0336,2024-01-10,9444.8,NEFT,42,True
890,INV-01029,CUS-0358,2024-02-27,18140.58,CHEQUE,44,True
891,INV-01030,CUS-0403,2023-10-05,8968.53,CHEQUE,47,False
892,INV-01031,CUS-0471,2023-06-21,6947.68,NEFT,41,True
893,INV-01032,CUS-0115,2024-02-07,14110.19,RTGS,60,True
894,INV-01033,CUS-0086,2023-08-10,7299.32,RTGS,83,False
895,INV-01035,CUS-0152,2023-04-05,2902.11,RTGS,44,True
896,INV-01036,CUS-0360,2023-10-21,1554.11,RTGS,44,True
897,INV-01037,CUS-0422,2022-09-15,2908.28,CHEQUE,42,True
898,INV-01038,CUS-0310,2022-11-18,19326.63,NEFT,44,True
899,INV-01040,CUS-0359,2023-06-21,523.26,CHEQUE,30,True
900,INV-01041,CUS-0358,2022-06-13,12295.42,RTGS,40,True
901,INV-01042,CUS-0193,2023-11-09,2063.5,NEFT,71,False
902,INV-01044,CUS-0204,2022-07-24,4910.98,CHEQUE,40,True
903,INV-01046,CUS-0468,2022-07-17,3191.65,NEFT,29,True
904,INV-01047,CUS-0236,2023-03-10,31928.02,NEFT,59,True
905,INV-01048,CUS-0466,2023-11-16,2177.48,NEFT,55,True
906,INV-01049,CUS-0427,2022-11-23,2419.63,NEFT,55,True
907,INV-01050,CUS-0333,2022-12-13,6138.01,RTGS,66,False
908,INV-01051,CUS-0421,2022-08-16,43851.8,RTGS,55,True
909,INV-01052,CUS-0185,2022-09-01,15832.76,RTGS,55,True
910,INV-01053,CUS-0074,2022-11-27,10417.67,CHEQUE,25,True
911,INV-01054,CUS-0300,2022-12-02,532.61,RTGS,29,True
912,INV-01055,CUS-0063,2024-04-05,1865.33,CHEQUE,43,True
913,INV-01057,CUS-0043,2022-12-11,4807.71,CHEQUE,33,False
914,INV-01059,CUS-0073,2023-10-10,5677.61,CHEQUE,36,False
915,INV-01060,CUS-0084,2023-09-02,3224.66,RTGS,57,True
916,INV-01061,CUS-0150,2024-04-01,5115.67,NEFT,41,True
917,INV-01062,CUS-0218,2022-07-27,14090.59,CHEQUE,90,False
918,INV-01063,CUS-0456,2023-02-06,8019.81,RTGS,55,True
919,INV-01064,CUS-0407,2023-03-25,1371.41,NEFT,56,True
920,INV-01065,CUS-0305,2022-07-24,12406.47,ONLINE,44,True
921,INV-01066,CUS-0341,2023-12-15,1526.74,CHEQUE,29,True
922,INV-01068,CUS-0492,2023-01-15,11910.94,NEFT,43,True
923,INV-01069,CUS-0460,2024-03-29,31336.99,CHEQUE,41,True
924,INV-01072,CUS-0277,2022-06-08,872.49,CHEQUE,56,True
925,INV-01073,CUS-0122,2023-05-16,963.85,ONLINE,45,True
926,INV-01074,CUS-0059,2023-01-23,1354.27,RTGS,30,True
927,INV-01075,CUS-0398,2024-02-01,463.4,NEFT,26,True
928,INV-01076,CUS-0116,2023-09-22,9302.08,RTGS,31,False
929,INV-01077,CUS-0043,2024-03-07,40094.84,ONLINE,28,True
930,INV-01078,CUS-0214,2022-07-20,227.43,ONLINE,48,False
931,INV-01079,CUS-0385,2022-11-10,13891.17,CHEQUE,27,True
932,INV-01080,CUS-0115,2023-07-08,15992.01,NEFT,61,False
933,INV-01081,CUS-0334,2023-01-10,5313.62,ONLINE,45,True
934,INV-01082,CUS-0183,2024-01-05,716.59,ONLINE,30,True
935,INV-01084,CUS-0110,2022-06-08,205.44,CHEQUE,26,True
936,INV-01085,CUS-0165,2022-06-13,2430.46,NEFT,27,True
937,INV-01087,CUS-0485,2023-11-04,14828.58,CHEQUE,60,True
938,INV-01088,CUS-0356,2023-03-24,1078.84,ONLINE,41,True
939,INV-01089,CUS-0091,2023-10-30,1962.22,RTGS,46,False
940,INV-01090,CUS-0129,2024-01-13,8267.81,CHEQUE,25,True
941,INV-01091,CUS-0212,2023-05-15,487.04,RTGS,58,True
942,INV-01092,CUS-0132,2022-05-29,2191.06,RTGS,45,True
943,INV-01093,CUS-0487,2023-11-06,5177.77,CHEQUE,29,True
944,INV-01095,CUS-0469,2023-10-09,3856.07,ONLINE,44,True
945,INV-01096,CUS-0019,2023-04-12,873.43,CHEQUE,28,True
946,INV-01097,CUS-0103,2023-11-28,1906.38,CHEQUE,45,True
947,INV-01098,CUS-0313,2022-10-26,955.78,ONLINE,58,True
948,INV-01099,CUS-0442,2023-08-23,1221.76,NEFT,45,True
949,INV-01100,CUS-0129,2023-01-25,2973.02,CHEQUE,25,True
950,INV-01101,CUS-0369,2023-06-23,3235.78,RTGS,41,True
951,INV-01102,CUS-0230,2023-03-15,2391.75,CHEQUE,42,True
952,INV-01103,CUS-0081,2023-05-12,2982.06,CHEQUE,25,True
953,INV-01104,CUS-0458,2023-11-23,2867.98,CHEQUE,28,True
954,INV-01105,CUS-0017,2022-10-14,5649.62,RTGS,57,True
955,INV-01106,CUS-0405,2024-04-05,1223.83,RTGS,50,False
956,INV-01107,CUS-0015,2023-03-06,517.2,CHEQUE,27,True
957,INV-01108,CUS-0141,2023-09-12,49349.65,NEFT,57,True
958,INV-01109,CUS-0074,2024-04-20,7388.6,CHEQUE,27,True
959,INV-01110,CUS-0321,2022-11-18,183.32,NEFT,53,False
960,INV-01111,CUS-0140,2023-10-31,28970.95,CHEQUE,26,True
961,INV-01112,CUS-0187,2023-12-15,644.48,NEFT,29,True
962,INV-01113,CUS-0493,2022-07-13,2241.32,ONLINE,25,True
963,INV-01114,CUS-0283,2022-06-09,393.98,ONLINE,26,True
964,INV-01115,CUS-0257,2022-06-09,1511.05,CHEQUE,43,False
965,INV-01116,CUS-0099,2023-03-05,15668.59,NEFT,45,True
966,INV-01118,CUS-0126,2023-06-18,4804.63,NEFT,59,True
967,INV-01119,CUS-0159,2024-03-02,5196.12,NEFT,30,True
968,INV-01120,CUS-0189,2023-02-24,23223.46,CHEQUE,74,False
969,INV-01121,CUS-0296,2024-02-04,1330.44,NEFT,32,False
970,INV-01122,CUS-0380,2023-04-14,1130.99,NEFT,43,True
971,INV-01124,CUS-0115,2023-10-22,28902.75,NEFT,56,True
972,INV-01125,CUS-0292,2023-04-19,12353.75,CHEQUE,45,True
973,INV-01126,CUS-0026,2023-07-19,1638.6,CHEQUE,45,True
974,INV-01128,CUS-0401,2023-05-02,93527.75,RTGS,43,True
975,INV-01129,CUS-0483,2024-02-09,1056.35,RTGS,25,True
976,INV-01131,CUS-0486,2024-05-04,3122.0,RTGS,44,True
977,INV-01132,CUS-0076,2024-02-03,7978.28,RTGS,60,True
978,INV-01133,CUS-0479,2023-10-11,11939.51,RTGS,40,True
979,INV-01134,CUS-0450,2023-06-30,8574.23,NEFT,59,True
980,INV-01135,CUS-0169,2023-08-25,343.83,ONLINE,29,True
981,INV-01136,CUS-0279,2023-08-10,2378.61,RTGS,45,True
982,INV-01137,CUS-0258,2023-06-30,9516.89,NEFT,30,True
983,INV-01138,CUS-0209,2022-06-30,2739.08,NEFT,30,True
984,INV-01139,CUS-0262,2023-04-13,511.37,CHEQUE,57,True
985,INV-01140,CUS-0253,2024-01-14,4352.32,CHEQUE,44,True
986,INV-01141,CUS-0471,2023-12-24,10725.61,NEFT,45,True
987,INV-01142,CUS-0354,2023-05-03,7269.54,NEFT,30,True
988,INV-01143,CUS-0212,2023-05-02,4449.99,ONLINE,61,False
989,INV-01144,CUS-0205,2023-01-02,8662.92,ONLINE,40,True
990,INV-01145,CUS-0062,2022-12-01,3622.1,RTGS,40,True
991,INV-01148,CUS-0230,2023-01-21,20801.86,RTGS,45,True
992,INV-01149,CUS-0310,2023-11-19,95830.47,RTGS,43,True
993,INV-01152,CUS-0368,2024-02-20,31383.37,RTGS,43,True
994,INV-01153,CUS-0106,2023-10-14,848.36,ONLINE,59,True
995,INV-01154,CUS-0007,2023-07-31,295.81,ONLINE,42,True
996,INV-01157,CUS-0281,2023-08-22,4876.03,ONLINE,76,False
997,INV-01158,CUS-0280,2023-06-16,1115.6,RTGS,55,True
998,INV-01159,CUS-0455,2022-07-23,525.63,RTGS,48,False
999,INV-01160,CUS-0226,2023-12-15,9860.37,NEFT,26,True
1000,INV-01161,CUS-0407,2023-09-26,449.46,CHEQUE,60,True
1001,INV-01162,CUS-0422,2023-03-03,4199.63,CHEQUE,44,True
1002,INV-01163,CUS-0422,2023-07-15,337.5,RTGS,44,True
1003,INV-01165,CUS-0300,2024-04-08,569.93,NEFT,29,True
1004,INV-01167,CUS-0214,2023-02-28,544.97,NEFT,25,True
1005,INV-01168,CUS-0366,2023-02-11,8449.88,RTGS,25,True
1006,INV-01169,CUS-0262,2022-12-11,186.36,RTGS,58,True
1007,INV-01170,CUS-0278,2022-05-29,2610.93,RTGS,41,True
1008,INV-01171,CUS-0269,2023-07-03,922.37,ONLINE,44,True
1009,INV-01172,CUS-0190,2023-07-05,553.34,NEFT,42,True
1010,INV-01173,CUS-0376,2022-05-12,4611.33,RTGS,40,True
1011,INV-01174,CUS-0230,2023-06-16,2144.58,CHEQUE,42,True
1012,INV-01175,CUS-0451,2023-08-03,13582.39,NEFT,59,False
1013,INV-01176,CUS-0163,2022-06-05,1373.91,NEFT,59,True
1014,INV-01177,CUS-0221,2023-01-24,32817.82,ONLINE,59,True
1015,INV-01178,CUS-0357,2023-12-07,8562.04,RTGS,25,True
1016,INV-01179,CUS-0050,2022-09-11,3320.66,CHEQUE,43,True
1017,INV-01180,CUS-0455,2023-08-28,1437.41,NEFT,30,True
1018,INV-01181,CUS-0007,2024-03-28,408.62,RTGS,44,True
1019,INV-01182,CUS-0108,2022-11-22,11751.98,RTGS,70,False
1020,INV-01183,CUS-0347,2024-04-27,34892.3,NEFT,32,False
1021,INV-01185,CUS-0292,2023-05-04,20157.14,NEFT,43,True
1022,INV-01187,CUS-0154,2024-05-21,1365.55,RTGS,58,True
1023,INV-01188,CUS-0359,2022-11-23,7754.53,NEFT,30,True
1024,INV-01189,CUS-0084,2023-12-01,3225.17,ONLINE,59,True
1025,INV-01191,CUS-0263,2023-05-12,8685.3,RTGS,57,True
1026,INV-01192,CUS-0271,2024-01-22,562.12,CHEQUE,56,False
1027,INV-01193,CUS-0494,2022-09-24,3130.02,CHEQUE,65,False
1028,INV-01194,CUS-0190,2023-09-28,5134.92,RTGS,42,True
1029,INV-01195,CUS-0255,2023-04-20,7162.94,ONLINE,41,True
1030,INV-01196,CUS-0305,2022-05-21,17579.28,NEFT,45,True
1031,INV-01197,CUS-0082,2023-09-25,7594.37,CHEQUE,42,True
1032,INV-01198,CUS-0480,2023-07-13,2896.19,NEFT,28,True
1033,INV-01199,CUS-0336,2023-10-22,2681.06,ONLINE,40,True
1034,INV-01202,CUS-0091,2022-06-23,10210.09,RTGS,40,False
1035,INV-01203,CUS-0208,2024-01-29,2352.21,NEFT,77,False
1036,INV-01204,CUS-0461,2023-03-17,1966.16,NEFT,56,True
1037,INV-01205,CUS-0161,2023-04-17,1248.72,NEFT,55,True
1038,INV-01206,CUS-0405,2023-11-03,455.33,RTGS,30,True
1039,INV-01207,CUS-0172,2022-11-16,18339.75,ONLINE,45,True
1040,INV-01208,CUS-0277,2023-07-13,1177.07,ONLINE,58,True
1041,INV-01209,CUS-0096,2023-06-30,14562.98,ONLINE,29,True
1042,INV-01210,CUS-0167,2023-03-13,632.95,CHEQUE,28,True
1043,INV-01212,CUS-0149,2022-07-21,11466.13,ONLINE,42,True
1044,INV-01213,CUS-0063,2023-01-26,4710.44,RTGS,44,True
1045,INV-01214,CUS-0275,2023-06-08,6414.73,CHEQUE,45,True
1046,INV-01215,CUS-0118,2023-06-19,7229.16,RTGS,61,False
1047,INV-01216,CUS-0159,2023-12-18,2593.55,CHEQUE,55,False
1048,INV-01217,CUS-0167,2023-10-29,526.3,CHEQUE,30,True
1049,INV-01218,CUS-0256,2023-12-12,1290.49,RTGS,58,True
1050,INV-01219,CUS-0055,2022-10-26,7380.75,NEFT,43,True
1051,INV-01222,CUS-0482,2024-01-19,10063.8,ONLINE,76,False
1052,INV-01223,CUS-0479,2022-07-26,41474.26,RTGS,40,True
1053,INV-01224,CUS-0017,2024-04-01,6383.36,CHEQUE,55,True
1054,INV-01225,CUS-0316,2023-04-24,546.28,CHEQUE,42,True
1055,INV-01226,CUS-0285,2022-06-21,10687.24,NEFT,40,True
1056,INV-01228,CUS-0009,2023-08-13,18283.75,RTGS,49,False
1057,INV-01229,CUS-0335,2024-04-07,1565.52,ONLINE,59,True
1058,INV-01230,CUS-0304,2023-02-02,2380.56,CHEQUE,29,True
1059,INV-01232,CUS-0012,2022-07-12,250401.89,ONLINE,40,True
1060,INV-01233,CUS-0384,2024-02-03,26079.55,NEFT,41,True
1061,INV-01235,CUS-0375,2023-01-13,1155.04,ONLINE,63,False
1062,INV-01236,CUS-0061,2023-07-09,5637.16,NEFT,82,False
1063,INV-01238,CUS-0032,2023-03-18,5385.24,ONLINE,56,True
1064,INV-01239,CUS-0472,2022-11-28,11139.8,NEFT,26,True
1065,INV-01240,CUS-0078,2023-10-29,5009.75,ONLINE,42,True
1066,INV-01241,CUS-0056,2023-06-27,2085.41,NEFT,30,True
1067,INV-01242,CUS-0182,2023-02-08,17773.25,NEFT,57,True
1068,INV-01244,CUS-0399,2024-02-27,1022.62,ONLINE,82,False
1069,INV-01246,CUS-0130,2023-01-28,673.03,CHEQUE,59,True
1070,INV-01247,CUS-0314,2022-10-09,2050.83,ONLINE,56,True
1071,INV-01248,CUS-0428,2023-11-15,2519.11,ONLINE,40,True
1072,INV-01249,CUS-0302,2023-05-17,1331.95,ONLINE,25,True
1073,INV-01250,CUS-0319,2023-06-19,6135.96,RTGS,77,False
1074,INV-01251,CUS-0440,2023-03-26,3420.11,CHEQUE,29,True
1075,INV-01253,CUS-0152,2022-08-28,2632.56,NEFT,45,True
1076,INV-01255,CUS-0076,2023-10-20,5678.06,CHEQUE,60,True
1077,INV-01256,CUS-0453,2023-03-01,1009.02,RTGS,25,True
1078,INV-01257,CUS-0482,2023-09-11,3836.61,NEFT,59,True
1079,INV-01258,CUS-0451,2023-11-08,14045.37,NEFT,44,True
1080,INV-01259,CUS-0160,2023-02-07,1673.84,RTGS,41,True
1081,INV-01260,CUS-0200,2024-03-02,645.72,ONLINE,29,True
1082,INV-01261,CUS-0471,2022-06-09,8763.09,ONLINE,44,True
1083,INV-01262,CUS-0484,2023-05-08,4973.11,NEFT,27,True
1084,INV-01263,CUS-0296,2022-10-25,7743.92,ONLINE,27,True
1085,INV-01264,CUS-0430,2024-05-19,8939.33,RTGS,59,True
1086,INV-01265,CUS-0442,2023-04-03,218.64,CHEQUE,66,False
1087,INV-01267,CUS-0160,2023-11-04,1260.87,RTGS,40,True
1088,INV-01268,CUS-0333,2023-09-23,19624.22,RTGS,56,True
1089,INV-01270,CUS-0421,2023-06-01,1807.86,RTGS,59,True
1090,INV-01271,CUS-0409,2023-06-18,11416.58,CHEQUE,27,True
1091,INV-01272,CUS-0297,2023-10-30,1087.1,ONLINE,66,False
1092,INV-01273,CUS-0023,2022-11-24,495.78,RTGS,57,True
1093,INV-01274,CUS-0364,2023-11-20,4694.13,NEFT,55,True
1094,INV-01275,CUS-0066,2023-12-23,5356.74,RTGS,70,False
1095,INV-01277,CUS-0068,2022-07-09,900.02,NEFT,59,False
1096,INV-01278,CUS-0394,2022-05-14,2520.56,CHEQUE,42,True
1097,INV-01281,CUS-0336,2022-11-16,252.38,NEFT,40,True
1098,INV-01282,CUS-0347,2022-12-03,48181.82,CHEQUE,28,True
1099,INV-01283,CUS-0323,2023-11-10,3286.78,RTGS,29,True
1100,INV-01284,CUS-0423,2023-07-06,670.38,NEFT,45,True
1101,INV-01285,CUS-0043,2022-11-01,11169.75,RTGS,37,False
1102,INV-01286,CUS-0077,2024-04-20,754.36,RTGS,73,False
1103,INV-01287,CUS-0399,2023-05-08,72486.9,ONLINE,58,True
1104,INV-01288,CUS-0326,2022-10-28,1883.86,NEFT,58,True
1105,INV-01289,CUS-0390,2022-08-26,1014.06,ONLINE,27,True
1106,INV-01290,CUS-0139,2024-01-05,1862.4,ONLINE,42,True
1107,INV-01291,CUS-0076,2023-05-21,33170.79,NEFT,60,True
1108,INV-01292,CUS-0138,2023-01-26,107473.72,NEFT,55,False
1109,INV-01294,CUS-0004,2024-02-27,10260.83,ONLINE,45,True
1110,INV-01295,CUS-0354,2023-06-17,9772.37,ONLINE,39,False
1111,INV-01296,CUS-0495,2022-10-05,2437.79,ONLINE,58,True
1112,INV-01297,CUS-0432,2022-12-30,1202.39,CHEQUE,60,False
1113,INV-01298,CUS-0236,2023-05-22,8106.18,NEFT,64,False
1114,INV-01301,CUS-0290,2023-09-06,2548.03,NEFT,59,True
1115,INV-01302,CUS-0108,2023-10-16,13161.93,CHEQUE,45,True
1116,INV-01303,CUS-0424,2023-09-07,2664.28,RTGS,28,True
1117,INV-01305,CUS-0152,2022-06-21,26257.4,NEFT,44,True
1118,INV-01306,CUS-0098,2023-09-10,1576.03,CHEQUE,29,True
1119,INV-01307,CUS-0352,2023-05-22,912.64,NEFT,55,True
1120,INV-01308,CUS-0357,2024-04-27,1280.95,RTGS,28,True
1121,INV-01309,CUS-0346,2024-05-17,1893.9,NEFT,55,True
1122,INV-01311,CUS-0221,2023-04-28,12885.85,NEFT,57,True
1123,INV-01312,CUS-0271,2024-02-07,970.76,ONLINE,26,True
1124,INV-01313,CUS-0199,2022-05-12,6082.53,RTGS,41,True
1125,INV-01314,CUS-0122,2023-08-18,3897.83,ONLINE,58,False
1126,INV-01315,CUS-0446,2023-08-29,3017.91,CHEQUE,58,True
1127,INV-01317,CUS-0364,2023-09-20,1921.05,NEFT,60,True
1128,INV-01319,CUS-0499,2023-11-20,366.53,NEFT,57,True
1129,INV-01321,CUS-0381,2023-01-12,1807.86,CHEQUE,29,True
1130,INV-01322,CUS-0283,2023-04-25,2083.18,NEFT,28,True
1131,INV-01323,CUS-0394,2024-04-13,1785.44,CHEQUE,40,True
1132,INV-01324,CUS-0154,2022-08-09,988.21,ONLINE,59,True
1133,INV-01325,CUS-0496,2023-02-11,3860.62,RTGS,30,True
1134,INV-01326,CUS-0278,2022-07-17,490.82,NEFT,45,True
1135,INV-01327,CUS-0363,2024-03-23,8573.75,ONLINE,54,False
1136,INV-01328,CUS-0055,2022-07-12,2551.94,RTGS,44,True
1137,INV-01329,CUS-0458,2023-09-13,1708.38,CHEQUE,29,True
1138,INV-01330,CUS-0347,2022-10-06,15283.31,CHEQUE,34,False
1139,INV-01332,CUS-0358,2023-03-25,9081.96,ONLINE,44,True
1140,INV-01333,CUS-0022,2024-03-27,13066.98,CHEQUE,60,True
1141,INV-01334,CUS-0066,2022-11-12,326910.99,NEFT,43,True
1142,INV-01335,CUS-0479,2023-09-25,22379.01,RTGS,42,True
1143,INV-01336,CUS-0194,2022-07-06,60878.41,RTGS,30,True
1144,INV-01337,CUS-0231,2023-05-11,6142.32,NEFT,29,True
1145,INV-01338,CUS-0464,2024-04-01,32852.07,ONLINE,40,True
1146,INV-01339,CUS-0076,2022-10-01,19855.76,CHEQUE,56,True
1147,INV-01340,CUS-0186,2023-06-25,4512.23,CHEQUE,45,True
1148,INV-01341,CUS-0484,2022-08-15,4123.38,CHEQUE,55,False
1149,INV-01342,CUS-0094,2023-05-31,2651.23,ONLINE,55,True
1150,INV-01344,CUS-0058,2023-11-01,3455.22,RTGS,59,True
1151,INV-01345,CUS-0469,2022-10-21,1017.62,CHEQUE,52,False
1152,INV-01347,CUS-0279,2024-04-04,4123.11,ONLINE,40,True
1153,INV-01348,CUS-0386,2023-03-24,1384.56,NEFT,58,True
1154,INV-01349,CUS-0060,2022-07-19,4089.37,ONLINE,25,True
1155,INV-01351,CUS-0333,2023-08-08,2732.8,ONLINE,60,True
1156,INV-01352,CUS-0398,2023-09-15,3222.27,CHEQUE,26,True
1157,INV-01353,CUS-0463,2023-10-16,2943.36,ONLINE,60,True
1158,INV-01354,CUS-0336,2023-08-26,375.79,ONLINE,43,True
1159,INV-01355,CUS-0179,2022-09-19,30765.39,NEFT,57,True
1160,INV-01356,CUS-0392,2023-09-03,223.35,NEFT,58,True
1161,INV-01358,CUS-0093,2023-02-04,604.83,NEFT,48,False
1162,INV-01359,CUS-0057,2023-05-01,1717.25,ONLINE,28,True
1163,INV-01360,CUS-0227,2023-04-04,3999.61,CHEQUE,30,True
1164,INV-01361,CUS-0319,2023-03-02,3577.52,RTGS,57,True
1165,INV-01362,CUS-0102,2022-08-06,1334.24,CHEQUE,57,True
1166,INV-01363,CUS-0469,2024-01-04,1793.79,ONLINE,41,True
1167,INV-01364,CUS-0372,2022-09-10,1918.84,ONLINE,27,True
1168,INV-01365,CUS-0251,2023-10-31,1994.71,CHEQUE,56,True
1169,INV-01366,CUS-0490,2022-10-05,2048.45,NEFT,42,True
1170,INV-01367,CUS-0318,2023-04-18,17965.27,RTGS,61,False
1171,INV-01368,CUS-0305,2024-03-24,6121.09,RTGS,55,False
1172,INV-01370,CUS-0285,2022-09-17,1418.1,NEFT,42,True
1173,INV-01371,CUS-0462,2022-12-26,293.29,NEFT,56,True
1174,INV-01372,CUS-0353,2023-01-15,11716.57,NEFT,25,True
1175,INV-01375,CUS-0066,2022-10-29,14773.99,RTGS,41,True
1176,INV-01376,CUS-0016,2024-04-15,872.59,CHEQUE,81,False
1177,INV-01377,CUS-0110,2022-11-15,3326.02,NEFT,30,True
1178,INV-01378,CUS-0210,2022-08-17,1352.5,RTGS,59,True
1179,INV-01379,CUS-0013,2022-06-20,2803.94,ONLINE,27,True
1180,INV-01380,CUS-0470,2022-11-16,1971.72,ONLINE,60,True
1181,INV-01382,CUS-0262,2024-05-14,1804.25,ONLINE,55,True
1182,INV-01383,CUS-0086,2024-01-26,6411.95,RTGS,60,True
1183,INV-01384,CUS-0224,2023-12-28,2800.58,ONLINE,25,True
1184,INV-01385,CUS-0314,2024-06-15,321.37,CHEQUE,82,False
1185,INV-01386,CUS-0443,2024-04-16,2020.17,ONLINE,42,True
1186,INV-01387,CUS-0234,2023-09-06,18587.23,CHEQUE,27,True
1187,INV-01388,CUS-0464,2023-03-16,55403.33,CHEQUE,41,True
1188,INV-01389,CUS-0148,2023-11-16,11034.16,CHEQUE,55,True
1189,INV-01391,CUS-0413,2023-03-03,4350.05,CHEQUE,44,True
1190,INV-01393,CUS-0390,2023-04-04,899.54,RTGS,28,True
1191,INV-01394,CUS-0453,2022-06-10,7981.67,NEFT,25,True
1192,INV-01395,CUS-0333,2022-08-15,1421.2,ONLINE,81,False
1193,INV-01396,CUS-0196,2023-03-11,6833.44,CHEQUE,51,False
1194,INV-01397,CUS-0268,2023-12-29,590.05,NEFT,26,True
1195,INV-01398,CUS-0472,2022-06-27,386.44,NEFT,25,True
1196,INV-01399,CUS-0059,2024-01-19,2320.07,RTGS,27,True
1197,INV-01401,CUS-0156,2023-05-06,2704.57,NEFT,66,False
1198,INV-01402,CUS-0478,2023-05-24,2048.17,NEFT,28,True
1199,INV-01403,CUS-0170,2022-08-10,2644.94,CHEQUE,43,True
1200,INV-01404,CUS-0147,2023-03-01,535.23,RTGS,57,True
1201,INV-01405,CUS-0498,2022-12-25,4018.55,RTGS,57,True
1202,INV-01406,CUS-0488,2022-07-12,1269.05,NEFT,59,True
1203,INV-01407,CUS-0159,2023-04-07,1240.63,NEFT,25,True
1204,INV-01408,CUS-0266,2023-09-12,7377.62,NEFT,30,True
1205,INV-01409,CUS-0341,2023-09-21,1558.62,RTGS,25,True
1206,INV-01410,CUS-0032,2024-03-05,2723.62,RTGS,57,True
1207,INV-01412,CUS-0376,2022-10-12,5349.86,NEFT,44,True
1208,INV-01413,CUS-0403,2022-10-11,1696.89,RTGS,45,True
1209,INV-01415,CUS-0182,2022-08-20,15984.27,NEFT,63,False
1210,INV-01416,CUS-0025,2023-10-01,11174.16,NEFT,29,True
1211,INV-01417,CUS-0335,2022-08-14,2128.47,NEFT,60,True
1212,INV-01418,CUS-0092,2022-08-27,3765.47,CHEQUE,27,True
1213,INV-01420,CUS-0213,2023-11-22,636.39,RTGS,55,True
1214,INV-01421,CUS-0219,2024-02-23,1695.69,NEFT,86,False
1215,INV-01422,CUS-0315,2022-06-26,4261.56,RTGS,80,False
1216,INV-01423,CUS-0277,2023-06-12,1192.34,ONLINE,60,True
1217,INV-01424,CUS-0205,2023-06-10,3486.3,ONLINE,40,True
1218,INV-01425,CUS-0183,2022-11-05,452.03,NEFT,29,True
1219,INV-01426,CUS-0292,2022-09-04,25955.5,ONLINE,44,True
1220,INV-01427,CUS-0415,2023-02-19,55447.2,ONLINE,27,True
1221,INV-01428,CUS-0055,2023-03-10,7193.16,CHEQUE,45,True
1222,INV-01429,CUS-0307,2022-10-27,635.78,RTGS,58,True
1223,INV-01430,CUS-0080,2023-06-15,2443.58,ONLINE,41,True
1224,INV-01431,CUS-0474,2022-11-25,8010.78,RTGS,56,True
1225,INV-01432,CUS-0247,2024-03-22,431.2,ONLINE,30,True
1226,INV-01433,CUS-0021,2023-09-13,1060.55,RTGS,30,True
1227,INV-01435,CUS-0114,2023-07-16,8512.58,CHEQUE,45,True
1228,INV-01437,CUS-0456,2023-04-25,4700.71,CHEQUE,58,True
1229,INV-01438,CUS-0328,2023-01-31,3901.79,CHEQUE,70,False
1230,INV-01439,CUS-0151,2022-07-21,9394.1,CHEQUE,26,True
1231,INV-01441,CUS-0381,2023-06-03,1829.39,RTGS,29,True
1232,INV-01442,CUS-0239,2023-09-23,9986.08,RTGS,40,True
1233,INV-01443,CUS-0487,2022-11-15,2518.96,NEFT,25,True
1234,INV-01444,CUS-0073,2023-03-05,16143.66,ONLINE,30,True
1235,INV-01445,CUS-0351,2022-06-22,8776.35,ONLINE,60,True
1236,INV-01446,CUS-0364,2022-07-03,6801.85,NEFT,57,True
1237,INV-01447,CUS-0142,2023-10-05,40492.91,NEFT,27,True
1238,INV-01448,CUS-0082,2023-04-17,353.61,CHEQUE,45,True
1239,INV-01450,CUS-0257,2024-01-07,8189.72,NEFT,41,False
1240,INV-01451,CUS-0082,2024-01-09,10091.55,ONLINE,41,True
1241,INV-01452,CUS-0344,2023-04-01,825.8,ONLINE,40,True
1242,INV-01453,CUS-0138,2023-02-21,8304.76,CHEQUE,44,True
1243,INV-01454,CUS-0349,2022-07-18,1357.69,CHEQUE,28,True
1244,INV-01455,CUS-0245,2023-05-28,5502.95,CHEQUE,73,False
1245,INV-01456,CUS-0449,2023-05-16,6616.36,CHEQUE,28,True
1246,INV-01457,CUS-0488,2023-07-21,6634.1,ONLINE,58,True
1247,INV-01458,CUS-0142,2022-11-22,11745.89,NEFT,45,False
1248,INV-01460,CUS-0048,2022-09-10,34625.54,CHEQUE,56,True
1249,INV-01462,CUS-0372,2023-06-04,5601.41,RTGS,27,True
1250,INV-01463,CUS-0341,2023-10-31,1116.24,NEFT,26,True
1251,INV-01464,CUS-0026,2023-02-17,1703.77,NEFT,44,True
1252,INV-01465,CUS-0173,2023-08-03,558.51,CHEQUE,68,False
1253,INV-01466,CUS-0083,2023-08-16,47454.3,CHEQUE,28,True
1254,INV-01467,CUS-0368,2022-05-21,3166.14,NEFT,41,True
1255,INV-01468,CUS-0217,2022-06-11,432.01,NEFT,58,True
1256,INV-01469,CUS-0116,2022-10-10,469.4,CHEQUE,28,True
1257,INV-01470,CUS-0062,2023-04-25,984.12,CHEQUE,43,True
1258,INV-01471,CUS-0259,2024-01-03,683.34,CHEQUE,43,True
1259,INV-01472,CUS-0203,2023-11-16,728.2,RTGS,59,True
1260,INV-01474,CUS-0037,2022-11-20,965.51,ONLINE,26,True
1261,INV-01475,CUS-0110,2024-02-19,6511.07,RTGS,25,True
1262,INV-01476,CUS-0033,2022-06-28,18338.72,NEFT,26,True
1263,INV-01477,CUS-0161,2023-01-19,51104.53,CHEQUE,55,True
1264,INV-01478,CUS-0261,2024-01-26,1696.42,CHEQUE,56,True
1265,INV-01479,CUS-0431,2024-02-07,2164.51,CHEQUE,43,True
1266,INV-01480,CUS-0328,2023-03-03,980.2,ONLINE,45,True
1267,INV-01481,CUS-0067,2022-12-02,46678.48,ONLINE,72,False
1268,INV-01482,CUS-0370,2022-08-26,6353.95,RTGS,42,True
1269,INV-01483,CUS-0418,2022-10-06,2590.67,CHEQUE,38,False
1270,INV-01484,CUS-0087,2022-07-13,3290.42,NEFT,28,True
1271,INV-01485,CUS-0276,2022-06-14,13516.58,RTGS,41,True
1272,INV-01486,CUS-0147,2022-07-11,1292.4,RTGS,89,False
1273,INV-01487,CUS-0055,2022-10-06,4967.2,RTGS,43,True
1274,INV-01488,CUS-0063,2023-12-03,1596.08,RTGS,72,False
1275,INV-01490,CUS-0258,2024-02-08,4017.4,RTGS,42,False
1276,INV-01491,CUS-0430,2024-04-27,2343.79,NEFT,60,True
1277,INV-01493,CUS-0284,2022-10-24,296.9,ONLINE,43,True
1278,INV-01494,CUS-0320,2023-12-21,1787.81,RTGS,57,True
1279,INV-01495,CUS-0073,2023-08-25,2047.46,NEFT,25,True
1280,INV-01497,CUS-0101,2024-02-15,1609.09,RTGS,29,True
1281,INV-01498,CUS-0101,2023-11-19,933.84,CHEQUE,28,True
1282,INV-01499,CUS-0027,2023-09-10,13275.59,NEFT,28,True
1283,INV-01500,CUS-0186,2024-03-31,143970.66,CHEQUE,40,True
1284,INV-01501,CUS-0122,2024-01-24,48002.92,CHEQUE,41,True
1285,INV-01502,CUS-0308,2022-05-25,14582.4,ONLINE,45,True
1286,INV-01503,CUS-0025,2023-05-20,9094.71,NEFT,29,True
1287,INV-01505,CUS-0476,2023-05-29,12162.26,NEFT,56,True
1288,INV-01507,CUS-0180,2022-05-20,11430.55,CHEQUE,30,True
1289,INV-01509,CUS-0025,2023-08-03,16573.6,NEFT,27,True
1290,INV-01510,CUS-0189,2023-01-08,75349.1,NEFT,42,True
1291,INV-01511,CUS-0152,2024-04-22,3523.78,NEFT,54,False
1292,INV-01512,CUS-0284,2023-06-22,2662.23,RTGS,44,True
1293,INV-01513,CUS-0360,2022-09-10,1039.32,CHEQUE,43,True
1294,INV-01514,CUS-0080,2023-06-23,1631.97,CHEQUE,47,False
1295,INV-01515,CUS-0372,2022-04-27,1148.51,RTGS,26,True
1296,INV-01516,CUS-0414,2023-03-03,13178.37,CHEQUE,57,True
1297,INV-01517,CUS-0067,2023-10-02,5828.92,CHEQUE,76,False
1298,INV-01518,CUS-0439,2023-08-24,6181.1,NEFT,40,True
1299,INV-01519,CUS-0082,2024-01-10,4358.96,NEFT,42,True
1300,INV-01520,CUS-0331,2022-09-15,785.53,CHEQUE,58,True
1301,INV-01521,CUS-0262,2024-01-29,791.73,RTGS,55,True
1302,INV-01524,CUS-0350,2023-02-22,40097.0,CHEQUE,58,True
1303,INV-01525,CUS-0427,2023-10-13,1817.17,ONLINE,57,True
1304,INV-01527,CUS-0189,2024-04-17,12423.64,ONLINE,70,False
1305,INV-01528,CUS-0389,2023-05-30,3431.81,RTGS,30,True
1306,INV-01529,CUS-0231,2023-05-08,1013.93,CHEQUE,56,False
1307,INV-01530,CUS-0405,2023-10-28,1533.35,ONLINE,28,True
1308,INV-01531,CUS-0351,2023-04-29,2041.06,ONLINE,58,True
1309,INV-01532,CUS-0084,2024-02-04,16872.63,ONLINE,58,True
1310,INV-01533,CUS-0474,2023-07-11,5684.81,NEFT,56,True
1311,INV-01534,CUS-0310,2022-10-24,53240.04,NEFT,65,False
1312,INV-01536,CUS-0465,2022-11-21,3657.42,NEFT,71,False
1313,INV-01537,CUS-0096,2023-01-01,382056.14,ONLINE,28,True
1314,INV-01538,CUS-0384,2024-04-19,89849.68,CHEQUE,53,False
1315,INV-01539,CUS-0395,2023-05-01,2477.27,NEFT,52,False
1316,INV-01540,CUS-0449,2023-02-11,16430.93,ONLINE,26,True
1317,INV-01541,CUS-0424,2024-01-15,580.68,RTGS,28,True
1318,INV-01542,CUS-0391,2023-02-25,1401.3,CHEQUE,68,False
1319,INV-01543,CUS-0249,2023-12-05,288.23,CHEQUE,27,True
1320,INV-01544,CUS-0460,2023-09-17,2000.11,NEFT,48,False
1321,INV-01545,CUS-0472,2022-12-11,460.81,ONLINE,26,True
1322,INV-01546,CUS-0439,2023-02-02,3131.62,ONLINE,41,True
1323,INV-01547,CUS-0044,2022-09-03,3980.14,ONLINE,30,True
1324,INV-01548,CUS-0317,2022-05-08,3312.84,CHEQUE,28,True
1325,INV-01549,CUS-0468,2024-04-13,87834.57,ONLINE,29,True
1326,INV-01550,CUS-0315,2023-11-21,5630.84,NEFT,55,True
1327,INV-01552,CUS-0064,2023-05-04,11627.86,RTGS,25,True
1328,INV-01553,CUS-0172,2024-03-11,5196.5,ONLINE,45,True
1329,INV-01554,CUS-0106,2023-01-20,502.26,CHEQUE,56,True
1330,INV-01555,CUS-0333,2023-12-07,8205.93,RTGS,55,True
1331,INV-01556,CUS-0220,2022-06-15,44104.03,RTGS,27,True
1332,INV-01557,CUS-0137,2023-09-29,1146.27,ONLINE,57,True
1333,INV-01558,CUS-0427,2023-05-30,860.17,NEFT,58,True
1334,INV-01559,CUS-0112,2023-04-25,188.89,CHEQUE,56,True
1335,INV-01560,CUS-0047,2024-05-09,22002.78,CHEQUE,85,False
1336,INV-01562,CUS-0087,2023-07-08,14561.38,ONLINE,27,True
1337,INV-01563,CUS-0302,2023-02-20,27223.86,RTGS,27,True
1338,INV-01564,CUS-0449,2022-08-18,345.55,ONLINE,30,True
1339,INV-01567,CUS-0390,2023-03-14,1003.65,NEFT,26,True
1340,INV-01568,CUS-0402,2023-06-03,1398.6,CHEQUE,44,False
1341,INV-01569,CUS-0087,2022-07-30,1462.38,CHEQUE,28,True
1342,INV-01570,CUS-0198,2023-12-29,374.95,ONLINE,59,True
1343,INV-01571,CUS-0440,2023-07-24,1190.02,ONLINE,28,True
1344,INV-01572,CUS-0146,2024-02-15,48599.29,ONLINE,42,True
1345,INV-01573,CUS-0104,2022-12-14,24703.81,RTGS,60,True
1346,INV-01574,CUS-0159,2022-11-18,1637.7,NEFT,26,True
1347,INV-01575,CUS-0062,2023-02-01,1128.62,CHEQUE,42,True
1348,INV-01576,CUS-0369,2023-06-24,8217.87,NEFT,74,False
1349,INV-01578,CUS-0453,2023-04-17,226.68,ONLINE,27,True
1350,INV-01579,CUS-0384,2022-06-26,107270.35,RTGS,63,False
1351,INV-01580,CUS-0262,2023-03-12,1041.5,CHEQUE,59,True
1352,INV-01581,CUS-0046,2023-11-07,2955.25,CHEQUE,29,True
1353,INV-01583,CUS-0444,2024-03-23,2616.16,RTGS,59,True
1354,INV-01584,CUS-0080,2022-12-20,1780.88,NEFT,42,True
1355,INV-01585,CUS-0237,2022-06-02,255.74,ONLINE,47,False
1356,INV-01586,CUS-0101,2023-03-16,1915.33,RTGS,28,True
1357,INV-01587,CUS-0170,2024-05-03,19829.28,CHEQUE,42,True
1358,INV-01588,CUS-0242,2022-10-25,5075.28,RTGS,26,True
1359,INV-01590,CUS-0478,2024-03-03,3484.05,CHEQUE,26,True
1360,INV-01591,CUS-0198,2024-04-02,1808.19,RTGS,78,False
1361,INV-01592,CUS-0428,2023-09-30,2235.95,ONLINE,43,True
1362,INV-01593,CUS-0233,2023-12-03,4552.03,CHEQUE,26,True
1363,INV-01594,CUS-0043,2023-01-16,4409.5,ONLINE,25,True
1364,INV-01595,CUS-0064,2023-03-10,32019.96,CHEQUE,29,True
1365,INV-01596,CUS-0262,2023-03-06,694.46,CHEQUE,58,True
1366,INV-01597,CUS-0329,2023-08-03,4285.82,NEFT,58,True
1367,INV-01599,CUS-0481,2023-06-30,12122.8,ONLINE,41,True
1368,INV-01600,CUS-0251,2023-12-24,10256.34,CHEQUE,57,True
1369,INV-01601,CUS-0202,2023-04-18,6272.49,RTGS,40,True
1370,INV-01602,CUS-0386,2024-04-19,791.56,NEFT,60,True
1371,INV-01603,CUS-0475,2022-05-16,1396.05,NEFT,41,True
1372,INV-01604,CUS-0297,2023-04-16,573.31,CHEQUE,40,True
1373,INV-01605,CUS-0160,2022-11-01,430.75,NEFT,40,True
1374,INV-01606,CUS-0114,2023-03-27,5519.22,NEFT,41,True
1375,INV-01607,CUS-0210,2023-10-08,1017.41,ONLINE,60,True
1376,INV-01608,CUS-0488,2022-10-28,13571.16,CHEQUE,55,True
1377,INV-01610,CUS-0373,2022-10-22,23472.77,NEFT,60,False
1378,INV-01611,CUS-0271,2022-12-13,1110.16,NEFT,30,True
1379,INV-01612,CUS-0269,2024-02-24,852.01,ONLINE,45,True
1380,INV-01613,CUS-0279,2024-04-24,2623.7,RTGS,40,True
1381,INV-01614,CUS-0447,2024-04-18,4823.09,NEFT,40,True
1382,INV-01615,CUS-0189,2023-02-02,24731.15,RTGS,43,True
1383,INV-01616,CUS-0165,2023-08-08,1172.0,CHEQUE,27,True
1384,INV-01618,CUS-0069,2023-05-29,15367.85,CHEQUE,58,True
1385,INV-01619,CUS-0480,2023-10-14,704.58,NEFT,28,True
1386,INV-01620,CUS-0236,2022-07-26,7900.81,RTGS,79,False
1387,INV-01622,CUS-0369,2023-02-04,62936.82,CHEQUE,67,False
1388,INV-01624,CUS-0394,2023-09-01,6790.19,ONLINE,44,True
1389,INV-01625,CUS-0089,2023-08-30,11867.27,RTGS,60,True
1390,INV-01626,CUS-0398,2024-01-04,806.79,NEFT,28,True
1391,INV-01627,CUS-0058,2023-02-04,2316.31,RTGS,60,True
1392,INV-01628,CUS-0361,2024-03-12,2533.49,RTGS,41,False
1393,INV-01629,CUS-0213,2024-01-07,260.34,RTGS,70,False
1394,INV-01630,CUS-0415,2023-10-04,29719.43,ONLINE,27,True
1395,INV-01631,CUS-0361,2023-01-02,4561.47,CHEQUE,38,False
1396,INV-01632,CUS-0199,2023-01-14,19269.5,RTGS,42,True
1397,INV-01633,CUS-0115,2022-08-03,55383.28,ONLINE,89,False
1398,INV-01634,CUS-0168,2023-03-02,1695.11,RTGS,56,True
1399,INV-01635,CUS-0045,2024-01-09,1147.87,RTGS,58,True
1400,INV-01636,CUS-0129,2023-05-30,8422.97,RTGS,30,True
1401,INV-01638,CUS-0066,2024-05-10,19636.68,CHEQUE,44,True
1402,INV-01639,CUS-0349,2022-11-08,6464.71,ONLINE,29,True
1403,INV-01640,CUS-0453,2023-09-30,1185.66,NEFT,29,True
1404,INV-01641,CUS-0350,2022-07-27,35232.72,ONLINE,72,False
1405,INV-01643,CUS-0238,2023-03-31,1193.09,CHEQUE,45,True
1406,INV-01644,CUS-0481,2023-11-05,11223.6,CHEQUE,44,True
1407,INV-01646,CUS-0322,2023-01-12,3288.44,RTGS,43,True
1408,INV-01648,CUS-0040,2022-11-01,2029.44,NEFT,43,True
1409,INV-01649,CUS-0029,2022-08-28,702.36,NEFT,44,True
1410,INV-01650,CUS-0031,2024-04-18,27627.2,ONLINE,57,True
1411,INV-01651,CUS-0433,2023-11-21,440.73,CHEQUE,44,False
1412,INV-01652,CUS-0287,2022-09-02,1340.89,ONLINE,57,True
1413,INV-01653,CUS-0436,2024-02-05,28281.33,NEFT,27,True
1414,INV-01654,CUS-0081,2022-11-19,4197.13,NEFT,54,False
1415,INV-01655,CUS-0359,2024-02-25,2091.63,NEFT,29,True
1416,INV-01656,CUS-0301,2023-05-14,2035.09,NEFT,40,True
1417,INV-01657,CUS-0080,2023-10-15,1845.0,CHEQUE,43,True
1418,INV-01658,CUS-0173,2024-04-21,805.35,NEFT,83,False
1419,INV-01659,CUS-0021,2023-02-22,324.64,RTGS,27,True
1420,INV-01660,CUS-0184,2022-11-08,14919.18,ONLINE,40,True
1421,INV-01661,CUS-0056,2023-10-14,10630.58,NEFT,27,True
1422,INV-01662,CUS-0478,2023-08-18,807.33,CHEQUE,45,False
1423,INV-01663,CUS-0242,2024-01-17,16062.55,CHEQUE,28,True
1424,INV-01664,CUS-0429,2023-09-27,26356.88,ONLINE,28,True
1425,INV-01665,CUS-0220,2023-03-22,47118.45,CHEQUE,25,True
1426,INV-01666,CUS-0012,2023-06-20,13503.96,RTGS,41,True
1427,INV-01667,CUS-0105,2023-04-08,4284.57,ONLINE,45,True
1428,INV-01668,CUS-0181,2024-05-08,3048.66,RTGS,43,True
1429,INV-01669,CUS-0012,2023-10-12,28502.76,NEFT,74,False
1430,INV-01670,CUS-0104,2024-03-19,1625.66,ONLINE,60,True
1431,INV-01671,CUS-0061,2023-04-30,515.21,CHEQUE,84,False
1432,INV-01672,CUS-0181,2022-11-28,2159.8,NEFT,45,True
1433,INV-01673,CUS-0308,2024-02-01,16860.48,CHEQUE,42,True
1434,INV-01675,CUS-0197,2023-01-12,6932.54,CHEQUE,27,True
1435,INV-01676,CUS-0473,2022-05-30,5739.09,NEFT,55,False
1436,INV-01677,CUS-0499,2023-06-05,1870.84,NEFT,59,True
1437,INV-01678,CUS-0310,2023-09-27,20502.6,CHEQUE,45,True
1438,INV-01679,CUS-0138,2022-07-10,12066.96,RTGS,41,True
1439,INV-01680,CUS-0348,2022-12-16,206.15,NEFT,25,True
1440,INV-01681,CUS-0444,2022-06-27,1020.97,CHEQUE,84,False
1441,INV-01682,CUS-0235,2022-05-16,5799.22,CHEQUE,42,True
1442,INV-01683,CUS-0197,2023-09-25,8085.91,ONLINE,27,True
1443,INV-01684,CUS-0189,2023-04-10,292890.44,CHEQUE,40,True
1444,INV-01685,CUS-0372,2022-12-02,1865.62,CHEQUE,25,True
1445,INV-01686,CUS-0139,2022-10-20,7055.57,CHEQUE,40,True
1446,INV-01687,CUS-0337,2022-09-09,5458.33,RTGS,75,False
1447,INV-01688,CUS-0019,2023-08-20,29391.48,ONLINE,36,False
1448,INV-01690,CUS-0481,2023-11-07,26536.92,RTGS,42,True
1449,INV-01691,CUS-0395,2024-03-04,5097.44,ONLINE,73,False
1450,INV-01692,CUS-0230,2022-08-20,5292.05,RTGS,45,True
1451,INV-01694,CUS-0247,2023-07-16,1148.68,CHEQUE,29,True
1452,INV-01695,CUS-0182,2023-05-20,41026.24,ONLINE,81,False
1453,INV-01696,CUS-0434,2023-04-01,6115.23,CHEQUE,27,True
1454,INV-01698,CUS-0360,2023-02-17,1714.75,RTGS,41,True
1455,INV-01700,CUS-0288,2023-02-16,1589.04,RTGS,55,True
1456,INV-01701,CUS-0465,2024-03-15,10250.04,NEFT,77,False
1457,INV-01702,CUS-0493,2022-07-30,442.39,NEFT,29,True
1458,INV-01704,CUS-0434,2024-02-15,676.68,ONLINE,58,False
1459,INV-01705,CUS-0362,2024-04-17,5057.51,RTGS,29,True
1460,INV-01706,CUS-0349,2023-01-14,2504.7,RTGS,28,True
1461,INV-01707,CUS-0429,2024-04-21,8097.71,RTGS,27,True
1462,INV-01708,CUS-0496,2023-10-16,3172.42,RTGS,45,False
1463,INV-01709,CUS-0084,2022-12-18,559.32,NEFT,55,True
1464,INV-01710,CUS-0392,2023-04-20,7129.51,NEFT,57,True
1465,INV-01711,CUS-0433,2023-08-31,723.03,ONLINE,39,False
1466,INV-01712,CUS-0034,2024-02-01,837.74,ONLINE,54,False
1467,INV-01713,CUS-0140,2023-05-10,19572.36,ONLINE,25,True
1468,INV-01714,CUS-0333,2023-02-18,26469.39,NEFT,56,True
1469,INV-01715,CUS-0178,2023-09-12,61093.02,CHEQUE,43,True
1470,INV-01716,CUS-0331,2023-11-01,4280.43,ONLINE,58,True
1471,INV-01717,CUS-0272,2024-03-08,1267.22,ONLINE,45,True
1472,INV-01719,CUS-0049,2023-10-21,1924.93,ONLINE,68,False
1473,INV-01720,CUS-0149,2023-08-13,107218.77,RTGS,41,True
1474,INV-01721,CUS-0008,2024-04-30,20042.44,CHEQUE,58,True
1475,INV-01722,CUS-0259,2023-09-24,2153.72,RTGS,40,True
1476,INV-01723,CUS-0007,2023-01-18,678.62,CHEQUE,55,False
1477,INV-01724,CUS-0230,2022-09-29,14703.19,CHEQUE,40,True
1478,INV-01725,CUS-0039,2023-07-15,1655.26,RTGS,54,False
1479,INV-01726,CUS-0155,2023-11-20,2856.35,CHEQUE,65,False
1480,INV-01727,CUS-0351,2024-03-24,8153.41,RTGS,55,True
1481,INV-01729,CUS-0339,2023-08-09,6149.41,RTGS,42,True
1482,INV-01730,CUS-0408,2023-04-23,4265.52,CHEQUE,42,True
1483,INV-01731,CUS-0119,2024-01-19,950.07,CHEQUE,29,True
1484,INV-01733,CUS-0273,2023-11-22,1782.89,RTGS,27,True
1485,INV-01734,CUS-0378,2023-03-30,19255.66,CHEQUE,30,True
1486,INV-01735,CUS-0098,2022-12-30,896.24,ONLINE,28,True
1487,INV-01736,CUS-0451,2023-03-05,115864.92,RTGS,53,False
1488,INV-01737,CUS-0254,2022-12-28,6794.88,ONLINE,40,True
1489,INV-01738,CUS-0058,2024-02-13,1173.43,NEFT,56,True
1490,INV-01739,CUS-0401,2023-03-27,4688.78,CHEQUE,40,True
1491,INV-01740,CUS-0419,2024-03-25,3129.57,ONLINE,59,True
1492,INV-01741,CUS-0395,2023-04-14,1882.57,RTGS,45,True
1493,INV-01742,CUS-0038,2024-01-06,711.65,RTGS,27,True
1494,INV-01743,CUS-0165,2024-02-15,3407.02,CHEQUE,26,True
1495,INV-01744,CUS-0182,2023-05-18,15881.34,ONLINE,79,False
1496,INV-01745,CUS-0002,2022-09-05,2529.95,CHEQUE,44,True
1497,INV-01746,CUS-0239,2022-10-15,10833.89,RTGS,41,True
1498,INV-01747,CUS-0188,2024-01-29,180.77,CHEQUE,61,False
1499,INV-01749,CUS-0369,2023-08-20,8567.31,NEFT,49,False
1500,INV-01750,CUS-0412,2022-10-30,7974.54,RTGS,26,True
1501,INV-01751,CUS-0444,2023-08-02,1552.63,ONLINE,57,True
1502,INV-01752,CUS-0101,2023-03-10,1012.44,NEFT,25,True
1503,INV-01753,CUS-0080,2022-12-29,6407.48,CHEQUE,44,True
1504,INV-01754,CUS-0290,2023-03-29,2546.95,RTGS,57,True
1505,INV-01755,CUS-0379,2022-09-17,10940.32,RTGS,44,True
1506,INV-01756,CUS-0093,2024-03-15,1726.01,RTGS,71,False
1507,INV-01757,CUS-0399,2023-05-12,34912.41,CHEQUE,77,False
1508,INV-01758,CUS-0500,2023-12-20,153255.32,CHEQUE,28,True
1509,INV-01759,CUS-0138,2023-12-27,17094.51,ONLINE,43,True
1510,INV-01760,CUS-0133,2022-10-04,18446.52,NEFT,41,True
1511,INV-01761,CUS-0261,2023-01-10,2989.63,CHEQUE,73,False
1512,INV-01762,CUS-0036,2023-11-11,737.35,NEFT,29,True
1513,INV-01764,CUS-0403,2022-08-23,1617.88,ONLINE,45,True
1514,INV-01765,CUS-0046,2024-01-09,407.92,ONLINE,26,True
1515,INV-01766,CUS-0435,2023-09-23,1907.15,RTGS,64,False
1516,INV-01767,CUS-0174,2023-02-27,2586.08,ONLINE,57,True
1517,INV-01768,CUS-0397,2024-03-13,2715.97,CHEQUE,55,True
1518,INV-01770,CUS-0392,2024-04-27,3708.05,CHEQUE,55,True
1519,INV-01771,CUS-0329,2023-04-14,12576.63,RTGS,58,True
1520,INV-01772,CUS-0059,2024-04-21,3403.86,RTGS,33,False
1521,INV-01774,CUS-0396,2024-02-24,37799.66,NEFT,43,True
1522,INV-01775,CUS-0308,2023-02-01,2496.65,ONLINE,45,True
1523,INV-01776,CUS-0291,2023-05-03,12194.13,ONLINE,67,False
1524,INV-01777,CUS-0398,2023-12-26,1075.48,CHEQUE,28,True
1525,INV-01778,CUS-0356,2022-08-24,3562.24,NEFT,40,True
1526,INV-01779,CUS-0269,2023-06-06,248.2,NEFT,42,True
1527,INV-01780,CUS-0076,2023-02-08,37513.18,ONLINE,60,True
1528,INV-01782,CUS-0157,2024-01-19,2990.83,NEFT,28,True
1529,INV-01784,CUS-0064,2022-11-17,1353.02,ONLINE,27,True
1530,INV-01785,CUS-0032,2022-07-10,972.38,CHEQUE,57,True
1531,INV-01786,CUS-0431,2023-10-30,1784.54,ONLINE,40,True
1532,INV-01787,CUS-0212,2024-02-18,5990.13,ONLINE,73,False
1533,INV-01788,CUS-0216,2024-05-26,108890.77,RTGS,59,True
1534,INV-01789,CUS-0235,2023-03-04,4313.21,RTGS,44,True
1535,INV-01790,CUS-0251,2022-09-22,2983.22,RTGS,56,True
1536,INV-01791,CUS-0426,2022-06-16,15515.56,NEFT,52,False
1537,INV-01792,CUS-0044,2023-10-01,1834.96,CHEQUE,26,True
1538,INV-01794,CUS-0231,2023-03-30,4182.68,ONLINE,29,True
1539,INV-01796,CUS-0010,2024-04-03,20154.49,NEFT,30,True
1540,INV-01797,CUS-0422,2024-01-22,1091.25,RTGS,42,True
1541,INV-01798,CUS-0493,2023-11-21,1838.24,RTGS,27,True
1542,INV-01799,CUS-0375,2022-05-29,238.93,RTGS,42,True
1543,INV-01800,CUS-0169,2023-03-02,366.3,RTGS,26,True
1544,INV-01801,CUS-0027,2023-09-21,8855.02,ONLINE,27,True
1545,INV-01802,CUS-0157,2024-04-28,1113.81,CHEQUE,30,True
1546,INV-01803,CUS-0013,2023-11-25,22605.96,ONLINE,27,True
1547,INV-01805,CUS-0151,2023-07-21,541.5,CHEQUE,28,True
1548,INV-01806,CUS-0140,2024-04-15,49730.04,ONLINE,25,True
1549,INV-01807,CUS-0254,2023-07-08,7356.19,RTGS,43,True
1550,INV-01809,CUS-0386,2022-12-01,1385.7,NEFT,59,True
1551,INV-01810,CUS-0423,2024-02-01,544.51,ONLINE,44,True
1552,INV-01811,CUS-0389,2022-10-18,488.85,RTGS,27,True
1553,INV-01812,CUS-0118,2024-04-04,3188.39,NEFT,71,False
1554,INV-01813,CUS-0162,2023-07-20,17894.13,CHEQUE,30,True
1555,INV-01814,CUS-0351,2023-03-03,1155.16,NEFT,58,True
1556,INV-01815,CUS-0288,2023-05-17,1058.14,NEFT,58,True
1557,INV-01816,CUS-0336,2023-09-07,1838.04,ONLINE,50,False
1558,INV-01817,CUS-0149,2022-08-10,4092.83,NEFT,40,True
1559,INV-01818,CUS-0239,2024-03-22,7474.16,NEFT,44,True
1560,INV-01819,CUS-0120,2024-01-06,3344.04,ONLINE,42,True
1561,INV-01820,CUS-0429,2022-06-17,8479.55,ONLINE,26,True
1562,INV-01821,CUS-0432,2023-07-26,704.83,CHEQUE,74,False
1563,INV-01822,CUS-0103,2023-10-01,225.44,ONLINE,57,False
1564,INV-01823,CUS-0498,2023-09-10,282.79,RTGS,56,True
1565,INV-01824,CUS-0360,2024-03-22,1449.59,NEFT,44,True
1566,INV-01825,CUS-0195,2024-02-01,35413.69,RTGS,43,True
1567,INV-01826,CUS-0401,2023-11-15,24490.78,ONLINE,40,True
1568,INV-01827,CUS-0250,2022-11-16,2616.55,CHEQUE,26,True
1569,INV-01828,CUS-0048,2022-12-21,18139.68,ONLINE,55,True
1570,INV-01829,CUS-0476,2023-02-25,15101.69,RTGS,59,True
1571,INV-01830,CUS-0084,2024-03-25,1627.54,CHEQUE,59,True
1572,INV-01831,CUS-0096,2024-01-02,65844.04,RTGS,27,True
1573,INV-01832,CUS-0313,2023-09-13,2556.25,RTGS,56,True
1574,INV-01833,CUS-0338,2023-12-12,2336.88,CHEQUE,58,True
1575,INV-01834,CUS-0191,2023-11-24,4724.65,RTGS,26,True
1576,INV-01835,CUS-0228,2023-09-19,26829.21,CHEQUE,57,True
1577,INV-01836,CUS-0387,2023-08-16,72822.25,ONLINE,39,False
1578,INV-01837,CUS-0429,2023-03-06,7019.77,RTGS,26,True
1579,INV-01839,CUS-0240,2023-04-05,11328.9,ONLINE,58,True
1580,INV-01840,CUS-0448,2022-12-23,6882.3,RTGS,63,False
1581,INV-01841,CUS-0378,2023-06-14,40253.72,RTGS,25,True
1582,INV-01842,CUS-0108,2023-08-25,2794.63,CHEQUE,57,False
1583,INV-01843,CUS-0003,2024-03-12,50574.08,RTGS,40,True
1584,INV-01844,CUS-0461,2022-11-09,2766.4,ONLINE,59,True
1585,INV-01846,CUS-0344,2023-11-16,171.09,ONLINE,41,True
1586,INV-01847,CUS-0314,2024-04-17,248.54,NEFT,84,False
1587,INV-01848,CUS-0071,2023-07-31,4852.83,NEFT,41,True
1588,INV-01849,CUS-0235,2022-08-24,7397.64,ONLINE,42,True
1589,INV-01850,CUS-0251,2023-01-07,3977.32,ONLINE,59,True
1590,INV-01851,CUS-0189,2023-08-07,8027.94,NEFT,44,True
1591,INV-01852,CUS-0395,2024-03-17,853.71,NEFT,43,True
1592,INV-01853,CUS-0475,2022-06-03,2362.44,ONLINE,41,True
1593,INV-01854,CUS-0328,2023-11-30,4615.92,NEFT,43,True
1594,INV-01855,CUS-0057,2023-04-22,3605.03,RTGS,26,True
1595,INV-01856,CUS-0164,2023-03-27,11971.61,RTGS,28,True
1596,INV-01857,CUS-0306,2023-04-05,2233.64,NEFT,25,True
1597,INV-01858,CUS-0287,2022-08-21,1064.68,ONLINE,58,True
1598,INV-01859,CUS-0457,2023-10-25,14650.26,RTGS,55,True
1599,INV-01860,CUS-0382,2023-06-29,1541.01,ONLINE,60,True
1600,INV-01861,CUS-0482,2024-01-04,1954.71,NEFT,57,True
1601,INV-01862,CUS-0368,2023-05-06,3773.61,CHEQUE,54,False
1602,INV-01863,CUS-0427,2023-02-23,280.47,NEFT,58,True
1603,INV-01864,CUS-0386,2022-06-28,959.94,RTGS,57,True
1604,INV-01865,CUS-0428,2023-09-02,3240.22,ONLINE,40,True
1605,INV-01866,CUS-0032,2024-04-06,822.91,NEFT,56,True
1606,INV-01867,CUS-0392,2023-07-30,20132.72,NEFT,56,True
1607,INV-01869,CUS-0118,2023-03-06,20196.67,ONLINE,47,False
1608,INV-01870,CUS-0187,2023-03-29,504.17,ONLINE,26,True
1609,INV-01871,CUS-0199,2022-12-07,503.14,NEFT,45,True
1610,INV-01872,CUS-0275,2024-01-20,4396.1,ONLINE,56,False
1611,INV-01873,CUS-0048,2024-04-19,7797.81,CHEQUE,55,True
1612,INV-01874,CUS-0430,2023-01-17,496.53,CHEQUE,58,True
1613,INV-01875,CUS-0015,2023-11-16,776.64,CHEQUE,30,True
1614,INV-01876,CUS-0490,2024-02-28,7251.16,ONLINE,44,True
1615,INV-01877,CUS-0429,2022-08-16,30197.82,CHEQUE,29,True
1616,INV-01878,CUS-0304,2022-05-11,3697.95,CHEQUE,26,True
1617,INV-01879,CUS-0442,2022-07-17,305.07,CHEQUE,40,True
1618,INV-01880,CUS-0010,2022-11-06,25885.54,RTGS,25,True
1619,INV-01881,CUS-0038,2023-01-11,12474.51,CHEQUE,25,True
1620,INV-01883,CUS-0334,2024-02-26,45171.22,CHEQUE,45,True
1621,INV-01884,CUS-0319,2023-07-08,1972.39,NEFT,56,True
1622,INV-01885,CUS-0378,2023-03-11,20824.38,RTGS,30,True
1623,INV-01886,CUS-0043,2023-06-07,3014.49,RTGS,48,False
1624,INV-01887,CUS-0199,2023-05-07,3614.9,CHEQUE,49,False
1625,INV-01889,CUS-0058,2022-08-02,2924.37,ONLINE,59,True
1626,INV-01890,CUS-0099,2023-06-17,5822.03,RTGS,40,True
1627,INV-01891,CUS-0171,2023-03-21,6381.14,CHEQUE,44,True
1628,INV-01892,CUS-0114,2023-03-12,1425.39,ONLINE,45,True
1629,INV-01893,CUS-0408,2023-02-16,22156.01,RTGS,64,False
1630,INV-01895,CUS-0384,2023-08-23,31505.77,ONLINE,40,True
1631,INV-01896,CUS-0223,2023-12-12,17646.85,NEFT,59,True
1632,INV-01898,CUS-0386,2023-12-20,6381.63,NEFT,56,True
1633,INV-01900,CUS-0151,2024-02-14,3461.71,ONLINE,26,True
1634,INV-01901,CUS-0392,2022-11-02,5577.65,NEFT,57,True
1635,INV-01902,CUS-0051,2023-01-04,6521.04,ONLINE,41,True
1636,INV-01904,CUS-0054,2023-10-23,1758.66,NEFT,33,False
1637,INV-01905,CUS-0295,2024-01-15,9086.0,ONLINE,42,True
1638,INV-01906,CUS-0468,2023-05-16,4483.97,CHEQUE,27,True
1639,INV-01907,CUS-0288,2023-12-02,5416.32,CHEQUE,56,True
1640,INV-01908,CUS-0004,2024-04-01,15251.61,NEFT,65,False
1641,INV-01909,CUS-0247,2024-01-26,4217.3,RTGS,30,True
1642,INV-01910,CUS-0060,2022-06-05,13396.82,NEFT,29,True
1643,INV-01912,CUS-0191,2023-10-09,12810.2,ONLINE,27,True
1644,INV-01913,CUS-0298,2022-10-17,669.84,NEFT,35,False
1645,INV-01914,CUS-0092,2022-08-25,3839.01,ONLINE,29,True
1646,INV-01915,CUS-0162,2022-11-16,4462.2,RTGS,28,True
1647,INV-01916,CUS-0391,2024-01-22,1234.33,ONLINE,40,True
1648,INV-01917,CUS-0201,2024-04-21,11063.61,NEFT,62,False
1649,INV-01919,CUS-0326,2023-09-30,1119.05,CHEQUE,60,True
1650,INV-01920,CUS-0147,2023-08-03,1582.47,RTGS,60,True
1651,INV-01921,CUS-0422,2023-12-16,6756.53,RTGS,41,True
1652,INV-01923,CUS-0170,2022-10-21,870.19,ONLINE,42,True
1653,INV-01924,CUS-0015,2022-08-18,3192.99,CHEQUE,30,True
1654,INV-01925,CUS-0169,2024-01-21,815.72,NEFT,25,True
1655,INV-01926,CUS-0022,2022-09-30,7772.3,ONLINE,56,True
1656,INV-01928,CUS-0095,2022-09-16,533.85,RTGS,52,False
1657,INV-01929,CUS-0080,2022-09-03,7190.9,ONLINE,44,True
1658,INV-01930,CUS-0141,2022-07-21,6484.57,NEFT,60,True
1659,INV-01931,CUS-0249,2022-07-20,3104.93,CHEQUE,28,True
1660,INV-01932,CUS-0049,2022-06-28,409.17,ONLINE,60,False
1661,INV-01933,CUS-0216,2022-07-23,15701.83,NEFT,57,True
1662,INV-01934,CUS-0454,2022-11-12,20156.13,CHEQUE,56,False
1663,INV-01935,CUS-0491,2022-06-21,3094.63,RTGS,43,True
1664,INV-01936,CUS-0280,2022-07-13,1280.52,NEFT,70,False
1665,INV-01937,CUS-0370,2022-10-29,31755.18,RTGS,45,True
1666,INV-01938,CUS-0019,2022-11-30,15250.51,RTGS,26,True
1667,INV-01939,CUS-0296,2023-04-17,335.73,NEFT,25,True
1668,INV-01940,CUS-0241,2023-09-23,3076.19,NEFT,59,True
1669,INV-01941,CUS-0228,2024-03-14,34328.17,NEFT,57,True
1670,INV-01942,CUS-0472,2023-09-20,774.74,NEFT,37,False
1671,INV-01943,CUS-0088,2024-02-07,34686.27,ONLINE,52,False
1672,INV-01944,CUS-0104,2023-09-07,4017.31,RTGS,58,True
1673,INV-01945,CUS-0288,2022-06-30,1844.96,CHEQUE,59,True
1674,INV-01946,CUS-0202,2022-07-07,8445.03,NEFT,40,True
1675,INV-01947,CUS-0335,2023-10-22,13513.5,RTGS,57,True
1676,INV-01948,CUS-0290,2022-07-04,4447.4,ONLINE,57,True
1677,INV-01949,CUS-0004,2022-06-17,9441.59,NEFT,42,True
1678,INV-01950,CUS-0268,2022-11-19,858.75,NEFT,30,True
1679,INV-01951,CUS-0146,2023-04-05,6973.32,ONLINE,43,True
1680,INV-01952,CUS-0002,2022-06-18,5026.27,NEFT,43,True
1681,INV-01953,CUS-0420,2023-04-08,4793.93,ONLINE,42,True
1682,INV-01954,CUS-0300,2023-10-06,9078.11,ONLINE,26,True
1683,INV-01955,CUS-0061,2022-07-24,6770.73,RTGS,59,True
1684,INV-01956,CUS-0265,2023-09-27,42947.37,ONLINE,40,True
1685,INV-01958,CUS-0339,2024-03-21,25076.25,CHEQUE,45,True
1686,INV-01959,CUS-0229,2022-12-19,7537.32,CHEQUE,30,True
1687,INV-01961,CUS-0486,2022-05-15,16178.34,ONLINE,40,True
1688,INV-01962,CUS-0477,2024-01-18,841.98,RTGS,43,True
1689,INV-01963,CUS-0349,2022-08-03,9249.61,ONLINE,28,True
1690,INV-01964,CUS-0132,2022-08-16,7867.42,RTGS,44,True
1691,INV-01965,CUS-0146,2024-02-28,3920.11,NEFT,43,True
1692,INV-01966,CUS-0394,2024-02-07,1437.44,CHEQUE,41,True
1693,INV-01967,CUS-0282,2023-06-03,762.93,NEFT,59,True
1694,INV-01968,CUS-0499,2023-03-16,199.78,NEFT,56,True
1695,INV-01969,CUS-0183,2023-12-26,1928.98,NEFT,55,False
1696,INV-01970,CUS-0218,2024-04-06,24673.13,CHEQUE,90,False
1697,INV-01972,CUS-0159,2022-08-22,7978.69,RTGS,28,True
1698,INV-01973,CUS-0260,2022-08-28,995.6,CHEQUE,43,True
1699,INV-01974,CUS-0159,2022-12-02,1402.05,RTGS,29,True
1700,INV-01975,CUS-0374,2022-12-15,9752.29,RTGS,60,True
1701,INV-01976,CUS-0116,2022-08-19,656.26,RTGS,27,True
1702,INV-01977,CUS-0170,2024-04-27,22895.14,ONLINE,43,True
1703,INV-01978,CUS-0012,2023-12-04,4835.63,ONLINE,60,False
1704,INV-01979,CUS-0066,2023-06-25,18158.19,RTGS,43,True
1705,INV-01980,CUS-0150,2023-10-24,1779.73,RTGS,44,True
1706,INV-01981,CUS-0181,2023-09-23,225.61,ONLINE,40,True
1707,INV-01982,CUS-0184,2023-06-08,23617.64,RTGS,43,True
1708,INV-01983,CUS-0090,2022-06-06,8216.74,ONLINE,41,True
1709,INV-01984,CUS-0182,2024-02-09,15680.96,ONLINE,59,True
1710,INV-01985,CUS-0051,2022-07-11,697.37,NEFT,59,False
1711,INV-01986,CUS-0118,2024-03-07,826.13,RTGS,58,False
1712,INV-01987,CUS-0344,2023-08-28,4875.62,ONLINE,64,False
1713,INV-01988,CUS-0190,2023-01-12,345.92,CHEQUE,44,True
1714,INV-01989,CUS-0224,2024-04-16,522.93,NEFT,26,True
1715,INV-01990,CUS-0477,2022-11-02,2595.88,NEFT,45,True
1716,INV-01991,CUS-0216,2023-09-23,150086.45,RTGS,58,True
1717,INV-01992,CUS-0378,2023-01-04,4344.44,ONLINE,30,True
1718,INV-01993,CUS-0065,2023-01-24,1952.95,CHEQUE,25,True
1719,INV-01994,CUS-0011,2023-10-11,5368.02,RTGS,56,True
1720,INV-01995,CUS-0349,2023-11-27,2273.21,ONLINE,26,True
1721,INV-01997,CUS-0403,2023-08-28,24439.02,NEFT,44,True
1722,INV-01998,CUS-0231,2022-07-07,3705.16,ONLINE,27,True
1723,INV-01999,CUS-0458,2023-07-20,8032.74,RTGS,30,True
1724,INV-02000,CUS-0025,2023-08-19,54229.36,CHEQUE,30,True
1725,INV-02002,CUS-0383,2023-05-23,1929.8,RTGS,26,True
1726,INV-02003,CUS-0435,2023-12-21,454.87,CHEQUE,55,True
1727,INV-02004,CUS-0419,2024-06-08,3011.96,ONLINE,86,False
1728,INV-02005,CUS-0356,2023-03-23,4991.8,CHEQUE,41,True
1729,INV-02006,CUS-0417,2023-03-10,8039.74,ONLINE,37,False
1730,INV-02007,CUS-0490,2023-03-18,1378.03,CHEQUE,44,True
1731,INV-02008,CUS-0483,2022-05-28,6472.61,CHEQUE,27,True
1732,INV-02009,CUS-0203,2022-12-22,1758.61,CHEQUE,85,False
1733,INV-02010,CUS-0039,2024-03-09,3481.58,CHEQUE,44,True
1734,INV-02011,CUS-0153,2022-06-12,12610.08,NEFT,57,True
1735,INV-02012,CUS-0404,2023-07-21,1242.42,CHEQUE,58,True
1736,INV-02013,CUS-0397,2022-08-13,1076.21,RTGS,57,True
1737,INV-02015,CUS-0364,2024-02-08,2775.87,NEFT,58,True
1738,INV-02016,CUS-0073,2023-06-29,25053.74,RTGS,28,True
1739,INV-02017,CUS-0404,2023-03-09,916.94,RTGS,60,True
1740,INV-02018,CUS-0362,2022-09-23,16236.14,NEFT,29,True
1741,INV-02019,CUS-0063,2024-05-01,255.11,RTGS,45,True
1742,INV-02020,CUS-0019,2024-05-06,10830.94,NEFT,58,False
1743,INV-02021,CUS-0498,2023-10-01,281.18,NEFT,60,True
1744,INV-02022,CUS-0076,2023-06-07,22700.08,ONLINE,55,True
1745,INV-02023,CUS-0468,2023-04-05,2651.54,NEFT,29,True
1746,INV-02024,CUS-0099,2023-10-22,68281.72,RTGS,66,False
1747,INV-02025,CUS-0041,2023-01-19,1498.29,CHEQUE,27,True
1748,INV-02026,CUS-0118,2023-04-15,9457.41,RTGS,64,False
1749,INV-02027,CUS-0253,2023-11-21,5315.53,CHEQUE,45,True
1750,INV-02028,CUS-0218,2023-05-21,15827.38,NEFT,56,True
1751,INV-02029,CUS-0488,2023-10-20,19900.26,ONLINE,58,True
1752,INV-02030,CUS-0155,2024-02-08,3682.45,CHEQUE,79,False
1753,INV-02031,CUS-0068,2023-11-16,3633.35,NEFT,43,True
1754,INV-02032,CUS-0384,2024-04-27,29954.94,RTGS,40,True
1755,INV-02033,CUS-0280,2023-02-01,2140.96,NEFT,60,True
1756,INV-02034,CUS-0165,2023-12-11,664.03,NEFT,27,True
1757,INV-02036,CUS-0482,2023-12-26,18663.96,CHEQUE,58,True
1758,INV-02037,CUS-0366,2023-03-24,9274.01,ONLINE,25,True
1759,INV-02038,CUS-0034,2024-02-20,911.81,RTGS,46,False
1760,INV-02040,CUS-0024,2022-08-27,2028.65,ONLINE,42,True
1761,INV-02042,CUS-0160,2022-09-01,273.59,RTGS,42,True
1762,INV-02043,CUS-0257,2023-10-10,5184.8,CHEQUE,43,False
1763,INV-02044,CUS-0200,2024-04-12,487.87,RTGS,25,True
1764,INV-02045,CUS-0256,2024-02-19,239.47,RTGS,60,True
1765,INV-02046,CUS-0363,2023-12-01,424.82,ONLINE,52,False
1766,INV-02047,CUS-0437,2023-01-22,16952.06,RTGS,56,True
1767,INV-02048,CUS-0283,2022-11-21,3566.07,ONLINE,25,True
1768,INV-02049,CUS-0423,2022-05-26,1220.07,CHEQUE,51,False
1769,INV-02051,CUS-0282,2022-12-07,6109.28,RTGS,65,False
1770,INV-02052,CUS-0209,2022-05-27,1353.62,CHEQUE,30,True
1771,INV-02053,CUS-0286,2024-04-01,1654.47,RTGS,67,False
1772,INV-02054,CUS-0163,2022-12-02,9243.78,CHEQUE,58,True
1773,INV-02055,CUS-0131,2023-11-27,1059.04,ONLINE,27,True
1774,INV-02056,CUS-0227,2023-05-19,1892.55,RTGS,29,True
1775,INV-02057,CUS-0135,2024-01-11,16475.38,CHEQUE,59,False
1776,INV-02058,CUS-0086,2024-03-30,1237.0,RTGS,79,False
1777,INV-02061,CUS-0482,2024-04-27,3532.23,CHEQUE,60,True
1778,INV-02062,CUS-0427,2022-08-16,235.39,NEFT,57,True
1779,INV-02063,CUS-0272,2022-07-21,115.58,CHEQUE,44,True
1780,INV-02065,CUS-0476,2022-09-15,7352.09,CHEQUE,55,True
1781,INV-02066,CUS-0368,2023-04-23,14667.56,CHEQUE,42,True
1782,INV-02067,CUS-0415,2023-12-09,1145.87,NEFT,28,True
1783,INV-02068,CUS-0224,2023-12-03,3848.32,RTGS,30,True
1784,INV-02069,CUS-0385,2023-09-21,3649.42,CHEQUE,27,True
1785,INV-02070,CUS-0013,2024-04-27,15367.87,ONLINE,28,True
1786,INV-02071,CUS-0247,2022-10-29,885.5,ONLINE,27,True
1787,INV-02072,CUS-0117,2022-12-19,4444.44,NEFT,50,False
1788,INV-02074,CUS-0426,2022-11-12,2882.07,RTGS,41,True
1789,INV-02075,CUS-0430,2024-02-08,2029.62,NEFT,58,True
1790,INV-02076,CUS-0417,2023-07-05,3918.66,RTGS,48,False
1791,INV-02077,CUS-0358,2022-06-06,13870.6,ONLINE,40,True
1792,INV-02078,CUS-0371,2022-12-31,8349.97,NEFT,43,False
1793,INV-02079,CUS-0410,2024-04-10,31150.05,RTGS,43,True
1794,INV-02080,CUS-0168,2022-10-27,2263.64,NEFT,60,True
1795,INV-02081,CUS-0204,2022-10-23,3610.11,CHEQUE,40,True
1796,INV-02083,CUS-0305,2023-10-22,4991.83,NEFT,45,True
1797,INV-02084,CUS-0311,2023-04-26,23110.05,NEFT,81,False
1798,INV-02086,CUS-0192,2023-10-05,11004.24,RTGS,30,True
1799,INV-02087,CUS-0090,2024-01-01,2383.98,RTGS,45,True
1800,INV-02089,CUS-0207,2022-08-02,5941.53,CHEQUE,55,True
1801,INV-02090,CUS-0232,2023-11-02,2482.78,NEFT,25,True
1802,INV-02091,CUS-0447,2023-12-25,6871.13,ONLINE,45,True
1803,INV-02092,CUS-0367,2022-08-17,25137.4,RTGS,25,True
1804,INV-02093,CUS-0496,2024-04-28,1712.05,CHEQUE,29,True
1805,INV-02094,CUS-0216,2023-06-05,37101.92,RTGS,56,True
1806,INV-02095,CUS-0306,2023-06-15,5588.96,CHEQUE,28,True
1807,INV-02097,CUS-0227,2022-12-08,1675.86,ONLINE,27,True
1808,INV-02098,CUS-0410,2022-10-30,32331.35,NEFT,45,True
1809,INV-02101,CUS-0098,2023-12-08,2055.71,RTGS,25,True
1810,INV-02102,CUS-0424,2024-02-15,689.91,RTGS,28,True
1811,INV-02104,CUS-0384,2023-10-29,149868.85,ONLINE,42,True
1812,INV-02105,CUS-0471,2023-04-26,39999.95,NEFT,43,True
1813,INV-02106,CUS-0429,2024-05-02,18593.13,NEFT,58,False
1814,INV-02107,CUS-0137,2023-03-03,7185.44,ONLINE,90,False
1815,INV-02108,CUS-0324,2022-06-28,1285.61,NEFT,41,True
1816,INV-02109,CUS-0026,2024-01-19,13867.56,CHEQUE,40,True
1817,INV-02110,CUS-0249,2022-09-20,1289.88,NEFT,27,True
1818,INV-02112,CUS-0359,2023-12-22,3722.92,NEFT,59,False
1819,INV-02113,CUS-0304,2023-10-08,3639.32,NEFT,60,False
1820,INV-02114,CUS-0278,2022-06-23,462.54,CHEQUE,40,True
1821,INV-02115,CUS-0048,2023-07-09,32446.44,RTGS,55,True
1822,INV-02116,CUS-0210,2022-08-05,2740.12,NEFT,57,True
1823,INV-02117,CUS-0331,2022-10-28,586.43,NEFT,57,True
1824,INV-02118,CUS-0334,2022-09-24,59041.33,CHEQUE,47,False
1825,INV-02119,CUS-0320,2023-12-19,1475.6,CHEQUE,59,True
1826,INV-02122,CUS-0408,2023-12-21,68306.56,NEFT,68,False
1827,INV-02123,CUS-0316,2024-01-25,3046.25,ONLINE,45,True
1828,INV-02124,CUS-0293,2022-09-17,828.9,CHEQUE,43,True
1829,INV-02125,CUS-0090,2023-03-19,52867.48,ONLINE,43,True
1830,INV-02126,CUS-0186,2022-07-07,21044.87,ONLINE,43,True
1831,INV-02127,CUS-0194,2022-11-19,5405.7,NEFT,27,True
1832,INV-02129,CUS-0119,2022-08-19,7447.69,CHEQUE,27,True
1833,INV-02130,CUS-0010,2022-07-24,28186.71,RTGS,25,True
1834,INV-02131,CUS-0181,2023-08-18,2936.63,ONLINE,64,False
1835,INV-02132,CUS-0440,2023-08-13,8172.0,NEFT,27,True
1836,INV-02133,CUS-0443,2023-06-27,598.63,CHEQUE,43,True
1837,INV-02134,CUS-0298,2024-01-23,15298.27,ONLINE,28,True
1838,INV-02135,CUS-0299,2023-04-03,288.81,RTGS,58,True
1839,INV-02136,CUS-0069,2024-04-05,4998.02,NEFT,57,True
1840,INV-02138,CUS-0214,2023-11-03,5115.3,ONLINE,30,True
1841,INV-02139,CUS-0484,2022-05-27,2213.03,NEFT,29,True
1842,INV-02140,CUS-0233,2022-07-07,16022.85,RTGS,28,True
1843,INV-02141,CUS-0125,2023-05-17,827.46,CHEQUE,40,True
1844,INV-02142,CUS-0061,2024-04-27,921.68,ONLINE,64,False
1845,INV-02143,CUS-0468,2023-05-04,6488.56,ONLINE,26,True
1846,INV-02144,CUS-0174,2023-04-18,8799.71,NEFT,58,True
1847,INV-02145,CUS-0378,2023-03-26,9193.94,CHEQUE,32,False
1848,INV-02146,CUS-0432,2024-02-26,1699.28,NEFT,40,True
1849,INV-02147,CUS-0089,2022-10-09,17749.05,NEFT,56,True
1850,INV-02148,CUS-0187,2023-03-10,4371.64,CHEQUE,27,True
1851,INV-02149,CUS-0226,2023-09-07,3776.15,ONLINE,30,True
1852,INV-02150,CUS-0466,2022-07-15,14193.23,NEFT,58,True
1853,INV-02151,CUS-0095,2022-09-15,1065.38,ONLINE,26,True
1854,INV-02152,CUS-0470,2023-10-23,3347.18,ONLINE,55,True
1855,INV-02153,CUS-0327,2022-06-14,16840.8,ONLINE,29,True
1856,INV-02154,CUS-0372,2022-11-02,2301.75,NEFT,26,True
1857,INV-02155,CUS-0112,2023-02-18,1703.83,CHEQUE,57,True
1858,INV-02156,CUS-0059,2022-07-10,3951.96,ONLINE,32,False
1859,INV-02157,CUS-0296,2023-07-12,308.79,ONLINE,29,True
1860,INV-02158,CUS-0119,2022-08-18,1726.38,ONLINE,30,True
1861,INV-02159,CUS-0041,2023-03-14,8810.37,ONLINE,29,True
1862,INV-02160,CUS-0024,2023-06-16,3440.29,RTGS,42,True
1863,INV-02161,CUS-0171,2023-05-13,765.37,ONLINE,40,True
1864,INV-02162,CUS-0031,2023-01-29,37264.41,CHEQUE,55,True
1865,INV-02163,CUS-0045,2023-04-25,1239.86,NEFT,60,True
1866,INV-02164,CUS-0206,2022-12-21,28161.19,NEFT,41,True
1867,INV-02165,CUS-0387,2023-06-06,19669.87,ONLINE,25,True
1868,INV-02166,CUS-0477,2023-10-05,4800.72,NEFT,44,True
1869,INV-02167,CUS-0040,2023-11-22,15294.93,ONLINE,41,True
1870,INV-02168,CUS-0042,2022-07-21,46375.59,ONLINE,56,True
1871,INV-02169,CUS-0179,2022-09-28,17244.19,NEFT,55,True
1872,INV-02171,CUS-0364,2023-10-22,766.35,CHEQUE,55,True
1873,INV-02172,CUS-0051,2023-07-15,2551.11,NEFT,45,True
1874,INV-02173,CUS-0019,2022-08-18,16650.63,ONLINE,29,True
1875,INV-02175,CUS-0467,2024-02-01,1920.72,NEFT,45,True
1876,INV-02176,CUS-0079,2022-06-07,1144.04,ONLINE,29,True
1877,INV-02177,CUS-0451,2022-08-09,7661.66,ONLINE,45,True
1878,INV-02178,CUS-0041,2023-06-06,1079.99,ONLINE,28,True
1879,INV-02179,CUS-0382,2024-05-18,5943.1,ONLINE,57,True
1880,INV-02180,CUS-0256,2023-12-09,1552.95,ONLINE,55,True
1881,INV-02181,CUS-0357,2023-10-29,1662.45,ONLINE,58,False
1882,INV-02182,CUS-0475,2023-01-20,11209.73,RTGS,41,True
1883,INV-02183,CUS-0168,2023-10-20,46095.43,ONLINE,58,True
1884,INV-02184,CUS-0396,2023-02-19,16531.94,RTGS,59,False
1885,INV-02185,CUS-0295,2023-08-18,24847.62,ONLINE,45,True
1886,INV-02186,CUS-0099,2024-05-02,47645.68,CHEQUE,66,False
1887,INV-02188,CUS-0180,2024-01-26,1738.45,CHEQUE,25,True
1888,INV-02189,CUS-0180,2023-03-15,2447.74,CHEQUE,27,True
1889,INV-02191,CUS-0059,2023-08-16,1571.29,CHEQUE,28,True
1890,INV-02193,CUS-0209,2024-01-30,1646.52,ONLINE,27,True
1891,INV-02194,CUS-0398,2023-05-11,1757.99,RTGS,29,True
1892,INV-02195,CUS-0277,2023-09-13,657.52,ONLINE,58,True
1893,INV-02196,CUS-0436,2023-11-14,2293.06,RTGS,36,False
1894,INV-02197,CUS-0281,2022-08-24,59742.96,ONLINE,55,True
1895,INV-02198,CUS-0483,2024-03-28,2524.93,ONLINE,27,True
1896,INV-02199,CUS-0096,2023-02-16,14877.73,CHEQUE,29,True
1897,INV-02200,CUS-0277,2023-09-03,6712.18,NEFT,57,True
1898,INV-02201,CUS-0141,2024-04-20,42379.44,CHEQUE,58,True
1899,INV-02202,CUS-0440,2022-08-18,153.19,NEFT,27,True
1900,INV-02204,CUS-0107,2023-02-11,4520.55,RTGS,42,True
1901,INV-02205,CUS-0496,2022-12-12,1379.34,NEFT,28,True
1902,INV-02206,CUS-0199,2022-07-14,7559.58,NEFT,41,True
1903,INV-02208,CUS-0080,2022-07-19,11626.78,NEFT,40,True
1904,INV-02209,CUS-0372,2022-11-06,2754.34,ONLINE,26,True
1905,INV-02210,CUS-0292,2023-11-13,2315.61,RTGS,44,True
1906,INV-02211,CUS-0443,2023-11-27,1798.17,RTGS,41,True
1907,INV-02212,CUS-0368,2024-03-20,9871.37,RTGS,42,True
1908,INV-02213,CUS-0312,2022-06-24,23858.93,NEFT,40,True
1909,INV-02214,CUS-0048,2024-03-20,4812.13,ONLINE,57,True
1910,INV-02215,CUS-0439,2024-01-22,3392.76,NEFT,44,True
1911,INV-02216,CUS-0456,2023-03-07,4817.12,ONLINE,55,True
1912,INV-02217,CUS-0434,2023-10-16,879.84,ONLINE,29,True
1913,INV-02218,CUS-0020,2023-03-10,2865.29,ONLINE,75,False
1914,INV-02219,CUS-0331,2023-06-25,9153.21,ONLINE,58,True
1915,INV-02220,CUS-0469,2023-11-03,2482.33,NEFT,62,False
1916,INV-02221,CUS-0031,2024-05-05,6642.57,RTGS,56,True
1917,INV-02222,CUS-0486,2022-07-10,6530.41,RTGS,40,True
1918,INV-02223,CUS-0203,2024-05-14,22.24,CHEQUE,67,False
1919,INV-02224,CUS-0019,2023-12-22,9900.06,ONLINE,29,True
1920,INV-02225,CUS-0474,2022-10-09,46642.63,NEFT,57,True
1921,INV-02226,CUS-0473,2022-07-15,2082.24,CHEQUE,30,True
1922,INV-02227,CUS-0401,2023-08-04,10886.44,ONLINE,42,True
1923,INV-02228,CUS-0236,2022-11-15,10765.99,CHEQUE,58,True
1924,INV-02229,CUS-0253,2024-02-23,4687.85,RTGS,43,True
1925,INV-02230,CUS-0196,2023-04-02,898.18,ONLINE,41,True
1926,INV-02231,CUS-0247,2023-08-26,117.23,NEFT,29,True
1927,INV-02232,CUS-0244,2022-10-03,6565.13,NEFT,63,False
1928,INV-02233,CUS-0137,2023-05-21,3037.19,CHEQUE,58,True
1929,INV-02234,CUS-0012,2023-02-13,26064.35,RTGS,42,True
1930,INV-02235,CUS-0241,2023-11-16,450.76,NEFT,59,True
1931,INV-02236,CUS-0085,2022-10-07,6089.92,ONLINE,56,True
1932,INV-02238,CUS-0190,2023-11-12,1176.31,NEFT,44,True
1933,INV-02239,CUS-0447,2024-01-07,1167.01,CHEQUE,44,True
1934,INV-02240,CUS-0098,2023-03-09,1303.32,NEFT,29,True
1935,INV-02241,CUS-0416,2022-06-27,224.88,NEFT,29,True
1936,INV-02242,CUS-0013,2022-12-19,23777.33,RTGS,29,True
1937,INV-02243,CUS-0149,2023-10-13,20481.51,ONLINE,44,True
1938,INV-02244,CUS-0079,2023-06-19,4977.55,RTGS,29,True
1939,INV-02245,CUS-0165,2023-08-17,370.82,RTGS,30,True
1940,INV-02246,CUS-0249,2023-06-24,3519.57,ONLINE,27,True
1941,INV-02247,CUS-0004,2022-10-10,77366.89,CHEQUE,60,False
1942,INV-02248,CUS-0454,2023-01-18,724.26,RTGS,59,False
1943,INV-02250,CUS-0126,2023-05-23,2633.86,ONLINE,58,True
1944,INV-02251,CUS-0221,2024-03-21,37124.42,CHEQUE,58,True
1945,INV-02252,CUS-0119,2022-07-31,2766.67,RTGS,30,True
1946,INV-02253,CUS-0491,2023-12-04,2801.55,ONLINE,41,True
1947,INV-02254,CUS-0122,2023-09-18,39013.25,CHEQUE,45,True
1948,INV-02255,CUS-0371,2024-02-25,11230.37,RTGS,27,True
1949,INV-02256,CUS-0417,2022-08-21,1858.41,RTGS,27,True
1950,INV-02257,CUS-0250,2023-04-19,19443.68,CHEQUE,60,False
1951,INV-02258,CUS-0440,2023-07-12,10354.53,NEFT,27,True
1952,INV-02259,CUS-0046,2022-07-07,825.15,ONLINE,28,True
1953,INV-02260,CUS-0231,2022-05-22,4331.63,RTGS,28,True
1954,INV-02261,CUS-0204,2024-04-11,30022.49,NEFT,45,True
1955,INV-02262,CUS-0284,2022-07-04,409.95,ONLINE,44,True
1956,INV-02263,CUS-0246,2023-04-15,33862.87,CHEQUE,56,False
1957,INV-02264,CUS-0237,2022-11-02,10056.89,ONLINE,45,True
1958,INV-02265,CUS-0295,2024-01-02,6867.57,RTGS,41,True
1959,INV-02266,CUS-0152,2023-01-01,9274.66,CHEQUE,58,False
1960,INV-02267,CUS-0305,2022-07-02,1988.05,CHEQUE,44,True
1961,INV-02268,CUS-0138,2023-03-10,7522.47,NEFT,45,True
1962,INV-02270,CUS-0214,2023-04-11,2400.88,RTGS,29,True
1963,INV-02271,CUS-0254,2023-05-13,3009.85,CHEQUE,45,True
1964,INV-02272,CUS-0136,2022-09-11,11252.38,RTGS,45,True
1965,INV-02273,CUS-0253,2023-10-20,2224.7,ONLINE,61,False
1966,INV-02276,CUS-0473,2023-11-03,2701.2,RTGS,25,True
1967,INV-02277,CUS-0075,2022-11-06,6931.62,CHEQUE,57,True
1968,INV-02278,CUS-0480,2022-06-16,1347.52,NEFT,40,False
1969,INV-02280,CUS-0197,2023-09-16,28863.69,RTGS,29,True
1970,INV-02281,CUS-0029,2022-10-07,3095.73,ONLINE,44,True
1971,INV-02282,CUS-0143,2024-04-11,353.97,NEFT,59,False
1972,INV-02283,CUS-0296,2023-07-24,1322.47,CHEQUE,26,True
1973,INV-02285,CUS-0378,2024-02-05,15751.97,ONLINE,27,True
1974,INV-02287,CUS-0013,2023-08-19,44133.14,ONLINE,29,True
1975,INV-02288,CUS-0002,2022-07-08,365.04,CHEQUE,42,True
1976,INV-02289,CUS-0035,2023-08-27,38857.6,CHEQUE,44,True
1977,INV-02291,CUS-0159,2023-01-21,3511.26,ONLINE,25,True
1978,INV-02292,CUS-0129,2024-02-08,8035.2,NEFT,30,True
1979,INV-02293,CUS-0335,2023-10-12,19191.83,CHEQUE,60,True
1980,INV-02294,CUS-0368,2024-02-04,7569.99,NEFT,40,True
1981,INV-02295,CUS-0287,2023-08-14,2296.41,NEFT,58,True
1982,INV-02297,CUS-0237,2023-08-16,472.6,ONLINE,44,True
1983,INV-02298,CUS-0157,2024-02-24,1370.95,CHEQUE,26,True
1984,INV-02299,CUS-0132,2022-07-12,4106.93,NEFT,42,True
1985,INV-02300,CUS-0364,2023-04-11,3745.1,ONLINE,59,True
1986,INV-02301,CUS-0346,2023-05-22,3279.85,ONLINE,82,False
1987,INV-02302,CUS-0074,2023-01-27,6074.52,ONLINE,26,True
1988,INV-02303,CUS-0479,2023-03-09,34083.43,RTGS,44,True
1989,INV-02304,CUS-0115,2024-04-25,13493.38,NEFT,59,True
1990,INV-02305,CUS-0238,2022-06-12,852.25,ONLINE,45,True
1991,INV-02306,CUS-0243,2023-01-16,6960.44,CHEQUE,40,True
1992,INV-02307,CUS-0181,2024-01-18,4214.7,ONLINE,41,True
1993,INV-02308,CUS-0414,2023-10-26,4938.14,ONLINE,55,True
1994,INV-02309,CUS-0332,2024-01-24,6795.84,RTGS,58,True
1995,INV-02310,CUS-0171,2023-12-09,2003.16,ONLINE,45,True
1996,INV-02311,CUS-0337,2022-12-10,53874.24,CHEQUE,57,True
1997,INV-02312,CUS-0330,2022-08-09,13598.72,RTGS,58,True
1998,INV-02313,CUS-0361,2023-09-30,3203.63,NEFT,29,True
1999,INV-02314,CUS-0134,2022-10-03,572.88,RTGS,58,True
2000,INV-02315,CUS-0032,2023-10-20,1992.45,RTGS,56,True
2001,INV-02316,CUS-0063,2023-07-19,2548.97,CHEQUE,42,True
2002,INV-02317,CUS-0373,2024-01-26,1248.41,NEFT,71,False
2003,INV-02318,CUS-0287,2022-06-17,1463.61,RTGS,56,True
2004,INV-02319,CUS-0103,2022-08-31,1805.14,RTGS,40,True
2005,INV-02320,CUS-0225,2024-04-03,1507.84,CHEQUE,40,True
2006,INV-02321,CUS-0300,2023-06-04,952.62,CHEQUE,27,True
2007,INV-02322,CUS-0228,2024-03-23,9707.29,ONLINE,56,True
2008,INV-02323,CUS-0475,2024-04-29,6848.74,RTGS,75,False
2009,INV-02324,CUS-0237,2023-11-23,1340.17,CHEQUE,43,True
2010,INV-02325,CUS-0245,2022-10-05,7266.92,RTGS,61,False
2011,INV-02327,CUS-0392,2022-07-09,4460.81,NEFT,60,True
2012,INV-02328,CUS-0476,2022-08-11,9331.61,ONLINE,55,True
2013,INV-02330,CUS-0201,2023-10-01,4939.28,CHEQUE,73,False
2014,INV-02331,CUS-0134,2024-05-21,2207.13,ONLINE,55,True
2015,INV-02332,CUS-0337,2023-12-15,27492.5,NEFT,55,True
2016,INV-02333,CUS-0285,2023-05-01,747.76,CHEQUE,40,True
2017,INV-02335,CUS-0249,2024-04-02,809.24,CHEQUE,28,True
2018,INV-02340,CUS-0228,2022-10-19,4991.9,ONLINE,56,True
2019,INV-02341,CUS-0215,2024-03-04,1736.36,NEFT,28,True
2020,INV-02342,CUS-0400,2024-03-07,2942.58,NEFT,42,True
2021,INV-02344,CUS-0333,2024-03-29,698.55,ONLINE,58,True
2022,INV-02346,CUS-0308,2024-03-25,5140.33,ONLINE,42,True
2023,INV-02347,CUS-0156,2023-10-20,2479.73,RTGS,59,True
2024,INV-02349,CUS-0004,2023-04-28,9991.75,NEFT,40,True
2025,INV-02350,CUS-0183,2023-08-14,408.49,NEFT,29,True
2026,INV-02352,CUS-0292,2022-08-09,7541.11,NEFT,45,True
2027,INV-02353,CUS-0003,2024-01-27,10677.93,ONLINE,45,True
2028,INV-02354,CUS-0497,2022-10-09,18921.57,NEFT,26,True
2029,INV-02355,CUS-0062,2023-10-04,492.85,CHEQUE,40,True
2030,INV-02356,CUS-0270,2022-11-25,1600.19,NEFT,57,True
2031,INV-02357,CUS-0194,2023-01-21,45776.64,ONLINE,28,True
2032,INV-02359,CUS-0367,2024-04-23,84607.48,ONLINE,30,True
2033,INV-02360,CUS-0205,2023-07-29,495.28,NEFT,43,True
2034,INV-02362,CUS-0307,2024-03-19,159.58,NEFT,59,True
2035,INV-02363,CUS-0085,2023-07-13,11753.45,NEFT,58,True
2036,INV-02364,CUS-0419,2022-06-19,440.31,NEFT,59,True
2037,INV-02365,CUS-0115,2022-06-27,2361.29,CHEQUE,56,True
2038,INV-02366,CUS-0313,2023-06-23,5918.61,ONLINE,57,True
2039,INV-02367,CUS-0153,2022-08-24,2323.98,RTGS,58,True
2040,INV-02368,CUS-0209,2024-02-06,1124.24,ONLINE,26,True
2041,INV-02369,CUS-0204,2023-11-26,1844.87,CHEQUE,43,True
2042,INV-02370,CUS-0005,2024-05-05,512.85,CHEQUE,56,True
2043,INV-02371,CUS-0168,2023-12-30,5305.99,ONLINE,55,True
2044,INV-02372,CUS-0478,2023-10-09,6008.1,RTGS,25,True
2045,INV-02374,CUS-0162,2022-07-20,1411.73,RTGS,25,True
2046,INV-02375,CUS-0114,2023-01-28,258.28,CHEQUE,44,True
2047,INV-02376,CUS-0416,2022-12-19,273.3,CHEQUE,27,True
2048,INV-02377,CUS-0434,2023-11-06,1564.3,ONLINE,30,True
2049,INV-02378,CUS-0421,2023-06-09,8441.51,CHEQUE,60,True
2050,INV-02379,CUS-0155,2024-03-07,1094.66,RTGS,79,False
2051,INV-02380,CUS-0244,2022-06-20,582.73,NEFT,45,True
2052,INV-02381,CUS-0493,2022-06-27,402.79,RTGS,25,True
2053,INV-02382,CUS-0202,2023-06-11,11132.89,NEFT,45,True
2054,INV-02384,CUS-0130,2022-08-06,1419.33,CHEQUE,59,True
2055,INV-02385,CUS-0171,2023-08-11,6989.29,ONLINE,42,True
2056,INV-02386,CUS-0427,2023-04-25,2999.48,ONLINE,55,True
2057,INV-02387,CUS-0161,2023-06-05,12991.54,ONLINE,55,True
2058,INV-02388,CUS-0460,2023-01-04,53452.72,NEFT,59,False
2059,INV-02389,CUS-0477,2022-06-07,375.85,ONLINE,44,True
2060,INV-02390,CUS-0380,2022-06-12,1332.14,CHEQUE,44,True
2061,INV-02391,CUS-0141,2022-10-08,15330.05,NEFT,58,True
2062,INV-02392,CUS-0167,2022-05-24,1097.51,CHEQUE,26,True
2063,INV-02393,CUS-0224,2023-01-26,1076.21,CHEQUE,29,True
2064,INV-02395,CUS-0361,2023-10-11,19161.97,RTGS,45,False
2065,INV-02396,CUS-0200,2022-08-25,95.16,NEFT,43,False
2066,INV-02397,CUS-0125,2022-06-08,3940.67,CHEQUE,43,True
2067,INV-02398,CUS-0012,2023-08-27,9529.28,NEFT,62,False
2068,INV-02399,CUS-0039,2023-09-14,2293.35,CHEQUE,45,True
2069,INV-02400,CUS-0190,2023-10-20,415.41,NEFT,40,True
2070,INV-02401,CUS-0472,2022-12-14,535.92,CHEQUE,30,True
2071,INV-02402,CUS-0133,2023-12-29,5185.81,CHEQUE,44,True
2072,INV-02403,CUS-0423,2023-10-31,1212.21,RTGS,42,True
2073,INV-02404,CUS-0074,2022-07-08,2796.18,ONLINE,25,True
2074,INV-02405,CUS-0314,2023-10-26,356.3,NEFT,67,False
2075,INV-02406,CUS-0499,2023-10-12,1967.28,CHEQUE,72,False
2076,INV-02407,CUS-0412,2022-09-13,16850.5,NEFT,27,True
2077,INV-02408,CUS-0329,2022-11-21,35409.32,NEFT,65,False
2078,INV-02409,CUS-0472,2022-11-07,530.24,ONLINE,27,True
2079,INV-02410,CUS-0470,2023-09-02,14111.39,CHEQUE,59,True
2080,INV-02411,CUS-0194,2023-12-16,1586.72,NEFT,28,True
2081,INV-02413,CUS-0299,2022-11-02,499.75,CHEQUE,59,True
2082,INV-02414,CUS-0134,2023-06-10,1296.74,ONLINE,56,True
2083,INV-02415,CUS-0417,2022-07-16,1108.91,ONLINE,26,True
2084,INV-02417,CUS-0415,2023-09-04,12868.14,NEFT,26,True
2085,INV-02418,CUS-0412,2023-10-04,17312.11,RTGS,28,True
2086,INV-02419,CUS-0184,2024-01-10,60125.3,RTGS,45,True
2087,INV-02420,CUS-0100,2022-12-25,4101.68,RTGS,29,True
2088,INV-02421,CUS-0475,2022-08-25,696.14,CHEQUE,44,True
2089,INV-02422,CUS-0332,2023-01-29,2417.51,RTGS,55,True
2090,INV-02423,CUS-0009,2023-09-25,27753.02,CHEQUE,25,True
2091,INV-02425,CUS-0261,2024-05-10,2146.33,NEFT,60,True
2092,INV-02426,CUS-0473,2023-07-31,5804.18,NEFT,25,True
2093,INV-02427,CUS-0070,2022-12-01,6842.5,ONLINE,37,False
2094,INV-02428,CUS-0487,2023-12-05,4813.0,CHEQUE,29,True
2095,INV-02429,CUS-0418,2022-09-19,10526.63,ONLINE,36,False
2096,INV-02430,CUS-0172,2023-11-16,37925.39,CHEQUE,42,True
2097,INV-02431,CUS-0121,2023-02-09,8685.34,ONLINE,40,True
2098,INV-02432,CUS-0019,2023-11-29,20854.61,NEFT,26,True
2099,INV-02433,CUS-0419,2022-07-14,1497.36,NEFT,65,False
2100,INV-02435,CUS-0335,2023-01-08,8001.92,RTGS,56,True
2101,INV-02437,CUS-0051,2023-09-05,1724.39,CHEQUE,45,True
2102,INV-02438,CUS-0012,2023-10-01,2679.09,NEFT,41,True
2103,INV-02439,CUS-0212,2023-01-09,2478.11,NEFT,59,True
2104,INV-02440,CUS-0199,2023-12-07,1585.34,ONLINE,41,True
2105,INV-02442,CUS-0052,2023-09-14,535.83,NEFT,58,True
2106,INV-02443,CUS-0111,2023-01-24,9347.19,NEFT,70,False
2107,INV-02444,CUS-0334,2022-12-29,6283.18,RTGS,44,True
2108,INV-02445,CUS-0205,2023-02-16,7059.09,NEFT,45,True
2109,INV-02446,CUS-0448,2022-08-26,987.32,CHEQUE,84,False
2110,INV-02447,CUS-0256,2023-11-20,2755.93,CHEQUE,55,True
2111,INV-02448,CUS-0106,2023-03-26,5213.01,CHEQUE,60,True
2112,INV-02449,CUS-0167,2022-10-23,338.05,CHEQUE,30,True
2113,INV-02450,CUS-0436,2022-10-10,2727.31,ONLINE,30,True
2114,INV-02451,CUS-0298,2023-06-05,6454.37,NEFT,27,True
2115,INV-02452,CUS-0240,2023-01-22,9524.85,ONLINE,60,True
2116,INV-02453,CUS-0463,2023-03-26,10411.7,CHEQUE,58,True
2117,INV-02454,CUS-0238,2022-11-18,2339.63,RTGS,42,True
2118,INV-02455,CUS-0488,2023-11-18,16943.9,CHEQUE,58,True
2119,INV-02456,CUS-0497,2023-03-18,5463.41,ONLINE,42,False
2120,INV-02457,CUS-0041,2024-01-09,2127.18,NEFT,26,True
2121,INV-02458,CUS-0024,2023-06-07,24121.62,CHEQUE,44,True
2122,INV-02459,CUS-0244,2023-12-14,13396.87,NEFT,46,False
2123,INV-02460,CUS-0262,2023-04-29,2030.59,CHEQUE,60,True
2124,INV-02461,CUS-0466,2022-08-26,7837.64,CHEQUE,60,True
2125,INV-02463,CUS-0056,2024-05-07,834.57,RTGS,38,False
2126,INV-02464,CUS-0035,2023-12-26,6762.73,RTGS,48,False
2127,INV-02465,CUS-0049,2022-06-02,1112.18,CHEQUE,45,True
2128,INV-02467,CUS-0139,2022-09-17,597.59,RTGS,45,True
2129,INV-02468,CUS-0402,2022-08-15,3661.12,NEFT,54,False
2130,INV-02469,CUS-0002,2022-11-14,4035.52,NEFT,43,True
2131,INV-02470,CUS-0024,2022-09-12,6178.87,CHEQUE,43,True
2132,INV-02471,CUS-0045,2023-05-08,16621.89,RTGS,72,False
2133,INV-02472,CUS-0403,2023-07-10,4663.24,RTGS,44,True
2134,INV-02473,CUS-0427,2023-10-29,682.2,ONLINE,55,True
2135,INV-02474,CUS-0441,2022-12-14,729.67,NEFT,27,True
2136,INV-02475,CUS-0441,2023-08-05,10479.57,RTGS,25,True
2137,INV-02476,CUS-0218,2023-09-24,21030.48,CHEQUE,77,False
2138,INV-02477,CUS-0318,2024-05-12,25322.82,CHEQUE,59,True
2139,INV-02478,CUS-0417,2023-10-26,45973.92,RTGS,25,True
2140,INV-02479,CUS-0394,2023-11-12,3791.98,RTGS,44,True
2141,INV-02480,CUS-0120,2023-02-28,1737.85,ONLINE,43,True
2142,INV-02481,CUS-0033,2022-10-31,11602.7,NEFT,29,True
2143,INV-02482,CUS-0229,2024-01-09,1538.6,NEFT,27,True
2144,INV-02483,CUS-0155,2023-09-09,4266.36,RTGS,67,False
2145,INV-02484,CUS-0480,2023-07-05,1456.91,RTGS,29,True
2146,INV-02485,CUS-0284,2023-01-30,2120.35,NEFT,42,True
2147,INV-02489,CUS-0373,2023-09-12,2160.82,NEFT,44,True
2148,INV-02490,CUS-0093,2023-01-17,649.41,RTGS,56,False
2149,INV-02491,CUS-0346,2022-10-05,16141.11,ONLINE,56,True
2150,INV-02492,CUS-0132,2022-06-23,6702.49,CHEQUE,40,True
2151,INV-02493,CUS-0059,2023-10-01,4143.45,NEFT,26,True
2152,INV-02494,CUS-0342,2022-08-03,263.44,CHEQUE,82,False
2153,INV-02495,CUS-0451,2024-02-07,3154.06,NEFT,57,False
2154,INV-02496,CUS-0464,2024-02-06,11662.63,NEFT,45,True
2155,INV-02497,CUS-0313,2023-10-06,2403.1,ONLINE,59,True
2156,INV-02498,CUS-0395,2023-10-16,6938.08,RTGS,46,False
2157,INV-02499,CUS-0223,2022-12-24,6499.22,RTGS,55,True
2158,INV-02500,CUS-0114,2023-11-05,9588.57,CHEQUE,42,True
2159,INV-02501,CUS-0258,2023-06-25,1693.26,CHEQUE,30,True
2160,INV-02502,CUS-0128,2022-12-15,16490.26,CHEQUE,56,True
2161,INV-02503,CUS-0344,2024-05-23,2693.5,ONLINE,70,False
2162,INV-02504,CUS-0186,2024-05-21,23533.15,NEFT,59,False
2163,INV-02505,CUS-0363,2023-05-05,6019.06,NEFT,44,True
2164,INV-02507,CUS-0087,2023-11-15,2151.38,ONLINE,27,True
2165,INV-02508,CUS-0333,2022-06-26,10136.5,RTGS,57,True
2166,INV-02509,CUS-0380,2024-03-11,1090.13,CHEQUE,44,True
2167,INV-02510,CUS-0001,2024-01-22,3669.06,NEFT,57,True
2168,INV-02511,CUS-0181,2022-07-12,3853.78,RTGS,42,True
2169,INV-02513,CUS-0149,2024-02-04,35204.4,CHEQUE,45,True
2170,INV-02515,CUS-0132,2024-02-10,2043.94,ONLINE,44,True
2171,INV-02516,CUS-0115,2024-01-02,15350.0,NEFT,59,True
2172,INV-02517,CUS-0071,2023-05-23,20557.73,NEFT,43,True
2173,INV-02518,CUS-0466,2023-05-17,3575.57,CHEQUE,56,True
2174,INV-02519,CUS-0286,2023-01-25,7938.59,CHEQUE,75,False
2175,INV-02520,CUS-0075,2024-04-19,15173.48,ONLINE,59,True
2176,INV-02523,CUS-0463,2024-06-01,12782.83,CHEQUE,79,False
2177,INV-02524,CUS-0009,2023-08-23,15707.23,RTGS,40,False
2178,INV-02526,CUS-0148,2023-11-13,5186.55,ONLINE,59,True
2179,INV-02527,CUS-0305,2024-01-24,6407.35,NEFT,41,True
2180,INV-02529,CUS-0206,2023-02-13,24051.37,NEFT,45,True
2181,INV-02530,CUS-0499,2023-05-24,2676.65,RTGS,59,True
2182,INV-02531,CUS-0460,2022-09-27,45304.47,RTGS,44,True
2183,INV-02532,CUS-0233,2023-01-16,2768.89,CHEQUE,47,False
2184,INV-02535,CUS-0364,2022-12-03,3329.71,RTGS,59,True
2185,INV-02536,CUS-0323,2023-11-02,4475.81,ONLINE,28,True
2186,INV-02537,CUS-0389,2024-04-13,377.6,NEFT,25,True
2187,INV-02538,CUS-0439,2024-03-07,5249.13,RTGS,42,True
2188,INV-02539,CUS-0271,2023-04-19,1672.89,CHEQUE,28,True
2189,INV-02541,CUS-0453,2024-04-27,1683.95,NEFT,28,True
2190,INV-02543,CUS-0230,2023-06-18,9475.01,ONLINE,45,True
2191,INV-02544,CUS-0036,2022-09-21,13142.05,NEFT,43,False
2192,INV-02545,CUS-0026,2023-06-29,3810.45,NEFT,42,True
2193,INV-02546,CUS-0234,2023-04-25,7893.01,NEFT,26,True
2194,INV-02547,CUS-0339,2022-11-20,17960.62,NEFT,58,False
2195,INV-02548,CUS-0005,2022-10-10,1301.53,NEFT,56,True
2196,INV-02549,CUS-0202,2024-01-22,8022.57,ONLINE,44,True
2197,INV-02550,CUS-0202,2023-11-24,1100.57,CHEQUE,47,False
2198,INV-02551,CUS-0090,2022-05-24,14627.46,CHEQUE,42,True
2199,INV-02552,CUS-0416,2023-01-22,1154.51,ONLINE,30,True
2200,INV-02553,CUS-0490,2023-12-09,2626.39,CHEQUE,42,True
2201,INV-02554,CUS-0413,2024-05-12,21633.55,ONLINE,45,True
2202,INV-02555,CUS-0416,2024-02-20,242.36,NEFT,36,False
2203,INV-02556,CUS-0099,2024-03-29,3018.3,RTGS,62,False
2204,INV-02557,CUS-0322,2023-09-26,20466.06,RTGS,42,True
2205,INV-02559,CUS-0184,2022-08-29,53463.23,ONLINE,51,False
2206,INV-02560,CUS-0402,2022-09-30,978.38,NEFT,26,True
2207,INV-02561,CUS-0161,2023-05-03,6100.52,RTGS,59,True
2208,INV-02562,CUS-0427,2024-05-19,1137.84,RTGS,60,True
2209,INV-02564,CUS-0148,2024-05-08,45319.56,NEFT,56,True
2210,INV-02565,CUS-0159,2023-06-08,1502.52,CHEQUE,27,True
2211,INV-02566,CUS-0028,2023-11-30,4829.86,NEFT,45,True
2212,INV-02567,CUS-0216,2024-01-16,1942.61,NEFT,57,True
2213,INV-02568,CUS-0191,2023-06-06,126355.35,ONLINE,28,True
2214,INV-02569,CUS-0467,2022-08-23,303.48,ONLINE,43,True
2215,INV-02570,CUS-0042,2022-12-15,51770.63,RTGS,59,True
2216,INV-02571,CUS-0151,2022-12-10,4377.68,NEFT,33,False
2217,INV-02573,CUS-0151,2022-09-18,3390.85,CHEQUE,28,True
2218,INV-02574,CUS-0016,2024-02-01,3059.11,ONLINE,57,True
2219,INV-02575,CUS-0025,2022-07-02,7679.89,RTGS,38,False
2220,INV-02576,CUS-0029,2022-07-10,5519.65,CHEQUE,43,True
2221,INV-02577,CUS-0205,2023-02-12,1435.13,ONLINE,42,True
2222,INV-02578,CUS-0472,2022-09-14,4900.5,NEFT,30,True
2223,INV-02579,CUS-0098,2022-11-09,1376.77,RTGS,27,True
2224,INV-02581,CUS-0009,2024-01-02,14126.71,RTGS,30,True
2225,INV-02582,CUS-0341,2024-01-23,7125.33,ONLINE,28,True
2226,INV-02583,CUS-0069,2022-10-19,1209.25,CHEQUE,55,True
2227,INV-02584,CUS-0221,2023-12-17,22203.95,ONLINE,57,True
2228,INV-02585,CUS-0011,2022-07-18,5190.59,NEFT,55,True
2229,INV-02587,CUS-0382,2022-09-25,3896.53,RTGS,57,True
2230,INV-02588,CUS-0143,2023-10-09,706.99,RTGS,41,True
2231,INV-02589,CUS-0139,2023-05-14,4134.52,RTGS,45,True
2232,INV-02590,CUS-0140,2022-10-16,102440.89,CHEQUE,26,True
2233,INV-02591,CUS-0148,2023-08-21,23550.25,NEFT,70,False
2234,INV-02592,CUS-0160,2023-09-12,1884.77,ONLINE,42,True
2235,INV-02593,CUS-0045,2023-12-14,4631.04,ONLINE,59,True
2236,INV-02594,CUS-0420,2022-05-24,5304.61,ONLINE,44,True
2237,INV-02595,CUS-0415,2023-10-06,19333.67,ONLINE,30,True
2238,INV-02596,CUS-0003,2022-08-28,3558.09,ONLINE,61,False
2239,INV-02597,CUS-0418,2023-10-19,96392.95,CHEQUE,25,True
2240,INV-02598,CUS-0125,2023-06-14,811.21,CHEQUE,44,True
2241,INV-02599,CUS-0354,2024-04-30,9823.68,RTGS,31,False
2242,INV-02600,CUS-0331,2023-07-15,2771.26,CHEQUE,55,True
2243,INV-02601,CUS-0318,2023-07-15,5589.78,ONLINE,57,True
2244,INV-02602,CUS-0163,2022-10-02,3621.16,CHEQUE,60,True
2245,INV-02604,CUS-0291,2023-12-12,53019.35,ONLINE,59,True
2246,INV-02605,CUS-0472,2022-12-31,776.72,RTGS,28,True
2247,INV-02606,CUS-0117,2022-05-22,2243.63,RTGS,35,False
2248,INV-02608,CUS-0187,2024-03-01,2816.7,CHEQUE,29,True
2249,INV-02609,CUS-0482,2022-10-24,223.87,CHEQUE,58,True
2250,INV-02610,CUS-0241,2022-09-11,1070.92,RTGS,56,True
2251,INV-02611,CUS-0135,2023-12-06,27593.45,NEFT,38,False
2252,INV-02612,CUS-0386,2024-03-26,784.92,CHEQUE,56,True
2253,INV-02613,CUS-0219,2023-05-11,1563.55,ONLINE,81,False
2254,INV-02614,CUS-0236,2023-04-14,64084.69,CHEQUE,78,False
2255,INV-02615,CUS-0098,2024-04-18,981.15,RTGS,25,True
2256,INV-02616,CUS-0154,2023-05-21,2467.31,NEFT,58,True
2257,INV-02618,CUS-0459,2022-10-01,3502.78,CHEQUE,26,True
2258,INV-02619,CUS-0176,2024-04-08,12635.4,ONLINE,45,True
2259,INV-02620,CUS-0120,2024-02-10,6510.48,NEFT,43,True
2260,INV-02621,CUS-0451,2023-06-02,11600.21,RTGS,43,True
2261,INV-02622,CUS-0167,2023-10-08,696.35,ONLINE,28,True
2262,INV-02623,CUS-0101,2022-11-06,516.1,ONLINE,26,True
2263,INV-02624,CUS-0180,2022-05-07,2148.78,CHEQUE,28,True
2264,INV-02627,CUS-0162,2023-02-01,7081.13,NEFT,27,True
2265,INV-02628,CUS-0050,2023-03-24,31475.5,CHEQUE,44,True
2266,INV-02629,CUS-0160,2024-05-10,9037.39,RTGS,44,True
2267,INV-02630,CUS-0175,2024-01-21,5703.19,ONLINE,90,False
2268,INV-02631,CUS-0029,2023-11-16,10854.07,ONLINE,43,True
2269,INV-02632,CUS-0339,2022-06-26,33316.4,CHEQUE,44,True
2270,INV-02633,CUS-0078,2022-12-21,3788.49,ONLINE,40,True
2271,INV-02635,CUS-0018,2022-10-20,2260.97,NEFT,29,True
2272,INV-02636,CUS-0450,2023-11-20,36963.53,RTGS,57,True
2273,INV-02637,CUS-0029,2024-01-31,10049.24,RTGS,46,False
2274,INV-02638,CUS-0112,2023-05-27,2105.85,NEFT,58,True
2275,INV-02640,CUS-0046,2022-12-21,808.97,CHEQUE,33,False
2276,INV-02641,CUS-0175,2023-02-02,17470.63,RTGS,60,True
2277,INV-02642,CUS-0266,2024-02-22,20805.2,ONLINE,28,True
2278,INV-02643,CUS-0180,2023-04-19,4738.8,ONLINE,26,True
2279,INV-02645,CUS-0320,2023-05-21,348.4,ONLINE,55,True
2280,INV-02646,CUS-0399,2024-05-09,14138.57,RTGS,60,True
2281,INV-02647,CUS-0096,2022-08-03,55190.34,RTGS,40,False
2282,INV-02648,CUS-0078,2024-04-20,4925.43,RTGS,44,True
2283,INV-02649,CUS-0475,2024-03-01,8355.31,NEFT,44,True
2284,INV-02650,CUS-0324,2023-04-02,46944.57,ONLINE,65,False
2285,INV-02652,CUS-0410,2022-09-09,18617.24,CHEQUE,44,True
2286,INV-02653,CUS-0498,2023-05-25,1550.28,NEFT,59,True
2287,INV-02654,CUS-0223,2022-11-12,19926.28,ONLINE,66,False
2288,INV-02655,CUS-0248,2022-05-16,105295.59,ONLINE,28,True
2289,INV-02656,CUS-0183,2023-08-31,7003.12,RTGS,29,True
2290,INV-02658,CUS-0097,2024-04-22,16277.77,ONLINE,78,False
2291,INV-02659,CUS-0231,2024-03-17,6435.61,ONLINE,29,True
2292,INV-02660,CUS-0336,2023-12-03,3593.22,ONLINE,42,True
2293,INV-02661,CUS-0196,2022-08-19,1906.09,NEFT,69,False
2294,INV-02662,CUS-0372,2022-07-13,293.39,ONLINE,29,True
2295,INV-02664,CUS-0373,2024-01-09,16806.9,RTGS,64,False
2296,INV-02665,CUS-0028,2024-05-12,3207.86,CHEQUE,50,False
2297,INV-02666,CUS-0119,2022-06-12,845.87,CHEQUE,25,True
2298,INV-02667,CUS-0293,2023-08-20,704.29,NEFT,43,True
2299,INV-02668,CUS-0459,2024-04-18,1920.0,RTGS,25,True
2300,INV-02669,CUS-0009,2022-12-16,26592.63,NEFT,27,True
2301,INV-02670,CUS-0262,2022-07-23,213.07,NEFT,58,True
2302,INV-02671,CUS-0469,2023-12-27,2754.71,RTGS,42,True
2303,INV-02672,CUS-0223,2023-07-02,21557.85,NEFT,75,False
2304,INV-02673,CUS-0210,2022-07-26,17554.33,NEFT,55,True
2305,INV-02674,CUS-0288,2022-07-03,1641.97,RTGS,55,True
2306,INV-02675,CUS-0229,2022-08-15,12647.45,CHEQUE,30,True
2307,INV-02676,CUS-0131,2023-09-17,1500.85,RTGS,25,True
2308,INV-02677,CUS-0181,2022-09-08,9965.77,ONLINE,45,True
2309,INV-02678,CUS-0337,2023-07-16,108915.18,RTGS,56,True
2310,INV-02679,CUS-0384,2023-02-08,2768.78,RTGS,40,True
2311,INV-02680,CUS-0387,2022-08-22,17214.64,NEFT,26,True
2312,INV-02681,CUS-0329,2023-09-22,12000.11,ONLINE,58,True
2313,INV-02682,CUS-0020,2023-11-27,14414.49,ONLINE,87,False
2314,INV-02683,CUS-0216,2024-03-31,45168.63,NEFT,59,True
2315,INV-02684,CUS-0076,2022-09-10,21529.6,NEFT,55,True
2316,INV-02685,CUS-0346,2023-05-05,1064.13,RTGS,59,True
2317,INV-02686,CUS-0331,2023-07-31,1454.57,ONLINE,59,True
2318,INV-02687,CUS-0324,2023-08-16,81062.19,NEFT,40,True
2319,INV-02688,CUS-0143,2022-12-19,2925.95,NEFT,45,True
2320,INV-02689,CUS-0354,2023-08-28,3079.47,ONLINE,30,True
2321,INV-02690,CUS-0138,2022-05-23,7599.59,NEFT,44,True
2322,INV-02691,CUS-0044,2023-11-10,2147.95,RTGS,27,True
2323,INV-02692,CUS-0076,2023-07-05,4854.65,ONLINE,62,False
2324,INV-02693,CUS-0374,2022-09-25,44335.35,RTGS,58,True
2325,INV-02695,CUS-0132,2023-09-03,1360.64,CHEQUE,44,True
2326,INV-02696,CUS-0008,2022-11-18,18781.36,CHEQUE,60,True
2327,INV-02697,CUS-0165,2022-05-29,10042.84,RTGS,30,True
2328,INV-02698,CUS-0126,2024-01-15,375.14,RTGS,58,True
2329,INV-02699,CUS-0443,2023-10-31,1959.72,RTGS,73,False
2330,INV-02700,CUS-0187,2022-07-19,15083.05,NEFT,28,True
2331,INV-02701,CUS-0168,2024-05-02,6350.48,CHEQUE,56,True
2332,INV-02702,CUS-0326,2023-10-08,2869.31,RTGS,87,False
2333,INV-02703,CUS-0005,2022-07-20,5139.51,ONLINE,56,True
2334,INV-02704,CUS-0234,2022-06-05,12478.57,NEFT,30,True
2335,INV-02705,CUS-0142,2022-11-22,20805.99,CHEQUE,29,True
2336,INV-02706,CUS-0486,2023-10-31,3497.06,RTGS,42,True
2337,INV-02707,CUS-0046,2024-02-29,1130.36,NEFT,28,True
2338,INV-02708,CUS-0126,2023-10-19,2580.51,NEFT,57,True
2339,INV-02709,CUS-0203,2022-10-06,2189.34,ONLINE,59,True
2340,INV-02710,CUS-0385,2022-11-02,3960.21,NEFT,29,True
2341,INV-02711,CUS-0149,2023-09-06,8405.71,RTGS,41,True
2342,INV-02712,CUS-0364,2023-06-21,3298.67,CHEQUE,58,True
2343,INV-02713,CUS-0286,2023-08-02,9457.26,CHEQUE,44,True
2344,INV-02714,CUS-0037,2023-02-28,1617.2,CHEQUE,30,True
2345,INV-02715,CUS-0403,2023-03-16,16828.89,CHEQUE,58,False
2346,INV-02716,CUS-0120,2022-07-24,5244.96,ONLINE,43,True
2347,INV-02717,CUS-0429,2023-08-22,160902.07,ONLINE,28,True
2348,INV-02718,CUS-0082,2023-05-14,867.37,NEFT,44,True
2349,INV-02719,CUS-0225,2023-01-08,1447.69,NEFT,43,True
2350,INV-02720,CUS-0345,2023-08-29,16610.73,NEFT,56,True
2351,INV-02721,CUS-0013,2024-04-26,22755.21,NEFT,30,True
2352,INV-02722,CUS-0215,2022-10-26,1929.07,RTGS,28,True
2353,INV-02723,CUS-0216,2023-05-04,20367.4,CHEQUE,60,True
2354,INV-02724,CUS-0415,2023-12-04,36266.46,CHEQUE,29,True
2355,INV-02725,CUS-0360,2023-01-08,4509.58,NEFT,42,True
2356,INV-02726,CUS-0301,2023-05-18,66881.77,ONLINE,45,True
2357,INV-02727,CUS-0443,2023-09-08,466.51,CHEQUE,43,True
2358,INV-02728,CUS-0168,2023-07-06,2207.16,CHEQUE,56,True
2359,INV-02729,CUS-0114,2022-10-14,2108.16,RTGS,42,True
2360,INV-02730,CUS-0125,2023-09-01,299.48,CHEQUE,41,True
2361,INV-02731,CUS-0378,2022-06-01,37905.57,ONLINE,26,True
2362,INV-02732,CUS-0020,2023-12-08,874.97,NEFT,80,False
2363,INV-02733,CUS-0013,2022-12-19,18568.31,RTGS,26,True
2364,INV-02735,CUS-0491,2024-02-25,7200.69,ONLINE,42,True
2365,INV-02736,CUS-0231,2023-11-05,10319.55,NEFT,29,True
2366,INV-02737,CUS-0193,2023-01-05,586.92,NEFT,72,False
2367,INV-02738,CUS-0353,2023-08-26,5774.29,ONLINE,28,True
2368,INV-02739,CUS-0376,2023-01-31,2363.04,NEFT,43,True
2369,INV-02740,CUS-0174,2023-11-11,14763.38,NEFT,56,True
2370,INV-02742,CUS-0428,2023-05-13,2448.03,CHEQUE,43,True
2371,INV-02744,CUS-0380,2023-11-29,979.5,CHEQUE,45,True
2372,INV-02746,CUS-0023,2023-04-10,5880.98,NEFT,56,True
2373,INV-02747,CUS-0472,2023-10-14,708.61,ONLINE,26,True
2374,INV-02748,CUS-0315,2024-02-15,3150.11,ONLINE,56,True
2375,INV-02749,CUS-0284,2023-01-24,2596.31,ONLINE,49,False
2376,INV-02750,CUS-0346,2023-08-18,2121.59,CHEQUE,60,True
2377,INV-02751,CUS-0232,2022-08-25,598.44,RTGS,29,True
2378,INV-02752,CUS-0169,2022-08-24,239.41,ONLINE,25,True
2379,INV-02753,CUS-0164,2023-05-07,4874.06,ONLINE,30,True
2380,INV-02754,CUS-0437,2023-10-12,4039.77,RTGS,55,True
2381,INV-02755,CUS-0355,2024-01-03,456.84,NEFT,26,True
2382,INV-02756,CUS-0390,2023-12-10,406.2,CHEQUE,30,True
2383,INV-02757,CUS-0062,2024-04-07,615.04,CHEQUE,41,True
2384,INV-02758,CUS-0262,2023-09-21,3024.83,NEFT,56,True
2385,INV-02759,CUS-0087,2022-06-22,451.63,NEFT,27,True
2386,INV-02760,CUS-0138,2023-04-04,88752.15,CHEQUE,45,True
2387,INV-02761,CUS-0376,2022-06-12,1361.63,CHEQUE,44,True
2388,INV-02762,CUS-0298,2022-07-12,7905.6,CHEQUE,25,True
2389,INV-02763,CUS-0366,2023-03-30,1888.55,NEFT,30,True
2390,INV-02764,CUS-0277,2023-09-07,9119.62,CHEQUE,60,True
2391,INV-02765,CUS-0396,2023-07-13,2579.29,ONLINE,45,True
2392,INV-02766,CUS-0295,2023-06-29,20284.96,NEFT,43,True
2393,INV-02768,CUS-0092,2024-02-10,13758.73,ONLINE,26,True
2394,INV-02769,CUS-0264,2023-11-20,5298.8,CHEQUE,43,False
2395,INV-02770,CUS-0087,2023-12-25,1414.41,CHEQUE,28,True
2396,INV-02772,CUS-0364,2023-11-22,910.22,RTGS,60,True
2397,INV-02773,CUS-0254,2022-08-20,2560.17,ONLINE,40,True
2398,INV-02774,CUS-0438,2022-08-17,5230.02,RTGS,70,False
2399,INV-02775,CUS-0043,2022-11-11,15196.72,ONLINE,30,True
2400,INV-02776,CUS-0338,2024-01-23,6538.23,NEFT,59,True
2401,INV-02777,CUS-0433,2024-03-27,2524.21,NEFT,26,True
2402,INV-02778,CUS-0032,2024-04-19,18653.71,ONLINE,59,True
2403,INV-02779,CUS-0267,2022-06-26,2364.17,CHEQUE,43,True
2404,INV-02780,CUS-0330,2023-05-03,24347.31,CHEQUE,59,True
2405,INV-02781,CUS-0265,2024-02-19,6652.73,ONLINE,41,True
2406,INV-02782,CUS-0320,2023-11-19,3051.76,RTGS,58,True
2407,INV-02784,CUS-0055,2024-02-19,6963.82,CHEQUE,41,True
2408,INV-02785,CUS-0246,2024-04-01,8746.24,RTGS,30,True
2409,INV-02787,CUS-0075,2023-07-12,5829.08,NEFT,59,True
2410,INV-02788,CUS-0155,2023-10-09,5993.07,CHEQUE,59,True
2411,INV-02789,CUS-0149,2023-09-12,5390.57,NEFT,45,True
2412,INV-02791,CUS-0005,2022-11-25,2802.24,NEFT,57,True
2413,INV-02792,CUS-0348,2022-07-16,7995.93,RTGS,27,True
2414,INV-02793,CUS-0229,2023-07-03,2661.67,ONLINE,28,True
2415,INV-02795,CUS-0423,2024-02-13,589.29,NEFT,44,True
2416,INV-02796,CUS-0302,2023-06-26,1155.77,CHEQUE,45,False
2417,INV-02797,CUS-0019,2023-11-19,7650.84,RTGS,28,True
2418,INV-02798,CUS-0026,2024-04-28,2182.82,ONLINE,41,True
2419,INV-02799,CUS-0105,2023-02-02,2422.02,ONLINE,63,False
2420,INV-02800,CUS-0215,2024-01-21,12287.1,ONLINE,26,True
2421,INV-02801,CUS-0315,2024-05-11,1106.69,CHEQUE,55,True
2422,INV-02802,CUS-0450,2022-09-12,9426.48,NEFT,58,True
2423,INV-02803,CUS-0018,2023-05-16,5271.17,ONLINE,54,False
2424,INV-02805,CUS-0073,2023-07-16,41173.55,NEFT,32,False
2425,INV-02806,CUS-0004,2024-04-24,8084.2,ONLINE,42,True
2426,INV-02807,CUS-0355,2023-03-06,867.33,RTGS,28,True
2427,INV-02808,CUS-0099,2023-04-01,58928.91,CHEQUE,41,True
2428,INV-02809,CUS-0002,2023-06-01,2614.97,NEFT,42,True
2429,INV-02810,CUS-0192,2022-10-27,6258.33,CHEQUE,25,True
2430,INV-02811,CUS-0049,2023-07-05,87.62,NEFT,64,False
2431,INV-02812,CUS-0244,2024-03-04,5374.07,ONLINE,42,True
2432,INV-02813,CUS-0466,2022-12-23,2227.96,ONLINE,57,True
2433,INV-02814,CUS-0091,2023-08-23,1148.94,ONLINE,31,False
2434,INV-02816,CUS-0298,2023-06-18,4389.38,CHEQUE,30,True
2435,INV-02818,CUS-0030,2022-08-29,14372.64,ONLINE,29,True
2436,INV-02820,CUS-0082,2024-03-08,8351.5,ONLINE,43,True
2437,INV-02821,CUS-0301,2023-07-25,30740.21,NEFT,65,False
2438,INV-02822,CUS-0304,2022-07-07,208.71,RTGS,25,True
2439,INV-02823,CUS-0158,2023-07-08,415.95,ONLINE,29,True
2440,INV-02824,CUS-0333,2023-01-17,326.27,ONLINE,57,True
2441,INV-02825,CUS-0145,2022-08-13,12633.65,NEFT,58,True
2442,INV-02826,CUS-0166,2024-05-08,2217.82,NEFT,44,True
2443,INV-02827,CUS-0207,2022-09-13,1527.84,NEFT,56,True
2444,INV-02828,CUS-0042,2023-11-30,8897.77,ONLINE,56,True
2445,INV-02829,CUS-0462,2024-04-09,1132.07,RTGS,57,True
2446,INV-02830,CUS-0477,2024-03-13,31727.54,ONLINE,45,True
2447,INV-02831,CUS-0014,2023-07-26,2499.67,ONLINE,89,False
2448,INV-02832,CUS-0172,2022-10-24,26681.7,RTGS,40,True
2449,INV-02833,CUS-0319,2023-09-20,7437.93,NEFT,57,True
2450,INV-02835,CUS-0486,2023-01-25,6106.87,RTGS,44,True
2451,INV-02836,CUS-0383,2022-09-29,586.6,ONLINE,53,False
2452,INV-02837,CUS-0224,2023-09-22,1935.04,CHEQUE,25,True
2453,INV-02839,CUS-0414,2022-08-07,21715.24,CHEQUE,55,True
2454,INV-02840,CUS-0152,2023-11-20,1243.03,ONLINE,43,True
2455,INV-02841,CUS-0336,2022-12-05,220.39,ONLINE,40,True
2456,INV-02842,CUS-0229,2022-08-07,2452.59,NEFT,29,True
2457,INV-02843,CUS-0204,2022-08-14,3134.94,CHEQUE,44,True
2458,INV-02844,CUS-0322,2022-10-22,26470.48,ONLINE,65,False
2459,INV-02845,CUS-0143,2023-08-06,354.59,CHEQUE,42,True
2460,INV-02846,CUS-0418,2024-02-20,25450.87,RTGS,25,True
2461,INV-02847,CUS-0186,2022-05-30,4711.85,NEFT,41,True
2462,INV-02849,CUS-0217,2022-10-07,924.81,RTGS,60,True
2463,INV-02850,CUS-0443,2022-12-29,5487.77,NEFT,43,True
2464,INV-02851,CUS-0108,2022-10-11,6314.28,CHEQUE,44,True
2465,INV-02852,CUS-0249,2023-10-28,2995.28,CHEQUE,29,True
2466,INV-02853,CUS-0499,2023-04-05,1010.82,ONLINE,55,True
2467,INV-02854,CUS-0417,2024-01-28,3481.2,ONLINE,26,True
2468,INV-02855,CUS-0086,2023-03-20,15007.63,CHEQUE,59,True
2469,INV-02857,CUS-0249,2022-11-17,933.66,NEFT,26,True
2470,INV-02858,CUS-0054,2023-06-20,14668.38,NEFT,26,True
2471,INV-02859,CUS-0033,2023-03-28,6403.84,NEFT,25,True
2472,INV-02860,CUS-0311,2022-08-24,18169.59,ONLINE,57,True
2473,INV-02862,CUS-0417,2023-01-15,11962.09,ONLINE,28,True
2474,INV-02863,CUS-0480,2023-12-31,13244.76,ONLINE,27,True
2475,INV-02864,CUS-0112,2022-08-09,10240.89,RTGS,60,True
2476,INV-02865,CUS-0009,2022-05-19,44914.6,RTGS,29,True
2477,INV-02866,CUS-0163,2023-11-14,10646.87,NEFT,59,True
2478,INV-02868,CUS-0476,2024-05-19,14148.89,NEFT,59,True
2479,INV-02869,CUS-0177,2024-02-15,11996.2,RTGS,41,True
2480,INV-02870,CUS-0382,2023-03-03,13718.62,RTGS,60,True
2481,INV-02871,CUS-0115,2023-05-07,7562.8,ONLINE,60,True
2482,INV-02872,CUS-0281,2022-11-18,3676.96,NEFT,73,False
2483,INV-02873,CUS-0180,2022-05-22,2360.82,NEFT,25,True
2484,INV-02874,CUS-0380,2024-03-12,1278.23,CHEQUE,45,True
2485,INV-02875,CUS-0440,2022-08-03,921.62,RTGS,30,True
2486,INV-02876,CUS-0053,2023-01-07,2392.12,NEFT,70,False
2487,INV-02877,CUS-0172,2023-10-08,3833.53,ONLINE,45,True
2488,INV-02879,CUS-0072,2023-07-06,2499.38,NEFT,74,False
2489,INV-02880,CUS-0402,2024-02-25,610.35,ONLINE,25,True
2490,INV-02885,CUS-0384,2024-05-04,4991.94,ONLINE,45,True
2491,INV-02887,CUS-0033,2022-09-11,5345.84,ONLINE,29,True
2492,INV-02888,CUS-0412,2024-02-14,2816.21,ONLINE,30,True
2493,INV-02889,CUS-0372,2023-06-16,762.59,RTGS,26,True
2494,INV-02890,CUS-0492,2023-06-13,4340.14,RTGS,41,True
2495,INV-02891,CUS-0335,2023-06-19,21708.79,ONLINE,55,True
2496,INV-02892,CUS-0228,2022-07-21,100192.23,NEFT,60,True
2497,INV-02893,CUS-0255,2023-11-01,1689.03,CHEQUE,67,False
2498,INV-02894,CUS-0048,2023-04-06,22372.7,CHEQUE,56,True
2499,INV-02895,CUS-0386,2023-05-20,1792.18,NEFT,60,True
2500,INV-02896,CUS-0249,2024-02-24,1907.16,NEFT,29,True
2501,INV-02897,CUS-0222,2024-04-03,2944.46,RTGS,55,True
2502,INV-02898,CUS-0111,2024-04-24,671.26,CHEQUE,43,True
2503,INV-02899,CUS-0398,2022-09-13,90.74,CHEQUE,33,False
2504,INV-02900,CUS-0055,2023-10-13,3498.53,ONLINE,45,True
2505,INV-02901,CUS-0307,2022-11-14,1203.64,CHEQUE,60,True
2506,INV-02902,CUS-0376,2022-11-26,244.89,RTGS,44,True
2507,INV-02903,CUS-0233,2022-08-17,4122.14,ONLINE,26,True
2508,INV-02904,CUS-0371,2023-06-09,29288.41,CHEQUE,29,True
2509,INV-02905,CUS-0367,2023-07-08,11443.55,CHEQUE,30,True
2510,INV-02907,CUS-0483,2022-11-01,702.59,ONLINE,28,True
2511,INV-02908,CUS-0345,2022-09-05,14380.17,RTGS,60,True
2512,INV-02909,CUS-0409,2022-05-14,8269.69,CHEQUE,26,True
2513,INV-02910,CUS-0145,2023-11-10,13989.77,NEFT,60,True
2514,INV-02911,CUS-0223,2024-04-24,108638.25,CHEQUE,68,False
2515,INV-02913,CUS-0257,2022-06-17,1261.68,RTGS,29,True
2516,INV-02914,CUS-0161,2022-11-29,1356.5,NEFT,56,True
2517,INV-02915,CUS-0209,2024-03-21,418.67,CHEQUE,27,True
2518,INV-02916,CUS-0484,2023-05-17,361.99,ONLINE,29,True
2519,INV-02917,CUS-0297,2023-01-02,1967.31,ONLINE,41,True
2520,INV-02918,CUS-0038,2023-06-27,2610.77,NEFT,28,True
2521,INV-02919,CUS-0119,2023-08-23,2036.14,NEFT,30,True
2522,INV-02921,CUS-0139,2023-05-19,3408.02,RTGS,45,True
2523,INV-02922,CUS-0422,2022-10-13,15779.86,RTGS,73,False
2524,INV-02923,CUS-0060,2023-08-26,4440.41,ONLINE,30,True
2525,INV-02924,CUS-0288,2023-03-11,10028.74,ONLINE,55,True
2526,INV-02925,CUS-0327,2023-06-15,17197.04,CHEQUE,25,True
2527,INV-02926,CUS-0336,2024-02-18,5058.13,ONLINE,53,False
2528,INV-02927,CUS-0342,2024-02-24,1110.15,CHEQUE,56,True
2529,INV-02928,CUS-0089,2023-10-06,31241.04,NEFT,58,True
2530,INV-02929,CUS-0409,2022-07-25,6846.3,ONLINE,25,True
2531,INV-02930,CUS-0260,2023-10-26,6497.11,NEFT,43,True
2532,INV-02931,CUS-0201,2023-01-16,1446.56,CHEQUE,43,True
2533,INV-02932,CUS-0009,2022-11-06,15062.16,RTGS,52,False
2534,INV-02933,CUS-0223,2022-09-19,3674.75,ONLINE,58,True
2535,INV-02934,CUS-0384,2023-01-02,30667.65,ONLINE,44,True
2536,INV-02935,CUS-0342,2023-01-21,1492.0,NEFT,57,True
2537,INV-02936,CUS-0093,2023-01-06,6522.8,CHEQUE,60,False
2538,INV-02937,CUS-0120,2024-05-27,1769.39,RTGS,75,False
2539,INV-02938,CUS-0247,2023-08-13,7914.24,ONLINE,29,True
2540,INV-02939,CUS-0191,2022-08-05,18776.42,CHEQUE,48,False
2541,INV-02940,CUS-0185,2022-09-03,936.39,ONLINE,57,True
2542,INV-02941,CUS-0068,2023-04-09,3158.62,NEFT,41,True
2543,INV-02942,CUS-0305,2022-11-24,3512.41,RTGS,42,True
2544,INV-02943,CUS-0172,2022-08-24,11197.8,CHEQUE,45,True
2545,INV-02944,CUS-0171,2024-02-13,2227.93,NEFT,42,True
2546,INV-02945,CUS-0156,2023-05-23,2642.54,ONLINE,64,False
2547,INV-02946,CUS-0304,2023-05-08,1229.26,RTGS,27,True
2548,INV-02947,CUS-0389,2023-02-24,668.08,NEFT,28,True
2549,INV-02948,CUS-0355,2023-01-25,1889.8,ONLINE,36,False
2550,INV-02949,CUS-0098,2023-12-25,899.92,CHEQUE,28,True
2551,INV-02950,CUS-0037,2022-10-01,396.51,NEFT,33,False
2552,INV-02952,CUS-0161,2023-02-03,8218.11,ONLINE,62,False
2553,INV-02953,CUS-0087,2023-09-09,8260.59,CHEQUE,25,True
2554,INV-02954,CUS-0057,2022-09-29,178.51,CHEQUE,29,True
2555,INV-02955,CUS-0462,2023-09-14,639.29,ONLINE,56,True
2556,INV-02956,CUS-0037,2024-03-29,1967.41,RTGS,27,True
2557,INV-02958,CUS-0223,2023-01-12,24850.05,RTGS,79,False
2558,INV-02959,CUS-0417,2023-05-05,39327.2,ONLINE,30,True
2559,INV-02960,CUS-0040,2022-06-19,3908.24,NEFT,40,True
2560,INV-02961,CUS-0206,2023-10-17,8466.51,CHEQUE,41,True
2561,INV-02962,CUS-0371,2024-01-28,36331.35,NEFT,30,True
2562,INV-02963,CUS-0262,2024-05-23,1870.81,NEFT,55,True
2563,INV-02964,CUS-0287,2023-03-27,6696.03,CHEQUE,55,True
2564,INV-02965,CUS-0197,2022-05-26,21075.81,CHEQUE,50,False
2565,INV-02966,CUS-0078,2023-03-11,2270.44,RTGS,44,True
2566,INV-02967,CUS-0371,2024-01-15,10596.8,NEFT,27,True
2567,INV-02968,CUS-0079,2023-06-11,669.99,ONLINE,27,True
2568,INV-02969,CUS-0253,2024-03-23,1802.99,ONLINE,41,True
2569,INV-02970,CUS-0233,2023-04-15,2223.13,RTGS,27,True
2570,INV-02972,CUS-0453,2023-06-23,1494.33,CHEQUE,29,True
2571,INV-02973,CUS-0217,2022-09-01,405.38,NEFT,58,True
2572,INV-02974,CUS-0465,2022-08-09,16277.69,CHEQUE,57,True
2573,INV-02975,CUS-0330,2023-06-28,7912.72,NEFT,59,True
2574,INV-02976,CUS-0206,2024-04-13,1626.96,CHEQUE,44,True
2575,INV-02977,CUS-0295,2023-06-05,5124.86,NEFT,42,True
2576,INV-02978,CUS-0489,2022-11-06,1935.49,RTGS,58,True
2577,INV-02979,CUS-0083,2023-02-15,40871.38,RTGS,49,False
2578,INV-02980,CUS-0029,2024-05-01,8606.75,NEFT,45,True
2579,INV-02981,CUS-0376,2023-05-07,2768.46,CHEQUE,40,True
2580,INV-02982,CUS-0322,2022-07-02,2969.33,RTGS,40,True
2581,INV-02983,CUS-0103,2023-03-13,7971.14,ONLINE,45,True
2582,INV-02984,CUS-0412,2023-04-03,5880.53,CHEQUE,29,True
2583,INV-02986,CUS-0404,2023-12-04,3079.32,RTGS,56,True
2584,INV-02987,CUS-0391,2023-06-30,2086.06,RTGS,41,True
2585,INV-02988,CUS-0265,2023-06-29,12469.53,RTGS,44,True
2586,INV-02989,CUS-0279,2023-04-26,3091.86,CHEQUE,40,True
2587,INV-02990,CUS-0111,2024-02-01,5233.94,ONLINE,44,True
2588,INV-02992,CUS-0107,2022-09-17,1411.0,CHEQUE,42,True
2589,INV-02993,CUS-0414,2022-06-04,7124.17,RTGS,59,True
2590,INV-02994,CUS-0308,2023-02-12,20538.73,NEFT,44,True
2591,INV-02995,CUS-0141,2024-02-02,11996.99,NEFT,56,True
2592,INV-02996,CUS-0120,2023-03-31,1729.26,NEFT,41,True
2593,INV-02997,CUS-0328,2024-02-13,4715.91,CHEQUE,41,True
2594,INV-02998,CUS-0078,2024-02-29,9811.72,ONLINE,41,True
2595,INV-02999,CUS-0499,2023-06-01,547.18,ONLINE,57,True
2596,INV-03000,CUS-0111,2023-11-11,1835.97,RTGS,47,False
2597,INV-03001,CUS-0404,2022-12-19,4438.99,ONLINE,55,True
2598,INV-03002,CUS-0185,2024-03-25,5885.83,CHEQUE,65,False
2599,INV-03003,CUS-0282,2023-04-20,5821.74,RTGS,58,True
2600,INV-03004,CUS-0175,2023-11-29,1345.69,NEFT,57,True
2601,INV-03005,CUS-0278,2023-03-25,3486.72,RTGS,44,True
2602,INV-03006,CUS-0263,2024-04-27,979.75,NEFT,59,True
2603,INV-03007,CUS-0490,2022-07-16,924.06,RTGS,42,True
2604,INV-03009,CUS-0250,2023-12-14,38209.39,RTGS,28,True
2605,INV-03011,CUS-0207,2024-02-09,8472.65,RTGS,60,True
2606,INV-03012,CUS-0368,2024-04-25,1475.61,CHEQUE,50,False
2607,INV-03014,CUS-0441,2023-10-18,1181.67,NEFT,29,True
2608,INV-03015,CUS-0445,2023-07-26,11398.2,ONLINE,45,True
2609,INV-03016,CUS-0153,2024-03-28,6185.44,RTGS,55,True
2610,INV-03018,CUS-0020,2022-08-30,2932.17,RTGS,57,True
2611,INV-03019,CUS-0335,2023-03-03,4894.43,NEFT,55,True
2612,INV-03020,CUS-0485,2023-08-13,2899.68,CHEQUE,55,True
2613,INV-03021,CUS-0083,2024-04-25,47344.61,RTGS,26,True
2614,INV-03022,CUS-0250,2024-04-25,10319.2,CHEQUE,30,True
2615,INV-03023,CUS-0438,2022-08-19,16666.6,RTGS,42,True
2616,INV-03024,CUS-0418,2023-11-16,13454.28,ONLINE,29,True
2617,INV-03025,CUS-0492,2022-08-30,837.03,CHEQUE,45,True
2618,INV-03027,CUS-0024,2022-08-18,1206.01,ONLINE,45,True
2619,INV-03028,CUS-0472,2023-02-19,347.08,CHEQUE,33,False
2620,INV-03029,CUS-0477,2022-07-19,5762.47,CHEQUE,41,True
2621,INV-03030,CUS-0124,2024-01-25,1811.21,RTGS,42,True
2622,INV-03031,CUS-0325,2023-05-12,5162.2,ONLINE,26,True
2623,INV-03032,CUS-0044,2022-10-05,2058.19,ONLINE,28,True
2624,INV-03033,CUS-0032,2023-01-20,2084.15,ONLINE,59,True
2625,INV-03035,CUS-0310,2024-04-03,13122.91,CHEQUE,42,True
2626,INV-03036,CUS-0208,2023-07-18,2044.6,ONLINE,65,False
2627,INV-03037,CUS-0492,2024-05-22,3237.42,RTGS,65,False
2628,INV-03038,CUS-0444,2024-05-10,2288.12,ONLINE,84,False
2629,INV-03039,CUS-0314,2023-11-08,743.7,RTGS,67,False
2630,INV-03040,CUS-0446,2023-05-18,1539.97,CHEQUE,58,True
2631,INV-03041,CUS-0063,2022-08-17,17867.73,RTGS,43,True
2632,INV-03042,CUS-0009,2023-08-02,3188.88,NEFT,29,True
2633,INV-03043,CUS-0499,2023-08-06,644.29,NEFT,58,True
2634,INV-03044,CUS-0079,2023-12-24,1777.29,ONLINE,25,True
2635,INV-03045,CUS-0479,2023-10-16,46834.52,CHEQUE,42,True
2636,INV-03046,CUS-0446,2024-01-31,7264.53,RTGS,57,True
2637,INV-03047,CUS-0102,2024-02-26,215.62,ONLINE,59,True
2638,INV-03049,CUS-0078,2023-05-27,12365.46,ONLINE,40,True
2639,INV-03050,CUS-0261,2023-02-17,3513.66,RTGS,58,True
2640,INV-03051,CUS-0037,2022-08-14,2537.32,CHEQUE,28,True
2641,INV-03052,CUS-0338,2022-07-24,15270.55,CHEQUE,90,False
2642,INV-03053,CUS-0184,2024-01-01,3348.64,CHEQUE,42,True
2643,INV-03054,CUS-0185,2023-04-06,6624.58,RTGS,73,False
2644,INV-03055,CUS-0496,2022-07-13,11343.6,CHEQUE,29,True
2645,INV-03056,CUS-0127,2024-01-10,11651.68,RTGS,43,True
2646,INV-03057,CUS-0427,2022-06-07,5049.84,RTGS,58,True
2647,INV-03058,CUS-0070,2024-04-04,7105.19,CHEQUE,29,True
2648,INV-03059,CUS-0312,2022-10-29,25069.9,ONLINE,43,True
2649,INV-03060,CUS-0356,2024-02-03,11056.08,NEFT,53,False
2650,INV-03062,CUS-0214,2022-06-12,1069.05,CHEQUE,25,True
2651,INV-03063,CUS-0312,2023-09-10,34196.76,CHEQUE,50,False
2652,INV-03064,CUS-0491,2023-03-24,5804.34,CHEQUE,42,True
2653,INV-03065,CUS-0424,2023-11-25,687.18,ONLINE,28,True
2654,INV-03066,CUS-0490,2023-06-20,7776.85,CHEQUE,62,False
2655,INV-03067,CUS-0304,2023-03-09,783.02,NEFT,25,True
2656,INV-03068,CUS-0086,2024-03-12,3017.43,ONLINE,55,True
2657,INV-03069,CUS-0087,2023-01-03,6485.17,ONLINE,25,True
2658,INV-03070,CUS-0105,2024-04-11,2470.91,CHEQUE,44,True
2659,INV-03071,CUS-0042,2023-07-29,16405.61,NEFT,59,True
2660,INV-03072,CUS-0233,2024-01-16,501.35,RTGS,30,True
2661,INV-03076,CUS-0400,2022-07-31,3086.58,RTGS,44,True
2662,INV-03077,CUS-0188,2023-08-10,1186.82,RTGS,44,True
2663,INV-03078,CUS-0475,2023-02-02,1561.76,NEFT,45,True
2664,INV-03079,CUS-0019,2023-02-04,58662.09,ONLINE,37,False
2665,INV-03081,CUS-0076,2024-02-10,6884.04,RTGS,57,True
2666,INV-03082,CUS-0223,2024-05-04,19038.26,RTGS,57,True
2667,INV-03083,CUS-0136,2023-05-29,5526.61,CHEQUE,40,True
2668,INV-03084,CUS-0477,2023-05-08,10163.19,RTGS,43,True
2669,INV-03085,CUS-0112,2024-02-06,1794.91,RTGS,59,True
2670,INV-03086,CUS-0248,2022-07-28,13446.45,CHEQUE,50,False
2671,INV-03087,CUS-0035,2023-10-15,7686.5,RTGS,61,False
2672,INV-03088,CUS-0369,2024-03-07,19213.18,CHEQUE,42,True
2673,INV-03090,CUS-0226,2024-03-13,8465.35,RTGS,30,True
2674,INV-03091,CUS-0092,2022-11-11,483.03,RTGS,27,True
2675,INV-03092,CUS-0304,2023-01-16,5814.33,NEFT,30,True
2676,INV-03093,CUS-0387,2024-01-10,45022.21,RTGS,30,True
2677,INV-03094,CUS-0160,2022-12-10,2167.24,CHEQUE,42,True
2678,INV-03095,CUS-0304,2024-03-08,1141.06,ONLINE,27,True
2679,INV-03096,CUS-0108,2023-04-04,2895.43,RTGS,50,False
2680,INV-03099,CUS-0048,2022-08-28,12336.72,CHEQUE,58,True
2681,INV-03100,CUS-0421,2022-12-02,5710.04,RTGS,82,False
2682,INV-03101,CUS-0241,2023-09-14,1764.76,ONLINE,58,True
2683,INV-03102,CUS-0062,2022-09-03,169.11,CHEQUE,41,True
2684,INV-03103,CUS-0116,2022-12-13,541.95,RTGS,27,True
2685,INV-03104,CUS-0223,2023-05-05,53768.72,CHEQUE,55,True
2686,INV-03105,CUS-0236,2023-10-28,12539.53,RTGS,57,True
2687,INV-03106,CUS-0177,2024-02-29,3648.96,CHEQUE,40,True
2688,INV-03107,CUS-0472,2024-04-13,464.23,NEFT,25,True
2689,INV-03108,CUS-0460,2023-07-06,29846.06,RTGS,48,False
2690,INV-03109,CUS-0158,2024-03-08,3663.84,RTGS,30,True
2691,INV-03110,CUS-0046,2023-07-14,375.44,ONLINE,25,True
2692,INV-03111,CUS-0155,2023-08-22,2248.03,NEFT,55,True
2693,INV-03112,CUS-0271,2022-05-02,1234.08,NEFT,28,True
2694,INV-03113,CUS-0336,2023-03-07,1201.12,NEFT,42,True
2695,INV-03115,CUS-0370,2024-02-29,14868.64,RTGS,45,True
2696,INV-03116,CUS-0485,2023-11-06,1871.98,RTGS,75,False
2697,INV-03117,CUS-0392,2022-06-15,15995.96,CHEQUE,60,True
2698,INV-03118,CUS-0193,2023-11-25,365.48,ONLINE,44,True
2699,INV-03119,CUS-0134,2024-03-29,404.04,CHEQUE,55,True
2700,INV-03120,CUS-0323,2023-07-12,2736.35,ONLINE,29,True
2701,INV-03121,CUS-0285,2024-03-07,3578.26,NEFT,41,True
2702,INV-03122,CUS-0325,2023-10-19,3042.94,NEFT,26,True
2703,INV-03123,CUS-0272,2023-08-05,1600.1,NEFT,42,True
2704,INV-03124,CUS-0265,2024-03-05,26708.61,ONLINE,44,True
2705,INV-03125,CUS-0147,2023-08-19,563.85,ONLINE,60,True
2706,INV-03126,CUS-0474,2023-07-02,22020.96,RTGS,57,True
2707,INV-03127,CUS-0172,2022-09-23,10631.93,NEFT,67,False
2708,INV-03128,CUS-0007,2023-06-15,468.62,CHEQUE,66,False
2709,INV-03129,CUS-0040,2023-01-15,14648.03,RTGS,41,True
2710,INV-03130,CUS-0232,2023-09-28,3689.65,NEFT,30,True
2711,INV-03131,CUS-0125,2022-10-17,3558.03,ONLINE,45,True
2712,INV-03132,CUS-0039,2023-04-27,518.89,ONLINE,43,True
2713,INV-03133,CUS-0105,2022-09-11,470.4,ONLINE,45,True
2714,INV-03135,CUS-0272,2023-09-07,613.3,ONLINE,41,True
2715,INV-03136,CUS-0401,2023-09-02,10517.77,NEFT,42,True
2716,INV-03137,CUS-0313,2022-10-24,4719.8,ONLINE,59,True
2717,INV-03138,CUS-0492,2023-07-20,5166.37,NEFT,45,True
2718,INV-03139,CUS-0323,2024-03-08,927.57,RTGS,29,True
2719,INV-03140,CUS-0021,2023-07-04,1978.55,ONLINE,30,True
2720,INV-03141,CUS-0012,2022-11-27,33365.43,NEFT,42,True
2721,INV-03142,CUS-0060,2023-10-01,3345.89,ONLINE,49,False
2722,INV-03143,CUS-0232,2023-07-19,763.72,ONLINE,29,True
2723,INV-03144,CUS-0386,2023-03-22,1496.32,NEFT,59,True
2724,INV-03145,CUS-0137,2024-01-01,5556.83,RTGS,59,True
2725,INV-03146,CUS-0055,2023-12-24,852.7,CHEQUE,44,True
2726,INV-03147,CUS-0309,2022-11-13,7247.84,CHEQUE,80,False
2727,INV-03149,CUS-0118,2023-01-07,2165.2,RTGS,43,True
2728,INV-03150,CUS-0106,2023-05-07,1048.58,NEFT,58,True
2729,INV-03151,CUS-0387,2024-04-08,55956.93,CHEQUE,26,True
2730,INV-03152,CUS-0231,2022-05-24,5197.48,CHEQUE,27,True
2731,INV-03153,CUS-0320,2023-09-02,6034.42,RTGS,69,False
2732,INV-03154,CUS-0206,2023-09-17,14583.31,RTGS,41,True
2733,INV-03155,CUS-0304,2023-11-26,367.94,NEFT,27,True
2734,INV-03156,CUS-0164,2023-09-16,586.66,RTGS,30,True
2735,INV-03157,CUS-0219,2023-03-22,483.74,NEFT,59,True
2736,INV-03158,CUS-0277,2024-02-22,2385.56,CHEQUE,58,True
2737,INV-03159,CUS-0433,2024-05-20,1911.14,CHEQUE,56,False
2738,INV-03160,CUS-0111,2024-02-01,1882.74,NEFT,41,True
2739,INV-03161,CUS-0016,2022-07-01,804.63,ONLINE,60,True
2740,INV-03162,CUS-0075,2023-08-03,1108.67,RTGS,57,True
2741,INV-03163,CUS-0330,2024-06-01,4218.78,CHEQUE,87,False
2742,INV-03164,CUS-0441,2023-10-12,1352.53,CHEQUE,30,True
2743,INV-03165,CUS-0488,2024-01-31,1559.79,RTGS,88,False
2744,INV-03166,CUS-0471,2024-01-02,6091.21,ONLINE,43,True
2745,INV-03168,CUS-0285,2023-10-12,928.91,CHEQUE,43,True
2746,INV-03170,CUS-0394,2023-02-03,2719.41,RTGS,41,True
2747,INV-03171,CUS-0100,2023-03-11,593.71,RTGS,29,True
2748,INV-03174,CUS-0346,2023-06-30,1782.52,RTGS,59,True
2749,INV-03175,CUS-0068,2022-09-25,958.16,ONLINE,45,True
2750,INV-03176,CUS-0457,2023-08-09,3860.76,NEFT,57,True
2751,INV-03177,CUS-0071,2024-02-04,232336.63,CHEQUE,74,False
2752,INV-03178,CUS-0461,2022-10-30,119.92,NEFT,56,True
2753,INV-03179,CUS-0076,2024-04-19,4793.19,NEFT,57,True
2754,INV-03180,CUS-0395,2023-10-22,2209.51,RTGS,52,False
2755,INV-03181,CUS-0460,2022-11-21,18579.96,CHEQUE,45,True
2756,INV-03184,CUS-0339,2023-02-06,11065.49,RTGS,44,True
2757,INV-03185,CUS-0090,2023-03-06,8419.51,NEFT,44,True
2758,INV-03186,CUS-0130,2022-07-15,1466.04,NEFT,59,True
2759,INV-03187,CUS-0388,2023-08-07,14040.96,RTGS,30,True
2760,INV-03188,CUS-0382,2022-09-22,6508.3,NEFT,57,True
2761,INV-03189,CUS-0474,2023-05-03,2285.39,CHEQUE,60,True
2762,INV-03190,CUS-0055,2023-09-26,1134.44,RTGS,46,False
2763,INV-03191,CUS-0197,2022-10-11,5804.68,RTGS,26,True
2764,INV-03192,CUS-0425,2023-06-30,4856.25,CHEQUE,32,False
2765,INV-03193,CUS-0215,2022-12-24,1452.26,CHEQUE,30,True
2766,INV-03195,CUS-0381,2023-01-18,1270.97,CHEQUE,29,True
2767,INV-03196,CUS-0314,2022-07-03,3939.72,ONLINE,86,False
2768,INV-03197,CUS-0153,2024-05-04,1078.61,NEFT,59,True
2769,INV-03198,CUS-0450,2022-09-20,4725.98,CHEQUE,62,False
2770,INV-03199,CUS-0140,2023-03-03,3833.26,ONLINE,26,True
2771,INV-03200,CUS-0410,2022-07-03,4223.08,CHEQUE,40,True
2772,INV-03201,CUS-0448,2022-05-28,2256.86,NEFT,56,True
2773,INV-03202,CUS-0047,2022-06-03,3113.92,RTGS,55,True
2774,INV-03204,CUS-0060,2022-11-13,6024.77,CHEQUE,30,True
2775,INV-03205,CUS-0135,2024-04-21,2720.59,ONLINE,26,True
2776,INV-03206,CUS-0493,2024-01-04,879.74,RTGS,28,True
2777,INV-03207,CUS-0493,2024-01-30,54.87,NEFT,25,True
2778,INV-03208,CUS-0103,2022-08-13,3538.83,NEFT,49,False
2779,INV-03210,CUS-0092,2022-07-16,1118.0,NEFT,28,True
2780,INV-03211,CUS-0275,2022-09-12,15633.78,NEFT,45,True
2781,INV-03212,CUS-0453,2022-09-01,3269.09,NEFT,29,True
2782,INV-03213,CUS-0488,2022-09-01,1261.68,RTGS,56,True
2783,INV-03214,CUS-0248,2023-04-18,61391.83,NEFT,25,True
2784,INV-03215,CUS-0067,2023-09-03,27848.8,CHEQUE,59,True
2785,INV-03216,CUS-0234,2024-04-22,8175.33,RTGS,26,True
2786,INV-03217,CUS-0061,2022-10-23,236.65,NEFT,58,True
2787,INV-03218,CUS-0151,2022-08-11,8639.68,ONLINE,27,True
2788,INV-03219,CUS-0368,2023-01-27,1416.69,RTGS,44,True
2789,INV-03220,CUS-0169,2023-12-24,725.57,ONLINE,28,True
2790,INV-03221,CUS-0073,2024-02-10,5664.6,ONLINE,57,False
2791,INV-03222,CUS-0068,2023-03-12,1312.96,CHEQUE,41,True
2792,INV-03223,CUS-0326,2024-03-06,2256.32,ONLINE,59,True
2793,INV-03224,CUS-0323,2022-11-22,3510.98,CHEQUE,25,True
2794,INV-03225,CUS-0031,2023-11-25,15743.97,CHEQUE,55,True
2795,INV-03226,CUS-0262,2023-01-24,1367.71,RTGS,59,True
2796,INV-03227,CUS-0297,2023-01-16,281.12,RTGS,41,True
2797,INV-03228,CUS-0051,2023-08-26,1405.86,CHEQUE,42,True
2798,INV-03229,CUS-0287,2023-06-08,2029.67,NEFT,59,True
2799,INV-03230,CUS-0476,2023-09-29,37581.68,RTGS,57,True
2800,INV-03231,CUS-0159,2023-09-02,813.6,RTGS,29,True
2801,INV-03232,CUS-0314,2022-08-24,1598.15,CHEQUE,58,True
2802,INV-03233,CUS-0457,2022-07-26,513.89,NEFT,90,False
2803,INV-03234,CUS-0205,2023-09-25,397.39,RTGS,43,True
2804,INV-03235,CUS-0130,2024-02-23,138.71,RTGS,57,True
2805,INV-03237,CUS-0202,2022-08-12,2836.67,NEFT,45,True
2806,INV-03238,CUS-0169,2022-08-11,1166.68,RTGS,26,True
2807,INV-03239,CUS-0297,2024-05-01,3394.61,NEFT,45,True
2808,INV-03240,CUS-0395,2023-08-21,3280.31,NEFT,63,False
2809,INV-03241,CUS-0492,2023-04-09,2300.21,NEFT,45,True
2810,INV-03243,CUS-0128,2022-08-23,5035.2,RTGS,58,True
2811,INV-03244,CUS-0236,2024-03-21,18282.14,ONLINE,78,False
2812,INV-03245,CUS-0303,2024-03-29,3200.23,CHEQUE,31,False
2813,INV-03246,CUS-0320,2024-02-15,1750.81,CHEQUE,56,True
2814,INV-03248,CUS-0161,2023-03-29,5997.53,ONLINE,57,True
2815,INV-03249,CUS-0153,2024-01-13,1685.52,CHEQUE,57,True
2816,INV-03250,CUS-0323,2022-10-04,9203.27,ONLINE,27,True
2817,INV-03251,CUS-0220,2023-04-13,10688.54,RTGS,25,True
2818,INV-03252,CUS-0059,2023-10-17,6603.87,RTGS,25,True
2819,INV-03254,CUS-0129,2024-03-22,7059.16,NEFT,29,True
2820,INV-03255,CUS-0157,2024-03-29,2659.49,NEFT,29,True
2821,INV-03256,CUS-0036,2023-12-04,1697.74,ONLINE,27,True
2822,INV-03257,CUS-0449,2022-11-21,3865.75,CHEQUE,45,False
2823,INV-03258,CUS-0479,2022-12-23,65575.36,RTGS,41,True
2824,INV-03259,CUS-0371,2023-07-10,30115.07,RTGS,26,True
2825,INV-03260,CUS-0437,2023-09-14,24045.52,RTGS,74,False
2826,INV-03261,CUS-0484,2023-03-21,3162.03,RTGS,30,True
2827,INV-03262,CUS-0301,2022-11-05,6754.24,ONLINE,63,False
2828,INV-03263,CUS-0022,2022-06-15,2574.97,NEFT,60,True
2829,INV-03264,CUS-0007,2022-10-25,2628.91,RTGS,44,True
2830,INV-03265,CUS-0192,2023-11-14,5964.21,ONLINE,30,True
2831,INV-03267,CUS-0134,2024-04-09,1435.31,ONLINE,56,True
2832,INV-03268,CUS-0378,2023-09-04,21774.8,RTGS,60,False
2833,INV-03270,CUS-0443,2024-02-04,1847.52,ONLINE,44,True
2834,INV-03272,CUS-0339,2022-09-29,6321.96,ONLINE,63,False
2835,INV-03273,CUS-0092,2023-12-09,3469.25,NEFT,29,True
2836,INV-03274,CUS-0176,2023-06-07,2903.8,RTGS,45,True
2837,INV-03275,CUS-0075,2023-11-12,4917.44,RTGS,59,True
2838,INV-03276,CUS-0191,2023-01-25,32076.95,ONLINE,29,True
2839,INV-03277,CUS-0150,2023-04-30,1788.1,ONLINE,40,True
2840,INV-03278,CUS-0275,2022-08-22,6933.58,CHEQUE,45,True
2841,INV-03279,CUS-0320,2023-06-05,1066.77,CHEQUE,59,True
2842,INV-03280,CUS-0320,2022-09-18,1371.4,ONLINE,60,True
2843,INV-03284,CUS-0176,2023-08-25,10350.45,RTGS,42,True
2844,INV-03285,CUS-0424,2023-01-17,191.98,ONLINE,43,False
2845,INV-03286,CUS-0191,2022-11-21,17319.9,RTGS,26,True
2846,INV-03287,CUS-0306,2023-01-13,13687.16,CHEQUE,29,True
2847,INV-03288,CUS-0216,2023-08-05,15980.25,NEFT,56,True
2848,INV-03289,CUS-0131,2022-04-28,2085.17,NEFT,25,True
2849,INV-03290,CUS-0328,2023-10-28,18886.57,ONLINE,40,True
2850,INV-03291,CUS-0381,2022-05-01,884.42,ONLINE,28,True
2851,INV-03292,CUS-0115,2023-08-09,62088.06,CHEQUE,56,True
2852,INV-03293,CUS-0214,2023-09-04,962.66,CHEQUE,27,True
2853,INV-03294,CUS-0140,2023-11-13,25928.32,NEFT,30,True
2854,INV-03295,CUS-0328,2022-08-10,7278.39,CHEQUE,44,True
2855,INV-03296,CUS-0306,2023-01-16,58357.06,CHEQUE,25,True
2856,INV-03298,CUS-0012,2023-07-27,42916.55,NEFT,41,True
2857,INV-03299,CUS-0214,2024-02-05,1280.47,RTGS,29,True
2858,INV-03300,CUS-0394,2024-02-12,4580.74,ONLINE,42,True
2859,INV-03301,CUS-0129,2022-12-22,10239.88,RTGS,26,True
2860,INV-03302,CUS-0475,2023-08-25,7449.15,RTGS,43,True
2861,INV-03303,CUS-0167,2022-09-23,2246.47,CHEQUE,26,True
2862,INV-03304,CUS-0495,2022-10-15,67030.41,CHEQUE,55,True
2863,INV-03305,CUS-0343,2023-12-03,2768.64,ONLINE,40,True
2864,INV-03307,CUS-0294,2023-03-21,33404.36,NEFT,57,True
2865,INV-03308,CUS-0265,2023-02-02,24959.43,ONLINE,45,True
2866,INV-03309,CUS-0249,2023-06-18,1083.6,NEFT,26,True
2867,INV-03310,CUS-0366,2022-08-23,3395.23,NEFT,42,False
2868,INV-03311,CUS-0040,2024-03-27,20157.35,CHEQUE,70,False
2869,INV-03312,CUS-0062,2023-02-22,1840.6,NEFT,41,True
2870,INV-03313,CUS-0288,2023-04-10,1525.83,ONLINE,56,True
2871,INV-03315,CUS-0356,2023-10-23,523.44,NEFT,44,True
2872,INV-03316,CUS-0279,2024-04-04,2917.7,CHEQUE,43,True
2873,INV-03317,CUS-0450,2022-12-16,21603.02,ONLINE,56,True
2874,INV-03318,CUS-0433,2023-05-29,167.25,CHEQUE,28,True
2875,INV-03319,CUS-0442,2023-06-12,301.36,RTGS,45,True
2876,INV-03320,CUS-0295,2024-01-13,84844.83,RTGS,43,True
2877,INV-03321,CUS-0271,2023-08-25,2220.65,RTGS,27,True
2878,INV-03322,CUS-0500,2024-02-29,101874.56,RTGS,30,True
2879,INV-03324,CUS-0418,2024-01-26,5749.15,ONLINE,28,True
2880,INV-03325,CUS-0437,2022-09-12,14161.06,CHEQUE,70,False
2881,INV-03326,CUS-0419,2022-12-02,1948.42,RTGS,80,False
2882,INV-03327,CUS-0142,2023-04-25,13375.82,NEFT,29,True
2883,INV-03328,CUS-0285,2022-09-10,843.91,CHEQUE,45,True
2884,INV-03329,CUS-0202,2022-11-06,3268.71,NEFT,52,False
2885,INV-03330,CUS-0459,2024-02-04,5748.91,RTGS,29,True
2886,INV-03332,CUS-0333,2023-03-06,34156.74,ONLINE,55,True
2887,INV-03333,CUS-0390,2022-08-28,896.07,CHEQUE,28,True
2888,INV-03334,CUS-0217,2023-11-02,1271.1,RTGS,58,True
2889,INV-03335,CUS-0074,2023-01-05,4145.86,RTGS,28,True
2890,INV-03336,CUS-0085,2024-02-18,1580.95,NEFT,58,True
2891,INV-03338,CUS-0407,2022-07-30,819.29,NEFT,60,True
2892,INV-03339,CUS-0154,2022-09-04,2942.62,CHEQUE,60,True
2893,INV-03341,CUS-0385,2024-02-20,959.19,CHEQUE,29,True
2894,INV-03342,CUS-0305,2024-04-02,2339.06,NEFT,55,False
2895,INV-03343,CUS-0152,2022-08-26,5053.8,CHEQUE,42,True
2896,INV-03344,CUS-0355,2023-10-03,1084.88,CHEQUE,49,False
2897,INV-03345,CUS-0267,2022-10-05,2652.84,CHEQUE,41,True
2898,INV-03346,CUS-0018,2023-01-21,911.51,RTGS,26,True
2899,INV-03347,CUS-0436,2023-06-22,4649.86,NEFT,29,True
2900,INV-03348,CUS-0113,2022-05-24,6514.68,NEFT,44,True
2901,INV-03349,CUS-0411,2022-08-14,9569.79,CHEQUE,41,True
2902,INV-03350,CUS-0339,2023-08-09,6637.74,NEFT,42,True
2903,INV-03351,CUS-0352,2023-03-07,537.18,CHEQUE,56,True
2904,INV-03352,CUS-0341,2022-09-11,3664.86,ONLINE,28,True
2905,INV-03353,CUS-0421,2024-03-31,26948.64,CHEQUE,74,False
2906,INV-03354,CUS-0376,2023-02-14,4859.29,NEFT,42,True
2907,INV-03355,CUS-0397,2023-12-21,1345.79,CHEQUE,55,True
2908,INV-03356,CUS-0081,2024-03-01,259.21,ONLINE,43,False
2909,INV-03357,CUS-0310,2024-03-03,49650.66,NEFT,42,True
2910,INV-03360,CUS-0469,2023-05-07,970.44,NEFT,59,False
2911,INV-03361,CUS-0164,2023-05-14,2107.75,NEFT,26,True
2912,INV-03362,CUS-0433,2022-11-05,4754.38,RTGS,26,True
2913,INV-03363,CUS-0486,2023-11-02,3030.96,RTGS,63,False
2914,INV-03364,CUS-0366,2023-01-31,1747.57,CHEQUE,30,True
2915,INV-03365,CUS-0257,2023-10-18,5820.49,CHEQUE,28,True
2916,INV-03366,CUS-0148,2023-07-25,9511.97,ONLINE,89,False
2917,INV-03367,CUS-0415,2023-09-03,12059.21,CHEQUE,28,True
2918,INV-03368,CUS-0325,2023-09-09,3618.55,RTGS,29,True
2919,INV-03369,CUS-0228,2023-12-04,5351.59,RTGS,57,True
2920,INV-03370,CUS-0108,2022-06-09,1165.07,NEFT,41,True
2921,INV-03371,CUS-0448,2024-02-24,3347.51,CHEQUE,58,True
2922,INV-03373,CUS-0345,2022-07-05,45245.39,NEFT,59,True
2923,INV-03374,CUS-0154,2024-04-20,6662.11,CHEQUE,59,True
2924,INV-03375,CUS-0163,2023-12-10,2741.36,RTGS,56,True
2925,INV-03376,CUS-0180,2022-10-15,4002.97,CHEQUE,27,True
2926,INV-03377,CUS-0479,2022-09-12,3941.05,ONLINE,45,True
2927,INV-03378,CUS-0488,2023-10-07,2207.73,RTGS,60,True
2928,INV-03380,CUS-0333,2023-09-21,9009.48,NEFT,58,True
2929,INV-03381,CUS-0097,2023-04-04,10652.62,RTGS,57,True
2930,INV-03382,CUS-0133,2023-10-23,2872.9,NEFT,42,True
2931,INV-03384,CUS-0334,2022-06-09,9058.91,CHEQUE,41,True
2932,INV-03385,CUS-0394,2023-07-24,3043.88,RTGS,43,True
2933,INV-03386,CUS-0497,2023-06-03,3691.5,NEFT,32,False
2934,INV-03387,CUS-0292,2023-08-16,42540.08,CHEQUE,68,False
2935,INV-03388,CUS-0061,2023-11-18,619.11,RTGS,89,False
2936,INV-03389,CUS-0096,2023-05-17,8364.07,CHEQUE,29,True
2937,INV-03391,CUS-0409,2024-02-25,23166.83,NEFT,27,True
2938,INV-03392,CUS-0190,2023-12-23,613.35,RTGS,43,True
2939,INV-03393,CUS-0011,2024-03-17,4610.66,CHEQUE,56,True
2940,INV-03394,CUS-0461,2023-12-01,8472.62,CHEQUE,57,True
2941,INV-03395,CUS-0247,2023-01-01,3457.63,ONLINE,29,True
2942,INV-03396,CUS-0272,2023-04-14,629.9,CHEQUE,44,True
2943,INV-03397,CUS-0071,2022-07-26,17802.16,CHEQUE,45,True
2944,INV-03398,CUS-0405,2022-12-18,940.15,RTGS,25,True
2945,INV-03399,CUS-0382,2023-05-06,463.8,RTGS,59,True
2946,INV-03400,CUS-0312,2023-01-01,14310.32,NEFT,42,True
2947,INV-03401,CUS-0018,2023-12-22,2931.27,NEFT,29,True
2948,INV-03402,CUS-0354,2023-08-30,61074.1,ONLINE,28,True
2949,INV-03403,CUS-0296,2023-08-10,973.31,RTGS,30,True
2950,INV-03404,CUS-0152,2022-05-15,347.11,CHEQUE,40,True
2951,INV-03405,CUS-0038,2022-08-17,13514.82,RTGS,28,True
2952,INV-03406,CUS-0372,2024-01-23,3315.12,ONLINE,26,True
2953,INV-03408,CUS-0401,2023-05-12,16982.07,RTGS,42,True
2954,INV-03409,CUS-0089,2023-03-12,12290.47,CHEQUE,77,False
2955,INV-03410,CUS-0396,2023-10-03,2558.28,CHEQUE,60,False
2956,INV-03411,CUS-0184,2023-02-20,57785.04,NEFT,75,False
2957,INV-03412,CUS-0215,2023-05-09,4576.28,RTGS,27,True
2958,INV-03413,CUS-0484,2022-06-12,2555.47,CHEQUE,26,True
2959,INV-03414,CUS-0401,2023-05-17,6112.14,RTGS,70,False
2960,INV-03416,CUS-0068,2024-03-22,3462.43,CHEQUE,42,True
2961,INV-03418,CUS-0333,2023-10-01,6539.03,RTGS,57,True
2962,INV-03419,CUS-0164,2022-09-08,2098.4,RTGS,29,True
2963,INV-03420,CUS-0030,2022-06-18,15194.49,RTGS,27,True
2964,INV-03421,CUS-0144,2022-12-04,856.21,NEFT,28,True
2965,INV-03422,CUS-0477,2023-09-04,1218.69,NEFT,45,True
2966,INV-03423,CUS-0466,2023-04-23,12093.06,ONLINE,60,True
2967,INV-03425,CUS-0154,2023-10-29,1120.39,CHEQUE,58,True
2968,INV-03426,CUS-0474,2022-12-24,38331.96,NEFT,59,True
2969,INV-03427,CUS-0206,2022-09-05,6335.34,RTGS,57,False
2970,INV-03428,CUS-0156,2024-05-11,8160.19,NEFT,58,True
2971,INV-03429,CUS-0404,2024-01-24,67568.89,RTGS,57,True
2972,INV-03430,CUS-0476,2023-05-18,23755.52,NEFT,58,True
2973,INV-03431,CUS-0158,2022-09-03,2494.12,RTGS,25,True
2974,INV-03432,CUS-0386,2024-01-23,485.97,ONLINE,58,True
2975,INV-03433,CUS-0072,2023-04-12,27366.56,RTGS,57,True
2976,INV-03434,CUS-0231,2023-02-07,9245.46,CHEQUE,28,True
2977,INV-03435,CUS-0160,2023-05-29,370.6,CHEQUE,44,True
2978,INV-03437,CUS-0163,2022-12-02,19301.79,RTGS,60,True
2979,INV-03438,CUS-0375,2023-10-22,3805.73,ONLINE,62,False
2980,INV-03439,CUS-0339,2023-02-22,3457.2,ONLINE,42,True
2981,INV-03440,CUS-0401,2022-12-27,2373.06,RTGS,40,True
2982,INV-03441,CUS-0481,2022-11-14,7429.95,ONLINE,45,True
2983,INV-03443,CUS-0136,2023-07-04,5722.66,NEFT,44,True
2984,INV-03444,CUS-0130,2022-08-16,1041.38,NEFT,57,True
2985,INV-03445,CUS-0374,2022-07-31,17769.21,NEFT,59,True
2986,INV-03446,CUS-0252,2023-11-10,45760.86,NEFT,27,True
2987,INV-03447,CUS-0004,2023-09-16,2826.51,RTGS,45,True
2988,INV-03448,CUS-0120,2024-02-09,3147.31,ONLINE,44,True
2989,INV-03449,CUS-0488,2024-01-09,3324.44,RTGS,81,False
2990,INV-03450,CUS-0114,2022-11-20,4898.67,CHEQUE,45,True
2991,INV-03451,CUS-0215,2023-11-13,535.94,RTGS,30,True
2992,INV-03452,CUS-0178,2023-09-21,35030.21,ONLINE,45,True
2993,INV-03453,CUS-0141,2022-08-27,20658.88,RTGS,59,True
2994,INV-03455,CUS-0220,2024-02-06,5736.69,CHEQUE,60,False
2995,INV-03456,CUS-0253,2022-05-13,5846.38,RTGS,40,True
2996,INV-03457,CUS-0250,2023-07-27,18616.44,RTGS,29,True
2997,INV-03459,CUS-0270,2024-05-15,897.76,ONLINE,57,True
2998,INV-03460,CUS-0063,2022-11-08,9458.07,CHEQUE,44,True
2999,INV-03461,CUS-0255,2023-10-02,1321.76,ONLINE,53,False
3000,INV-03462,CUS-0430,2022-08-12,1956.89,RTGS,57,True
3001,INV-03463,CUS-0293,2022-08-25,1137.01,NEFT,43,True
3002,INV-03464,CUS-0179,2024-02-13,8636.25,NEFT,59,True
3003,INV-03465,CUS-0305,2022-06-24,465.98,ONLINE,41,True
3004,INV-03466,CUS-0303,2022-06-16,6390.55,CHEQUE,43,False
3005,INV-03467,CUS-0067,2022-12-31,18923.28,RTGS,74,False
3006,INV-03468,CUS-0359,2024-02-07,1194.47,CHEQUE,30,True
3007,INV-03469,CUS-0414,2024-02-20,28785.29,NEFT,60,True
3008,INV-03471,CUS-0002,2022-09-04,8220.31,ONLINE,41,True
3009,INV-03472,CUS-0309,2024-05-28,9887.09,ONLINE,60,True
3010,INV-03473,CUS-0007,2023-01-08,1229.88,CHEQUE,69,False
3011,INV-03475,CUS-0308,2023-05-11,14229.37,RTGS,45,True
3012,INV-03476,CUS-0201,2022-08-15,1055.36,CHEQUE,62,False
3013,INV-03477,CUS-0248,2024-02-04,11562.33,NEFT,29,True
3014,INV-03479,CUS-0320,2022-06-18,3559.78,CHEQUE,55,True
3015,INV-03480,CUS-0180,2023-07-22,1988.37,NEFT,31,False
3016,INV-03481,CUS-0500,2023-06-02,7105.87,CHEQUE,30,True
3017,INV-03482,CUS-0122,2023-05-16,14215.5,NEFT,42,True
3018,INV-03483,CUS-0407,2023-05-17,789.76,CHEQUE,60,True
3019,INV-03484,CUS-0216,2022-10-31,10877.69,ONLINE,60,True
3020,INV-03485,CUS-0317,2023-10-16,550.48,RTGS,54,False
3021,INV-03486,CUS-0324,2023-11-15,24074.46,NEFT,52,False
3022,INV-03487,CUS-0260,2022-12-02,1079.17,NEFT,41,True
3023,INV-03488,CUS-0376,2023-09-15,3574.45,CHEQUE,73,False
3024,INV-03489,CUS-0277,2024-01-11,1006.56,CHEQUE,60,True
3025,INV-03490,CUS-0434,2023-05-01,331.24,NEFT,38,False
3026,INV-03493,CUS-0127,2022-07-07,3171.64,CHEQUE,41,True
3027,INV-03494,CUS-0060,2023-06-19,12296.3,NEFT,26,True
3028,INV-03495,CUS-0053,2024-01-07,1667.21,CHEQUE,58,True
3029,INV-03496,CUS-0210,2022-12-08,3305.52,ONLINE,59,True
3030,INV-03497,CUS-0386,2024-02-29,1604.92,CHEQUE,58,True
3031,INV-03498,CUS-0364,2023-04-05,2854.6,ONLINE,55,True
3032,INV-03499,CUS-0047,2023-07-06,5304.24,NEFT,55,True
3033,INV-03500,CUS-0103,2023-10-11,2661.48,NEFT,54,False
3034,INV-03501,CUS-0117,2023-07-06,1413.23,ONLINE,35,False
3035,INV-03502,CUS-0482,2023-01-07,3750.67,ONLINE,58,True
3036,INV-03503,CUS-0266,2024-02-25,15888.18,ONLINE,26,True
3037,INV-03504,CUS-0075,2023-10-14,8239.78,RTGS,58,True
3038,INV-03505,CUS-0452,2023-04-03,467.66,CHEQUE,42,False
3039,INV-03506,CUS-0113,2022-11-22,97888.39,NEFT,44,True
3040,INV-03507,CUS-0332,2022-10-20,3297.41,RTGS,60,True
3041,INV-03508,CUS-0449,2023-01-31,1196.01,ONLINE,28,True
3042,INV-03509,CUS-0394,2022-06-20,7369.0,CHEQUE,66,False
3043,INV-03510,CUS-0107,2023-02-03,735.97,NEFT,43,True
3044,INV-03511,CUS-0476,2022-07-13,7926.06,NEFT,56,True
3045,INV-03512,CUS-0211,2023-02-16,6202.47,NEFT,57,True
3046,INV-03513,CUS-0092,2023-04-24,1728.13,NEFT,29,True
3047,INV-03514,CUS-0103,2022-06-02,3894.18,RTGS,40,True
3048,INV-03515,CUS-0412,2022-08-17,2811.98,CHEQUE,60,False
3049,INV-03516,CUS-0422,2024-03-20,2668.59,NEFT,45,True
3050,INV-03517,CUS-0253,2022-06-24,14701.22,RTGS,42,True
3051,INV-03519,CUS-0198,2024-01-09,3677.78,RTGS,60,True
3052,INV-03521,CUS-0308,2023-09-17,2999.71,CHEQUE,45,True
3053,INV-03522,CUS-0136,2023-08-01,7845.03,CHEQUE,43,True
3054,INV-03523,CUS-0009,2024-03-03,11573.37,CHEQUE,29,True
3055,INV-03525,CUS-0011,2022-11-15,35548.57,RTGS,59,True
3056,INV-03526,CUS-0437,2022-12-06,24697.77,ONLINE,55,True
3057,INV-03528,CUS-0493,2023-07-08,621.3,RTGS,27,True
3058,INV-03530,CUS-0097,2023-09-11,9055.29,CHEQUE,74,False
3059,INV-03531,CUS-0244,2022-09-05,5559.74,RTGS,45,True
3060,INV-03532,CUS-0060,2022-08-03,44733.23,CHEQUE,30,True
3061,INV-03533,CUS-0054,2023-02-16,5565.43,RTGS,27,True
3062,INV-03534,CUS-0216,2024-02-08,14301.2,NEFT,58,True
3063,INV-03535,CUS-0458,2023-09-25,1178.37,NEFT,27,True
3064,INV-03536,CUS-0265,2022-09-02,29287.54,CHEQUE,43,True
3065,INV-03537,CUS-0277,2022-08-01,2361.54,ONLINE,58,True
3066,INV-03538,CUS-0497,2022-06-01,498.95,NEFT,39,False
3067,INV-03539,CUS-0358,2022-06-28,8673.3,NEFT,40,True
3068,INV-03540,CUS-0359,2024-03-13,10028.1,ONLINE,27,True
3069,INV-03541,CUS-0137,2023-09-22,512.41,RTGS,59,True
3070,INV-03543,CUS-0039,2023-06-04,3906.7,NEFT,42,True
3071,INV-03544,CUS-0254,2023-03-09,2754.35,RTGS,45,True
3072,INV-03545,CUS-0457,2022-12-25,3725.65,CHEQUE,58,True
3073,INV-03546,CUS-0229,2022-07-18,369.01,NEFT,25,True
3074,INV-03547,CUS-0303,2023-02-15,1951.85,ONLINE,27,True
3075,INV-03548,CUS-0391,2023-07-09,3987.94,NEFT,44,True
3076,INV-03549,CUS-0084,2022-08-13,3018.4,NEFT,55,True
3077,INV-03550,CUS-0446,2022-08-21,6455.9,ONLINE,60,True
3078,INV-03551,CUS-0491,2023-06-24,1557.04,NEFT,41,True
3079,INV-03552,CUS-0457,2023-03-03,1720.19,CHEQUE,60,True
3080,INV-03553,CUS-0133,2024-05-23,1801.84,NEFT,61,False
3081,INV-03555,CUS-0487,2023-07-24,297.43,NEFT,26,True
3082,INV-03556,CUS-0456,2023-08-27,1249.01,CHEQUE,85,False
3083,INV-03557,CUS-0378,2023-08-27,8706.98,NEFT,50,False
3084,INV-03558,CUS-0333,2023-05-12,764.08,CHEQUE,58,True
3085,INV-03559,CUS-0175,2023-09-28,11895.43,RTGS,81,False
3086,INV-03561,CUS-0290,2023-02-09,11555.51,ONLINE,59,True
3087,INV-03562,CUS-0096,2022-11-07,13317.46,ONLINE,48,False
3088,INV-03563,CUS-0017,2024-04-28,2188.83,ONLINE,57,True
3089,INV-03564,CUS-0182,2023-07-20,2911.13,NEFT,57,True
3090,INV-03565,CUS-0200,2023-12-09,742.8,RTGS,47,False
3091,INV-03566,CUS-0388,2023-09-26,5169.13,ONLINE,29,True
3092,INV-03567,CUS-0487,2023-10-04,4518.81,CHEQUE,30,True
3093,INV-03569,CUS-0477,2023-02-26,4384.19,RTGS,63,False
3094,INV-03570,CUS-0359,2022-10-08,5678.27,CHEQUE,26,True
3095,INV-03571,CUS-0266,2024-02-27,35034.5,RTGS,26,True
3096,INV-03572,CUS-0082,2023-03-10,1030.03,RTGS,40,True
3097,INV-03573,CUS-0230,2023-12-07,12403.13,NEFT,42,True
3098,INV-03574,CUS-0001,2022-06-01,8991.72,CHEQUE,60,True
3099,INV-03575,CUS-0250,2023-11-30,16808.85,NEFT,28,True
3100,INV-03576,CUS-0379,2023-07-24,1625.21,ONLINE,42,True
3101,INV-03577,CUS-0300,2024-02-26,1112.68,RTGS,30,True
3102,INV-03578,CUS-0458,2023-01-29,2181.42,CHEQUE,30,True
3103,INV-03580,CUS-0327,2024-01-30,8713.68,CHEQUE,30,True
3104,INV-03581,CUS-0075,2023-05-11,3414.41,CHEQUE,55,True
3105,INV-03582,CUS-0170,2023-04-29,2248.91,RTGS,40,True
3106,INV-03583,CUS-0017,2023-10-07,3152.62,RTGS,88,False
3107,INV-03584,CUS-0024,2023-09-29,1096.32,NEFT,43,True
3108,INV-03585,CUS-0437,2022-07-12,24027.53,RTGS,58,True
3109,INV-03586,CUS-0469,2023-11-12,11580.95,CHEQUE,45,True
3110,INV-03587,CUS-0164,2023-03-23,5073.65,ONLINE,25,True
3111,INV-03588,CUS-0304,2022-05-18,712.8,RTGS,29,True
3112,INV-03589,CUS-0074,2022-07-16,3351.7,CHEQUE,30,True
3113,INV-03590,CUS-0404,2023-07-06,2049.24,ONLINE,60,True
3114,INV-03591,CUS-0086,2022-09-27,3342.98,NEFT,59,True
3115,INV-03592,CUS-0452,2023-04-06,7137.99,NEFT,29,True
3116,INV-03593,CUS-0292,2023-09-19,35666.04,CHEQUE,45,True
3117,INV-03595,CUS-0137,2024-04-15,3329.59,RTGS,58,True
3118,INV-03596,CUS-0057,2023-09-24,510.38,RTGS,25,True
3119,INV-03597,CUS-0259,2023-02-05,933.97,CHEQUE,42,True
3120,INV-03598,CUS-0194,2022-12-17,17121.24,ONLINE,27,True
3121,INV-03599,CUS-0376,2023-12-04,6094.76,CHEQUE,42,True
3122,INV-03600,CUS-0059,2022-08-11,2551.09,RTGS,30,True
3123,INV-03601,CUS-0114,2024-01-24,18771.35,CHEQUE,41,True
3124,INV-03602,CUS-0475,2024-02-07,11378.55,ONLINE,43,True
3125,INV-03603,CUS-0210,2023-02-18,10152.48,ONLINE,62,False
3126,INV-03604,CUS-0430,2024-01-25,9691.11,ONLINE,59,True
3127,INV-03605,CUS-0363,2024-05-07,7085.24,ONLINE,48,False
3128,INV-03606,CUS-0421,2024-05-24,6890.25,RTGS,73,False
3129,INV-03607,CUS-0453,2023-05-30,5673.71,ONLINE,27,True
3130,INV-03608,CUS-0410,2024-02-17,842.35,ONLINE,41,True
3131,INV-03609,CUS-0444,2023-05-08,5156.44,ONLINE,58,True
3132,INV-03610,CUS-0223,2022-12-24,18313.67,ONLINE,73,False
3133,INV-03611,CUS-0231,2023-02-17,8632.83,RTGS,58,False
3134,INV-03612,CUS-0130,2023-07-21,1910.43,ONLINE,90,False
3135,INV-03613,CUS-0251,2024-05-27,17435.53,ONLINE,58,True
3136,INV-03614,CUS-0117,2023-12-16,275.39,ONLINE,57,False
3137,INV-03615,CUS-0280,2024-05-05,146.95,ONLINE,83,False
3138,INV-03616,CUS-0268,2024-01-12,389.35,CHEQUE,29,True
3139,INV-03617,CUS-0405,2023-02-05,1138.25,NEFT,55,False
3140,INV-03618,CUS-0123,2022-12-21,2478.59,RTGS,45,True
3141,INV-03619,CUS-0459,2023-08-06,7556.49,ONLINE,25,True
3142,INV-03620,CUS-0105,2024-04-21,374.92,RTGS,43,True
3143,INV-03621,CUS-0206,2023-08-18,51294.96,ONLINE,69,False
3144,INV-03622,CUS-0269,2022-10-02,1121.05,CHEQUE,42,True
3145,INV-03623,CUS-0221,2022-10-31,21161.13,NEFT,59,True
3146,INV-03624,CUS-0463,2024-03-16,9594.2,RTGS,56,True
3147,INV-03625,CUS-0287,2022-12-12,7627.61,RTGS,57,True
3148,INV-03626,CUS-0009,2023-03-15,4103.37,RTGS,25,True
3149,INV-03627,CUS-0194,2023-11-05,7572.86,CHEQUE,30,True
3150,INV-03628,CUS-0023,2023-01-30,1778.19,ONLINE,57,True
3151,INV-03629,CUS-0500,2024-01-27,3328.76,RTGS,29,True
3152,INV-03630,CUS-0198,2023-09-16,573.08,CHEQUE,78,False
3153,INV-03631,CUS-0407,2023-07-18,708.56,NEFT,56,True
3154,INV-03632,CUS-0319,2023-03-04,1015.43,RTGS,60,True
3155,INV-03633,CUS-0089,2023-09-12,21827.66,RTGS,59,True
3156,INV-03634,CUS-0254,2022-07-18,928.23,CHEQUE,41,True
3157,INV-03635,CUS-0189,2022-10-02,4222.7,NEFT,42,True
3158,INV-03636,CUS-0100,2023-10-25,16283.69,ONLINE,26,True
3159,INV-03637,CUS-0386,2024-03-08,752.83,ONLINE,60,True
3160,INV-03638,CUS-0404,2023-08-07,8214.04,NEFT,75,False
3161,INV-03639,CUS-0215,2023-07-29,1286.67,RTGS,40,False
3162,INV-03640,CUS-0387,2024-03-30,6950.67,CHEQUE,27,True
3163,INV-03641,CUS-0405,2024-03-18,2074.43,RTGS,29,True
3164,INV-03642,CUS-0413,2023-12-16,1221.61,NEFT,42,True
3165,INV-03643,CUS-0158,2022-07-06,9002.95,CHEQUE,26,True
3166,INV-03644,CUS-0190,2023-11-19,713.96,NEFT,44,True
3167,INV-03645,CUS-0368,2023-08-15,2818.71,ONLINE,44,True
3168,INV-03646,CUS-0364,2023-01-11,3583.85,RTGS,57,True
3169,INV-03647,CUS-0080,2022-10-25,2953.96,CHEQUE,49,False
3170,INV-03649,CUS-0232,2023-07-06,500.23,ONLINE,27,True
3171,INV-03650,CUS-0442,2024-03-05,7622.49,RTGS,72,False
3172,INV-03651,CUS-0194,2024-03-01,7682.53,ONLINE,28,True
3173,INV-03652,CUS-0127,2022-08-12,88276.57,ONLINE,69,False
3174,INV-03655,CUS-0058,2022-10-24,187.05,NEFT,88,False
3175,INV-03656,CUS-0204,2022-06-17,4388.89,NEFT,40,True
3176,INV-03657,CUS-0419,2023-01-20,132.42,RTGS,60,True
3177,INV-03658,CUS-0191,2023-06-16,53073.19,RTGS,28,True
3178,INV-03659,CUS-0317,2023-10-22,1224.39,RTGS,29,True
3179,INV-03660,CUS-0358,2024-03-22,10011.19,CHEQUE,45,True
3180,INV-03661,CUS-0251,2023-09-27,1872.8,CHEQUE,59,True
3181,INV-03662,CUS-0159,2023-01-26,1018.02,CHEQUE,32,False
3182,INV-03663,CUS-0022,2022-08-25,6004.96,ONLINE,55,True
3183,INV-03664,CUS-0092,2024-03-25,4893.96,RTGS,26,True
3184,INV-03667,CUS-0303,2023-04-25,896.92,RTGS,26,True
3185,INV-03668,CUS-0181,2022-12-05,1345.63,RTGS,43,True
3186,INV-03669,CUS-0415,2023-08-03,29629.6,ONLINE,32,False
3187,INV-03670,CUS-0294,2023-08-07,2735.27,NEFT,88,False
3188,INV-03671,CUS-0039,2023-12-20,5218.73,NEFT,42,True
3189,INV-03672,CUS-0346,2024-01-14,721.06,RTGS,58,True
3190,INV-03673,CUS-0215,2023-04-21,2537.66,CHEQUE,30,True
3191,INV-03674,CUS-0458,2023-09-09,1344.75,CHEQUE,26,True
3192,INV-03675,CUS-0180,2022-12-05,86.9,ONLINE,30,True
3193,INV-03676,CUS-0305,2022-06-10,6076.28,ONLINE,40,True
3194,INV-03677,CUS-0465,2022-12-27,1974.85,ONLINE,55,True
3195,INV-03678,CUS-0325,2022-07-02,3090.71,RTGS,39,False
3196,INV-03679,CUS-0139,2023-04-03,6761.04,ONLINE,41,True
3197,INV-03680,CUS-0002,2023-10-12,779.18,NEFT,44,True
3198,INV-03681,CUS-0488,2023-06-18,5313.22,RTGS,59,True
3199,INV-03682,CUS-0163,2022-11-30,7801.9,RTGS,56,True
3200,INV-03683,CUS-0288,2022-06-30,5395.89,NEFT,59,True
3201,INV-03684,CUS-0136,2023-01-20,33545.73,NEFT,44,True
3202,INV-03685,CUS-0221,2022-06-29,7398.75,NEFT,58,True
3203,INV-03686,CUS-0233,2024-02-08,1619.93,NEFT,30,True
3204,INV-03687,CUS-0423,2022-07-09,1192.69,RTGS,42,True
3205,INV-03688,CUS-0361,2023-05-03,640.17,CHEQUE,50,False
3206,INV-03690,CUS-0236,2023-12-27,11044.87,RTGS,58,True
3207,INV-03692,CUS-0213,2024-04-16,272.06,RTGS,57,True
3208,INV-03694,CUS-0478,2023-03-01,1320.42,NEFT,26,True
3209,INV-03695,CUS-0050,2022-06-18,39837.18,CHEQUE,41,True
3210,INV-03696,CUS-0434,2023-03-08,4318.32,CHEQUE,26,True
3211,INV-03697,CUS-0174,2022-06-12,2624.03,RTGS,56,True
3212,INV-03699,CUS-0156,2024-03-08,1232.77,RTGS,57,True
3213,INV-03700,CUS-0058,2022-05-31,5328.58,ONLINE,56,True
3214,INV-03701,CUS-0166,2023-02-15,769.06,CHEQUE,41,True
3215,INV-03702,CUS-0187,2022-11-08,2491.0,NEFT,58,False
3216,INV-03703,CUS-0325,2023-01-06,9476.48,RTGS,27,True
3217,INV-03704,CUS-0082,2024-02-14,15791.69,RTGS,43,True
3218,INV-03705,CUS-0236,2024-04-15,16868.01,CHEQUE,55,True
3219,INV-03706,CUS-0122,2022-07-15,2794.6,CHEQUE,41,True
3220,INV-03707,CUS-0423,2023-07-12,1763.96,RTGS,66,False
3221,INV-03708,CUS-0069,2024-01-01,8924.74,CHEQUE,59,True
3222,INV-03709,CUS-0028,2022-10-10,57631.34,ONLINE,51,False
3223,INV-03710,CUS-0008,2023-04-23,35875.39,RTGS,55,True
3224,INV-03711,CUS-0269,2023-10-15,363.22,NEFT,45,True
3225,INV-03713,CUS-0296,2024-02-18,2763.17,NEFT,30,True
3226,INV-03714,CUS-0160,2022-09-08,9802.9,NEFT,44,True
3227,INV-03715,CUS-0156,2024-05-11,3705.81,RTGS,59,True
3228,INV-03716,CUS-0204,2022-11-07,2245.83,NEFT,43,True
3229,INV-03717,CUS-0398,2023-10-20,1421.79,NEFT,38,False
3230,INV-03718,CUS-0334,2022-08-02,6298.73,ONLINE,45,True
3231,INV-03719,CUS-0467,2023-07-27,786.17,ONLINE,43,True
3232,INV-03720,CUS-0325,2022-09-04,1233.76,ONLINE,25,True
3233,INV-03722,CUS-0155,2022-07-28,3572.43,NEFT,55,True
3234,INV-03723,CUS-0076,2022-11-28,16306.07,RTGS,59,True
3235,INV-03724,CUS-0385,2022-08-08,15152.41,RTGS,30,True
3236,INV-03725,CUS-0136,2023-03-22,17070.91,RTGS,67,False
3237,INV-03726,CUS-0228,2022-07-26,65588.94,CHEQUE,60,True
3238,INV-03727,CUS-0199,2022-08-08,1498.13,RTGS,42,True
3239,INV-03728,CUS-0100,2023-07-12,1332.66,CHEQUE,27,True
3240,INV-03729,CUS-0382,2023-12-22,3824.55,RTGS,55,True
3241,INV-03730,CUS-0102,2022-12-20,977.06,ONLINE,55,True
3242,INV-03733,CUS-0234,2023-07-19,5223.55,NEFT,30,True
3243,INV-03734,CUS-0106,2022-10-14,598.24,NEFT,58,True
3244,INV-03736,CUS-0055,2023-02-17,1413.54,RTGS,40,True
3245,INV-03737,CUS-0165,2023-04-20,3448.65,CHEQUE,29,True
3246,INV-03738,CUS-0473,2022-06-24,6205.51,RTGS,33,False
3247,INV-03739,CUS-0025,2023-01-29,10575.22,ONLINE,27,True
3248,INV-03740,CUS-0047,2023-08-06,8452.94,CHEQUE,75,False
3249,INV-03741,CUS-0393,2023-04-02,3291.38,ONLINE,70,False
3250,INV-03743,CUS-0422,2022-09-19,6148.4,CHEQUE,44,True
3251,INV-03744,CUS-0425,2023-06-01,808.41,RTGS,30,True
3252,INV-03745,CUS-0106,2024-04-15,984.15,CHEQUE,58,True
3253,INV-03746,CUS-0346,2023-09-17,4737.97,CHEQUE,57,True
3254,INV-03747,CUS-0173,2022-08-01,2464.33,RTGS,80,False
3255,INV-03748,CUS-0138,2023-12-26,9086.73,NEFT,45,True
3256,INV-03749,CUS-0237,2024-01-31,1591.55,CHEQUE,40,True
3257,INV-03750,CUS-0324,2023-05-28,2754.03,RTGS,41,True
3258,INV-03751,CUS-0140,2022-10-12,9484.73,ONLINE,27,True
3259,INV-03752,CUS-0430,2024-03-12,5571.1,ONLINE,58,True
3260,INV-03753,CUS-0194,2022-12-07,9604.6,ONLINE,29,True
3261,INV-03755,CUS-0113,2022-05-22,9376.65,NEFT,40,True
3262,INV-03756,CUS-0370,2023-11-06,2653.48,RTGS,50,False
3263,INV-03758,CUS-0372,2024-01-27,16180.06,CHEQUE,27,True
3264,INV-03760,CUS-0360,2022-10-30,6558.0,ONLINE,45,True
3265,INV-03761,CUS-0441,2022-06-23,1952.47,NEFT,27,True
3266,INV-03762,CUS-0394,2022-10-03,7756.3,NEFT,40,True
3267,INV-03764,CUS-0169,2023-09-05,1204.23,ONLINE,29,True
3268,INV-03765,CUS-0104,2022-08-08,3702.57,NEFT,81,False
3269,INV-03766,CUS-0182,2023-05-08,129806.9,RTGS,75,False
3270,INV-03767,CUS-0498,2024-04-03,3545.21,ONLINE,58,True
3271,INV-03768,CUS-0263,2023-12-28,2354.26,CHEQUE,79,False
3272,INV-03769,CUS-0484,2022-11-13,10931.41,NEFT,29,True
3273,INV-03770,CUS-0259,2022-10-26,798.63,CHEQUE,43,True
3274,INV-03771,CUS-0277,2023-12-11,1265.97,NEFT,59,True
3275,INV-03772,CUS-0119,2024-04-19,893.89,ONLINE,26,True
3276,INV-03773,CUS-0291,2022-10-02,19439.59,ONLINE,75,False
3277,INV-03774,CUS-0163,2023-12-23,14177.61,RTGS,60,True
3278,INV-03775,CUS-0277,2022-08-19,245.66,RTGS,55,True
3279,INV-03778,CUS-0343,2023-06-01,8301.64,RTGS,44,True
3280,INV-03779,CUS-0306,2023-02-03,2955.79,ONLINE,29,True
3281,INV-03780,CUS-0343,2023-02-03,6851.85,CHEQUE,45,True
3282,INV-03781,CUS-0467,2024-04-24,1028.13,NEFT,41,True
3283,INV-03782,CUS-0165,2022-12-27,1138.57,RTGS,25,True
3284,INV-03784,CUS-0235,2023-10-24,5144.15,NEFT,41,True
3285,INV-03786,CUS-0461,2023-01-04,3565.25,NEFT,56,True
3286,INV-03787,CUS-0262,2023-10-27,839.89,RTGS,56,True
3287,INV-03788,CUS-0106,2022-12-10,487.69,NEFT,56,True
3288,INV-03789,CUS-0086,2024-05-31,911.45,NEFT,86,False
3289,INV-03790,CUS-0397,2023-07-02,1757.17,ONLINE,56,True
3290,INV-03792,CUS-0204,2023-03-29,4641.37,ONLINE,40,True
3291,INV-03793,CUS-0468,2023-05-17,1416.11,CHEQUE,28,True
3292,INV-03794,CUS-0405,2023-02-24,4279.81,ONLINE,27,True
3293,INV-03795,CUS-0282,2023-03-08,944.47,CHEQUE,56,True
3294,INV-03796,CUS-0124,2023-07-28,1616.54,NEFT,45,True
3295,INV-03797,CUS-0298,2023-11-11,405.45,ONLINE,30,True
3296,INV-03798,CUS-0354,2022-11-15,18556.06,CHEQUE,29,True
3297,INV-03799,CUS-0394,2023-12-17,5997.4,NEFT,41,True
3298,INV-03800,CUS-0186,2022-07-10,22014.58,ONLINE,41,True
3299,INV-03801,CUS-0481,2023-05-28,14201.65,NEFT,45,True
3300,INV-03802,CUS-0400,2022-11-01,8710.12,NEFT,41,True
3301,INV-03803,CUS-0166,2023-03-23,355.02,RTGS,42,True
3302,INV-03804,CUS-0356,2023-08-19,1272.8,RTGS,45,True
3303,INV-03805,CUS-0194,2023-08-09,5947.25,ONLINE,27,True
3304,INV-03806,CUS-0158,2023-01-25,11468.45,RTGS,28,True
3305,INV-03807,CUS-0277,2024-03-19,822.66,CHEQUE,56,True
3306,INV-03808,CUS-0318,2023-01-22,56820.11,NEFT,56,True
3307,INV-03809,CUS-0014,2023-03-27,1265.54,CHEQUE,55,True
3308,INV-03810,CUS-0480,2023-03-21,2726.13,NEFT,28,True
3309,INV-03811,CUS-0058,2023-05-24,218.88,ONLINE,90,False
3310,INV-03812,CUS-0439,2023-11-30,15865.25,ONLINE,45,True
3311,INV-03813,CUS-0297,2022-06-23,11403.85,ONLINE,40,True
3312,INV-03814,CUS-0411,2024-05-26,4209.8,CHEQUE,60,False
3313,INV-03815,CUS-0430,2022-09-29,4356.56,NEFT,58,True
3314,INV-03816,CUS-0231,2022-09-20,3456.28,NEFT,29,True
3315,INV-03818,CUS-0496,2023-07-02,3356.07,RTGS,38,False
3316,INV-03819,CUS-0179,2023-03-26,12872.46,RTGS,55,True
3317,INV-03820,CUS-0292,2022-09-10,4226.02,RTGS,43,True
3318,INV-03822,CUS-0059,2022-08-15,4648.08,ONLINE,27,True
3319,INV-03823,CUS-0283,2022-05-01,594.78,CHEQUE,30,True
3320,INV-03824,CUS-0169,2022-11-27,1346.28,NEFT,27,True
3321,INV-03826,CUS-0287,2022-08-19,995.49,ONLINE,57,True
3322,INV-03827,CUS-0364,2023-12-21,1134.99,RTGS,60,True
3323,INV-03828,CUS-0265,2022-11-22,74463.66,RTGS,43,True
3324,INV-03829,CUS-0086,2023-09-09,13641.3,ONLINE,56,True
3325,INV-03830,CUS-0166,2023-03-24,364.49,ONLINE,42,True
3326,INV-03831,CUS-0175,2022-07-08,16891.38,RTGS,60,True
3327,INV-03832,CUS-0179,2024-01-23,25603.36,CHEQUE,58,True
3328,INV-03833,CUS-0304,2023-06-14,450.81,RTGS,26,True
3329,INV-03835,CUS-0313,2022-06-23,3524.19,NEFT,60,True
3330,INV-03836,CUS-0176,2024-03-20,6832.15,RTGS,40,True
3331,INV-03837,CUS-0461,2023-10-05,346.13,RTGS,55,True
3332,INV-03838,CUS-0177,2024-04-04,12573.04,RTGS,73,False
3333,INV-03839,CUS-0084,2024-05-26,1095.62,CHEQUE,60,True
3334,INV-03840,CUS-0486,2023-09-30,11985.0,NEFT,40,True
3335,INV-03841,CUS-0218,2024-03-05,50653.54,ONLINE,78,False
3336,INV-03842,CUS-0286,2024-03-16,1140.14,NEFT,40,True
3337,INV-03843,CUS-0437,2024-04-28,17846.12,RTGS,55,True
3338,INV-03844,CUS-0107,2024-02-06,11699.64,ONLINE,44,True
3339,INV-03845,CUS-0170,2022-09-21,2002.67,RTGS,45,True
3340,INV-03847,CUS-0454,2022-11-05,5964.07,ONLINE,50,False
3341,INV-03848,CUS-0037,2023-11-04,1056.51,ONLINE,38,False
3342,INV-03849,CUS-0311,2023-08-27,10248.1,ONLINE,90,False
3343,INV-03850,CUS-0165,2022-12-05,6416.2,CHEQUE,25,True
3344,INV-03851,CUS-0410,2023-12-30,35272.56,NEFT,43,True
3345,INV-03853,CUS-0410,2023-07-04,122383.7,NEFT,41,True
3346,INV-03854,CUS-0318,2023-10-17,16065.21,RTGS,57,True
3347,INV-03855,CUS-0473,2023-04-28,872.37,NEFT,33,False
3348,INV-03856,CUS-0338,2022-06-30,13463.65,RTGS,60,True
3349,INV-03857,CUS-0211,2023-06-22,1160.57,ONLINE,56,True
3350,INV-03858,CUS-0340,2023-12-08,1089.62,CHEQUE,57,True
3351,INV-03859,CUS-0499,2022-06-26,3621.88,ONLINE,58,True
3352,INV-03860,CUS-0286,2023-05-23,4151.7,ONLINE,41,True
3353,INV-03861,CUS-0175,2024-04-20,32926.61,RTGS,57,True
3354,INV-03862,CUS-0138,2023-01-20,1137.81,ONLINE,45,True
3355,INV-03863,CUS-0203,2022-08-11,305.18,NEFT,56,True
3356,INV-03865,CUS-0338,2022-11-13,7184.47,NEFT,59,True
3357,INV-03866,CUS-0375,2023-06-26,238.22,NEFT,58,False
3358,INV-03867,CUS-0284,2022-08-03,1146.75,CHEQUE,45,True
3359,INV-03868,CUS-0451,2023-07-19,27985.27,CHEQUE,40,True
3360,INV-03870,CUS-0323,2023-08-14,10055.65,NEFT,29,True
3361,INV-03871,CUS-0384,2022-10-21,39200.91,CHEQUE,42,True
3362,INV-03872,CUS-0121,2024-02-05,5678.4,CHEQUE,44,True
3363,INV-03873,CUS-0237,2024-04-07,3052.99,RTGS,49,False
3364,INV-03874,CUS-0376,2022-05-27,5072.87,NEFT,40,True
3365,INV-03875,CUS-0186,2022-07-20,9541.86,ONLINE,45,True
3366,INV-03876,CUS-0162,2024-03-08,56433.19,CHEQUE,25,True
3367,INV-03877,CUS-0318,2024-06-01,961.19,NEFT,78,False
3368,INV-03878,CUS-0287,2024-05-15,1889.19,ONLINE,56,True
3369,INV-03879,CUS-0264,2023-01-03,2682.41,ONLINE,26,True
3370,INV-03880,CUS-0379,2022-10-29,2463.66,RTGS,42,True
3371,INV-03881,CUS-0230,2023-04-10,135097.53,NEFT,42,True
3372,INV-03882,CUS-0425,2022-08-06,3477.28,CHEQUE,50,False
3373,INV-03884,CUS-0241,2023-01-03,2106.13,RTGS,56,True
3374,INV-03885,CUS-0220,2022-04-30,17740.27,CHEQUE,25,True
3375,INV-03886,CUS-0362,2022-11-07,1679.61,RTGS,33,False
3376,INV-03888,CUS-0296,2023-09-17,2316.95,CHEQUE,26,True
3377,INV-03889,CUS-0321,2023-02-04,832.16,NEFT,27,True
3378,INV-03890,CUS-0363,2023-07-31,7121.94,CHEQUE,40,True
3379,INV-03892,CUS-0499,2023-08-29,516.64,ONLINE,59,True
3380,INV-03893,CUS-0059,2023-05-01,30807.97,CHEQUE,28,True
3381,INV-03894,CUS-0314,2023-09-23,2401.56,RTGS,83,False
3382,INV-03895,CUS-0258,2024-02-26,978.17,NEFT,30,True
3383,INV-03897,CUS-0445,2024-03-03,28139.41,RTGS,42,True
3384,INV-03899,CUS-0074,2022-10-13,39308.53,RTGS,42,False
3385,INV-03900,CUS-0441,2022-08-10,1202.08,RTGS,30,True
3386,INV-03901,CUS-0244,2023-06-28,26128.41,RTGS,41,True
3387,INV-03902,CUS-0271,2023-09-30,933.42,CHEQUE,47,False
3388,INV-03903,CUS-0292,2022-11-02,6681.4,NEFT,47,False
3389,INV-03904,CUS-0352,2023-09-09,3256.94,CHEQUE,59,True
3390,INV-03905,CUS-0326,2022-12-19,1590.32,CHEQUE,55,True
3391,INV-03906,CUS-0265,2024-04-10,23553.61,RTGS,41,True
3392,INV-03907,CUS-0319,2024-03-21,3815.61,NEFT,56,True
3393,INV-03909,CUS-0271,2022-09-21,779.45,RTGS,30,True
3394,INV-03911,CUS-0094,2024-03-13,1508.24,NEFT,55,True
3395,INV-03912,CUS-0203,2024-06-01,1313.62,NEFT,87,False
3396,INV-03913,CUS-0180,2022-09-06,5246.45,RTGS,25,True
3397,INV-03914,CUS-0482,2023-01-23,1933.32,CHEQUE,75,False
3398,INV-03915,CUS-0254,2023-05-09,2897.01,NEFT,43,True
3399,INV-03916,CUS-0225,2023-12-31,630.86,CHEQUE,40,True
3400,INV-03917,CUS-0114,2022-07-16,3869.04,NEFT,45,True
3401,INV-03918,CUS-0492,2023-07-15,2685.56,CHEQUE,41,True
3402,INV-03919,CUS-0251,2023-08-11,2809.19,ONLINE,58,True
3403,INV-03921,CUS-0426,2023-10-25,4665.81,NEFT,67,False
3404,INV-03922,CUS-0282,2023-03-01,1932.94,ONLINE,57,True
3405,INV-03923,CUS-0296,2023-10-21,1539.54,ONLINE,29,True
3406,INV-03924,CUS-0059,2022-07-30,2980.75,ONLINE,28,True
3407,INV-03925,CUS-0124,2022-05-15,1783.22,ONLINE,42,True
3408,INV-03926,CUS-0401,2022-09-23,6311.7,CHEQUE,44,True
3409,INV-03927,CUS-0013,2024-03-26,45513.46,RTGS,30,True
3410,INV-03928,CUS-0205,2022-08-27,5784.48,NEFT,48,False
3411,INV-03929,CUS-0082,2023-01-09,3448.85,NEFT,45,True
3412,INV-03930,CUS-0115,2023-07-18,7872.26,RTGS,57,True
3413,INV-03931,CUS-0423,2022-08-30,490.59,RTGS,43,True
3414,INV-03932,CUS-0105,2022-08-14,109.13,NEFT,43,True
3415,INV-03933,CUS-0027,2023-05-14,151195.11,NEFT,39,False
3416,INV-03934,CUS-0437,2023-03-30,17029.45,CHEQUE,58,True
3417,INV-03935,CUS-0084,2023-04-03,5363.78,ONLINE,60,True
3418,INV-03937,CUS-0423,2022-10-19,2167.84,NEFT,42,True
3419,INV-03938,CUS-0364,2024-05-02,5128.02,CHEQUE,59,True
3420,INV-03939,CUS-0320,2022-06-15,8499.43,NEFT,56,True
3421,INV-03940,CUS-0456,2023-11-16,4822.55,RTGS,57,True
3422,INV-03943,CUS-0416,2023-04-12,635.77,RTGS,56,False
3423,INV-03944,CUS-0484,2022-08-26,1642.63,RTGS,28,True
3424,INV-03945,CUS-0173,2022-11-06,1984.85,RTGS,59,True
3425,INV-03946,CUS-0065,2022-10-15,3536.87,NEFT,27,True
3426,INV-03947,CUS-0338,2023-03-30,31702.37,RTGS,56,True
3427,INV-03948,CUS-0479,2023-09-22,4381.42,RTGS,42,True
3428,INV-03949,CUS-0395,2023-12-08,5960.51,RTGS,60,False
3429,INV-03950,CUS-0421,2022-09-01,16895.93,NEFT,56,True
3430,INV-03951,CUS-0081,2022-09-11,1239.64,NEFT,25,True
3431,INV-03952,CUS-0093,2023-07-31,601.9,RTGS,45,True
3432,INV-03953,CUS-0027,2023-02-12,15773.26,RTGS,29,True
3433,INV-03954,CUS-0048,2022-12-31,15759.94,RTGS,58,True
3434,INV-03956,CUS-0113,2022-08-11,20460.08,CHEQUE,45,True
3435,INV-03957,CUS-0231,2023-07-21,2019.1,CHEQUE,27,True
3436,INV-03958,CUS-0049,2024-01-05,623.69,RTGS,68,False
3437,INV-03959,CUS-0064,2023-02-08,9929.51,RTGS,30,True
3438,INV-03960,CUS-0118,2022-10-17,760.74,RTGS,44,True
3439,INV-03961,CUS-0407,2022-10-21,2540.66,ONLINE,76,False
3440,INV-03962,CUS-0263,2024-03-10,422.44,ONLINE,60,True
3441,INV-03963,CUS-0205,2024-04-20,268.48,ONLINE,43,True
3442,INV-03964,CUS-0219,2023-03-21,5071.04,RTGS,56,True
3443,INV-03965,CUS-0426,2023-10-14,2425.01,RTGS,45,True
3444,INV-03966,CUS-0464,2023-08-24,8637.95,CHEQUE,71,False
3445,INV-03967,CUS-0085,2023-07-01,5919.66,NEFT,60,True
3446,INV-03968,CUS-0332,2022-10-29,2754.37,ONLINE,57,True
3447,INV-03969,CUS-0311,2023-11-17,19909.11,ONLINE,85,False
3448,INV-03970,CUS-0387,2023-09-17,23029.52,ONLINE,29,True
3449,INV-03971,CUS-0413,2023-07-14,12824.48,ONLINE,45,True
3450,INV-03972,CUS-0046,2023-12-16,729.05,CHEQUE,26,True
3451,INV-03974,CUS-0330,2022-12-12,6331.55,RTGS,69,False
3452,INV-03975,CUS-0325,2023-07-24,930.91,NEFT,29,True
3453,INV-03976,CUS-0402,2023-05-16,451.96,CHEQUE,60,False
3454,INV-03977,CUS-0036,2022-08-08,1210.78,RTGS,30,True
3455,INV-03979,CUS-0265,2022-09-30,5125.04,ONLINE,44,True
3456,INV-03980,CUS-0223,2024-01-08,5149.26,NEFT,60,True
3457,INV-03981,CUS-0307,2024-02-12,423.52,CHEQUE,58,True
3458,INV-03982,CUS-0436,2022-10-17,905.51,ONLINE,25,True
3459,INV-03983,CUS-0381,2022-05-08,1195.46,RTGS,25,True
3460,INV-03984,CUS-0167,2022-06-25,662.07,CHEQUE,26,True
3461,INV-03985,CUS-0258,2023-04-29,5860.39,ONLINE,25,True
3462,INV-03986,CUS-0020,2022-11-20,7201.17,RTGS,84,False
3463,INV-03988,CUS-0494,2023-06-09,372.21,ONLINE,55,True
3464,INV-03989,CUS-0357,2022-12-17,1306.52,CHEQUE,27,True
3465,INV-03990,CUS-0473,2023-06-27,1604.92,ONLINE,42,False
3466,INV-03991,CUS-0075,2023-05-30,915.52,NEFT,56,True
3467,INV-03992,CUS-0071,2023-04-28,9513.54,CHEQUE,56,False
3468,INV-03993,CUS-0305,2022-10-25,3772.03,RTGS,71,False
3469,INV-03995,CUS-0019,2022-05-12,51919.4,RTGS,30,True
3470,INV-03996,CUS-0411,2023-01-20,2881.17,NEFT,42,True
3471,INV-03997,CUS-0353,2024-01-19,10140.85,ONLINE,28,True
3472,INV-03998,CUS-0463,2024-04-17,4748.31,ONLINE,74,False
3473,INV-03999,CUS-0021,2023-04-25,1302.23,CHEQUE,26,True
3474,INV-04000,CUS-0190,2024-01-20,205.45,NEFT,43,True
3475,INV-04002,CUS-0170,2023-01-12,6061.17,NEFT,43,True
3476,INV-04003,CUS-0472,2023-11-18,316.38,RTGS,27,True
3477,INV-04004,CUS-0258,2022-09-18,3002.14,ONLINE,30,True
3478,INV-04005,CUS-0004,2022-06-30,21944.6,RTGS,43,True
3479,INV-04006,CUS-0081,2023-05-05,446.53,NEFT,28,True
3480,INV-04007,CUS-0404,2022-11-16,28999.64,NEFT,56,True
3481,INV-04008,CUS-0071,2023-03-29,72117.13,ONLINE,44,True
3482,INV-04009,CUS-0338,2022-07-06,118800.41,NEFT,59,True
3483,INV-04010,CUS-0169,2022-11-02,472.38,ONLINE,27,True
3484,INV-04011,CUS-0322,2023-05-17,4874.72,RTGS,41,True
3485,INV-04012,CUS-0076,2023-04-18,34878.67,RTGS,77,False
3486,INV-04013,CUS-0482,2023-07-02,4010.75,RTGS,55,True
3487,INV-04014,CUS-0461,2023-12-18,5304.18,RTGS,56,True
3488,INV-04015,CUS-0051,2024-03-24,1233.68,NEFT,41,True
3489,INV-04017,CUS-0049,2024-03-03,269.3,CHEQUE,43,True
3490,INV-04018,CUS-0292,2022-11-28,7291.02,NEFT,43,True
3491,INV-04019,CUS-0127,2023-06-07,4653.92,RTGS,75,False
3492,INV-04020,CUS-0049,2023-02-26,675.96,CHEQUE,70,False
3493,INV-04022,CUS-0079,2023-10-19,825.45,NEFT,25,True
3494,INV-04024,CUS-0015,2024-04-11,1130.78,CHEQUE,27,True
3495,INV-04025,CUS-0485,2022-12-26,107986.96,NEFT,55,True
3496,INV-04026,CUS-0092,2022-10-12,853.39,CHEQUE,26,True
3497,INV-04027,CUS-0166,2023-11-03,5251.99,CHEQUE,45,True
3498,INV-04028,CUS-0428,2023-02-07,4174.63,ONLINE,44,True
3499,INV-04029,CUS-0026,2023-04-14,3495.6,CHEQUE,41,True
3500,INV-04030,CUS-0403,2022-11-14,1933.18,ONLINE,45,True
3501,INV-04031,CUS-0382,2023-07-09,26169.72,NEFT,55,True
3502,INV-04032,CUS-0152,2024-04-11,3376.2,ONLINE,40,True
3503,INV-04033,CUS-0086,2023-03-11,2603.57,ONLINE,86,False
3504,INV-04034,CUS-0205,2024-02-25,1665.92,ONLINE,40,True
3505,INV-04035,CUS-0366,2024-03-23,3122.9,CHEQUE,25,True
3506,INV-04036,CUS-0105,2022-07-02,1016.96,RTGS,42,True
3507,INV-04037,CUS-0168,2024-02-15,3815.89,ONLINE,57,True
3508,INV-04038,CUS-0211,2024-02-20,1169.2,CHEQUE,56,True
3509,INV-04039,CUS-0015,2022-05-21,110.23,RTGS,26,True
3510,INV-04040,CUS-0171,2023-04-18,3155.41,CHEQUE,44,True
3511,INV-04041,CUS-0308,2022-10-17,2809.67,RTGS,42,True
3512,INV-04042,CUS-0416,2023-03-01,460.48,ONLINE,27,True
3513,INV-04043,CUS-0377,2023-01-11,2176.26,RTGS,26,True
3514,INV-04044,CUS-0418,2023-01-06,3164.5,ONLINE,25,True
3515,INV-04045,CUS-0305,2022-12-18,12843.29,CHEQUE,43,True
3516,INV-04047,CUS-0416,2023-04-08,344.28,CHEQUE,27,True
3517,INV-04048,CUS-0148,2022-11-05,1773.32,ONLINE,56,True
3518,INV-04049,CUS-0215,2022-12-02,8455.62,NEFT,27,True
3519,INV-04050,CUS-0346,2024-01-12,2350.88,CHEQUE,56,True
3520,INV-04051,CUS-0378,2023-02-24,8960.26,ONLINE,26,True
3521,INV-04052,CUS-0029,2023-06-15,1385.79,ONLINE,44,True
3522,INV-04053,CUS-0407,2024-05-14,861.43,ONLINE,60,True
3523,INV-04054,CUS-0105,2023-05-10,632.03,NEFT,44,True
3524,INV-04055,CUS-0463,2023-11-04,6317.13,NEFT,55,True
3525,INV-04056,CUS-0306,2023-10-22,83620.93,ONLINE,26,True
3526,INV-04057,CUS-0242,2023-06-03,1057.27,ONLINE,30,True
3527,INV-04058,CUS-0216,2022-11-14,13299.02,NEFT,57,True
3528,INV-04059,CUS-0219,2023-05-06,53231.28,ONLINE,56,True
3529,INV-04060,CUS-0267,2022-09-04,9652.39,RTGS,64,False
3530,INV-04061,CUS-0304,2024-01-06,9814.24,ONLINE,25,True
3531,INV-04063,CUS-0343,2022-09-30,29313.68,ONLINE,42,True
3532,INV-04065,CUS-0136,2023-05-21,29944.24,ONLINE,40,True
3533,INV-04066,CUS-0481,2023-07-03,12246.38,RTGS,40,True
3534,INV-04067,CUS-0074,2023-04-23,10071.41,CHEQUE,28,True
3535,INV-04068,CUS-0106,2022-10-06,3617.56,NEFT,60,True
3536,INV-04069,CUS-0086,2023-01-01,1204.16,CHEQUE,56,True
3537,INV-04070,CUS-0127,2024-04-11,4263.92,NEFT,55,False
3538,INV-04072,CUS-0320,2022-06-01,11911.21,RTGS,57,True
3539,INV-04073,CUS-0310,2024-04-19,7408.09,RTGS,66,False
3540,INV-04074,CUS-0451,2023-08-19,12596.06,ONLINE,42,True
3541,INV-04075,CUS-0332,2024-03-11,11591.19,ONLINE,56,True
3542,INV-04077,CUS-0480,2024-02-08,11863.41,CHEQUE,35,False
3543,INV-04078,CUS-0458,2022-06-30,993.49,ONLINE,26,True
3544,INV-04080,CUS-0439,2023-11-11,363.98,CHEQUE,53,False
3545,INV-04082,CUS-0283,2022-10-21,3829.69,RTGS,27,True
3546,INV-04083,CUS-0160,2023-10-06,9843.28,ONLINE,57,False
3547,INV-04084,CUS-0039,2022-11-02,2235.49,RTGS,44,True
3548,INV-04085,CUS-0201,2022-06-06,23460.08,RTGS,42,True
3549,INV-04086,CUS-0107,2023-06-05,3713.99,CHEQUE,45,True
3550,INV-04087,CUS-0026,2023-03-23,13372.75,CHEQUE,44,True
3551,INV-04088,CUS-0255,2024-02-15,688.8,CHEQUE,40,True
3552,INV-04089,CUS-0473,2024-01-02,3098.17,ONLINE,39,False
3553,INV-04090,CUS-0389,2023-12-22,6598.76,CHEQUE,27,True
3554,INV-04092,CUS-0250,2022-05-19,6247.42,CHEQUE,30,True
3555,INV-04093,CUS-0263,2023-05-09,1476.84,NEFT,90,False
3556,INV-04094,CUS-0028,2024-03-03,6440.19,NEFT,42,True
3557,INV-04095,CUS-0481,2024-05-31,9926.6,NEFT,74,False
3558,INV-04096,CUS-0103,2023-11-13,1103.22,NEFT,41,True
3559,INV-04097,CUS-0394,2024-02-01,669.15,ONLINE,43,True
3560,INV-04099,CUS-0201,2024-05-25,1703.28,NEFT,71,False
3561,INV-04100,CUS-0167,2023-09-16,480.15,CHEQUE,29,True
3562,INV-04101,CUS-0470,2022-11-29,1984.78,RTGS,59,True
3563,INV-04102,CUS-0357,2023-07-04,23211.23,ONLINE,25,True
3564,INV-04103,CUS-0108,2023-11-29,6604.5,ONLINE,51,False
3565,INV-04104,CUS-0294,2023-01-02,2012.02,ONLINE,75,False
3566,INV-04105,CUS-0166,2023-04-20,4265.91,CHEQUE,45,True
3567,INV-04106,CUS-0316,2023-08-02,839.58,RTGS,75,False
3568,INV-04107,CUS-0234,2024-01-07,25608.76,RTGS,30,True
3569,INV-04108,CUS-0284,2023-04-25,521.85,NEFT,44,True
3570,INV-04109,CUS-0227,2023-01-14,3089.42,RTGS,37,False
3571,INV-04110,CUS-0470,2023-09-24,7145.68,NEFT,76,False
3572,INV-04111,CUS-0031,2023-10-18,5748.38,RTGS,57,True
3573,INV-04113,CUS-0477,2023-12-18,4883.76,RTGS,45,True
3574,INV-04114,CUS-0349,2022-11-25,355.1,CHEQUE,28,True
3575,INV-04115,CUS-0472,2022-12-16,2333.26,CHEQUE,60,False
3576,INV-04116,CUS-0238,2023-09-07,430.39,ONLINE,42,True
3577,INV-04117,CUS-0031,2023-12-07,17702.68,NEFT,59,True
3578,INV-04118,CUS-0442,2023-08-20,9786.01,CHEQUE,71,False
3579,INV-04119,CUS-0298,2022-12-17,3137.52,ONLINE,29,True
3580,INV-04120,CUS-0285,2023-04-11,388.44,NEFT,43,True
3581,INV-04121,CUS-0018,2023-06-12,11086.93,RTGS,26,True
3582,INV-04122,CUS-0126,2023-08-25,797.14,RTGS,58,True
3583,INV-04123,CUS-0440,2024-01-28,2013.91,ONLINE,28,True
3584,INV-04124,CUS-0359,2023-11-28,2123.58,CHEQUE,29,True
3585,INV-04125,CUS-0333,2023-04-15,2741.46,CHEQUE,59,True
3586,INV-04126,CUS-0216,2023-01-12,5499.16,CHEQUE,69,False
3587,INV-04127,CUS-0114,2022-12-23,2986.13,CHEQUE,55,False
3588,INV-04128,CUS-0500,2022-07-19,71237.95,CHEQUE,28,True
3589,INV-04129,CUS-0439,2022-08-22,871.75,NEFT,44,True
3590,INV-04130,CUS-0271,2023-01-14,937.69,ONLINE,28,True
3591,INV-04131,CUS-0042,2024-05-13,2188.58,NEFT,57,True
3592,INV-04132,CUS-0310,2022-09-10,4136.7,NEFT,43,True
3593,INV-04133,CUS-0198,2023-12-25,1579.13,NEFT,78,False
3594,INV-04134,CUS-0278,2024-03-13,2051.1,NEFT,64,False
3595,INV-04136,CUS-0061,2023-12-25,667.44,NEFT,78,False
3596,INV-04137,CUS-0209,2023-11-26,2250.4,ONLINE,31,False
3597,INV-04138,CUS-0295,2023-02-05,20095.85,ONLINE,41,True
3598,INV-04139,CUS-0396,2023-11-08,83308.6,ONLINE,43,True
3599,INV-04140,CUS-0230,2024-02-21,3817.51,ONLINE,40,True
3600,INV-04141,CUS-0186,2022-06-08,17234.52,NEFT,40,True
3601,INV-04142,CUS-0045,2023-11-25,2180.75,NEFT,58,True
3602,INV-04143,CUS-0473,2023-03-21,10579.62,NEFT,30,True
3603,INV-04144,CUS-0347,2023-05-09,6558.41,CHEQUE,26,True
3604,INV-04145,CUS-0300,2023-06-17,1325.9,RTGS,31,False
3605,INV-04146,CUS-0121,2023-07-15,4091.22,RTGS,45,True
3606,INV-04147,CUS-0125,2023-11-10,2883.22,NEFT,42,True
3607,INV-04148,CUS-0339,2023-09-22,9604.47,NEFT,43,True
3608,INV-04149,CUS-0070,2022-08-10,16656.57,RTGS,27,True
3609,INV-04152,CUS-0178,2024-03-26,7327.03,RTGS,41,True
3610,INV-04153,CUS-0208,2022-12-19,18306.41,NEFT,57,True
3611,INV-04155,CUS-0422,2022-06-19,11408.19,RTGS,44,True
3612,INV-04156,CUS-0106,2024-05-04,2555.14,RTGS,60,True
3613,INV-04157,CUS-0206,2022-11-24,3422.01,RTGS,41,True
3614,INV-04158,CUS-0479,2023-12-24,10760.27,ONLINE,40,True
3615,INV-04159,CUS-0479,2023-12-25,38568.16,CHEQUE,43,True
3616,INV-04160,CUS-0256,2022-06-29,3175.81,ONLINE,57,True
3617,INV-04161,CUS-0372,2022-12-21,1694.1,ONLINE,30,True
3618,INV-04162,CUS-0318,2022-12-19,10527.62,CHEQUE,58,True
3619,INV-04163,CUS-0063,2022-11-13,5008.85,CHEQUE,42,True
3620,INV-04164,CUS-0306,2024-04-14,4003.22,ONLINE,26,True
3621,INV-04166,CUS-0280,2023-11-21,531.27,CHEQUE,57,True
3622,INV-04167,CUS-0210,2022-07-19,387.54,ONLINE,63,False
3623,INV-04170,CUS-0271,2022-10-16,9270.53,RTGS,28,True
3624,INV-04171,CUS-0085,2023-08-07,892.33,CHEQUE,56,True
3625,INV-04173,CUS-0229,2023-05-16,11909.3,RTGS,28,True
3626,INV-04175,CUS-0356,2023-01-21,2335.31,RTGS,74,False
3627,INV-04176,CUS-0097,2023-02-13,19514.02,RTGS,55,True
3628,INV-04177,CUS-0098,2023-02-27,2118.47,RTGS,28,True
3629,INV-04178,CUS-0032,2022-09-14,3958.89,RTGS,55,True
3630,INV-04179,CUS-0305,2024-04-17,2130.78,CHEQUE,44,True
3631,INV-04180,CUS-0291,2022-09-21,24124.07,ONLINE,57,True
3632,INV-04181,CUS-0078,2024-04-05,1323.18,ONLINE,42,True
3633,INV-04182,CUS-0415,2023-09-02,85270.73,NEFT,29,True
3634,INV-04183,CUS-0213,2024-01-17,505.72,ONLINE,59,True
3635,INV-04185,CUS-0134,2024-05-03,1708.45,RTGS,59,True
3636,INV-04186,CUS-0381,2023-03-30,1724.2,RTGS,27,True
3637,INV-04187,CUS-0210,2023-04-25,10529.73,CHEQUE,85,False
3638,INV-04188,CUS-0158,2023-02-18,9731.85,RTGS,27,True
3639,INV-04189,CUS-0158,2022-10-14,10547.6,RTGS,28,True
3640,INV-04191,CUS-0076,2023-01-27,21000.36,RTGS,58,True
3641,INV-04192,CUS-0342,2024-03-22,1355.89,ONLINE,58,True
3642,INV-04193,CUS-0212,2022-11-20,2936.28,RTGS,58,True
3643,INV-04194,CUS-0229,2024-04-26,12913.53,RTGS,37,False
3644,INV-04195,CUS-0152,2023-09-06,2060.99,RTGS,41,True
3645,INV-04196,CUS-0125,2023-01-12,1475.41,NEFT,41,True
3646,INV-04197,CUS-0234,2023-01-18,24113.61,ONLINE,27,True
3647,INV-04198,CUS-0387,2023-11-30,24122.38,ONLINE,27,True
3648,INV-04200,CUS-0158,2023-11-10,3206.65,ONLINE,30,True
3649,INV-04201,CUS-0334,2022-09-12,29693.28,ONLINE,43,True
3650,INV-04202,CUS-0086,2023-09-10,654.72,NEFT,68,False
3651,INV-04203,CUS-0306,2023-03-25,8530.74,RTGS,29,True
3652,INV-04204,CUS-0167,2023-03-09,1545.48,RTGS,25,True
3653,INV-04206,CUS-0419,2023-02-06,1549.61,NEFT,56,True
3654,INV-04208,CUS-0160,2023-03-30,539.49,NEFT,45,True
3655,INV-04209,CUS-0060,2022-09-24,26077.99,NEFT,30,True
3656,INV-04210,CUS-0007,2023-10-09,738.82,RTGS,43,True
3657,INV-04211,CUS-0114,2023-11-02,6832.0,ONLINE,42,True
3658,INV-04212,CUS-0022,2023-10-30,4846.32,RTGS,62,False
3659,INV-04213,CUS-0395,2022-10-12,1220.19,CHEQUE,49,False
3660,INV-04214,CUS-0185,2023-12-11,27245.73,RTGS,58,True
3661,INV-04215,CUS-0136,2023-11-10,2506.32,ONLINE,45,True
3662,INV-04216,CUS-0171,2023-12-17,5459.13,NEFT,40,True
3663,INV-04217,CUS-0243,2023-02-12,1262.09,NEFT,41,True
3664,INV-04218,CUS-0337,2023-01-30,5942.67,ONLINE,57,True
3665,INV-04219,CUS-0474,2023-07-04,4288.74,NEFT,59,True
3666,INV-04221,CUS-0334,2023-06-04,7064.07,CHEQUE,46,False
3667,INV-04222,CUS-0187,2023-12-02,3859.8,CHEQUE,29,True
3668,INV-04223,CUS-0143,2022-12-15,1357.63,ONLINE,42,True
3669,INV-04224,CUS-0378,2024-02-26,10851.77,ONLINE,26,True
3670,INV-04225,CUS-0430,2022-11-17,6289.61,RTGS,57,True
3671,INV-04226,CUS-0473,2022-11-10,1663.62,CHEQUE,33,False
3672,INV-04227,CUS-0468,2023-01-13,28655.34,CHEQUE,30,True
3673,INV-04228,CUS-0473,2023-07-12,5159.03,CHEQUE,25,True
3674,INV-04229,CUS-0179,2023-07-19,10043.97,NEFT,60,True
3675,INV-04230,CUS-0147,2022-08-18,288.18,ONLINE,67,False
3676,INV-04231,CUS-0224,2023-04-04,560.79,NEFT,27,True
3677,INV-04232,CUS-0247,2023-07-29,17180.25,RTGS,28,True
3678,INV-04234,CUS-0192,2023-07-26,75236.21,RTGS,59,False
3679,INV-04236,CUS-0329,2022-12-26,5631.52,ONLINE,80,False
3680,INV-04237,CUS-0020,2023-04-18,2464.13,NEFT,58,True
3681,INV-04238,CUS-0201,2022-12-16,2240.21,ONLINE,41,True
3682,INV-04239,CUS-0172,2022-11-20,15235.5,CHEQUE,40,True
3683,INV-04240,CUS-0411,2024-01-30,13909.03,RTGS,41,True
3684,INV-04241,CUS-0442,2023-12-03,8889.23,RTGS,40,True
3685,INV-04242,CUS-0455,2024-04-04,348.64,CHEQUE,35,False
3686,INV-04243,CUS-0022,2023-05-11,23871.47,NEFT,57,True
3687,INV-04244,CUS-0362,2023-02-22,7521.77,NEFT,30,True
3688,INV-04246,CUS-0308,2023-06-19,1698.75,NEFT,42,True
3689,INV-04247,CUS-0207,2022-12-31,294.92,NEFT,56,True
3690,INV-04248,CUS-0161,2022-10-03,74505.19,NEFT,55,True
3691,INV-04249,CUS-0293,2023-06-26,4408.27,RTGS,45,True
3692,INV-04250,CUS-0457,2022-10-26,1988.88,NEFT,57,True
3693,INV-04251,CUS-0054,2024-04-19,11823.96,RTGS,25,True
3694,INV-04252,CUS-0407,2022-10-22,4037.92,RTGS,59,True
3695,INV-04253,CUS-0430,2022-12-16,2467.27,CHEQUE,56,True
3696,INV-04255,CUS-0388,2023-11-13,77908.34,CHEQUE,28,True
3697,INV-04256,CUS-0146,2024-03-27,16835.97,NEFT,45,True
3698,INV-04257,CUS-0045,2023-08-07,2505.26,CHEQUE,59,True
3699,INV-04258,CUS-0219,2023-11-11,1609.6,RTGS,57,True
3700,INV-04260,CUS-0436,2024-04-16,4065.48,NEFT,25,True
3701,INV-04261,CUS-0008,2022-10-06,14334.62,RTGS,75,False
3702,INV-04263,CUS-0002,2023-01-20,11688.65,CHEQUE,43,True
3703,INV-04264,CUS-0450,2023-02-20,11909.43,NEFT,60,True
3704,INV-04265,CUS-0212,2023-01-19,2789.03,ONLINE,69,False
3705,INV-04266,CUS-0150,2022-07-09,1524.0,RTGS,43,True
3706,INV-04267,CUS-0163,2023-12-22,638.31,ONLINE,56,True
3707,INV-04268,CUS-0027,2022-12-17,30252.45,RTGS,28,True
3708,INV-04269,CUS-0158,2024-04-09,697.8,NEFT,26,True
3709,INV-04270,CUS-0062,2024-03-14,1894.62,RTGS,40,True
3710,INV-04274,CUS-0339,2023-10-28,49680.8,ONLINE,43,True
3711,INV-04275,CUS-0070,2023-03-26,7249.89,CHEQUE,44,False
3712,INV-04276,CUS-0217,2023-09-18,3117.09,ONLINE,77,False
3713,INV-04277,CUS-0160,2022-10-25,1984.9,ONLINE,45,True
3714,INV-04278,CUS-0446,2023-02-03,1044.81,CHEQUE,59,True
3715,INV-04279,CUS-0376,2023-09-03,2447.06,CHEQUE,45,True
3716,INV-04280,CUS-0389,2023-10-25,811.43,ONLINE,27,True
3717,INV-04281,CUS-0480,2022-11-08,4508.12,RTGS,30,True
3718,INV-04282,CUS-0463,2022-10-22,8503.34,RTGS,55,True
3719,INV-04283,CUS-0377,2023-03-02,1337.57,CHEQUE,43,False
3720,INV-04284,CUS-0030,2022-11-13,33421.51,CHEQUE,27,True
3721,INV-04285,CUS-0194,2023-09-27,61786.0,RTGS,30,True
3722,INV-04287,CUS-0309,2024-03-03,24070.12,NEFT,60,True
3723,INV-04288,CUS-0488,2022-07-21,5452.38,CHEQUE,59,True
3724,INV-04289,CUS-0208,2023-06-11,4980.48,CHEQUE,88,False
3725,INV-04290,CUS-0226,2023-08-24,772.92,NEFT,28,True
3726,INV-04291,CUS-0039,2024-05-05,4839.19,RTGS,42,True
3727,INV-04292,CUS-0411,2023-06-06,4278.37,RTGS,43,True
3728,INV-04294,CUS-0277,2022-07-22,6088.37,CHEQUE,56,True
3729,INV-04295,CUS-0083,2022-09-13,10369.21,RTGS,29,True
3730,INV-04296,CUS-0084,2023-06-25,3918.35,NEFT,59,True
3731,INV-04297,CUS-0437,2024-01-15,5326.33,RTGS,65,False
3732,INV-04298,CUS-0194,2022-11-20,25979.91,RTGS,53,False
3733,INV-04299,CUS-0001,2023-12-15,441.82,RTGS,58,True
3734,INV-04300,CUS-0103,2023-07-30,4497.15,RTGS,45,True
3735,INV-04301,CUS-0435,2023-08-26,2178.68,ONLINE,72,False
3736,INV-04302,CUS-0115,2023-01-05,4066.08,ONLINE,59,True
3737,INV-04303,CUS-0008,2023-05-30,9522.63,RTGS,59,True
3738,INV-04304,CUS-0463,2022-09-10,10106.82,CHEQUE,59,True
3739,INV-04305,CUS-0094,2022-09-03,4003.4,RTGS,58,True
3740,INV-04306,CUS-0288,2023-08-09,2084.26,RTGS,60,True
3741,INV-04307,CUS-0462,2024-01-05,1529.83,ONLINE,59,True
3742,INV-04308,CUS-0119,2022-05-01,667.25,NEFT,30,True
3743,INV-04309,CUS-0490,2023-12-05,780.23,NEFT,44,True
3744,INV-04310,CUS-0466,2023-02-16,6614.84,CHEQUE,59,True
3745,INV-04311,CUS-0436,2022-08-18,1652.14,CHEQUE,33,False
3746,INV-04312,CUS-0005,2023-03-17,407.52,NEFT,57,True
3747,INV-04313,CUS-0156,2022-09-10,1372.56,RTGS,58,True
3748,INV-04314,CUS-0233,2022-07-15,949.48,NEFT,27,True
3749,INV-04315,CUS-0347,2023-01-11,24017.42,CHEQUE,27,True
3750,INV-04316,CUS-0151,2023-11-20,588.33,CHEQUE,27,True
3751,INV-04317,CUS-0063,2023-08-24,2206.15,NEFT,57,False
3752,INV-04318,CUS-0167,2023-09-20,1943.24,ONLINE,27,True
3753,INV-04319,CUS-0459,2023-10-10,1876.86,ONLINE,28,True
3754,INV-04320,CUS-0217,2023-08-29,2477.98,CHEQUE,60,True
3755,INV-04321,CUS-0487,2024-02-13,7599.73,NEFT,30,True
3756,INV-04322,CUS-0284,2023-01-03,526.81,ONLINE,44,True
3757,INV-04323,CUS-0271,2022-09-12,2049.59,ONLINE,26,True
3758,INV-04325,CUS-0253,2022-07-30,4595.68,ONLINE,44,True
3759,INV-04326,CUS-0213,2023-01-23,1250.56,RTGS,58,True
3760,INV-04327,CUS-0454,2023-01-29,13309.23,ONLINE,66,False
3761,INV-04328,CUS-0488,2024-03-15,4519.71,CHEQUE,57,True
3762,INV-04329,CUS-0320,2022-11-14,885.91,NEFT,56,True
3763,INV-04330,CUS-0081,2024-02-22,718.86,CHEQUE,25,True
3764,INV-04331,CUS-0451,2023-12-03,3415.64,NEFT,53,False
3765,INV-04332,CUS-0152,2023-09-14,4044.46,ONLINE,43,True
3766,INV-04333,CUS-0433,2024-03-25,5601.94,CHEQUE,29,True
3767,INV-04334,CUS-0451,2023-03-19,14963.33,ONLINE,40,True
3768,INV-04335,CUS-0356,2023-12-13,2137.82,RTGS,45,True
3769,INV-04336,CUS-0150,2023-02-22,909.12,ONLINE,45,True
3770,INV-04337,CUS-0138,2023-07-13,7339.27,CHEQUE,44,True
3771,INV-04338,CUS-0260,2023-12-23,1071.61,NEFT,42,True
3772,INV-04341,CUS-0252,2022-08-16,35567.93,ONLINE,29,True
3773,INV-04342,CUS-0252,2022-12-14,11335.97,ONLINE,55,False
3774,INV-04343,CUS-0378,2023-01-29,11825.95,RTGS,27,True
3775,INV-04344,CUS-0434,2022-10-25,1093.35,NEFT,26,True
3776,INV-04345,CUS-0302,2022-08-07,376.49,NEFT,27,True
3777,INV-04347,CUS-0265,2023-07-12,9744.66,RTGS,41,True
3778,INV-04348,CUS-0300,2022-06-05,17866.56,ONLINE,30,True
3779,INV-04349,CUS-0288,2023-12-10,2492.4,RTGS,83,False
3780,INV-04350,CUS-0422,2024-01-08,3013.41,RTGS,40,True
3781,INV-04351,CUS-0169,2022-06-12,243.22,RTGS,28,True
3782,INV-04352,CUS-0211,2024-03-20,3839.42,NEFT,58,True
3783,INV-04353,CUS-0374,2023-08-16,6868.35,ONLINE,59,True
3784,INV-04354,CUS-0329,2022-07-15,29150.8,CHEQUE,88,False
3785,INV-04356,CUS-0096,2023-07-24,6752.96,ONLINE,26,True
3786,INV-04357,CUS-0222,2023-11-05,5860.14,CHEQUE,59,True
3787,INV-04358,CUS-0240,2024-03-26,20954.54,RTGS,55,True
3788,INV-04359,CUS-0332,2023-07-09,3763.78,CHEQUE,55,True
3789,INV-04360,CUS-0383,2022-11-04,205.23,ONLINE,53,False
3790,INV-04361,CUS-0273,2022-11-21,3085.71,RTGS,27,True
3791,INV-04362,CUS-0094,2023-03-02,7189.98,RTGS,59,True
3792,INV-04363,CUS-0024,2023-09-17,1411.44,NEFT,45,True
3793,INV-04364,CUS-0138,2022-09-10,32383.31,RTGS,45,True
3794,INV-04365,CUS-0434,2024-02-12,2522.64,RTGS,28,True
3795,INV-04366,CUS-0243,2023-09-14,4892.23,RTGS,60,False
3796,INV-04367,CUS-0338,2024-03-17,44370.03,NEFT,83,False
3797,INV-04368,CUS-0199,2023-08-19,1013.64,CHEQUE,42,True
3798,INV-04369,CUS-0204,2024-04-16,389.72,NEFT,55,False
3799,INV-04370,CUS-0240,2024-04-11,5210.73,NEFT,58,True
3800,INV-04371,CUS-0292,2022-07-21,5438.83,CHEQUE,44,True
3801,INV-04372,CUS-0207,2022-06-04,1577.57,NEFT,60,True
3802,INV-04373,CUS-0247,2023-05-30,3549.4,CHEQUE,30,True
3803,INV-04374,CUS-0325,2024-01-22,5709.42,NEFT,30,True
3804,INV-04375,CUS-0055,2022-08-15,1582.81,CHEQUE,45,True
3805,INV-04376,CUS-0360,2024-03-05,2848.75,NEFT,45,True
3806,INV-04377,CUS-0127,2023-08-23,7188.75,ONLINE,48,False
3807,INV-04379,CUS-0310,2024-05-01,80019.43,RTGS,40,True
3808,INV-04380,CUS-0401,2023-11-12,13148.53,NEFT,42,True
3809,INV-04381,CUS-0486,2023-02-15,7557.86,ONLINE,41,True
3810,INV-04382,CUS-0104,2022-09-28,4859.36,ONLINE,58,True
3811,INV-04383,CUS-0318,2023-06-29,25861.62,NEFT,57,True
3812,INV-04385,CUS-0308,2023-11-10,1122.08,RTGS,40,True
3813,INV-04386,CUS-0470,2024-05-26,1140.69,NEFT,60,True
3814,INV-04387,CUS-0279,2022-09-13,13996.69,NEFT,42,True
3815,INV-04388,CUS-0316,2024-03-21,2310.88,ONLINE,41,True
3816,INV-04389,CUS-0288,2024-02-06,17460.16,RTGS,55,True
3817,INV-04390,CUS-0102,2023-05-31,6022.16,NEFT,57,True
3818,INV-04391,CUS-0411,2024-01-27,5079.54,RTGS,41,True
3819,INV-04392,CUS-0279,2022-10-16,763.77,ONLINE,40,True
3820,INV-04393,CUS-0296,2022-05-10,668.21,RTGS,25,True
3821,INV-04394,CUS-0436,2024-01-20,6112.8,CHEQUE,29,True
3822,INV-04395,CUS-0268,2022-05-17,1176.85,ONLINE,27,True
3823,INV-04397,CUS-0064,2024-01-10,4440.59,ONLINE,28,True
3824,INV-04398,CUS-0307,2024-02-12,404.65,RTGS,56,True
3825,INV-04399,CUS-0471,2023-03-01,41952.83,RTGS,41,True
3826,INV-04400,CUS-0056,2023-07-24,5611.11,ONLINE,45,False
3827,INV-04401,CUS-0499,2023-10-08,437.21,CHEQUE,56,True
3828,INV-04402,CUS-0271,2023-08-24,3857.19,CHEQUE,28,True
3829,INV-04403,CUS-0500,2024-01-16,38811.28,ONLINE,26,True
3830,INV-04404,CUS-0264,2023-11-07,1211.76,RTGS,29,True
3831,INV-04405,CUS-0146,2023-03-29,10967.98,NEFT,46,False
3832,INV-04408,CUS-0102,2023-03-10,3283.28,CHEQUE,55,True
3833,INV-04409,CUS-0492,2022-05-23,645.91,RTGS,44,True
3834,INV-04410,CUS-0382,2022-05-29,1986.49,ONLINE,56,True
3835,INV-04412,CUS-0058,2024-03-19,389.43,CHEQUE,69,False
3836,INV-04413,CUS-0270,2023-12-30,3831.48,CHEQUE,57,True
3837,INV-04414,CUS-0076,2023-05-07,14031.66,NEFT,57,True
3838,INV-04415,CUS-0476,2022-08-02,2679.93,ONLINE,55,True
3839,INV-04416,CUS-0303,2023-02-08,2992.0,ONLINE,28,True
3840,INV-04417,CUS-0222,2023-04-29,980.51,NEFT,57,True
3841,INV-04418,CUS-0305,2022-09-18,6656.42,RTGS,69,False
3842,INV-04419,CUS-0440,2022-09-21,2447.73,CHEQUE,28,True
3843,INV-04420,CUS-0094,2022-06-01,4133.89,CHEQUE,58,True
3844,INV-04421,CUS-0257,2023-11-08,3694.38,RTGS,27,True
3845,INV-04422,CUS-0476,2023-10-17,83912.28,RTGS,56,True
3846,INV-04424,CUS-0090,2023-07-04,14536.72,RTGS,40,True
3847,INV-04425,CUS-0137,2022-09-10,903.77,NEFT,60,True
3848,INV-04426,CUS-0321,2024-04-22,753.03,NEFT,28,True
3849,INV-04427,CUS-0114,2023-05-10,978.99,NEFT,40,True
3850,INV-04428,CUS-0068,2022-11-21,1034.81,CHEQUE,45,True
3851,INV-04429,CUS-0477,2024-05-04,2668.71,ONLINE,40,True
3852,INV-04430,CUS-0156,2024-04-19,959.89,RTGS,80,False
3853,INV-04431,CUS-0278,2023-09-12,1843.63,ONLINE,62,False
3854,INV-04432,CUS-0164,2023-10-08,710.31,CHEQUE,50,False
3855,INV-04433,CUS-0164,2022-09-30,6182.62,ONLINE,27,True
3856,INV-04434,CUS-0291,2023-04-07,6700.0,CHEQUE,55,True
3857,INV-04435,CUS-0233,2024-04-20,1481.89,RTGS,29,True
3858,INV-04436,CUS-0173,2024-05-25,2546.17,ONLINE,57,True
3859,INV-04437,CUS-0305,2023-06-09,13712.29,ONLINE,41,True
3860,INV-04438,CUS-0391,2023-10-05,698.33,RTGS,43,True
3861,INV-04439,CUS-0277,2023-11-13,351.93,NEFT,60,True
3862,INV-04440,CUS-0094,2022-11-04,2402.06,CHEQUE,55,True
3863,INV-04441,CUS-0173,2022-12-17,6880.15,NEFT,73,False
3864,INV-04442,CUS-0390,2023-05-31,508.81,RTGS,26,True
3865,INV-04446,CUS-0177,2022-08-23,4037.04,NEFT,44,True
3866,INV-04447,CUS-0202,2023-11-20,14670.26,NEFT,45,True
3867,INV-04448,CUS-0351,2022-10-27,3868.91,ONLINE,56,True
3868,INV-04449,CUS-0425,2024-02-01,1041.84,NEFT,25,True
3869,INV-04450,CUS-0009,2022-08-27,11411.49,CHEQUE,25,True
3870,INV-04451,CUS-0455,2024-03-30,728.1,RTGS,26,True
3871,INV-04452,CUS-0488,2022-07-09,10343.07,ONLINE,58,True
3872,INV-04453,CUS-0012,2023-09-23,12269.01,RTGS,44,True
3873,INV-04454,CUS-0287,2024-03-11,3853.36,RTGS,55,True
3874,INV-04456,CUS-0211,2022-06-07,2430.25,CHEQUE,56,True
3875,INV-04457,CUS-0298,2023-04-09,3045.64,RTGS,58,False
3876,INV-04458,CUS-0138,2024-03-05,54406.61,RTGS,45,True
3877,INV-04459,CUS-0482,2024-01-29,2067.56,ONLINE,55,True
3878,INV-04460,CUS-0036,2023-05-28,7237.46,RTGS,29,True
3879,INV-04461,CUS-0009,2022-06-25,4170.09,RTGS,26,True
3880,INV-04462,CUS-0274,2023-02-15,18605.8,ONLINE,80,False
3881,INV-04463,CUS-0304,2024-04-12,1853.89,ONLINE,28,True
3882,INV-04465,CUS-0326,2022-10-04,2848.3,ONLINE,64,False
3883,INV-04466,CUS-0413,2023-03-15,427.24,RTGS,50,False
3884,INV-04467,CUS-0016,2024-05-14,899.16,NEFT,56,True
3885,INV-04468,CUS-0405,2022-10-10,1839.63,ONLINE,43,False
3886,INV-04469,CUS-0075,2023-06-15,3375.1,ONLINE,59,True
3887,INV-04470,CUS-0084,2023-07-01,6746.81,ONLINE,56,True
3888,INV-04471,CUS-0215,2022-09-09,3510.93,RTGS,30,True
3889,INV-04472,CUS-0093,2023-10-25,1662.75,CHEQUE,40,True
3890,INV-04473,CUS-0492,2022-07-03,2682.13,RTGS,44,True
3891,INV-04474,CUS-0229,2023-06-14,2783.21,ONLINE,26,True
3892,INV-04475,CUS-0436,2022-08-10,3498.19,CHEQUE,28,True
3893,INV-04476,CUS-0444,2023-07-24,4610.52,CHEQUE,59,True
3894,INV-04477,CUS-0183,2024-03-29,316.02,ONLINE,30,True
3895,INV-04478,CUS-0417,2022-11-27,11786.75,RTGS,27,True
3896,INV-04479,CUS-0461,2023-05-04,6471.95,CHEQUE,59,True
3897,INV-04480,CUS-0176,2023-01-09,3550.38,NEFT,41,True
3898,INV-04481,CUS-0492,2023-03-10,3524.94,NEFT,43,True
3899,INV-04482,CUS-0472,2023-06-12,546.11,RTGS,42,False
3900,INV-04483,CUS-0350,2024-03-30,3914.58,ONLINE,80,False
3901,INV-04484,CUS-0340,2023-01-27,7553.68,NEFT,57,True
3902,INV-04485,CUS-0340,2024-03-21,2909.6,NEFT,79,False
3903,INV-04486,CUS-0371,2023-02-09,13810.24,NEFT,29,True
3904,INV-04487,CUS-0137,2022-06-29,3681.87,CHEQUE,57,True
3905,INV-04488,CUS-0279,2023-06-22,669.21,RTGS,45,True
3906,INV-04490,CUS-0163,2023-08-25,4448.05,NEFT,74,False
3907,INV-04491,CUS-0272,2023-08-13,2803.13,RTGS,45,True
3908,INV-04492,CUS-0413,2023-08-15,12168.72,ONLINE,44,True
3909,INV-04493,CUS-0491,2023-10-17,12856.95,ONLINE,42,True
3910,INV-04494,CUS-0237,2022-12-24,426.31,CHEQUE,42,True
3911,INV-04495,CUS-0440,2022-05-06,1297.12,CHEQUE,25,True
3912,INV-04496,CUS-0142,2023-09-01,3220.38,ONLINE,52,False
3913,INV-04497,CUS-0256,2022-12-24,704.79,RTGS,55,True
3914,INV-04498,CUS-0137,2023-09-29,551.14,RTGS,58,True
3915,INV-04499,CUS-0225,2023-02-12,2176.98,ONLINE,40,True
3916,INV-04500,CUS-0186,2023-05-01,8771.68,RTGS,41,True
3917,INV-04501,CUS-0297,2023-04-01,412.01,CHEQUE,73,False
3918,INV-04502,CUS-0371,2023-10-05,13878.1,ONLINE,58,False
3919,INV-04503,CUS-0029,2023-12-27,1746.86,ONLINE,42,True
3920,INV-04505,CUS-0349,2023-04-02,1218.95,CHEQUE,25,True
3921,INV-04506,CUS-0005,2022-12-14,5007.0,RTGS,60,True
3922,INV-04507,CUS-0006,2023-11-22,4476.25,CHEQUE,25,True
3923,INV-04508,CUS-0295,2024-03-28,18586.27,NEFT,40,True
3924,INV-04509,CUS-0500,2023-09-10,12759.19,NEFT,55,False
3925,INV-04510,CUS-0363,2023-12-13,10326.44,CHEQUE,69,False
3926,INV-04511,CUS-0289,2024-01-04,1678.59,ONLINE,36,False
3927,INV-04512,CUS-0094,2023-02-06,4538.77,ONLINE,59,True
3928,INV-04513,CUS-0121,2024-05-08,56478.18,CHEQUE,40,True
3929,INV-04514,CUS-0385,2024-02-19,6988.75,NEFT,28,True
3930,INV-04515,CUS-0245,2023-07-27,17169.88,NEFT,59,True
3931,INV-04516,CUS-0175,2022-12-15,6798.09,CHEQUE,55,True
3932,INV-04519,CUS-0180,2024-03-05,11061.71,ONLINE,29,True
3933,INV-04520,CUS-0483,2023-03-30,1452.08,ONLINE,25,True
3934,INV-04521,CUS-0105,2023-10-13,1181.65,NEFT,43,True
3935,INV-04522,CUS-0095,2022-11-27,1967.66,CHEQUE,29,True
3936,INV-04524,CUS-0234,2022-11-11,37652.68,ONLINE,27,True
3937,INV-04525,CUS-0232,2023-03-08,1648.09,NEFT,27,True
3938,INV-04526,CUS-0181,2024-04-13,1633.49,RTGS,41,True
3939,INV-04527,CUS-0020,2024-05-01,10324.51,CHEQUE,56,True
3940,INV-04528,CUS-0426,2023-05-01,10453.37,NEFT,45,True
3941,INV-04529,CUS-0357,2023-10-01,18564.25,CHEQUE,57,False
3942,INV-04530,CUS-0417,2023-08-22,7887.82,CHEQUE,27,True
3943,INV-04531,CUS-0017,2024-04-08,2500.61,NEFT,82,False
3944,INV-04533,CUS-0359,2023-11-26,3498.35,ONLINE,26,True
3945,INV-04534,CUS-0060,2024-03-25,5940.21,NEFT,27,True
3946,INV-04536,CUS-0182,2023-04-14,2548.62,ONLINE,87,False
3947,INV-04537,CUS-0047,2023-05-07,42549.09,CHEQUE,85,False
3948,INV-04538,CUS-0162,2023-12-29,2625.84,CHEQUE,36,False
3949,INV-04539,CUS-0339,2022-06-20,9412.59,RTGS,41,True
3950,INV-04540,CUS-0234,2023-12-14,4060.6,RTGS,26,True
3951,INV-04541,CUS-0286,2022-11-08,4237.29,RTGS,42,True
3952,INV-04543,CUS-0004,2023-11-15,11099.29,CHEQUE,42,True
3953,INV-04544,CUS-0062,2023-06-20,2555.56,ONLINE,43,True
3954,INV-04545,CUS-0225,2022-05-13,797.52,RTGS,40,True
3955,INV-04546,CUS-0368,2023-04-19,1530.9,CHEQUE,44,True
3956,INV-04547,CUS-0292,2024-03-05,6661.22,NEFT,48,False
3957,INV-04548,CUS-0496,2023-07-12,1593.51,CHEQUE,26,True
3958,INV-04549,CUS-0087,2023-01-31,3829.01,RTGS,25,True
3959,INV-04550,CUS-0275,2023-04-09,11130.66,CHEQUE,43,True
3960,INV-04551,CUS-0359,2022-06-04,3204.35,RTGS,27,True
3961,INV-04552,CUS-0407,2023-05-13,330.66,CHEQUE,60,True
3962,INV-04553,CUS-0147,2023-08-19,6845.29,RTGS,55,True
3963,INV-04554,CUS-0042,2023-05-26,2620.49,RTGS,77,False
3964,INV-04555,CUS-0134,2023-02-09,3979.02,NEFT,56,True
3965,INV-04556,CUS-0239,2022-12-28,6579.58,ONLINE,67,False
3966,INV-04557,CUS-0190,2023-06-07,2890.68,NEFT,40,True
3967,INV-04558,CUS-0283,2023-12-08,6206.28,RTGS,25,True
3968,INV-04559,CUS-0444,2024-01-31,1083.39,RTGS,58,True
3969,INV-04561,CUS-0484,2024-02-19,4086.74,ONLINE,26,True
3970,INV-04562,CUS-0308,2023-12-01,2946.69,NEFT,41,True
3971,INV-04563,CUS-0070,2023-09-02,8397.89,CHEQUE,38,False
3972,INV-04564,CUS-0320,2024-02-01,8250.46,ONLINE,55,True
3973,INV-04565,CUS-0269,2022-06-21,366.78,ONLINE,45,True
3974,INV-04566,CUS-0378,2024-03-21,15706.07,NEFT,27,True
3975,INV-04567,CUS-0481,2022-05-28,11692.0,CHEQUE,44,True
3976,INV-04568,CUS-0058,2023-11-06,1475.63,RTGS,60,True
3977,INV-04569,CUS-0322,2023-07-26,14987.52,NEFT,58,False
3978,INV-04572,CUS-0386,2023-04-03,2030.8,RTGS,57,True
3979,INV-04574,CUS-0461,2022-07-17,1808.24,CHEQUE,55,True
3980,INV-04575,CUS-0285,2023-05-16,398.37,ONLINE,41,True
3981,INV-04576,CUS-0099,2023-04-13,73785.47,RTGS,49,False
3982,INV-04577,CUS-0124,2023-09-04,600.56,RTGS,40,True
3983,INV-04578,CUS-0103,2022-12-27,3176.23,RTGS,43,True
3984,INV-04579,CUS-0400,2023-01-26,5169.55,RTGS,45,True
3985,INV-04580,CUS-0270,2022-07-13,1463.9,CHEQUE,60,True
3986,INV-04581,CUS-0423,2022-11-17,2821.51,NEFT,44,True
3987,INV-04583,CUS-0086,2023-12-26,2749.64,ONLINE,60,True
3988,INV-04585,CUS-0215,2024-02-16,2439.57,ONLINE,26,True
3989,INV-04586,CUS-0175,2023-05-27,93564.96,CHEQUE,60,True
3990,INV-04587,CUS-0500,2022-08-17,2031.31,ONLINE,28,True
3991,INV-04588,CUS-0039,2022-06-25,1812.12,RTGS,60,False
3992,INV-04589,CUS-0481,2022-12-19,68611.38,NEFT,43,True
3993,INV-04590,CUS-0411,2023-06-02,1354.93,NEFT,42,True
3994,INV-04591,CUS-0474,2022-05-28,55485.46,CHEQUE,56,True
3995,INV-04592,CUS-0094,2022-12-03,8308.47,RTGS,58,True
3996,INV-04593,CUS-0178,2024-04-30,27345.94,NEFT,57,False
3997,INV-04594,CUS-0242,2024-04-24,1752.19,NEFT,27,True
3998,INV-04595,CUS-0333,2022-06-15,3177.11,RTGS,57,True
3999,INV-04597,CUS-0470,2024-03-17,2568.72,ONLINE,55,True
4000,INV-04598,CUS-0370,2023-11-22,64916.36,ONLINE,45,True
4001,INV-04599,CUS-0277,2024-02-16,4163.96,CHEQUE,60,True
4002,INV-04600,CUS-0296,2022-09-08,655.55,RTGS,30,True
4003,INV-04601,CUS-0225,2022-10-18,3509.06,NEFT,40,True
4004,INV-04602,CUS-0242,2023-03-28,5108.8,ONLINE,27,True
4005,INV-04603,CUS-0176,2022-12-15,12048.18,CHEQUE,40,True
4006,INV-04605,CUS-0104,2024-03-16,1932.17,RTGS,57,True
4007,INV-04606,CUS-0228,2023-03-21,3575.8,CHEQUE,60,True
4008,INV-04607,CUS-0232,2022-12-16,967.18,RTGS,30,True
4009,INV-04608,CUS-0078,2023-05-03,1702.77,NEFT,59,False
4010,INV-04609,CUS-0141,2024-01-25,7540.61,ONLINE,57,True
4011,INV-04610,CUS-0319,2024-02-10,6339.42,ONLINE,57,True
4012,INV-04611,CUS-0232,2023-02-05,1064.43,CHEQUE,29,True
4013,INV-04612,CUS-0122,2022-06-15,3339.89,RTGS,42,True
4014,INV-04613,CUS-0488,2023-12-01,946.89,RTGS,60,True
4015,INV-04614,CUS-0229,2022-10-17,650.1,ONLINE,25,True
4016,INV-04615,CUS-0069,2024-01-03,2095.74,CHEQUE,73,False
4017,INV-04616,CUS-0164,2024-01-12,4804.24,RTGS,28,True
4018,INV-04617,CUS-0163,2023-08-16,3538.13,RTGS,60,True
4019,INV-04618,CUS-0420,2022-09-14,7875.69,RTGS,43,True
4020,INV-04619,CUS-0225,2022-08-02,592.09,ONLINE,41,True
4021,INV-04620,CUS-0057,2024-01-01,312.64,CHEQUE,27,True
4022,INV-04622,CUS-0248,2022-08-05,4633.45,RTGS,30,True
4023,INV-04623,CUS-0017,2022-07-28,2715.43,ONLINE,60,True
4024,INV-04624,CUS-0480,2024-01-05,6694.97,NEFT,27,True
4025,INV-04626,CUS-0395,2023-03-05,3940.77,RTGS,44,True
4026,INV-04627,CUS-0396,2024-03-02,6398.16,RTGS,42,True
4027,INV-04629,CUS-0372,2024-03-30,9545.66,ONLINE,29,True
4028,INV-04630,CUS-0178,2023-10-29,57430.59,ONLINE,65,False
4029,INV-04631,CUS-0459,2024-04-12,1744.84,RTGS,47,False
4030,INV-04632,CUS-0148,2023-12-23,9625.89,RTGS,55,True
4031,INV-04633,CUS-0030,2022-07-22,3820.52,ONLINE,34,False
4032,INV-04634,CUS-0234,2024-03-30,16520.69,RTGS,27,True
4033,INV-04635,CUS-0495,2023-05-31,274.29,NEFT,59,True
4034,INV-04637,CUS-0462,2022-07-27,1237.05,NEFT,60,True
4035,INV-04638,CUS-0040,2023-03-14,13705.2,CHEQUE,40,True
4036,INV-04639,CUS-0298,2022-08-15,436.79,ONLINE,28,True
4037,INV-04640,CUS-0367,2024-03-04,15919.84,RTGS,57,False
4038,INV-04641,CUS-0206,2023-09-24,17828.8,RTGS,43,True
4039,INV-04642,CUS-0029,2022-08-14,1988.32,ONLINE,70,False
4040,INV-04644,CUS-0153,2024-01-14,4189.95,ONLINE,60,True
4041,INV-04646,CUS-0343,2022-06-07,3348.72,ONLINE,42,True
4042,INV-04647,CUS-0428,2023-07-14,8779.51,CHEQUE,41,True
4043,INV-04648,CUS-0405,2023-10-16,293.27,RTGS,29,True
4044,INV-04649,CUS-0018,2022-10-21,3610.62,RTGS,27,True
4045,INV-04650,CUS-0356,2024-04-29,3195.72,NEFT,42,True
4046,INV-04651,CUS-0079,2024-03-29,503.88,ONLINE,44,False
4047,INV-04652,CUS-0475,2022-07-19,5575.43,NEFT,43,True
4048,INV-04653,CUS-0443,2022-12-10,3641.53,NEFT,40,True
4049,INV-04654,CUS-0282,2023-02-28,3301.13,RTGS,56,True
4050,INV-04655,CUS-0266,2023-06-16,12907.37,ONLINE,26,True
4051,INV-04656,CUS-0457,2023-01-27,627.22,ONLINE,57,True
4052,INV-04657,CUS-0434,2022-07-20,6366.07,RTGS,53,False
4053,INV-04658,CUS-0166,2024-03-03,3393.08,CHEQUE,40,True
4054,INV-04659,CUS-0421,2024-04-17,34968.73,ONLINE,56,True
4055,INV-04660,CUS-0352,2023-06-08,148.04,ONLINE,68,False
4056,INV-04661,CUS-0208,2024-05-12,2005.11,NEFT,89,False
4057,INV-04662,CUS-0074,2023-02-21,20208.47,RTGS,28,True
4058,INV-04663,CUS-0321,2023-06-18,1072.54,NEFT,48,False
4059,INV-04664,CUS-0362,2023-09-30,7476.74,NEFT,28,True
4060,INV-04665,CUS-0290,2023-11-30,747.08,CHEQUE,58,True
4061,INV-04667,CUS-0187,2024-02-13,5793.45,NEFT,28,True
4062,INV-04668,CUS-0176,2023-08-18,2396.99,CHEQUE,41,True
4063,INV-04669,CUS-0434,2022-12-18,4801.18,ONLINE,29,True
4064,INV-04670,CUS-0121,2023-07-28,44502.96,CHEQUE,43,True
4065,INV-04672,CUS-0430,2023-11-01,2375.3,RTGS,60,True
4066,INV-04673,CUS-0312,2024-01-28,4595.11,RTGS,43,True
4067,INV-04674,CUS-0085,2022-10-02,3175.9,ONLINE,59,True
4068,INV-04675,CUS-0083,2023-09-11,2962.4,RTGS,44,False
4069,INV-04676,CUS-0051,2023-06-24,430.21,NEFT,44,True
4070,INV-04677,CUS-0492,2023-07-29,2104.71,NEFT,45,True
4071,INV-04678,CUS-0285,2022-11-20,1269.9,CHEQUE,44,True
4072,INV-04679,CUS-0192,2022-08-14,74709.98,NEFT,58,False
4073,INV-04680,CUS-0282,2023-10-20,14612.46,CHEQUE,55,True
4074,INV-04681,CUS-0496,2024-03-17,6694.91,RTGS,29,True
4075,INV-04682,CUS-0369,2024-04-03,6299.52,ONLINE,42,True
4076,INV-04683,CUS-0098,2023-12-02,1414.56,ONLINE,26,True
4077,INV-04684,CUS-0319,2022-11-16,1493.38,CHEQUE,58,True
4078,INV-04685,CUS-0208,2023-10-20,948.68,RTGS,56,True
4079,INV-04686,CUS-0180,2022-07-17,11173.94,CHEQUE,28,True
4080,INV-04687,CUS-0176,2023-11-05,1704.43,CHEQUE,45,True
4081,INV-04688,CUS-0056,2022-11-27,7764.89,ONLINE,27,True
4082,INV-04690,CUS-0051,2022-11-02,3027.91,ONLINE,43,True
4083,INV-04691,CUS-0351,2024-05-04,5720.06,RTGS,58,True
4084,INV-04692,CUS-0008,2022-10-02,5382.42,RTGS,56,True
4085,INV-04693,CUS-0385,2023-01-17,7152.76,CHEQUE,27,True
4086,INV-04694,CUS-0449,2022-11-17,3468.17,ONLINE,26,True
4087,INV-04695,CUS-0135,2023-07-20,2611.7,NEFT,26,True
4088,INV-04696,CUS-0456,2022-09-30,387.72,ONLINE,60,True
4089,INV-04698,CUS-0300,2022-05-24,2009.61,CHEQUE,33,False
4090,INV-04699,CUS-0359,2022-07-01,1488.12,CHEQUE,25,True
4091,INV-04700,CUS-0398,2023-09-05,3216.52,CHEQUE,28,True
4092,INV-04701,CUS-0273,2023-05-16,1559.86,NEFT,28,True
4093,INV-04702,CUS-0149,2022-12-05,3268.12,CHEQUE,42,True
4094,INV-04703,CUS-0490,2022-10-19,4513.34,CHEQUE,40,True
4095,INV-04704,CUS-0456,2023-09-28,10847.57,NEFT,58,True
4096,INV-04705,CUS-0248,2022-06-07,8401.62,NEFT,60,False
4097,INV-04706,CUS-0147,2023-11-14,1898.83,ONLINE,57,True
4098,INV-04707,CUS-0410,2024-03-21,42124.23,RTGS,45,True
4099,INV-04708,CUS-0146,2023-02-20,1809.73,RTGS,42,True
4100,INV-04712,CUS-0190,2022-08-27,3807.36,ONLINE,61,False
4101,INV-04713,CUS-0107,2023-10-24,17851.62,RTGS,55,False
4102,INV-04714,CUS-0374,2023-12-21,41622.2,NEFT,58,True
4103,INV-04715,CUS-0324,2023-11-04,34965.22,RTGS,52,False
4104,INV-04716,CUS-0451,2023-06-17,10791.21,RTGS,45,True
4105,INV-04717,CUS-0391,2023-08-23,1891.97,NEFT,41,True
4106,INV-04721,CUS-0349,2023-04-10,3147.29,RTGS,27,True
4107,INV-04722,CUS-0322,2023-06-20,6850.1,RTGS,42,True
4108,INV-04723,CUS-0071,2023-03-13,15255.68,CHEQUE,52,False
4109,INV-04724,CUS-0234,2022-10-11,46090.91,ONLINE,26,True
4110,INV-04725,CUS-0447,2022-09-05,4448.28,NEFT,40,True
4111,INV-04726,CUS-0054,2023-07-04,695.61,RTGS,25,True
4112,INV-04727,CUS-0129,2022-12-02,15147.51,ONLINE,25,True
4113,INV-04728,CUS-0371,2022-05-30,20558.3,RTGS,54,False
4114,INV-04729,CUS-0105,2023-10-25,4033.01,CHEQUE,42,True
4115,INV-04730,CUS-0255,2022-07-02,1112.83,ONLINE,74,False
4116,INV-04732,CUS-0391,2024-04-09,1664.09,ONLINE,40,True
4117,INV-04733,CUS-0070,2023-01-10,10652.57,CHEQUE,27,True
4118,INV-04734,CUS-0476,2023-10-26,38002.21,CHEQUE,58,True
4119,INV-04735,CUS-0380,2023-06-09,317.53,NEFT,42,True
4120,INV-04737,CUS-0397,2022-06-14,526.6,NEFT,56,True
4121,INV-04738,CUS-0243,2023-09-04,6792.15,ONLINE,50,False
4122,INV-04739,CUS-0413,2023-12-10,1210.41,CHEQUE,45,True
4123,INV-04740,CUS-0387,2024-01-16,70174.65,ONLINE,30,True
4124,INV-04741,CUS-0285,2023-05-02,3409.0,NEFT,40,True
4125,INV-04742,CUS-0334,2024-03-29,3970.89,NEFT,66,False
4126,INV-04743,CUS-0266,2023-10-09,14541.82,RTGS,28,True
4127,INV-04744,CUS-0298,2023-02-11,725.99,RTGS,28,True
4128,INV-04745,CUS-0477,2024-02-23,1365.36,RTGS,43,True
4129,INV-04746,CUS-0016,2023-10-18,2801.44,ONLINE,59,True
4130,INV-04747,CUS-0323,2023-02-27,815.4,CHEQUE,30,True
4131,INV-04748,CUS-0357,2023-12-21,3138.69,NEFT,26,True
4132,INV-04749,CUS-0058,2023-03-27,495.13,ONLINE,87,False
4133,INV-04750,CUS-0420,2022-11-12,3580.79,NEFT,41,True
4134,INV-04751,CUS-0250,2022-10-08,18384.36,ONLINE,30,True
4135,INV-04752,CUS-0366,2022-10-28,972.4,NEFT,28,True
4136,INV-04753,CUS-0293,2022-09-22,1973.63,ONLINE,43,True
4137,INV-04754,CUS-0343,2024-01-30,3876.99,NEFT,62,False
4138,INV-04755,CUS-0286,2023-07-22,1454.68,ONLINE,42,True
4139,INV-04756,CUS-0076,2024-01-28,14742.38,RTGS,59,True
4140,INV-04757,CUS-0051,2022-11-05,150.1,NEFT,43,True
4141,INV-04758,CUS-0118,2023-01-06,38449.1,NEFT,44,True
4142,INV-04759,CUS-0052,2023-08-17,788.77,ONLINE,79,False
4143,INV-04760,CUS-0327,2022-06-24,21531.29,CHEQUE,58,False
4144,INV-04761,CUS-0386,2023-03-19,896.0,RTGS,55,True
4145,INV-04762,CUS-0390,2024-04-13,1117.19,CHEQUE,33,False
4146,INV-04763,CUS-0175,2023-05-10,6913.87,NEFT,60,True
4147,INV-04764,CUS-0043,2022-12-10,11443.78,RTGS,28,True
4148,INV-04765,CUS-0195,2023-11-21,3333.21,CHEQUE,45,True
4149,INV-04766,CUS-0284,2022-07-22,14354.97,RTGS,42,True
4150,INV-04767,CUS-0113,2023-04-09,7737.36,NEFT,43,True
4151,INV-04768,CUS-0188,2023-10-26,300.18,ONLINE,40,True
4152,INV-04769,CUS-0338,2022-10-08,32459.34,ONLINE,58,True
4153,INV-04770,CUS-0077,2023-04-26,5729.21,NEFT,57,True
4154,INV-04771,CUS-0185,2022-10-29,4063.08,RTGS,59,True
4155,INV-04772,CUS-0035,2023-01-08,6278.87,CHEQUE,43,True
4156,INV-04774,CUS-0384,2024-01-28,18644.16,NEFT,41,True
4157,INV-04775,CUS-0441,2024-02-01,3478.38,NEFT,26,True
4158,INV-04776,CUS-0147,2023-12-21,4209.77,RTGS,56,True
4159,INV-04778,CUS-0302,2023-10-19,2236.14,ONLINE,26,True
4160,INV-04779,CUS-0397,2024-03-23,3806.62,RTGS,56,True
4161,INV-04780,CUS-0137,2022-06-23,3172.64,NEFT,64,False
4162,INV-04781,CUS-0469,2024-01-06,7804.31,RTGS,40,True
4163,INV-04783,CUS-0209,2023-07-15,8512.26,RTGS,29,True
4164,INV-04784,CUS-0023,2024-01-01,1146.02,RTGS,56,True
4165,INV-04786,CUS-0039,2022-10-22,3435.65,RTGS,43,True
4166,INV-04787,CUS-0256,2022-06-27,402.47,NEFT,60,True
4167,INV-04788,CUS-0463,2022-06-23,21179.85,CHEQUE,60,True
4168,INV-04789,CUS-0048,2023-05-04,2210.18,RTGS,60,True
4169,INV-04790,CUS-0136,2023-06-13,5956.91,NEFT,45,True
4170,INV-04791,CUS-0295,2022-10-25,4749.03,NEFT,41,True
4171,INV-04792,CUS-0374,2023-02-23,33894.35,CHEQUE,55,True
4172,INV-04793,CUS-0214,2023-09-07,701.36,ONLINE,28,True
4173,INV-04794,CUS-0131,2022-06-12,1302.69,CHEQUE,25,True
4174,INV-04795,CUS-0151,2024-02-08,4946.77,NEFT,28,True
4175,INV-04796,CUS-0048,2023-07-30,7051.66,RTGS,56,True
4176,INV-04797,CUS-0130,2023-09-10,10830.64,NEFT,58,True
4177,INV-04798,CUS-0369,2022-08-12,106974.01,NEFT,45,True
4178,INV-04799,CUS-0068,2023-09-24,768.48,CHEQUE,40,True
4179,INV-04800,CUS-0107,2024-04-26,5837.09,RTGS,40,True
4180,INV-04801,CUS-0487,2022-09-25,1681.53,NEFT,26,True
4181,INV-04802,CUS-0456,2022-06-19,79898.38,RTGS,57,True
4182,INV-04803,CUS-0353,2024-01-04,206585.86,NEFT,27,True
4183,INV-04804,CUS-0214,2022-07-05,1565.19,NEFT,25,True
4184,INV-04805,CUS-0037,2023-01-31,93.32,RTGS,31,False
4185,INV-04806,CUS-0100,2023-06-20,4251.73,RTGS,25,True
4186,INV-04807,CUS-0341,2023-07-21,5148.72,RTGS,26,True
4187,INV-04808,CUS-0326,2024-01-12,2090.82,CHEQUE,60,True
4188,INV-04809,CUS-0066,2023-04-09,7659.06,CHEQUE,65,False
4189,INV-04811,CUS-0219,2023-03-31,6915.12,CHEQUE,58,True
4190,INV-04812,CUS-0224,2024-02-03,5108.79,NEFT,25,True
4191,INV-04813,CUS-0189,2023-02-07,51554.84,ONLINE,50,False
4192,INV-04814,CUS-0219,2023-05-19,17715.45,RTGS,56,True
4193,INV-04815,CUS-0113,2023-10-06,54221.8,ONLINE,42,True
4194,INV-04816,CUS-0226,2024-04-04,3447.73,NEFT,27,True
4195,INV-04817,CUS-0473,2022-11-28,14744.53,ONLINE,30,True
4196,INV-04819,CUS-0353,2023-12-28,4820.79,ONLINE,27,True
4197,INV-04820,CUS-0087,2023-03-10,8784.26,ONLINE,29,True
4198,INV-04821,CUS-0299,2023-03-24,2367.35,RTGS,83,False
4199,INV-04822,CUS-0097,2022-07-07,4355.46,RTGS,60,True
4200,INV-04823,CUS-0048,2023-08-16,72066.14,RTGS,60,True
4201,INV-04824,CUS-0206,2023-09-09,11558.05,CHEQUE,46,False
4202,INV-04826,CUS-0002,2024-03-03,3569.19,NEFT,45,True
4203,INV-04827,CUS-0028,2022-09-06,5704.94,RTGS,69,False
4204,INV-04828,CUS-0038,2023-08-01,5414.28,NEFT,53,False
4205,INV-04829,CUS-0499,2023-09-23,1891.43,NEFT,60,True
4206,INV-04831,CUS-0343,2023-11-12,24857.56,ONLINE,41,True
4207,INV-04832,CUS-0104,2024-03-18,2705.49,RTGS,55,True
4208,INV-04833,CUS-0137,2024-04-07,3576.2,NEFT,55,True
4209,INV-04835,CUS-0474,2023-06-29,2082.55,ONLINE,56,True
4210,INV-04836,CUS-0070,2023-10-10,6360.34,RTGS,35,False
4211,INV-04838,CUS-0430,2022-08-10,2388.14,RTGS,60,True
4212,INV-04839,CUS-0418,2022-08-04,3739.63,ONLINE,30,True
4213,INV-04840,CUS-0091,2023-02-15,1236.99,ONLINE,40,False
4214,INV-04841,CUS-0104,2023-09-11,14087.57,CHEQUE,56,True
4215,INV-04842,CUS-0028,2023-09-01,1875.07,CHEQUE,41,True
4216,INV-04844,CUS-0152,2023-06-01,1878.41,NEFT,44,True
4217,INV-04845,CUS-0348,2022-05-22,1637.17,RTGS,41,False
4218,INV-04846,CUS-0133,2023-07-01,20365.63,ONLINE,68,False
4219,INV-04849,CUS-0449,2023-12-20,3983.67,ONLINE,30,True
4220,INV-04850,CUS-0481,2024-03-18,40197.27,CHEQUE,44,True
4221,INV-04852,CUS-0370,2022-06-24,15134.48,ONLINE,45,True
4222,INV-04853,CUS-0461,2023-12-13,17254.52,RTGS,55,True
4223,INV-04854,CUS-0150,2023-04-06,433.25,NEFT,41,True
4224,INV-04855,CUS-0080,2022-06-06,1031.3,CHEQUE,44,True
4225,INV-04856,CUS-0018,2023-03-25,5115.34,CHEQUE,51,False
4226,INV-04857,CUS-0362,2022-11-15,5613.98,CHEQUE,26,True
4227,INV-04858,CUS-0499,2022-10-12,3477.95,ONLINE,56,True
4228,INV-04859,CUS-0245,2023-09-04,7424.27,NEFT,62,False
4229,INV-04861,CUS-0102,2023-06-05,1725.38,NEFT,59,True
4230,INV-04862,CUS-0343,2023-09-05,2751.69,RTGS,43,True
4231,INV-04863,CUS-0050,2023-02-28,2555.74,ONLINE,41,True
4232,INV-04864,CUS-0385,2022-05-06,40430.66,CHEQUE,28,True
4233,INV-04865,CUS-0397,2023-01-13,5515.07,RTGS,60,True
4234,INV-04866,CUS-0439,2022-06-26,631.63,CHEQUE,47,False
4235,INV-04868,CUS-0437,2023-03-05,82996.79,ONLINE,60,True
4236,INV-04870,CUS-0055,2022-09-11,2463.62,ONLINE,40,True
4237,INV-04871,CUS-0155,2023-12-23,2710.58,NEFT,55,True
4238,INV-04872,CUS-0474,2022-05-31,5743.21,RTGS,60,True
4239,INV-04873,CUS-0315,2024-01-07,10605.55,CHEQUE,60,True
4240,INV-04874,CUS-0126,2024-02-10,404.11,RTGS,78,False
4241,INV-04875,CUS-0061,2024-01-11,908.94,CHEQUE,74,False
4242,INV-04876,CUS-0421,2022-08-23,86374.26,ONLINE,55,True
4243,INV-04877,CUS-0314,2024-01-22,2085.55,CHEQUE,56,True
4244,INV-04878,CUS-0428,2023-07-20,15841.48,ONLINE,41,True
4245,INV-04879,CUS-0445,2023-07-13,2236.18,CHEQUE,43,True
4246,INV-04880,CUS-0178,2022-08-15,70623.32,RTGS,43,True
4247,INV-04881,CUS-0333,2022-07-23,930.49,RTGS,57,True
4248,INV-04882,CUS-0294,2023-09-20,13845.81,CHEQUE,81,False
4249,INV-04883,CUS-0160,2023-06-15,593.34,CHEQUE,42,True
4250,INV-04884,CUS-0105,2023-09-10,3694.72,CHEQUE,45,True
4251,INV-04885,CUS-0373,2024-04-17,7578.12,CHEQUE,40,True
4252,INV-04886,CUS-0494,2023-09-04,1911.28,NEFT,57,True
4253,INV-04887,CUS-0119,2022-07-03,327.11,NEFT,27,True
4254,INV-04888,CUS-0467,2022-11-23,6860.51,ONLINE,43,True
4255,INV-04889,CUS-0225,2023-08-22,676.24,NEFT,68,False
4256,INV-04890,CUS-0439,2022-07-06,1081.13,NEFT,43,True
4257,INV-04892,CUS-0204,2023-01-26,2710.01,ONLINE,43,True
4258,INV-04893,CUS-0239,2023-08-25,20422.29,RTGS,70,False
4259,INV-04894,CUS-0428,2022-06-05,852.1,RTGS,40,True
4260,INV-04895,CUS-0423,2022-09-11,1453.11,ONLINE,43,True
4261,INV-04896,CUS-0169,2022-06-17,308.25,ONLINE,29,True
4262,INV-04897,CUS-0086,2023-11-12,7572.71,ONLINE,57,True
4263,INV-04898,CUS-0215,2023-06-28,9408.21,RTGS,25,True
4264,INV-04900,CUS-0483,2024-01-04,4229.69,CHEQUE,25,True
4265,INV-04901,CUS-0312,2022-08-23,7827.96,ONLINE,43,True
4266,INV-04902,CUS-0278,2022-11-06,2520.86,RTGS,41,True
4267,INV-04903,CUS-0496,2022-07-17,2213.63,ONLINE,29,True
4268,INV-04904,CUS-0495,2023-08-12,1150.19,CHEQUE,60,True
4269,INV-04905,CUS-0209,2023-10-02,3703.33,CHEQUE,26,True
4270,INV-04906,CUS-0486,2023-09-28,4990.63,CHEQUE,61,False
4271,INV-04907,CUS-0238,2023-09-21,948.33,NEFT,43,True
4272,INV-04908,CUS-0345,2022-06-01,12107.05,CHEQUE,59,True
4273,INV-04909,CUS-0417,2023-11-12,25980.39,ONLINE,27,True
4274,INV-04910,CUS-0299,2023-06-04,3374.85,NEFT,56,True
4275,INV-04911,CUS-0076,2022-06-27,9521.28,NEFT,58,True
4276,INV-04912,CUS-0008,2024-04-11,19378.31,CHEQUE,60,True
4277,INV-04913,CUS-0195,2023-07-18,8043.03,CHEQUE,42,True
4278,INV-04914,CUS-0119,2023-04-16,4386.25,NEFT,30,True
4279,INV-04915,CUS-0198,2024-01-18,5631.17,ONLINE,72,False
4280,INV-04916,CUS-0322,2024-02-17,46567.06,ONLINE,44,True
4281,INV-04917,CUS-0121,2022-07-26,18501.85,ONLINE,44,True
4282,INV-04918,CUS-0498,2022-11-08,1427.83,RTGS,60,True
4283,INV-04919,CUS-0137,2023-11-03,3330.51,RTGS,59,True
4284,INV-04920,CUS-0358,2023-11-17,9600.94,NEFT,43,True
4285,INV-04921,CUS-0225,2022-06-18,122.66,CHEQUE,44,True
4286,INV-04922,CUS-0426,2022-12-13,340.43,ONLINE,40,True
4287,INV-04923,CUS-0337,2023-05-14,8775.94,ONLINE,55,True
4288,INV-04924,CUS-0079,2024-03-02,3856.27,NEFT,54,False
4289,INV-04926,CUS-0277,2022-10-14,670.92,ONLINE,55,True
4290,INV-04929,CUS-0135,2024-03-27,165244.65,RTGS,26,True
4291,INV-04931,CUS-0163,2023-11-29,2447.32,RTGS,76,False
4292,INV-04932,CUS-0022,2023-11-29,15698.32,NEFT,88,False
4293,INV-04933,CUS-0197,2023-02-20,42829.17,RTGS,29,True
4294,INV-04934,CUS-0444,2022-09-16,3615.2,RTGS,55,True
4295,INV-04935,CUS-0499,2022-07-26,1536.03,RTGS,60,True
4296,INV-04936,CUS-0343,2023-05-27,2836.59,CHEQUE,41,True
4297,INV-04937,CUS-0047,2023-09-15,20495.85,CHEQUE,58,True
4298,INV-04938,CUS-0304,2022-11-10,1503.38,CHEQUE,29,True
4299,INV-04939,CUS-0427,2022-11-04,3321.59,CHEQUE,60,True
4300,INV-04940,CUS-0202,2023-05-22,14899.19,NEFT,42,True
4301,INV-04941,CUS-0446,2022-11-23,9864.89,NEFT,59,True
4302,INV-04942,CUS-0329,2024-03-30,8410.69,CHEQUE,67,False
4303,INV-04943,CUS-0336,2023-09-08,1065.71,NEFT,63,False
4304,INV-04944,CUS-0268,2022-07-08,822.85,NEFT,25,True
4305,INV-04946,CUS-0402,2023-03-11,332.8,NEFT,28,True
4306,INV-04947,CUS-0153,2023-12-18,7086.25,ONLINE,57,True
4307,INV-04948,CUS-0237,2023-01-05,373.89,CHEQUE,45,True
4308,INV-04949,CUS-0230,2022-09-24,38182.73,ONLINE,42,True
4309,INV-04950,CUS-0011,2023-01-31,270.26,RTGS,57,True
4310,INV-04951,CUS-0474,2022-12-03,9435.49,NEFT,57,True
4311,INV-04952,CUS-0352,2022-06-28,1170.2,ONLINE,55,True
4312,INV-04953,CUS-0094,2023-12-01,14334.92,NEFT,60,True
4313,INV-04954,CUS-0439,2023-04-06,1523.52,CHEQUE,41,True
4314,INV-04955,CUS-0484,2023-12-26,1049.6,RTGS,27,True
4315,INV-04956,CUS-0418,2022-08-09,1614.9,CHEQUE,52,False
4316,INV-04957,CUS-0287,2022-12-15,622.73,ONLINE,57,True
4317,INV-04958,CUS-0309,2022-11-26,56515.51,NEFT,56,True
4318,INV-04959,CUS-0193,2023-08-16,972.67,ONLINE,74,False
4319,INV-04960,CUS-0391,2022-09-10,818.96,NEFT,54,False
4320,INV-04961,CUS-0315,2023-10-11,1734.69,ONLINE,59,True
4321,INV-04962,CUS-0371,2024-03-21,14226.75,NEFT,34,False
4322,INV-04963,CUS-0160,2022-09-18,2545.92,ONLINE,41,True
4323,INV-04965,CUS-0241,2022-11-05,1564.83,RTGS,58,True
4324,INV-04966,CUS-0316,2023-11-14,1865.45,RTGS,58,False
4325,INV-04967,CUS-0225,2023-05-17,412.31,NEFT,45,True
4326,INV-04968,CUS-0401,2022-08-14,4331.28,CHEQUE,40,True
4327,INV-04969,CUS-0201,2022-10-29,3676.93,RTGS,62,False
4328,INV-04970,CUS-0111,2024-01-10,18971.22,RTGS,43,True
4329,INV-04971,CUS-0260,2023-07-20,29825.27,ONLINE,65,False
4330,INV-04972,CUS-0007,2024-03-17,564.28,ONLINE,44,True
4331,INV-04973,CUS-0339,2023-10-31,9729.66,CHEQUE,43,True
4332,INV-04974,CUS-0441,2023-01-03,2640.32,NEFT,29,True
4333,INV-04975,CUS-0229,2023-11-04,1563.15,RTGS,55,False
4334,INV-04976,CUS-0494,2022-07-31,4693.58,ONLINE,56,True
4335,INV-04977,CUS-0335,2022-10-08,11664.85,ONLINE,60,True
4336,INV-04978,CUS-0400,2022-07-04,15419.81,NEFT,42,True
4337,INV-04979,CUS-0409,2022-06-08,2483.3,NEFT,28,True
4338,INV-04981,CUS-0024,2024-01-27,961.95,CHEQUE,68,False
4339,INV-04982,CUS-0127,2023-03-02,1201.19,CHEQUE,42,True
4340,INV-04983,CUS-0376,2022-07-23,1057.68,NEFT,42,True
4341,INV-04984,CUS-0379,2022-11-21,1845.72,ONLINE,42,True
4342,INV-04986,CUS-0465,2024-02-27,966.66,ONLINE,59,True
4343,INV-04987,CUS-0464,2022-09-11,7288.22,ONLINE,67,False
4344,INV-04988,CUS-0164,2022-08-20,13660.22,RTGS,30,True
4345,INV-04989,CUS-0235,2024-03-27,5696.22,ONLINE,42,True
4346,INV-04990,CUS-0227,2023-12-21,1786.43,NEFT,39,False
4347,INV-04991,CUS-0079,2023-10-27,1047.08,ONLINE,28,True
4348,INV-04992,CUS-0483,2023-05-17,1140.89,CHEQUE,29,True
4349,INV-04993,CUS-0064,2022-09-08,3682.92,ONLINE,28,True
4350,INV-04994,CUS-0444,2022-12-08,410.81,ONLINE,56,True
4351,INV-04995,CUS-0486,2022-09-06,7966.6,NEFT,45,True
4352,INV-04996,CUS-0159,2022-07-13,1116.49,CHEQUE,26,True
4353,INV-04999,CUS-0122,2023-02-18,387.72,RTGS,41,True
4354,INV-05000,CUS-0166,2024-04-27,3891.94,CHEQUE,41,True
4355,INV-05001,CUS-0217,2023-11-18,986.41,NEFT,55,True
4356,INV-05002,CUS-0012,2022-06-14,13321.12,ONLINE,43,True
4357,INV-05003,CUS-0055,2024-01-14,1692.31,ONLINE,42,True
4358,INV-05004,CUS-0012,2023-01-11,5877.78,ONLINE,41,True
4359,INV-05005,CUS-0467,2024-01-05,722.69,ONLINE,42,True
4360,INV-05006,CUS-0013,2024-03-09,4342.84,ONLINE,45,False
4361,INV-05007,CUS-0404,2022-10-26,12278.75,RTGS,59,True
4362,INV-05008,CUS-0287,2024-04-14,2985.05,NEFT,86,False
4363,INV-05009,CUS-0260,2023-05-07,27024.52,NEFT,42,True
4364,INV-05010,CUS-0446,2023-12-20,10091.93,RTGS,56,True
4365,INV-05011,CUS-0105,2022-06-16,244.58,CHEQUE,45,True
4366,INV-05012,CUS-0171,2023-03-30,3040.98,NEFT,44,True
4367,INV-05013,CUS-0032,2022-10-21,1126.93,CHEQUE,59,True
4368,INV-05014,CUS-0259,2022-10-26,308.57,CHEQUE,42,True
4369,INV-05015,CUS-0444,2023-02-22,1765.53,CHEQUE,82,False
4370,INV-05016,CUS-0420,2022-09-16,1345.04,ONLINE,44,True
4371,INV-05017,CUS-0068,2023-09-10,2230.74,RTGS,44,True
4372,INV-05018,CUS-0468,2022-08-14,3734.22,NEFT,29,True
4373,INV-05019,CUS-0176,2022-11-29,1913.21,CHEQUE,43,True
4374,INV-05020,CUS-0477,2023-02-28,933.34,NEFT,43,True
4375,INV-05022,CUS-0014,2024-02-06,3322.85,NEFT,58,True
4376,INV-05023,CUS-0378,2023-04-18,2447.92,RTGS,27,True
4377,INV-05024,CUS-0137,2022-06-17,2913.63,ONLINE,60,True
4378,INV-05025,CUS-0100,2023-01-28,777.99,RTGS,30,True
4379,INV-05026,CUS-0259,2022-06-22,855.02,RTGS,44,True
4380,INV-05027,CUS-0050,2023-02-05,5340.02,NEFT,75,False
4381,INV-05028,CUS-0205,2023-01-27,1746.19,ONLINE,68,False
4382,INV-05029,CUS-0393,2023-05-11,2399.78,ONLINE,64,False
4383,INV-05030,CUS-0081,2023-11-10,16486.52,NEFT,26,True
4384,INV-05031,CUS-0042,2024-04-20,8627.72,ONLINE,59,True
4385,INV-05032,CUS-0084,2024-03-05,1223.9,CHEQUE,60,True
4386,INV-05033,CUS-0474,2024-01-02,66251.99,RTGS,57,True
4387,INV-05034,CUS-0279,2024-01-19,1422.06,NEFT,41,True
4388,INV-05035,CUS-0315,2022-07-24,2127.12,ONLINE,60,True
4389,INV-05036,CUS-0322,2022-08-08,7761.19,NEFT,40,True
4390,INV-05037,CUS-0404,2023-11-23,22884.66,ONLINE,59,True
4391,INV-05038,CUS-0218,2023-09-09,56944.96,ONLINE,58,True
4392,INV-05039,CUS-0431,2024-02-15,1837.66,NEFT,42,True
4393,INV-05043,CUS-0041,2022-10-08,2172.82,ONLINE,29,True
4394,INV-05044,CUS-0249,2022-05-03,1893.56,RTGS,26,True
4395,INV-05045,CUS-0276,2023-12-16,28653.68,RTGS,41,True
4396,INV-05046,CUS-0335,2023-01-25,12053.38,NEFT,83,False
4397,INV-05047,CUS-0004,2023-07-18,15056.46,ONLINE,45,True
4398,INV-05049,CUS-0350,2024-03-15,58480.59,ONLINE,69,False
4399,INV-05050,CUS-0091,2023-07-30,1034.63,ONLINE,28,True
4400,INV-05051,CUS-0500,2023-01-08,18871.44,NEFT,58,False
4401,INV-05052,CUS-0225,2023-01-25,758.62,NEFT,43,True
4402,INV-05053,CUS-0477,2023-03-20,1329.72,RTGS,41,True
4403,INV-05054,CUS-0255,2024-01-18,2710.27,NEFT,40,True
4404,INV-05056,CUS-0085,2024-05-15,2012.77,CHEQUE,56,True
4405,INV-05057,CUS-0272,2023-04-11,3224.51,NEFT,40,True
4406,INV-05058,CUS-0225,2022-09-05,1048.29,CHEQUE,44,True
4407,INV-05059,CUS-0369,2023-01-26,118725.76,ONLINE,46,False
4408,INV-05060,CUS-0007,2022-07-23,901.51,CHEQUE,45,True
4409,INV-05061,CUS-0490,2022-12-25,2497.31,RTGS,42,True
4410,INV-05062,CUS-0307,2024-05-21,866.73,NEFT,58,True
4411,INV-05063,CUS-0054,2023-04-29,768.75,RTGS,25,True
4412,INV-05065,CUS-0063,2024-02-03,4839.35,CHEQUE,43,True
4413,INV-05066,CUS-0266,2024-04-16,8568.92,ONLINE,28,True
4414,INV-05067,CUS-0382,2023-08-01,4498.83,NEFT,57,True
4415,INV-05068,CUS-0154,2023-12-18,16544.44,NEFT,57,True
4416,INV-05069,CUS-0113,2024-05-08,14777.91,CHEQUE,41,True
4417,INV-05070,CUS-0170,2022-08-05,28788.67,RTGS,66,False
4418,INV-05071,CUS-0374,2023-05-13,44509.04,NEFT,56,True
4419,INV-05072,CUS-0242,2024-02-19,2247.08,NEFT,26,True
4420,INV-05073,CUS-0172,2024-03-02,31168.66,ONLINE,43,True
4421,INV-05074,CUS-0271,2023-02-10,416.4,ONLINE,28,True
4422,INV-05075,CUS-0100,2023-01-15,4825.6,CHEQUE,25,True
4423,INV-05076,CUS-0179,2023-02-19,5903.04,ONLINE,59,True
4424,INV-05077,CUS-0104,2024-01-02,1827.53,CHEQUE,59,True
4425,INV-05078,CUS-0112,2023-04-09,1023.95,CHEQUE,81,False
4426,INV-05079,CUS-0259,2023-06-19,897.24,ONLINE,44,True
4427,INV-05080,CUS-0379,2023-05-04,1224.67,NEFT,44,True
4428,INV-05081,CUS-0045,2023-09-25,510.39,NEFT,58,True
4429,INV-05082,CUS-0117,2022-11-21,393.76,RTGS,47,False
4430,INV-05083,CUS-0404,2024-02-11,1761.25,CHEQUE,58,True
4431,INV-05084,CUS-0283,2022-07-03,2581.52,ONLINE,26,True
4432,INV-05085,CUS-0330,2023-03-20,11988.36,NEFT,90,False
4433,INV-05087,CUS-0196,2023-09-30,5675.17,CHEQUE,51,False
4434,INV-05088,CUS-0419,2023-05-14,11156.18,NEFT,59,True
4435,INV-05089,CUS-0041,2024-03-13,11916.51,NEFT,29,True
4436,INV-05090,CUS-0360,2023-10-01,454.34,CHEQUE,40,True
4437,INV-05091,CUS-0413,2022-09-21,679.6,CHEQUE,42,True
4438,INV-05092,CUS-0330,2023-07-13,29422.22,CHEQUE,56,True
4439,INV-05093,CUS-0160,2023-04-28,2442.23,RTGS,40,True
4440,INV-05094,CUS-0354,2023-03-01,3665.71,RTGS,34,False
4441,INV-05095,CUS-0079,2022-09-30,831.2,ONLINE,54,False
4442,INV-05097,CUS-0485,2022-11-09,17972.04,NEFT,70,False
4443,INV-05098,CUS-0258,2023-01-18,7240.49,RTGS,29,True
4444,INV-05099,CUS-0056,2024-03-18,3990.39,ONLINE,26,True
4445,INV-05100,CUS-0435,2023-02-08,1937.62,RTGS,56,True
4446,INV-05101,CUS-0154,2022-09-02,922.81,CHEQUE,57,True
4447,INV-05102,CUS-0280,2022-07-03,4668.84,RTGS,55,True
4448,INV-05104,CUS-0305,2022-08-27,28525.09,ONLINE,44,True
4449,INV-05105,CUS-0265,2023-07-24,8677.62,ONLINE,46,False
4450,INV-05106,CUS-0245,2023-09-04,3488.34,NEFT,59,True
4451,INV-05107,CUS-0283,2022-05-06,20416.68,RTGS,30,True
4452,INV-05108,CUS-0022,2023-08-23,52308.25,NEFT,59,True
4453,INV-05109,CUS-0151,2024-03-16,2346.16,CHEQUE,30,True
4454,INV-05110,CUS-0256,2022-09-27,217.43,NEFT,57,True
4455,INV-05111,CUS-0112,2024-03-11,3449.85,ONLINE,59,True
4456,INV-05112,CUS-0086,2022-08-18,358.76,CHEQUE,60,True
4457,INV-05114,CUS-0302,2023-10-21,1988.48,RTGS,55,False
4458,INV-05116,CUS-0338,2023-08-23,62832.97,CHEQUE,55,True
4459,INV-05117,CUS-0417,2022-05-21,12673.71,CHEQUE,33,False
4460,INV-05118,CUS-0113,2022-07-31,8434.97,NEFT,43,True
4461,INV-05119,CUS-0175,2023-04-24,6606.03,RTGS,73,False
4462,INV-05121,CUS-0217,2022-10-19,2134.82,ONLINE,60,True
4463,INV-05122,CUS-0326,2022-09-17,1551.09,RTGS,60,True
4464,INV-05123,CUS-0423,2022-12-17,2070.28,ONLINE,45,True
4465,INV-05124,CUS-0154,2023-12-22,14094.09,RTGS,71,False
4466,INV-05125,CUS-0170,2024-01-25,1302.86,ONLINE,41,True
4467,INV-05126,CUS-0367,2022-07-01,6149.98,RTGS,27,True
4468,INV-05127,CUS-0463,2022-08-21,28528.33,NEFT,83,False
4469,INV-05129,CUS-0022,2022-12-22,4301.71,NEFT,58,True
4470,INV-05130,CUS-0213,2022-08-24,276.73,NEFT,56,True
4471,INV-05131,CUS-0487,2023-07-15,5596.46,ONLINE,29,True
4472,INV-05132,CUS-0269,2024-01-15,3827.97,ONLINE,42,True
4473,INV-05134,CUS-0313,2023-07-05,4567.11,NEFT,55,True
4474,INV-05136,CUS-0302,2024-01-21,3834.33,ONLINE,27,True
4475,INV-05137,CUS-0447,2024-04-22,2135.28,RTGS,45,True
4476,INV-05138,CUS-0085,2023-01-17,821.31,CHEQUE,59,True
4477,INV-05139,CUS-0169,2022-10-04,9391.51,RTGS,25,True
4478,INV-05140,CUS-0011,2023-04-22,6765.45,RTGS,58,True
4479,INV-05141,CUS-0195,2024-05-03,1395.77,NEFT,40,True
4480,INV-05142,CUS-0367,2023-07-13,9797.39,NEFT,26,True
4481,INV-05143,CUS-0334,2023-01-07,4742.46,ONLINE,57,False
4482,INV-05144,CUS-0219,2023-04-04,592.22,ONLINE,63,False
4483,INV-05145,CUS-0399,2023-11-12,4908.69,ONLINE,62,False
4484,INV-05146,CUS-0293,2023-10-03,6463.65,NEFT,45,True
4485,INV-05147,CUS-0139,2024-01-15,1573.82,NEFT,43,True
4486,INV-05148,CUS-0234,2024-01-11,9615.72,RTGS,26,True
4487,INV-05150,CUS-0340,2022-07-04,1285.96,RTGS,55,True
4488,INV-05151,CUS-0317,2023-08-11,1750.82,CHEQUE,30,True
4489,INV-05152,CUS-0288,2023-12-18,3826.35,ONLINE,59,True
4490,INV-05153,CUS-0057,2023-02-06,131.75,NEFT,29,True
4491,INV-05154,CUS-0081,2024-04-29,903.95,RTGS,53,False
4492,INV-05155,CUS-0157,2022-11-16,9106.87,ONLINE,30,True
4493,INV-05156,CUS-0468,2023-02-07,1873.06,CHEQUE,30,True
4494,INV-05157,CUS-0108,2023-07-31,6973.6,CHEQUE,50,False
4495,INV-05158,CUS-0176,2024-04-16,540.2,CHEQUE,40,True
4496,INV-05159,CUS-0409,2024-02-22,23401.45,ONLINE,32,False
4497,INV-05160,CUS-0294,2022-11-12,6925.28,RTGS,75,False
4498,INV-05161,CUS-0476,2023-07-26,34889.27,NEFT,60,True
4499,INV-05162,CUS-0206,2024-02-09,26632.09,NEFT,43,True
4500,INV-05163,CUS-0419,2023-07-10,2341.97,RTGS,56,True
4501,INV-05164,CUS-0007,2023-05-11,567.55,NEFT,41,True
4502,INV-05165,CUS-0067,2022-10-20,31472.79,ONLINE,83,False
4503,INV-05168,CUS-0476,2023-10-10,23277.72,CHEQUE,56,True
4504,INV-05169,CUS-0292,2022-11-04,9499.52,RTGS,41,True
4505,INV-05170,CUS-0393,2022-05-21,2766.3,NEFT,42,True
4506,INV-05171,CUS-0185,2022-06-15,3850.6,RTGS,59,True
4507,INV-05172,CUS-0275,2023-09-27,32287.96,ONLINE,43,True
4508,INV-05173,CUS-0240,2022-12-16,10296.56,CHEQUE,57,True
4509,INV-05174,CUS-0030,2023-06-14,29117.62,NEFT,28,True
4510,INV-05176,CUS-0063,2022-05-27,53886.92,NEFT,42,True
4511,INV-05177,CUS-0009,2023-03-23,37396.91,RTGS,56,False
4512,INV-05178,CUS-0489,2022-06-22,646.95,ONLINE,76,False
4513,INV-05179,CUS-0159,2022-12-20,5820.45,ONLINE,30,True
4514,INV-05180,CUS-0106,2022-08-21,3347.68,CHEQUE,59,True
4515,INV-05181,CUS-0498,2023-11-16,1397.86,RTGS,58,True
4516,INV-05182,CUS-0006,2022-06-17,810.68,CHEQUE,29,True
4517,INV-05183,CUS-0500,2024-05-10,3066.07,NEFT,57,False
4518,INV-05184,CUS-0456,2022-11-11,1959.03,NEFT,57,True
4519,INV-05185,CUS-0393,2022-12-03,294.73,NEFT,45,True
4520,INV-05186,CUS-0290,2022-09-06,40837.05,ONLINE,62,False
4521,INV-05187,CUS-0412,2022-06-03,4513.6,NEFT,56,False
4522,INV-05188,CUS-0293,2022-10-08,5582.52,ONLINE,44,True
4523,INV-05189,CUS-0340,2023-03-04,7048.38,NEFT,58,True
4524,INV-05190,CUS-0430,2023-06-03,2706.56,ONLINE,56,True
4525,INV-05192,CUS-0304,2024-01-24,10389.56,NEFT,27,True
4526,INV-05194,CUS-0467,2023-08-27,3016.6,NEFT,45,True
4527,INV-05195,CUS-0449,2022-06-24,16339.97,RTGS,28,True
4528,INV-05196,CUS-0339,2024-02-02,17385.8,CHEQUE,45,True
4529,INV-05197,CUS-0181,2023-11-27,1752.97,NEFT,45,True
4530,INV-05198,CUS-0098,2023-09-18,3621.9,ONLINE,28,True
4531,INV-05199,CUS-0135,2022-09-08,10673.17,NEFT,25,True
4532,INV-05200,CUS-0074,2022-07-20,9702.78,ONLINE,30,True
4533,INV-05201,CUS-0459,2022-09-18,12208.45,ONLINE,27,True
4534,INV-05202,CUS-0494,2024-02-04,8188.27,ONLINE,76,False
4535,INV-05203,CUS-0426,2022-12-14,22858.51,ONLINE,46,False
4536,INV-05204,CUS-0116,2022-12-28,3809.56,RTGS,26,True
4537,INV-05205,CUS-0083,2023-02-25,3471.3,CHEQUE,30,True
4538,INV-05206,CUS-0321,2022-09-26,229.98,NEFT,25,True
4539,INV-05207,CUS-0225,2022-07-04,226.06,RTGS,42,True
4540,INV-05208,CUS-0148,2024-02-23,16308.53,NEFT,57,True
4541,INV-05209,CUS-0481,2022-05-25,3623.6,ONLINE,41,True
4542,INV-05211,CUS-0288,2023-10-23,363.83,ONLINE,60,True
4543,INV-05212,CUS-0236,2023-06-25,22214.98,RTGS,58,True
4544,INV-05213,CUS-0483,2022-05-11,3649.83,CHEQUE,27,True
4545,INV-05214,CUS-0233,2023-09-09,5348.56,ONLINE,28,True
4546,INV-05215,CUS-0093,2022-06-11,3070.48,CHEQUE,43,True
4547,INV-05216,CUS-0434,2022-11-17,2403.38,ONLINE,27,True
4548,INV-05218,CUS-0493,2023-07-18,4124.73,ONLINE,30,True
4549,INV-05219,CUS-0012,2023-03-06,5451.93,CHEQUE,70,False
4550,INV-05220,CUS-0187,2023-01-14,4810.81,NEFT,28,True
4551,INV-05221,CUS-0092,2022-12-16,2586.5,ONLINE,30,True
4552,INV-05222,CUS-0165,2022-12-15,1449.43,NEFT,25,True
4553,INV-05223,CUS-0304,2023-03-02,3630.14,CHEQUE,30,True
4554,INV-05224,CUS-0206,2022-10-10,19098.01,ONLINE,45,True
4555,INV-05225,CUS-0270,2024-04-25,461.45,CHEQUE,59,True
4556,INV-05226,CUS-0180,2023-03-20,1275.78,CHEQUE,25,True
4557,INV-05227,CUS-0362,2023-06-07,2326.02,NEFT,38,False
4558,INV-05229,CUS-0308,2024-03-19,850.57,RTGS,45,True
4559,INV-05230,CUS-0358,2022-06-04,9302.69,ONLINE,42,True
4560,INV-05232,CUS-0064,2023-05-28,2774.19,ONLINE,27,True
4561,INV-05233,CUS-0442,2022-09-14,14602.13,RTGS,50,False
4562,INV-05234,CUS-0323,2023-03-04,1720.18,CHEQUE,37,False
4563,INV-05236,CUS-0172,2022-09-09,28202.95,CHEQUE,42,True
4564,INV-05237,CUS-0496,2024-04-04,2475.42,RTGS,60,False
4565,INV-05238,CUS-0461,2024-02-26,9823.93,NEFT,57,True
4566,INV-05239,CUS-0092,2023-04-09,3744.79,ONLINE,28,True
4567,INV-05241,CUS-0426,2022-06-11,12854.05,RTGS,40,True
4568,INV-05242,CUS-0031,2023-02-24,6928.31,CHEQUE,57,True
4569,INV-05243,CUS-0290,2023-07-29,7727.23,NEFT,57,True
4570,INV-05244,CUS-0115,2022-11-10,4148.93,ONLINE,58,True
4571,INV-05245,CUS-0031,2022-06-24,26110.85,RTGS,59,True
4572,INV-05246,CUS-0474,2022-07-22,4782.08,RTGS,60,True
4573,INV-05247,CUS-0445,2022-05-28,11830.39,NEFT,44,True
4574,INV-05248,CUS-0014,2023-01-04,4505.19,NEFT,59,True
4575,INV-05249,CUS-0480,2024-04-10,3315.39,NEFT,30,True
4576,INV-05251,CUS-0282,2023-03-03,323.44,CHEQUE,56,True
4577,INV-05252,CUS-0241,2024-01-04,467.52,NEFT,55,True
4578,INV-05253,CUS-0239,2023-07-05,11208.74,RTGS,46,False
4579,INV-05254,CUS-0042,2024-02-11,5972.77,ONLINE,58,True
4580,INV-05255,CUS-0433,2024-01-17,1922.16,NEFT,29,True
4581,INV-05256,CUS-0371,2022-12-01,7929.38,ONLINE,28,True
4582,INV-05257,CUS-0012,2023-04-06,11806.86,CHEQUE,53,False
4583,INV-05258,CUS-0173,2023-06-22,26962.81,NEFT,63,False
4584,INV-05259,CUS-0077,2024-05-16,5459.72,NEFT,77,False
4585,INV-05260,CUS-0188,2023-06-19,6535.06,CHEQUE,70,False
4586,INV-05261,CUS-0367,2024-03-09,16696.02,NEFT,27,True
4587,INV-05262,CUS-0275,2023-02-16,35991.97,ONLINE,42,True
4588,INV-05263,CUS-0401,2022-08-11,3176.49,NEFT,42,True
4589,INV-05264,CUS-0383,2024-01-20,1334.98,NEFT,45,False
4590,INV-05266,CUS-0108,2022-09-04,26619.19,ONLINE,56,False
4591,INV-05269,CUS-0242,2023-03-18,3110.88,RTGS,29,True
4592,INV-05270,CUS-0063,2022-09-15,1854.16,CHEQUE,59,False
4593,INV-05271,CUS-0301,2024-01-13,151895.63,ONLINE,54,False
4594,INV-05272,CUS-0012,2022-11-08,22617.17,RTGS,45,True
4595,INV-05273,CUS-0322,2022-11-18,36587.29,NEFT,42,True
4596,INV-05274,CUS-0122,2022-10-05,22344.22,CHEQUE,42,True
4597,INV-05275,CUS-0156,2022-06-03,6243.55,RTGS,58,True
4598,INV-05276,CUS-0460,2023-04-12,2413.25,RTGS,41,True
4599,INV-05278,CUS-0044,2022-12-29,1719.17,RTGS,25,True
4600,INV-05279,CUS-0344,2023-08-04,387.91,ONLINE,45,True
4601,INV-05280,CUS-0260,2022-08-16,4136.32,RTGS,45,True
4602,INV-05281,CUS-0365,2024-01-04,14916.77,RTGS,55,False
4603,INV-05282,CUS-0019,2023-04-30,6105.63,RTGS,42,False
4604,INV-05283,CUS-0382,2023-04-01,3354.41,ONLINE,56,True
4605,INV-05284,CUS-0190,2024-02-15,1051.26,RTGS,56,False
4606,INV-05285,CUS-0319,2024-05-16,1127.2,NEFT,57,True
4607,INV-05286,CUS-0171,2022-09-26,7713.14,ONLINE,40,True
4608,INV-05287,CUS-0121,2024-04-19,36203.75,CHEQUE,40,True
4609,INV-05288,CUS-0162,2022-10-10,6098.77,NEFT,25,True
4610,INV-05289,CUS-0386,2023-02-09,4933.62,RTGS,58,True
4611,INV-05290,CUS-0167,2023-08-22,4809.79,ONLINE,30,True
4612,INV-05292,CUS-0406,2022-09-01,1201.08,RTGS,55,True
4613,INV-05294,CUS-0241,2024-03-14,621.2,RTGS,57,True
4614,INV-05296,CUS-0073,2023-05-06,18334.52,RTGS,28,True
4615,INV-05297,CUS-0274,2024-04-04,39051.48,ONLINE,59,True
4616,INV-05298,CUS-0064,2024-03-08,98476.19,ONLINE,26,True
4617,INV-05299,CUS-0153,2023-03-03,2704.91,RTGS,55,True
4618,INV-05300,CUS-0451,2022-06-28,18960.03,ONLINE,40,True
4619,INV-05301,CUS-0171,2023-10-07,5752.98,CHEQUE,44,True
4620,INV-05302,CUS-0482,2022-10-10,5506.0,CHEQUE,55,True
4621,INV-05303,CUS-0073,2024-03-15,17249.03,CHEQUE,32,False
4622,INV-05304,CUS-0356,2023-03-29,6630.45,RTGS,50,False
4623,INV-05305,CUS-0443,2022-10-09,437.56,NEFT,45,True
4624,INV-05307,CUS-0031,2024-02-15,6190.72,NEFT,60,True
4625,INV-05308,CUS-0139,2023-01-19,5298.14,CHEQUE,44,True
4626,INV-05309,CUS-0446,2023-11-14,3513.57,NEFT,57,True
4627,INV-05312,CUS-0415,2022-05-25,3777.39,ONLINE,27,True
4628,INV-05313,CUS-0430,2023-01-16,2120.33,RTGS,58,True
4629,INV-05314,CUS-0480,2023-09-29,1446.79,CHEQUE,39,False
4630,INV-05315,CUS-0498,2022-11-19,388.48,ONLINE,60,True
4631,INV-05316,CUS-0140,2023-03-17,2577.39,NEFT,26,True
4632,INV-05317,CUS-0220,2023-05-27,12268.32,NEFT,28,True
4633,INV-05318,CUS-0169,2022-09-30,922.12,ONLINE,25,True
4634,INV-05319,CUS-0036,2023-04-17,19246.54,NEFT,26,True
4635,INV-05320,CUS-0315,2023-04-07,970.97,CHEQUE,58,True
4636,INV-05321,CUS-0018,2022-10-09,624.4,NEFT,30,True
4637,INV-05322,CUS-0098,2024-04-23,1202.55,RTGS,29,True
4638,INV-05323,CUS-0020,2023-02-27,10093.87,RTGS,72,False
4639,INV-05324,CUS-0257,2024-02-13,1628.18,RTGS,26,True
4640,INV-05326,CUS-0134,2023-12-10,1752.65,ONLINE,58,True
4641,INV-05328,CUS-0315,2023-10-02,2910.31,NEFT,55,True
4642,INV-05329,CUS-0440,2023-07-21,5693.84,RTGS,30,True
4643,INV-05331,CUS-0245,2023-05-08,43533.46,NEFT,83,False
4644,INV-05332,CUS-0031,2022-07-11,25329.32,RTGS,57,True
4645,INV-05333,CUS-0209,2023-06-09,2999.94,NEFT,28,True
4646,INV-05334,CUS-0258,2023-05-14,8635.31,RTGS,27,True
4647,INV-05335,CUS-0027,2023-11-28,26437.47,CHEQUE,29,True
4648,INV-05336,CUS-0453,2024-03-21,11255.71,CHEQUE,28,True
4649,INV-05337,CUS-0180,2023-07-24,7014.4,CHEQUE,28,True
4650,INV-05338,CUS-0292,2023-02-02,14391.41,RTGS,41,True
4651,INV-05342,CUS-0126,2022-12-25,1243.62,ONLINE,55,True
4652,INV-05343,CUS-0141,2023-05-25,18940.96,NEFT,56,True
4653,INV-05344,CUS-0307,2022-07-14,4733.53,RTGS,60,True
4654,INV-05345,CUS-0150,2023-11-13,1616.81,ONLINE,44,True
4655,INV-05346,CUS-0227,2023-08-04,1126.63,ONLINE,26,True
4656,INV-05347,CUS-0436,2023-11-30,2983.66,RTGS,25,True
4657,INV-05348,CUS-0305,2024-02-11,1470.03,NEFT,42,True
4658,INV-05349,CUS-0175,2023-06-05,4827.52,RTGS,55,True
4659,INV-05350,CUS-0146,2023-08-23,9061.87,NEFT,40,True
4660,INV-05351,CUS-0272,2022-09-14,784.1,ONLINE,73,False
4661,INV-05352,CUS-0086,2022-10-25,2351.9,CHEQUE,89,False
4662,INV-05353,CUS-0220,2023-07-11,7337.48,CHEQUE,26,True
4663,INV-05354,CUS-0269,2023-09-02,4936.27,RTGS,41,True
4664,INV-05355,CUS-0167,2022-07-14,3767.01,ONLINE,26,True
4665,INV-05356,CUS-0121,2023-02-22,21184.69,CHEQUE,41,True
4666,INV-05357,CUS-0497,2022-12-31,2770.43,CHEQUE,25,True
4667,INV-05358,CUS-0161,2022-06-02,3602.07,RTGS,60,True
4668,INV-05359,CUS-0170,2022-11-29,26512.66,CHEQUE,44,True
4669,INV-05360,CUS-0131,2023-07-26,1132.86,NEFT,28,True
4670,INV-05361,CUS-0204,2022-06-12,10066.12,CHEQUE,46,False
4671,INV-05362,CUS-0467,2023-08-02,329.57,NEFT,41,True
4672,INV-05363,CUS-0030,2023-04-21,33813.69,CHEQUE,26,True
4673,INV-05364,CUS-0252,2024-04-03,31306.91,CHEQUE,55,False
4674,INV-05365,CUS-0238,2023-11-06,2124.15,ONLINE,41,True
4675,INV-05366,CUS-0251,2022-08-21,8137.56,ONLINE,59,True
4676,INV-05367,CUS-0467,2023-05-18,798.91,ONLINE,40,True
4677,INV-05368,CUS-0239,2023-06-14,6230.49,ONLINE,45,True
4678,INV-05369,CUS-0097,2024-04-29,8346.41,NEFT,55,True
4679,INV-05370,CUS-0316,2023-09-03,461.07,ONLINE,46,False
4680,INV-05371,CUS-0347,2023-11-14,10981.62,CHEQUE,35,False
4681,INV-05372,CUS-0211,2023-08-17,1478.74,CHEQUE,59,True
4682,INV-05373,CUS-0429,2023-08-30,8249.86,RTGS,26,True
4683,INV-05374,CUS-0217,2022-08-29,472.62,RTGS,59,True
4684,INV-05375,CUS-0003,2022-08-15,21944.95,NEFT,44,True
4685,INV-05376,CUS-0455,2024-01-16,415.23,NEFT,45,False
4686,INV-05377,CUS-0427,2023-10-16,592.16,ONLINE,59,True
4687,INV-05378,CUS-0009,2023-02-14,23516.18,NEFT,28,True
4688,INV-05379,CUS-0071,2023-03-04,10229.55,CHEQUE,68,False
4689,INV-05380,CUS-0493,2022-10-31,1305.5,NEFT,27,True
4690,INV-05381,CUS-0373,2024-05-06,9247.03,NEFT,45,True
4691,INV-05382,CUS-0329,2023-04-25,13173.13,CHEQUE,58,True
4692,INV-05383,CUS-0277,2022-08-22,368.44,NEFT,57,True
4693,INV-05384,CUS-0382,2023-09-08,819.69,ONLINE,59,True
4694,INV-05385,CUS-0358,2024-01-21,15316.83,NEFT,45,True
4695,INV-05386,CUS-0101,2023-03-10,4006.28,RTGS,27,True
4696,INV-05388,CUS-0372,2024-02-11,1183.13,CHEQUE,28,True
4697,INV-05389,CUS-0299,2022-12-05,1087.15,CHEQUE,60,True
4698,INV-05390,CUS-0045,2024-03-23,1717.62,RTGS,58,True
4699,INV-05392,CUS-0444,2023-01-02,533.32,RTGS,57,True
4700,INV-05393,CUS-0305,2023-10-16,4838.99,RTGS,44,True
4701,INV-05394,CUS-0215,2022-10-23,8852.63,ONLINE,26,True
4702,INV-05395,CUS-0316,2023-07-21,3704.57,ONLINE,41,True
4703,INV-05396,CUS-0373,2023-06-02,35276.3,NEFT,69,False
4704,INV-05397,CUS-0430,2023-01-29,4220.79,NEFT,55,True
4705,INV-05398,CUS-0013,2024-03-06,11415.55,ONLINE,42,False
4706,INV-05399,CUS-0470,2023-03-21,1038.88,ONLINE,56,True
4707,INV-05400,CUS-0245,2023-02-25,1287.08,NEFT,55,True
4708,INV-05401,CUS-0121,2023-06-17,3471.44,CHEQUE,45,True
4709,INV-05402,CUS-0426,2023-12-06,9754.88,ONLINE,45,True
4710,INV-05405,CUS-0403,2022-09-07,5970.35,ONLINE,44,True
4711,INV-05407,CUS-0055,2024-01-10,10105.7,NEFT,53,False
4712,INV-05408,CUS-0500,2022-10-13,2077.13,RTGS,27,True
4713,INV-05409,CUS-0144,2022-09-15,814.55,ONLINE,47,False
4714,INV-05410,CUS-0169,2023-04-28,744.5,CHEQUE,29,True
4715,INV-05411,CUS-0447,2023-10-10,578.71,ONLINE,41,True
4716,INV-05412,CUS-0186,2022-11-27,3039.67,ONLINE,41,True
4717,INV-05413,CUS-0227,2022-08-12,3700.06,RTGS,29,True
4718,INV-05414,CUS-0452,2022-06-28,1282.55,CHEQUE,26,True
4719,INV-05415,CUS-0428,2022-11-29,3044.33,RTGS,42,True
4720,INV-05416,CUS-0042,2023-05-18,17819.85,NEFT,58,True
4721,INV-05417,CUS-0397,2023-11-01,2347.73,CHEQUE,57,True
4722,INV-05418,CUS-0304,2023-12-10,3965.4,RTGS,25,True
4723,INV-05419,CUS-0075,2024-02-06,2014.45,CHEQUE,59,True
4724,INV-05420,CUS-0085,2022-10-21,1359.94,ONLINE,56,True
4725,INV-05421,CUS-0347,2023-11-27,10357.39,CHEQUE,25,True
4726,INV-05422,CUS-0254,2023-10-29,16746.18,NEFT,42,True
4727,INV-05423,CUS-0450,2022-07-17,14075.78,CHEQUE,56,True
4728,INV-05424,CUS-0069,2023-09-13,5481.64,RTGS,56,True
4729,INV-05425,CUS-0386,2022-08-30,1640.91,CHEQUE,82,False
4730,INV-05426,CUS-0172,2022-10-15,24367.33,RTGS,45,True
4731,INV-05427,CUS-0160,2023-09-23,2329.94,CHEQUE,48,False
4732,INV-05428,CUS-0033,2022-11-28,83070.07,RTGS,25,True
4733,INV-05429,CUS-0110,2024-03-21,8547.14,CHEQUE,25,True
4734,INV-05431,CUS-0281,2023-06-24,3493.83,RTGS,56,True
4735,INV-05432,CUS-0028,2024-05-22,2434.03,RTGS,54,False
4736,INV-05434,CUS-0418,2022-08-22,1687.02,CHEQUE,30,True
4737,INV-05435,CUS-0187,2023-01-27,173.72,NEFT,26,True
4738,INV-05436,CUS-0089,2022-12-28,9743.52,NEFT,55,True
4739,INV-05437,CUS-0284,2023-08-24,1298.32,NEFT,45,True
4740,INV-05439,CUS-0324,2023-12-12,11543.96,ONLINE,44,True
4741,INV-05440,CUS-0051,2022-11-26,1187.43,ONLINE,42,True
4742,INV-05441,CUS-0223,2023-05-28,3663.33,NEFT,60,True
4743,INV-05442,CUS-0462,2023-09-17,746.45,ONLINE,56,True
4744,INV-05443,CUS-0124,2022-12-05,2051.79,NEFT,45,True
4745,INV-05444,CUS-0342,2022-08-08,4790.33,RTGS,60,True
4746,INV-05445,CUS-0159,2023-03-11,7694.94,RTGS,28,True
4747,INV-05446,CUS-0296,2022-04-29,23569.67,NEFT,26,True
4748,INV-05447,CUS-0017,2024-05-17,40742.34,CHEQUE,55,True
4749,INV-05448,CUS-0467,2022-09-20,1647.28,ONLINE,71,False
4750,INV-05449,CUS-0044,2024-03-26,1110.24,ONLINE,51,False
4751,INV-05450,CUS-0477,2023-09-06,4730.35,CHEQUE,40,True
4752,INV-05451,CUS-0121,2022-06-01,4160.62,ONLINE,44,True
4753,INV-05452,CUS-0370,2023-12-15,47100.12,NEFT,40,True
4754,INV-05453,CUS-0290,2022-09-26,3010.67,CHEQUE,57,True
4755,INV-05454,CUS-0128,2023-07-02,2875.67,NEFT,59,True
4756,INV-05455,CUS-0453,2022-11-15,3931.93,RTGS,56,False
4757,INV-05456,CUS-0219,2024-04-13,978.27,ONLINE,56,True
4758,INV-05457,CUS-0372,2022-08-17,3247.03,NEFT,27,True
4759,INV-05458,CUS-0328,2022-12-26,1487.19,CHEQUE,42,True
4760,INV-05459,CUS-0208,2022-10-24,6544.14,NEFT,63,False
4761,INV-05460,CUS-0096,2023-10-28,4268.39,NEFT,26,True
4762,INV-05461,CUS-0066,2023-11-04,4486.71,RTGS,41,True
4763,INV-05463,CUS-0252,2023-07-11,27520.95,CHEQUE,32,False
4764,INV-05464,CUS-0336,2024-05-09,128.96,RTGS,45,True
4765,INV-05465,CUS-0260,2023-05-14,1696.8,ONLINE,44,True
4766,INV-05466,CUS-0439,2023-06-12,900.42,NEFT,45,True
4767,INV-05467,CUS-0406,2022-08-11,2800.41,CHEQUE,60,True
4768,INV-05468,CUS-0021,2022-05-27,1110.02,RTGS,27,True
4769,INV-05469,CUS-0435,2023-06-30,304.37,RTGS,58,True
4770,INV-05470,CUS-0260,2023-07-10,4223.63,CHEQUE,40,True
4771,INV-05471,CUS-0190,2022-08-06,1246.4,RTGS,41,True
4772,INV-05472,CUS-0197,2023-10-19,15121.88,CHEQUE,27,True
4773,INV-05473,CUS-0422,2022-05-18,3086.96,CHEQUE,42,True
4774,INV-05474,CUS-0449,2023-02-15,2310.75,NEFT,40,False
4775,INV-05475,CUS-0057,2023-07-18,485.68,ONLINE,29,True
4776,INV-05477,CUS-0339,2024-02-08,9660.19,RTGS,45,True
4777,INV-05478,CUS-0331,2024-05-06,3365.35,ONLINE,64,False
4778,INV-05480,CUS-0017,2022-07-14,2922.65,ONLINE,63,False
4779,INV-05481,CUS-0355,2023-05-14,4351.93,RTGS,30,True
4780,INV-05483,CUS-0480,2022-10-28,5769.02,ONLINE,57,False
4781,INV-05484,CUS-0140,2023-04-24,2278.98,CHEQUE,41,False
4782,INV-05485,CUS-0192,2022-07-05,7742.61,RTGS,27,True
4783,INV-05486,CUS-0297,2023-06-05,584.3,ONLINE,45,True
4784,INV-05489,CUS-0183,2023-04-02,1692.7,ONLINE,30,True
4785,INV-05490,CUS-0137,2024-04-08,1777.81,RTGS,77,False
4786,INV-05491,CUS-0428,2022-08-02,1710.86,ONLINE,41,True
4787,INV-05492,CUS-0427,2023-02-13,1717.57,NEFT,57,True
4788,INV-05493,CUS-0096,2023-04-24,25921.33,ONLINE,33,False
4789,INV-05494,CUS-0061,2023-05-18,3227.85,ONLINE,59,True
4790,INV-05495,CUS-0455,2022-10-03,1066.01,NEFT,27,True
4791,INV-05496,CUS-0147,2023-07-17,762.07,NEFT,68,False
4792,INV-05497,CUS-0481,2022-07-14,18417.83,RTGS,44,True
4793,INV-05498,CUS-0396,2023-07-02,49634.8,ONLINE,44,True
4794,INV-05499,CUS-0318,2023-01-17,20193.59,CHEQUE,57,True
4795,INV-05500,CUS-0181,2022-06-03,936.72,NEFT,43,True
4796,INV-05501,CUS-0391,2022-08-20,1168.74,RTGS,49,False
4797,INV-05502,CUS-0409,2024-02-02,15244.52,ONLINE,30,True
4798,INV-05503,CUS-0404,2023-08-20,751.38,NEFT,60,True
4799,INV-05504,CUS-0264,2024-01-24,2176.29,ONLINE,28,True
4800,INV-05505,CUS-0156,2022-07-31,2392.32,CHEQUE,58,True
4801,INV-05506,CUS-0141,2022-07-08,4912.61,CHEQUE,60,True
4802,INV-05507,CUS-0352,2023-11-18,696.92,NEFT,59,True
4803,INV-05508,CUS-0025,2022-06-23,48063.98,CHEQUE,41,False
4804,INV-05509,CUS-0363,2022-11-09,11664.96,ONLINE,41,True
4805,INV-05510,CUS-0094,2022-09-10,1959.32,RTGS,71,False
4806,INV-05511,CUS-0482,2022-07-31,4000.79,NEFT,59,True
4807,INV-05512,CUS-0421,2024-01-06,56758.55,RTGS,85,False
4808,INV-05513,CUS-0151,2024-02-05,1784.46,ONLINE,37,False
4809,INV-05516,CUS-0247,2023-07-06,9472.42,ONLINE,26,True
4810,INV-05517,CUS-0478,2024-01-01,2790.03,RTGS,27,True
4811,INV-05518,CUS-0102,2024-05-02,803.14,RTGS,56,True
4812,INV-05520,CUS-0086,2023-07-05,2196.51,CHEQUE,55,True
4813,INV-05521,CUS-0415,2024-04-10,10734.76,RTGS,28,True
4814,INV-05522,CUS-0391,2023-07-13,881.52,RTGS,42,True
4815,INV-05523,CUS-0006,2022-12-07,1361.91,NEFT,58,False
4816,INV-05524,CUS-0436,2023-12-13,326.09,CHEQUE,28,True
4817,INV-05525,CUS-0400,2022-09-17,2809.14,RTGS,61,False
4818,INV-05526,CUS-0295,2022-06-13,43632.31,CHEQUE,44,True
4819,INV-05527,CUS-0320,2022-08-27,13359.74,RTGS,57,True
4820,INV-05528,CUS-0240,2022-09-20,17402.69,CHEQUE,60,True
4821,INV-05529,CUS-0447,2023-12-04,4912.55,ONLINE,42,True
4822,INV-05530,CUS-0054,2023-02-06,9046.23,ONLINE,40,False
4823,INV-05531,CUS-0477,2023-09-11,778.2,ONLINE,41,True
4824,INV-05532,CUS-0435,2024-03-28,629.93,RTGS,58,True
4825,INV-05533,CUS-0120,2024-04-03,2657.98,CHEQUE,43,True
4826,INV-05535,CUS-0290,2022-11-01,2887.16,RTGS,59,True
4827,INV-05536,CUS-0259,2024-04-27,4508.45,CHEQUE,45,True
4828,INV-05537,CUS-0052,2023-10-08,15668.71,NEFT,57,True
4829,INV-05538,CUS-0100,2022-09-03,2426.88,CHEQUE,27,True
4830,INV-05539,CUS-0415,2022-12-27,13655.52,ONLINE,49,False
4831,INV-05540,CUS-0424,2022-07-11,2081.59,CHEQUE,27,True
4832,INV-05541,CUS-0495,2023-01-21,47399.33,RTGS,60,True
4833,INV-05542,CUS-0293,2022-10-31,4282.32,RTGS,53,False
4834,INV-05543,CUS-0411,2024-03-10,2176.87,ONLINE,62,False
4835,INV-05544,CUS-0429,2022-11-22,38280.31,ONLINE,29,True
4836,INV-05545,CUS-0244,2023-06-28,6645.27,NEFT,45,True
4837,INV-05546,CUS-0133,2023-02-28,24210.43,RTGS,45,True
4838,INV-05547,CUS-0331,2022-10-09,2529.33,ONLINE,58,True
4839,INV-05548,CUS-0480,2024-01-21,14914.59,RTGS,29,True
4840,INV-05549,CUS-0478,2023-04-22,904.23,ONLINE,27,True
4841,INV-05550,CUS-0366,2023-07-22,1422.23,CHEQUE,27,True
4842,INV-05551,CUS-0378,2023-09-20,22840.92,CHEQUE,27,True
4843,INV-05553,CUS-0231,2024-04-14,8899.27,NEFT,38,False
4844,INV-05554,CUS-0101,2023-11-21,1367.14,NEFT,28,True
4845,INV-05555,CUS-0426,2023-09-04,898.16,CHEQUE,65,False
4846,INV-05556,CUS-0392,2024-03-07,618.69,NEFT,55,True
4847,INV-05558,CUS-0243,2022-07-12,4932.76,RTGS,56,False
4848,INV-05559,CUS-0393,2023-05-29,22345.37,CHEQUE,43,True
4849,INV-05560,CUS-0019,2024-04-01,11514.15,RTGS,30,True
4850,INV-05561,CUS-0094,2023-12-23,1607.16,RTGS,57,True
4851,INV-05562,CUS-0486,2023-07-09,1505.77,NEFT,40,True
4852,INV-05563,CUS-0345,2023-06-16,49043.25,RTGS,55,True
4853,INV-05564,CUS-0054,2023-07-25,2238.27,CHEQUE,33,False
4854,INV-05565,CUS-0033,2023-08-04,77036.88,ONLINE,25,True
4855,INV-05566,CUS-0150,2023-11-30,1278.4,NEFT,40,True
4856,INV-05567,CUS-0473,2022-11-10,1642.96,CHEQUE,25,True
4857,INV-05568,CUS-0292,2023-05-15,43472.74,ONLINE,40,True
4858,INV-05569,CUS-0468,2023-12-13,7451.69,CHEQUE,26,True
4859,INV-05570,CUS-0353,2022-11-07,8501.25,RTGS,46,False
4860,INV-05572,CUS-0490,2023-06-03,4158.82,NEFT,45,True
4861,INV-05573,CUS-0487,2023-09-25,1198.06,CHEQUE,28,True
4862,INV-05574,CUS-0173,2023-09-23,11717.94,RTGS,59,True
4863,INV-05576,CUS-0222,2023-07-30,888.89,NEFT,59,True
4864,INV-05577,CUS-0271,2022-11-08,241.78,NEFT,29,True
4865,INV-05578,CUS-0331,2023-06-22,1833.84,RTGS,83,False
4866,INV-05579,CUS-0414,2024-04-02,33612.53,RTGS,58,True
4867,INV-05580,CUS-0265,2023-06-04,7957.72,ONLINE,41,True
4868,INV-05581,CUS-0431,2024-03-30,1888.52,RTGS,55,False
4869,INV-05582,CUS-0181,2023-10-14,2624.53,RTGS,41,True
4870,INV-05583,CUS-0390,2023-08-09,10433.77,ONLINE,29,True
4871,INV-05585,CUS-0207,2023-12-16,25017.34,ONLINE,59,True
4872,INV-05586,CUS-0065,2024-03-05,1225.56,NEFT,28,True
4873,INV-05587,CUS-0428,2024-04-22,5666.57,NEFT,40,True
4874,INV-05588,CUS-0151,2022-09-19,3395.8,NEFT,56,False
4875,INV-05589,CUS-0450,2023-04-10,22988.54,RTGS,60,True
4876,INV-05590,CUS-0286,2023-02-07,6060.47,CHEQUE,46,False
4877,INV-05591,CUS-0408,2023-01-12,22541.38,NEFT,59,False
4878,INV-05592,CUS-0090,2023-07-30,6635.94,CHEQUE,41,True
4879,INV-05593,CUS-0050,2023-01-20,30379.55,CHEQUE,40,True
4880,INV-05594,CUS-0339,2023-06-08,53914.21,RTGS,44,True
4881,INV-05595,CUS-0352,2024-04-30,826.64,ONLINE,57,True
4882,INV-05596,CUS-0118,2022-12-04,4079.48,NEFT,44,True
4883,INV-05597,CUS-0080,2023-10-02,10567.47,ONLINE,40,True
4884,INV-05599,CUS-0163,2022-07-21,5601.97,ONLINE,67,False
4885,INV-05600,CUS-0213,2024-03-09,807.59,CHEQUE,61,False
4886,INV-05601,CUS-0049,2023-11-21,19441.21,RTGS,65,False
4887,INV-05602,CUS-0026,2024-05-17,6400.24,ONLINE,50,False
4888,INV-05603,CUS-0047,2023-05-15,8784.09,NEFT,57,True
4889,INV-05604,CUS-0376,2023-08-12,219.42,CHEQUE,41,True
4890,INV-05606,CUS-0375,2024-01-02,1854.2,ONLINE,43,True
4891,INV-05607,CUS-0241,2022-07-21,1041.08,CHEQUE,56,True
4892,INV-05608,CUS-0025,2022-12-09,32737.73,RTGS,48,False
4893,INV-05609,CUS-0298,2022-09-04,844.25,RTGS,26,True
4894,INV-05610,CUS-0103,2022-12-09,6088.36,CHEQUE,43,True
4895,INV-05611,CUS-0499,2023-09-22,1104.71,RTGS,58,True
4896,INV-05612,CUS-0484,2022-08-24,4623.25,RTGS,30,True
4897,INV-05613,CUS-0149,2022-10-25,25500.48,ONLINE,62,False
4898,INV-05614,CUS-0143,2023-09-02,2956.51,RTGS,41,True
4899,INV-05615,CUS-0399,2023-02-26,14177.23,RTGS,79,False
4900,INV-05616,CUS-0020,2022-10-10,374.9,ONLINE,60,True
4901,INV-05617,CUS-0133,2024-01-04,29599.52,ONLINE,43,True
4902,INV-05620,CUS-0230,2023-03-15,49375.94,NEFT,42,True
4903,INV-05621,CUS-0015,2024-01-05,2135.8,CHEQUE,30,True
4904,INV-05623,CUS-0462,2024-01-15,531.9,NEFT,58,True
4905,INV-05624,CUS-0455,2023-01-04,1588.27,NEFT,34,False
4906,INV-05625,CUS-0402,2024-02-13,568.06,RTGS,36,False
4907,INV-05626,CUS-0269,2023-09-03,1437.4,ONLINE,45,True
4908,INV-05627,CUS-0242,2023-02-21,867.4,RTGS,28,True
4909,INV-05628,CUS-0413,2023-04-05,22197.21,ONLINE,48,False
4910,INV-05629,CUS-0232,2022-05-10,413.82,CHEQUE,30,True
4911,INV-05630,CUS-0230,2022-12-24,4448.23,CHEQUE,43,True
4912,INV-05631,CUS-0228,2022-11-29,37504.2,CHEQUE,57,True
4913,INV-05633,CUS-0025,2022-10-21,33787.35,CHEQUE,28,True
4914,INV-05634,CUS-0138,2022-08-23,4211.54,CHEQUE,67,False
4915,INV-05636,CUS-0459,2023-12-29,8498.47,NEFT,30,True
4916,INV-05637,CUS-0366,2024-01-03,9470.35,RTGS,33,False
4917,INV-05638,CUS-0289,2023-04-24,26229.11,ONLINE,35,False
4918,INV-05639,CUS-0446,2024-01-23,1157.43,ONLINE,82,False
4919,INV-05640,CUS-0272,2023-06-15,722.48,CHEQUE,44,True
4920,INV-05641,CUS-0312,2022-07-20,7748.49,NEFT,45,True
4921,INV-05643,CUS-0327,2023-10-06,3673.88,CHEQUE,26,True
4922,INV-05644,CUS-0283,2022-11-12,1563.3,ONLINE,30,True
4923,INV-05646,CUS-0486,2024-02-19,331.7,RTGS,41,True
4924,INV-05647,CUS-0446,2023-05-18,1389.12,NEFT,76,False
4925,INV-05651,CUS-0395,2023-08-17,16037.19,CHEQUE,69,False
4926,INV-05652,CUS-0294,2022-07-15,13113.03,CHEQUE,87,False
4927,INV-05653,CUS-0169,2022-07-21,586.88,RTGS,29,True
4928,INV-05654,CUS-0327,2022-12-05,3151.77,NEFT,30,True
4929,INV-05655,CUS-0122,2023-10-05,25403.59,CHEQUE,42,True
4930,INV-05656,CUS-0031,2022-06-09,9432.62,RTGS,55,True
4931,INV-05657,CUS-0278,2022-11-28,918.09,RTGS,40,True
4932,INV-05658,CUS-0458,2022-08-30,306.24,ONLINE,29,True
4933,INV-05659,CUS-0065,2022-08-15,2128.49,NEFT,25,True
4934,INV-05660,CUS-0341,2024-01-12,2850.34,CHEQUE,27,True
4935,INV-05662,CUS-0320,2023-11-06,1773.42,CHEQUE,59,True
4936,INV-05663,CUS-0316,2023-09-16,492.09,RTGS,48,False
4937,INV-05664,CUS-0062,2023-07-06,296.51,RTGS,43,True
4938,INV-05665,CUS-0477,2024-03-31,2051.73,ONLINE,40,True
4939,INV-05666,CUS-0453,2023-09-14,5885.91,NEFT,26,True
4940,INV-05667,CUS-0404,2024-03-29,3692.68,CHEQUE,74,False
4941,INV-05668,CUS-0268,2024-04-23,1662.21,NEFT,25,True
4942,INV-05669,CUS-0024,2023-10-03,3846.37,ONLINE,41,True
4943,INV-05671,CUS-0360,2024-06-02,2143.26,NEFT,75,False
4944,INV-05672,CUS-0302,2023-04-28,2029.33,CHEQUE,27,True
4945,INV-05674,CUS-0334,2023-01-25,31798.2,RTGS,40,True
4946,INV-05675,CUS-0335,2022-09-12,74071.66,CHEQUE,56,True
4947,INV-05676,CUS-0094,2023-09-11,2517.59,CHEQUE,58,True
4948,INV-05679,CUS-0202,2022-06-28,12286.96,CHEQUE,42,True
4949,INV-05680,CUS-0244,2024-04-07,47148.14,NEFT,43,True
4950,INV-05681,CUS-0291,2023-12-14,19971.52,RTGS,84,False
4951,INV-05682,CUS-0067,2023-02-02,3705.67,ONLINE,79,False
4952,INV-05683,CUS-0123,2023-10-11,2214.3,CHEQUE,45,True
4953,INV-05684,CUS-0151,2023-03-27,5936.05,CHEQUE,57,False
4954,INV-05685,CUS-0429,2023-06-21,4855.04,RTGS,27,True
4955,INV-05687,CUS-0430,2023-11-26,4624.53,NEFT,55,True
4956,INV-05688,CUS-0073,2022-10-05,61229.27,ONLINE,29,True
4957,INV-05690,CUS-0026,2023-01-14,1918.52,CHEQUE,42,True
4958,INV-05691,CUS-0245,2024-03-02,13858.47,ONLINE,80,False
4959,INV-05692,CUS-0360,2023-03-03,655.84,RTGS,41,True
4960,INV-05693,CUS-0356,2023-01-07,2448.87,CHEQUE,57,False
4961,INV-05694,CUS-0419,2023-11-09,6282.67,CHEQUE,69,False
4962,INV-05695,CUS-0121,2023-04-14,28768.96,CHEQUE,42,True
4963,INV-05696,CUS-0347,2024-04-02,27380.67,ONLINE,33,False
4964,INV-05698,CUS-0305,2024-02-06,3449.52,RTGS,43,True
4965,INV-05699,CUS-0465,2022-10-11,6256.76,RTGS,59,True
4966,INV-05700,CUS-0326,2022-06-18,12994.55,NEFT,59,True
4967,INV-05701,CUS-0154,2022-10-04,4447.55,CHEQUE,55,True
4968,INV-05702,CUS-0022,2022-10-07,5091.4,RTGS,58,True
4969,INV-05703,CUS-0227,2022-11-25,1482.23,CHEQUE,25,True
4970,INV-05704,CUS-0287,2022-12-20,4623.91,CHEQUE,60,True
4971,INV-05705,CUS-0121,2022-11-04,25131.38,RTGS,41,True
4972,INV-05706,CUS-0276,2024-01-20,35255.6,NEFT,42,True
4973,INV-05707,CUS-0079,2022-05-11,763.77,NEFT,25,True
4974,INV-05708,CUS-0140,2022-09-15,28241.09,ONLINE,28,True
4975,INV-05709,CUS-0009,2023-12-15,15091.62,ONLINE,37,False
4976,INV-05710,CUS-0176,2022-08-11,55947.07,RTGS,44,True
4977,INV-05711,CUS-0008,2024-02-23,3740.18,RTGS,58,True
4978,INV-05712,CUS-0035,2022-07-21,17854.24,RTGS,74,False
4979,INV-05713,CUS-0112,2022-10-21,28259.31,NEFT,56,True
4980,INV-05714,CUS-0285,2023-02-18,429.88,NEFT,44,True
4981,INV-05715,CUS-0498,2024-01-02,2585.32,RTGS,56,True
4982,INV-05716,CUS-0255,2023-11-12,2886.66,ONLINE,74,False
4983,INV-05717,CUS-0491,2023-01-24,816.09,RTGS,44,True
4984,INV-05718,CUS-0016,2023-11-10,1273.05,CHEQUE,55,True
4985,INV-05719,CUS-0476,2023-05-15,64859.68,ONLINE,60,True
4986,INV-05721,CUS-0167,2023-01-07,649.15,NEFT,27,True
4987,INV-05722,CUS-0079,2022-07-07,4293.67,ONLINE,27,True
4988,INV-05723,CUS-0439,2024-02-07,1532.61,CHEQUE,40,True
4989,INV-05724,CUS-0182,2023-09-06,3873.89,CHEQUE,83,False
4990,INV-05725,CUS-0201,2023-09-14,1925.37,RTGS,40,True
4991,INV-05726,CUS-0051,2024-02-16,708.94,RTGS,45,True
4992,INV-05727,CUS-0181,2022-09-18,7156.19,CHEQUE,42,True
4993,INV-05728,CUS-0231,2023-04-30,2036.66,NEFT,28,True
4994,INV-05729,CUS-0346,2023-05-09,810.68,RTGS,57,True
4995,INV-05730,CUS-0092,2024-03-02,15609.1,RTGS,28,True
4996,INV-05731,CUS-0322,2022-08-10,30769.16,CHEQUE,41,True
4997,INV-05732,CUS-0277,2023-10-14,330.63,CHEQUE,60,True
4998,INV-05733,CUS-0123,2023-04-27,1707.79,NEFT,42,True
4999,INV-05734,CUS-0259,2022-10-08,133.01,ONLINE,42,True
5000,INV-05735,CUS-0216,2023-04-15,21087.48,RTGS,60,True
5001,INV-05736,CUS-0058,2023-03-29,133.6,NEFT,56,True
5002,INV-05737,CUS-0148,2024-03-09,66052.21,RTGS,58,True
5003,INV-05739,CUS-0228,2023-01-25,19326.72,ONLINE,56,True
5004,INV-05740,CUS-0156,2024-03-13,1988.66,CHEQUE,56,True
5005,INV-05741,CUS-0217,2023-03-03,7293.66,RTGS,56,True
5006,INV-05742,CUS-0404,2022-10-16,11519.99,ONLINE,58,True
5007,INV-05743,CUS-0456,2023-07-15,3720.87,NEFT,55,True
5008,INV-05744,CUS-0020,2023-06-11,13062.18,NEFT,56,True
5009,INV-05745,CUS-0156,2023-07-16,878.82,RTGS,55,True
5010,INV-05746,CUS-0465,2022-08-18,949.56,ONLINE,75,False
5011,INV-05747,CUS-0210,2023-11-03,3220.16,ONLINE,55,True
5012,INV-05748,CUS-0206,2023-12-30,22740.04,RTGS,60,False
5013,INV-05749,CUS-0125,2023-04-22,368.67,CHEQUE,52,False
5014,INV-05750,CUS-0029,2023-09-04,2395.82,ONLINE,41,True
5015,INV-05751,CUS-0086,2022-11-18,2267.85,NEFT,60,True
5016,INV-05752,CUS-0369,2023-06-23,11662.91,NEFT,41,True
5017,INV-05753,CUS-0322,2024-04-09,17883.79,CHEQUE,52,False
5018,INV-05754,CUS-0344,2024-03-14,909.91,CHEQUE,42,True
5019,INV-05755,CUS-0499,2023-06-07,1066.73,ONLINE,55,True
5020,INV-05757,CUS-0352,2023-05-29,207.27,CHEQUE,76,False
5021,INV-05758,CUS-0249,2024-01-12,1259.04,NEFT,55,False
5022,INV-05759,CUS-0018,2022-10-27,1422.9,ONLINE,27,True
5023,INV-05760,CUS-0122,2023-04-05,8438.16,ONLINE,41,True
5024,INV-05761,CUS-0277,2023-02-19,743.37,NEFT,55,True
5025,INV-05762,CUS-0464,2024-05-06,19415.48,NEFT,71,False
5026,INV-05763,CUS-0044,2022-12-24,14343.42,NEFT,43,False
5027,INV-05764,CUS-0302,2023-11-16,2646.88,ONLINE,27,True
5028,INV-05765,CUS-0088,2022-08-20,4014.79,CHEQUE,26,True
5029,INV-05766,CUS-0439,2023-04-27,2815.46,ONLINE,43,True
5030,INV-05767,CUS-0316,2023-07-02,3146.12,ONLINE,41,True
5031,INV-05768,CUS-0429,2023-06-10,9279.64,RTGS,28,True
5032,INV-05769,CUS-0179,2024-02-12,1913.51,ONLINE,56,True
5033,INV-05770,CUS-0476,2022-12-02,8672.01,RTGS,55,True
5034,INV-05771,CUS-0079,2023-03-28,683.49,ONLINE,29,True
5035,INV-05772,CUS-0266,2023-06-05,10163.33,NEFT,29,True
5036,INV-05773,CUS-0042,2022-07-27,8810.87,ONLINE,57,True
5037,INV-05774,CUS-0331,2023-06-21,2243.91,CHEQUE,56,True
5038,INV-05775,CUS-0443,2023-07-05,541.42,ONLINE,59,False
5039,INV-05776,CUS-0420,2022-08-15,4210.91,ONLINE,43,True
5040,INV-05777,CUS-0261,2023-05-15,898.48,ONLINE,57,True
5041,INV-05778,CUS-0063,2022-05-26,4637.55,ONLINE,41,True
5042,INV-05779,CUS-0454,2023-03-03,64126.34,NEFT,44,True
5043,INV-05781,CUS-0403,2023-07-15,7562.53,NEFT,43,True
5044,INV-05782,CUS-0095,2023-05-08,508.63,RTGS,28,True
5045,INV-05783,CUS-0239,2023-03-03,6981.99,ONLINE,43,True
5046,INV-05784,CUS-0183,2023-05-02,934.38,NEFT,29,True
5047,INV-05785,CUS-0381,2022-10-18,11029.83,ONLINE,30,True
5048,INV-05786,CUS-0287,2023-04-19,3584.07,NEFT,56,True
5049,INV-05787,CUS-0348,2023-04-26,989.2,NEFT,28,True
5050,INV-05789,CUS-0194,2023-06-07,14643.14,NEFT,25,True
5051,INV-05790,CUS-0320,2024-04-18,4981.95,CHEQUE,57,True
5052,INV-05791,CUS-0111,2023-07-08,3095.46,ONLINE,41,True
5053,INV-05792,CUS-0123,2022-09-05,3228.18,NEFT,45,True
5054,INV-05793,CUS-0282,2024-03-05,688.06,RTGS,56,True
5055,INV-05795,CUS-0068,2023-05-24,1270.8,NEFT,40,True
5056,INV-05796,CUS-0444,2023-11-09,2892.28,RTGS,56,True
5057,INV-05797,CUS-0013,2022-09-19,11383.83,RTGS,29,True
5058,INV-05799,CUS-0027,2024-01-06,1644.19,NEFT,57,False
5059,INV-05800,CUS-0241,2022-09-24,1081.89,CHEQUE,76,False
5060,INV-05801,CUS-0029,2022-12-08,4062.76,NEFT,40,True
5061,INV-05802,CUS-0209,2024-02-19,4359.87,ONLINE,30,True
5062,INV-05803,CUS-0225,2022-12-27,732.47,RTGS,40,True
5063,INV-05804,CUS-0164,2023-04-24,1566.45,ONLINE,43,False
5064,INV-05805,CUS-0213,2023-06-03,2699.64,NEFT,55,True
5065,INV-05806,CUS-0431,2024-04-21,2288.82,NEFT,42,True
5066,INV-05809,CUS-0009,2022-08-03,6135.37,RTGS,28,True
5067,INV-05810,CUS-0222,2024-01-10,1631.41,CHEQUE,59,True
5068,INV-05812,CUS-0362,2022-11-27,5811.19,ONLINE,26,True
5069,INV-05813,CUS-0177,2022-11-16,1017.58,NEFT,47,False
5070,INV-05814,CUS-0198,2022-07-16,2249.37,NEFT,60,True
5071,INV-05816,CUS-0211,2024-04-22,14577.09,CHEQUE,58,True
5072,INV-05817,CUS-0362,2023-03-13,16200.8,ONLINE,27,True
5073,INV-05819,CUS-0408,2024-02-22,17580.55,CHEQUE,43,True
5074,INV-05820,CUS-0285,2023-10-12,494.21,NEFT,42,True
5075,INV-05821,CUS-0267,2023-04-03,27688.18,CHEQUE,44,True
5076,INV-05822,CUS-0066,2023-12-31,14829.06,NEFT,41,True
5077,INV-05823,CUS-0026,2023-11-03,487.71,CHEQUE,44,True
5078,INV-05824,CUS-0158,2023-09-26,475.28,CHEQUE,26,True
5079,INV-05825,CUS-0274,2024-05-06,21273.56,RTGS,55,True
5080,INV-05826,CUS-0337,2024-03-13,167435.46,ONLINE,59,True
5081,INV-05828,CUS-0422,2022-09-23,1738.26,RTGS,42,True
5082,INV-05829,CUS-0391,2024-05-03,726.88,ONLINE,40,True
5083,INV-05831,CUS-0360,2022-07-10,690.86,RTGS,45,True
5084,INV-05832,CUS-0103,2024-02-09,1789.84,NEFT,60,False
5085,INV-05834,CUS-0427,2024-04-01,921.35,CHEQUE,59,True
5086,INV-05835,CUS-0128,2022-11-09,5693.8,NEFT,57,True
5087,INV-05836,CUS-0309,2024-03-26,13922.09,ONLINE,58,True
5088,INV-05837,CUS-0452,2023-06-18,2815.2,RTGS,57,False
5089,INV-05838,CUS-0128,2022-08-17,1639.98,RTGS,58,True
5090,INV-05839,CUS-0122,2022-08-16,8579.83,CHEQUE,44,True
5091,INV-05840,CUS-0204,2023-11-22,4498.73,CHEQUE,44,True
5092,INV-05841,CUS-0169,2022-10-29,626.23,CHEQUE,27,True
5093,INV-05842,CUS-0434,2022-07-11,3944.31,NEFT,47,False
5094,INV-05843,CUS-0134,2023-07-28,596.05,CHEQUE,60,True
5095,INV-05845,CUS-0171,2022-11-23,1403.96,CHEQUE,45,True
5096,INV-05846,CUS-0308,2024-05-09,1364.51,RTGS,42,True
5097,INV-05847,CUS-0418,2023-10-24,16803.03,RTGS,29,True
5098,INV-05848,CUS-0254,2022-05-15,671.71,NEFT,40,True
5099,INV-05852,CUS-0089,2023-03-13,41397.45,CHEQUE,86,False
5100,INV-05855,CUS-0389,2022-10-23,1923.51,ONLINE,29,True
5101,INV-05856,CUS-0343,2022-07-01,27318.35,RTGS,50,False
5102,INV-05857,CUS-0474,2022-06-06,10824.16,NEFT,56,True
5103,INV-05861,CUS-0477,2023-10-14,2507.59,CHEQUE,43,True
5104,INV-05862,CUS-0418,2023-08-05,11792.52,RTGS,28,True
5105,INV-05863,CUS-0250,2022-08-15,3204.71,ONLINE,28,True
5106,INV-05864,CUS-0381,2024-02-26,993.04,CHEQUE,29,True
5107,INV-05865,CUS-0234,2022-08-03,5491.15,CHEQUE,29,True
5108,INV-05866,CUS-0455,2022-05-12,3924.24,CHEQUE,27,True
5109,INV-05867,CUS-0342,2023-06-09,736.81,CHEQUE,59,True
5110,INV-05868,CUS-0369,2023-04-16,9862.75,RTGS,40,True
5111,INV-05869,CUS-0272,2023-08-01,490.79,ONLINE,43,True
5112,INV-05870,CUS-0318,2023-08-26,3632.35,ONLINE,57,True
5113,INV-05871,CUS-0308,2024-03-22,15711.48,RTGS,40,True
5114,INV-05872,CUS-0368,2024-03-03,5266.3,NEFT,42,True
5115,INV-05873,CUS-0026,2024-01-01,15759.73,RTGS,44,True
5116,INV-05874,CUS-0353,2024-01-07,11780.82,RTGS,25,True
5117,INV-05875,CUS-0332,2022-10-08,2631.77,CHEQUE,55,True
5118,INV-05876,CUS-0124,2023-10-02,7797.17,RTGS,45,True
5119,INV-05877,CUS-0331,2023-04-16,1424.39,NEFT,60,True
5120,INV-05878,CUS-0024,2022-09-08,3924.27,ONLINE,43,True
5121,INV-05880,CUS-0359,2024-04-05,1894.18,ONLINE,29,True
5122,INV-05881,CUS-0305,2024-02-24,6141.93,RTGS,45,True
5123,INV-05882,CUS-0320,2022-10-21,1303.57,ONLINE,58,True
5124,INV-05884,CUS-0393,2023-11-22,9044.71,RTGS,40,True
5125,INV-05885,CUS-0359,2022-11-14,3064.88,CHEQUE,26,True
5126,INV-05886,CUS-0060,2022-11-29,24467.47,NEFT,25,True
5127,INV-05888,CUS-0233,2023-01-30,1871.58,CHEQUE,60,False
5128,INV-05889,CUS-0468,2022-07-19,14535.89,RTGS,29,True
5129,INV-05890,CUS-0419,2022-09-21,4353.6,CHEQUE,59,True
5130,INV-05891,CUS-0050,2023-04-19,19305.53,NEFT,45,True
5131,INV-05892,CUS-0351,2023-01-26,6192.17,CHEQUE,59,True
5132,INV-05893,CUS-0480,2022-08-01,3640.33,ONLINE,27,True
5133,INV-05894,CUS-0274,2022-12-05,7480.6,ONLINE,60,True
5134,INV-05895,CUS-0171,2022-10-10,1596.04,ONLINE,43,True
5135,INV-05896,CUS-0263,2023-07-10,613.15,ONLINE,57,True
5136,INV-05897,CUS-0330,2023-02-16,7068.57,NEFT,58,True
5137,INV-05898,CUS-0300,2022-09-13,1134.97,RTGS,27,True
5138,INV-05899,CUS-0445,2023-01-04,53399.96,RTGS,63,False
5139,INV-05900,CUS-0123,2024-04-30,549.78,RTGS,40,True
5140,INV-05901,CUS-0216,2023-12-06,15900.06,ONLINE,77,False
5141,INV-05902,CUS-0264,2022-05-25,3900.51,ONLINE,39,False
5142,INV-05903,CUS-0060,2023-01-11,13879.42,NEFT,29,True
5143,INV-05904,CUS-0167,2022-07-07,245.2,RTGS,54,False
5144,INV-05905,CUS-0292,2023-03-14,15772.43,ONLINE,45,True
5145,INV-05906,CUS-0347,2023-07-10,25650.36,NEFT,28,True
5146,INV-05907,CUS-0348,2022-11-08,5117.87,CHEQUE,28,True
5147,INV-05908,CUS-0352,2023-05-27,1435.57,NEFT,55,True
5148,INV-05910,CUS-0482,2023-09-09,2437.51,NEFT,59,True
5149,INV-05911,CUS-0380,2023-01-05,882.41,NEFT,42,True
5150,INV-05912,CUS-0404,2024-05-05,3438.76,RTGS,55,True
5151,INV-05913,CUS-0212,2023-12-06,5566.82,ONLINE,58,True
5152,INV-05914,CUS-0298,2023-12-08,22587.05,CHEQUE,49,False
5153,INV-05915,CUS-0437,2023-01-04,39488.66,RTGS,58,True
5154,INV-05916,CUS-0410,2023-10-28,9371.35,ONLINE,44,True
5155,INV-05917,CUS-0206,2024-02-03,17929.72,ONLINE,40,True
5156,INV-05918,CUS-0170,2023-08-15,1662.95,ONLINE,42,True
5157,INV-05919,CUS-0364,2023-02-09,10388.37,ONLINE,58,True
5158,INV-05920,CUS-0469,2022-05-29,1301.92,CHEQUE,43,True
5159,INV-05922,CUS-0055,2024-01-09,6593.35,RTGS,41,True
5160,INV-05923,CUS-0324,2023-04-04,18619.45,RTGS,42,True
5161,INV-05924,CUS-0484,2022-11-13,779.14,NEFT,30,True
5162,INV-05925,CUS-0429,2023-10-24,9266.87,NEFT,30,True
5163,INV-05926,CUS-0172,2023-08-04,11558.57,CHEQUE,41,True
5164,INV-05927,CUS-0434,2024-01-04,1468.01,RTGS,30,True
5165,INV-05928,CUS-0495,2023-11-18,2811.96,RTGS,57,True
5166,INV-05930,CUS-0353,2023-03-27,41326.1,ONLINE,25,True
5167,INV-05931,CUS-0027,2022-11-30,7976.62,NEFT,60,False
5168,INV-05932,CUS-0026,2023-10-28,2820.21,ONLINE,40,True
5169,INV-05933,CUS-0119,2023-08-02,1193.31,ONLINE,25,True
5170,INV-05934,CUS-0008,2023-12-18,47917.81,RTGS,79,False
5171,INV-05935,CUS-0126,2023-09-26,791.08,NEFT,59,True
5172,INV-05936,CUS-0446,2022-07-15,7392.54,RTGS,59,True
5173,INV-05937,CUS-0132,2023-05-27,6220.29,CHEQUE,44,True
5174,INV-05938,CUS-0416,2022-06-07,344.98,CHEQUE,27,True
5175,INV-05939,CUS-0323,2022-08-15,2862.3,CHEQUE,50,False
5176,INV-05940,CUS-0105,2024-02-28,589.06,RTGS,40,True
5177,INV-05941,CUS-0401,2022-06-02,30553.04,NEFT,42,True
5178,INV-05942,CUS-0318,2023-11-12,24700.26,ONLINE,58,True
5179,INV-05943,CUS-0367,2024-02-21,103557.65,NEFT,29,True
5180,INV-05945,CUS-0152,2023-11-04,2261.64,NEFT,40,True
5181,INV-05946,CUS-0249,2023-03-16,718.67,RTGS,47,False
5182,INV-05947,CUS-0417,2023-12-22,17161.25,CHEQUE,47,False
5183,INV-05948,CUS-0272,2024-02-09,4120.27,CHEQUE,40,True
5184,INV-05949,CUS-0431,2023-06-13,1711.74,ONLINE,42,True
5185,INV-05950,CUS-0318,2024-04-28,32134.49,ONLINE,57,True
5186,INV-05952,CUS-0415,2022-08-01,6929.16,ONLINE,28,True
5187,INV-05953,CUS-0318,2022-07-13,22765.53,NEFT,58,True
5188,INV-05954,CUS-0315,2024-04-22,4087.92,ONLINE,55,True
5189,INV-05955,CUS-0325,2023-04-27,7914.61,RTGS,58,False
5190,INV-05956,CUS-0197,2024-03-09,158958.14,ONLINE,28,True
5191,INV-05957,CUS-0262,2023-09-06,806.27,ONLINE,55,True
5192,INV-05958,CUS-0246,2022-11-28,8539.18,NEFT,38,False
5193,INV-05959,CUS-0002,2023-07-06,573.51,ONLINE,43,True
5194,INV-05960,CUS-0397,2023-08-16,5133.25,RTGS,58,True
5195,INV-05961,CUS-0162,2022-07-31,2601.98,RTGS,28,True
5196,INV-05962,CUS-0021,2024-04-04,1213.91,ONLINE,30,True
5197,INV-05963,CUS-0233,2024-04-05,802.91,NEFT,25,True
5198,INV-05964,CUS-0476,2023-02-12,20702.39,CHEQUE,57,True
5199,INV-05965,CUS-0339,2023-07-09,69900.0,RTGS,45,True
5200,INV-05967,CUS-0253,2022-08-17,3818.74,CHEQUE,40,True
5201,INV-05968,CUS-0493,2024-04-09,857.65,RTGS,26,True
5202,INV-05969,CUS-0052,2024-04-03,4623.22,CHEQUE,58,True
5203,INV-05970,CUS-0497,2023-04-29,9499.61,NEFT,39,False
5204,INV-05971,CUS-0240,2024-05-13,14293.4,ONLINE,59,True
5205,INV-05972,CUS-0185,2023-11-04,14197.83,CHEQUE,58,True
5206,INV-05973,CUS-0144,2023-02-08,2136.17,NEFT,30,True
5207,INV-05974,CUS-0045,2023-12-18,6014.81,ONLINE,57,True
5208,INV-05975,CUS-0046,2022-06-13,1600.19,ONLINE,30,True
5209,INV-05976,CUS-0288,2024-04-22,21470.02,ONLINE,56,True
5210,INV-05977,CUS-0113,2023-03-22,973.19,RTGS,42,True
5211,INV-05978,CUS-0484,2023-01-12,843.69,CHEQUE,31,False
5212,INV-05979,CUS-0469,2023-02-13,23983.64,CHEQUE,43,True
5213,INV-05980,CUS-0156,2023-05-17,5193.29,NEFT,57,True
5214,INV-05982,CUS-0044,2024-01-08,2231.97,ONLINE,29,True
5215,INV-05983,CUS-0075,2023-04-11,967.65,ONLINE,76,False
5216,INV-05984,CUS-0241,2024-02-23,101.87,RTGS,60,True
5217,INV-05985,CUS-0027,2022-11-07,2121.98,RTGS,25,True
5218,INV-05986,CUS-0214,2024-04-22,862.17,ONLINE,29,True
5219,INV-05987,CUS-0289,2023-09-01,3011.97,RTGS,50,False
5220,INV-05988,CUS-0269,2022-07-28,202.9,ONLINE,53,False
5221,INV-05989,CUS-0393,2023-12-04,1737.64,NEFT,40,True
5222,INV-05990,CUS-0458,2024-01-20,3897.97,NEFT,25,True
5223,INV-05992,CUS-0496,2023-10-02,1372.69,CHEQUE,30,True
5224,INV-05993,CUS-0037,2022-08-01,217.39,NEFT,25,True
5225,INV-05994,CUS-0143,2023-07-10,1344.19,RTGS,41,True
5226,INV-05995,CUS-0261,2022-12-21,1574.52,CHEQUE,58,True
5227,INV-05997,CUS-0359,2023-12-30,5027.58,NEFT,26,True
5228,INV-05998,CUS-0224,2023-11-24,5310.58,CHEQUE,48,False
5229,INV-05999,CUS-0017,2023-04-09,1430.06,CHEQUE,60,True
5230,INV-06000,CUS-0270,2024-03-08,1977.12,CHEQUE,56,True
5231,INV-06001,CUS-0381,2023-04-28,2313.85,NEFT,48,False
5232,INV-06002,CUS-0256,2023-03-16,1496.23,CHEQUE,59,True
5233,INV-06003,CUS-0113,2024-03-02,16756.07,ONLINE,40,True
5234,INV-06004,CUS-0491,2022-10-15,1020.33,RTGS,45,True
5235,INV-06005,CUS-0175,2022-12-24,4033.76,ONLINE,55,True
5236,INV-06006,CUS-0131,2023-09-15,1007.96,RTGS,29,True
5237,INV-06007,CUS-0327,2023-09-10,4439.87,NEFT,27,True
5238,INV-06011,CUS-0280,2023-04-11,1210.83,NEFT,59,True
5239,INV-06012,CUS-0022,2023-04-14,21121.37,NEFT,55,True
5240,INV-06013,CUS-0032,2023-10-09,8689.39,CHEQUE,58,True
5241,INV-06014,CUS-0184,2022-10-22,39786.93,ONLINE,45,True
5242,INV-06016,CUS-0426,2023-08-24,1034.52,NEFT,45,True
5243,INV-06018,CUS-0393,2022-06-21,866.76,CHEQUE,40,True
5244,INV-06019,CUS-0078,2022-11-16,715.03,RTGS,42,True
5245,INV-06020,CUS-0008,2022-12-04,22578.83,RTGS,55,True
5246,INV-06021,CUS-0474,2023-02-08,1987.92,RTGS,60,True
5247,INV-06022,CUS-0030,2023-03-17,30243.66,ONLINE,25,True
5248,INV-06023,CUS-0401,2023-03-09,77132.44,NEFT,73,False
5249,INV-06024,CUS-0298,2024-01-29,688.5,ONLINE,29,True
5250,INV-06028,CUS-0366,2023-09-26,5986.39,CHEQUE,26,True
5251,INV-06029,CUS-0025,2022-12-13,14029.54,CHEQUE,27,True
5252,INV-06030,CUS-0458,2022-12-10,518.32,NEFT,25,True
5253,INV-06031,CUS-0398,2024-02-06,6651.71,RTGS,58,False
5254,INV-06032,CUS-0440,2024-01-04,1613.89,NEFT,28,True
5255,INV-06033,CUS-0023,2023-06-10,3109.42,ONLINE,58,True
5256,INV-06034,CUS-0198,2022-07-03,1191.14,RTGS,72,False
5257,INV-06035,CUS-0347,2022-11-19,7426.97,RTGS,28,True
5258,INV-06036,CUS-0288,2023-01-09,6300.6,CHEQUE,57,True
5259,INV-06037,CUS-0076,2023-04-11,42058.99,CHEQUE,57,True
5260,INV-06038,CUS-0406,2023-06-26,2767.55,NEFT,59,True
5261,INV-06039,CUS-0402,2022-12-29,19645.39,CHEQUE,26,True
5262,INV-06040,CUS-0097,2024-05-20,4123.74,NEFT,59,True
5263,INV-06041,CUS-0475,2022-10-23,8422.73,CHEQUE,45,True
5264,INV-06042,CUS-0004,2023-12-03,2238.2,ONLINE,43,True
5265,INV-06043,CUS-0372,2023-09-27,5477.55,ONLINE,60,False
5266,INV-06044,CUS-0142,2023-09-23,3237.66,ONLINE,25,True
5267,INV-06045,CUS-0473,2023-08-24,974.43,CHEQUE,28,True
5268,INV-06047,CUS-0386,2023-12-14,445.94,CHEQUE,56,True
5269,INV-06048,CUS-0111,2024-03-22,4118.38,RTGS,44,True
5270,INV-06049,CUS-0242,2022-12-07,2756.98,NEFT,27,True
5271,INV-06050,CUS-0172,2023-12-12,1870.49,RTGS,72,False
5272,INV-06051,CUS-0338,2024-02-15,2563.97,CHEQUE,57,True
5273,INV-06052,CUS-0041,2022-08-18,21664.26,CHEQUE,28,True
5274,INV-06053,CUS-0309,2023-06-01,12154.43,ONLINE,56,True
5275,INV-06055,CUS-0214,2023-12-09,3872.41,ONLINE,25,True
5276,INV-06056,CUS-0111,2022-10-07,1955.05,CHEQUE,41,True
5277,INV-06058,CUS-0123,2023-06-01,3631.07,RTGS,40,True
5278,INV-06059,CUS-0190,2023-05-26,733.04,ONLINE,45,True
5279,INV-06060,CUS-0235,2023-06-13,2974.97,ONLINE,70,False
5280,INV-06062,CUS-0473,2022-09-18,7312.74,ONLINE,50,False
5281,INV-06063,CUS-0074,2024-03-18,46161.93,NEFT,26,True
5282,INV-06064,CUS-0017,2023-05-01,8400.92,NEFT,58,True
5283,INV-06065,CUS-0340,2024-05-09,1935.62,RTGS,59,True
5284,INV-06066,CUS-0250,2023-03-24,11572.22,RTGS,30,True
5285,INV-06067,CUS-0178,2023-04-21,18462.69,ONLINE,64,False
5286,INV-06068,CUS-0169,2023-07-16,856.81,ONLINE,29,True
5287,INV-06069,CUS-0163,2023-02-13,2430.94,CHEQUE,55,True
5288,INV-06070,CUS-0446,2022-08-17,3480.52,ONLINE,57,True
5289,INV-06071,CUS-0484,2022-12-31,130.52,NEFT,29,True
5290,INV-06072,CUS-0126,2023-01-07,3115.94,CHEQUE,58,True
5291,INV-06073,CUS-0456,2022-08-27,2570.48,ONLINE,57,True
5292,INV-06074,CUS-0067,2022-12-11,8701.03,CHEQUE,84,False
5293,INV-06075,CUS-0232,2022-08-16,1557.62,RTGS,28,True
5294,INV-06076,CUS-0097,2024-05-08,53955.03,RTGS,56,True
5295,INV-06077,CUS-0146,2023-09-04,1537.71,ONLINE,40,True
5296,INV-06078,CUS-0148,2024-01-23,20870.38,CHEQUE,58,True
5297,INV-06079,CUS-0005,2024-01-08,2307.62,CHEQUE,57,True
5298,INV-06080,CUS-0097,2022-11-07,27671.44,RTGS,56,True
5299,INV-06081,CUS-0268,2023-02-13,3028.97,ONLINE,28,True
5300,INV-06082,CUS-0382,2024-04-28,2689.86,NEFT,59,True
5301,INV-06085,CUS-0033,2023-03-05,42706.77,ONLINE,26,True
5302,INV-06086,CUS-0201,2022-08-15,903.73,RTGS,71,False
5303,INV-06089,CUS-0474,2022-11-02,10078.73,NEFT,57,True
5304,INV-06090,CUS-0060,2022-10-24,10359.13,CHEQUE,29,True
5305,INV-06091,CUS-0497,2023-02-11,833.56,ONLINE,27,True
5306,INV-06092,CUS-0338,2023-09-23,48918.44,RTGS,58,True
5307,INV-06093,CUS-0111,2024-05-01,8758.04,ONLINE,43,True
5308,INV-06094,CUS-0374,2024-02-15,8268.65,CHEQUE,58,True
5309,INV-06095,CUS-0126,2023-08-02,359.78,NEFT,57,True
5310,INV-06097,CUS-0101,2022-08-30,449.81,CHEQUE,27,True
5311,INV-06098,CUS-0139,2022-10-08,2855.59,RTGS,54,False
5312,INV-06099,CUS-0339,2023-08-06,36752.97,NEFT,45,True
5313,INV-06100,CUS-0252,2022-07-04,8633.63,CHEQUE,44,False
5314,INV-06101,CUS-0480,2023-07-13,580.69,CHEQUE,29,True
5315,INV-06102,CUS-0141,2022-09-14,11919.78,CHEQUE,55,True
5316,INV-06103,CUS-0383,2023-04-13,1553.79,NEFT,34,False
5317,INV-06104,CUS-0056,2024-04-08,2367.75,NEFT,30,True
5318,INV-06105,CUS-0010,2022-08-30,6469.13,RTGS,27,True
5319,INV-06106,CUS-0168,2023-07-02,225.12,NEFT,56,True
5320,INV-06107,CUS-0226,2023-09-03,467.29,ONLINE,29,True
5321,INV-06109,CUS-0393,2024-06-02,1966.2,RTGS,67,False
5322,INV-06110,CUS-0065,2023-12-04,632.69,ONLINE,26,True
5323,INV-06111,CUS-0146,2022-07-01,10163.64,NEFT,40,True
5324,INV-06112,CUS-0227,2023-05-27,21799.46,CHEQUE,29,True
5325,INV-06113,CUS-0174,2023-07-24,388.32,CHEQUE,55,True
5326,INV-06114,CUS-0186,2023-04-04,11573.93,ONLINE,45,True
5327,INV-06115,CUS-0196,2023-12-11,2636.32,NEFT,44,True
5328,INV-06118,CUS-0340,2024-02-25,106846.11,CHEQUE,60,True
5329,INV-06119,CUS-0051,2022-06-22,1944.1,NEFT,45,True
5330,INV-06120,CUS-0333,2022-06-01,3755.25,ONLINE,59,True
5331,INV-06121,CUS-0414,2024-05-15,3171.84,RTGS,57,True
5332,INV-06122,CUS-0004,2023-12-17,50440.15,RTGS,45,True
5333,INV-06124,CUS-0085,2023-03-04,2527.65,CHEQUE,60,True
5334,INV-06125,CUS-0104,2024-04-01,7412.73,ONLINE,60,True
5335,INV-06126,CUS-0157,2023-10-17,11302.41,RTGS,27,True
5336,INV-06127,CUS-0003,2024-02-03,35988.57,CHEQUE,45,True
5337,INV-06128,CUS-0245,2022-10-27,14173.54,ONLINE,74,False
5338,INV-06129,CUS-0428,2023-05-13,13213.91,ONLINE,43,True
5339,INV-06130,CUS-0138,2024-03-24,4574.18,ONLINE,74,False
5340,INV-06131,CUS-0485,2024-04-28,2264.12,ONLINE,76,False
5341,INV-06132,CUS-0060,2023-05-06,26598.65,CHEQUE,30,True
5342,INV-06133,CUS-0449,2024-03-06,15737.42,NEFT,58,False
5343,INV-06134,CUS-0421,2023-11-28,23630.93,NEFT,60,True
5344,INV-06135,CUS-0149,2022-09-16,58040.95,ONLINE,44,True
5345,INV-06136,CUS-0032,2023-10-17,4698.54,RTGS,55,True
5346,INV-06137,CUS-0312,2024-01-20,17902.25,NEFT,44,True
5347,INV-06138,CUS-0150,2024-02-17,2636.94,CHEQUE,43,True
5348,INV-06140,CUS-0077,2023-07-03,19444.16,RTGS,60,True
5349,INV-06141,CUS-0013,2023-12-20,8672.17,RTGS,30,True
5350,INV-06142,CUS-0338,2022-11-02,4307.87,CHEQUE,57,True
5351,INV-06143,CUS-0444,2024-04-30,4602.28,NEFT,82,False
5352,INV-06144,CUS-0223,2024-05-02,31390.06,NEFT,60,True
5353,INV-06145,CUS-0200,2023-01-14,2364.59,NEFT,28,True
5354,INV-06146,CUS-0204,2023-08-18,8767.76,ONLINE,44,True
5355,INV-06147,CUS-0284,2022-05-31,521.97,ONLINE,40,True
5356,INV-06148,CUS-0288,2022-08-30,2206.35,ONLINE,59,True
5357,INV-06149,CUS-0155,2022-08-06,1098.66,ONLINE,72,False
5358,INV-06150,CUS-0165,2024-02-28,1824.45,NEFT,30,True
5359,INV-06151,CUS-0054,2023-07-14,10637.55,ONLINE,28,True
5360,INV-06152,CUS-0441,2022-09-04,1342.09,ONLINE,25,True
5361,INV-06153,CUS-0438,2023-01-21,15721.12,NEFT,40,True
5362,INV-06154,CUS-0074,2023-06-28,50790.15,RTGS,29,True
5363,INV-06156,CUS-0364,2023-10-12,4885.95,NEFT,56,True
5364,INV-06157,CUS-0394,2023-06-03,6114.67,NEFT,41,True
5365,INV-06158,CUS-0307,2023-05-21,1453.3,RTGS,60,True
5366,INV-06159,CUS-0071,2022-07-25,18018.58,CHEQUE,40,True
5367,INV-06160,CUS-0351,2023-02-01,674.78,RTGS,56,True
5368,INV-06161,CUS-0115,2023-08-02,50861.13,RTGS,55,True
5369,INV-06163,CUS-0287,2024-03-15,357.12,NEFT,60,True
5370,INV-06164,CUS-0436,2022-07-20,3962.82,RTGS,25,True
5371,INV-06166,CUS-0181,2022-10-21,3276.5,CHEQUE,40,True
5372,INV-06167,CUS-0445,2023-08-12,1494.06,NEFT,43,True
5373,INV-06168,CUS-0102,2023-07-24,3937.1,RTGS,55,True
5374,INV-06169,CUS-0490,2023-09-30,6577.61,NEFT,40,True
5375,INV-06170,CUS-0497,2022-11-24,787.78,NEFT,57,False
5376,INV-06171,CUS-0001,2023-01-30,354.17,NEFT,90,False
5377,INV-06172,CUS-0257,2022-08-01,1003.98,NEFT,47,False
5378,INV-06174,CUS-0284,2022-05-25,846.77,NEFT,41,True
5379,INV-06175,CUS-0386,2022-08-24,766.06,NEFT,60,True
5380,INV-06176,CUS-0406,2023-11-26,24614.93,RTGS,65,False
5381,INV-06177,CUS-0195,2023-03-01,5743.75,ONLINE,43,True
5382,INV-06179,CUS-0425,2022-09-30,3558.42,RTGS,27,True
5383,INV-06180,CUS-0488,2024-04-26,721.61,ONLINE,64,False
5384,INV-06181,CUS-0144,2022-07-03,11942.58,ONLINE,25,True
5385,INV-06182,CUS-0400,2023-03-18,2989.68,CHEQUE,42,True
5386,INV-06184,CUS-0337,2023-06-29,15439.44,CHEQUE,58,True
5387,INV-06185,CUS-0055,2024-04-05,5392.18,RTGS,40,True
5388,INV-06186,CUS-0024,2023-03-06,587.24,NEFT,45,True
5389,INV-06187,CUS-0408,2023-05-13,29216.76,ONLINE,40,True
5390,INV-06188,CUS-0053,2023-04-15,762.56,NEFT,56,True
5391,INV-06189,CUS-0433,2023-04-25,4366.15,CHEQUE,27,True
5392,INV-06190,CUS-0230,2022-05-22,37238.15,CHEQUE,41,True
5393,INV-06191,CUS-0141,2023-05-20,2272.18,CHEQUE,58,True
5394,INV-06192,CUS-0081,2023-05-26,3269.15,RTGS,49,False
5395,INV-06193,CUS-0234,2022-07-27,16114.25,NEFT,30,True
5396,INV-06194,CUS-0244,2022-06-30,1231.76,NEFT,74,False
5397,INV-06195,CUS-0138,2023-09-01,8323.39,ONLINE,42,True
5398,INV-06197,CUS-0374,2024-05-09,7104.21,NEFT,55,True
5399,INV-06198,CUS-0281,2024-05-16,7798.01,NEFT,56,True
5400,INV-06199,CUS-0384,2023-12-19,23086.24,CHEQUE,42,True
5401,INV-06200,CUS-0199,2023-02-08,3154.35,ONLINE,43,True
5402,INV-06201,CUS-0158,2023-02-17,1834.06,ONLINE,30,True
5403,INV-06202,CUS-0319,2024-05-05,1229.4,RTGS,56,True
5404,INV-06203,CUS-0468,2023-02-28,6741.56,CHEQUE,27,True
5405,INV-06204,CUS-0201,2024-04-07,1286.87,RTGS,44,True
5406,INV-06205,CUS-0346,2023-09-13,7985.1,ONLINE,60,True
5407,INV-06206,CUS-0437,2022-10-13,5218.81,ONLINE,60,True
5408,INV-06207,CUS-0338,2023-01-09,6676.15,CHEQUE,55,True
5409,INV-06209,CUS-0117,2023-03-28,620.37,CHEQUE,49,False
5410,INV-06210,CUS-0113,2022-11-30,5576.52,CHEQUE,44,True
5411,INV-06211,CUS-0240,2022-08-24,26996.89,NEFT,59,True
5412,INV-06212,CUS-0316,2023-01-19,529.82,NEFT,43,True
5413,INV-06214,CUS-0395,2023-12-17,2464.11,ONLINE,43,True
5414,INV-06215,CUS-0212,2024-03-23,6356.98,ONLINE,58,True
5415,INV-06216,CUS-0389,2022-12-20,4329.87,RTGS,26,True
5416,INV-06217,CUS-0181,2023-04-23,396.52,NEFT,42,True
5417,INV-06218,CUS-0134,2023-11-07,1013.91,NEFT,56,True
5418,INV-06219,CUS-0367,2023-06-09,5565.1,CHEQUE,28,True
5419,INV-06220,CUS-0232,2023-05-16,536.3,CHEQUE,30,True
5420,INV-06221,CUS-0459,2023-12-10,1692.31,RTGS,27,True
5421,INV-06222,CUS-0480,2024-04-20,2881.2,NEFT,26,True
5422,INV-06223,CUS-0476,2023-08-02,11794.5,NEFT,56,True
5423,INV-06224,CUS-0379,2023-07-28,1469.39,ONLINE,44,True
5424,INV-06226,CUS-0223,2023-11-15,10219.02,NEFT,56,True
5425,INV-06227,CUS-0134,2023-02-26,1144.48,CHEQUE,57,True
5426,INV-06228,CUS-0107,2023-05-08,3951.34,ONLINE,42,True
5427,INV-06229,CUS-0337,2023-05-20,25738.1,RTGS,55,True
5428,INV-06230,CUS-0218,2023-11-18,6817.77,ONLINE,58,True
5429,INV-06233,CUS-0318,2022-06-03,83269.34,RTGS,56,True
5430,INV-06234,CUS-0412,2023-02-19,5717.71,ONLINE,31,False
5431,INV-06235,CUS-0248,2023-03-06,3287.67,ONLINE,28,True
5432,INV-06236,CUS-0106,2023-05-18,1544.1,ONLINE,60,True
5433,INV-06237,CUS-0047,2024-03-24,22163.42,NEFT,84,False
5434,INV-06238,CUS-0250,2023-12-18,13282.11,ONLINE,29,True
5435,INV-06239,CUS-0323,2022-11-22,1188.64,RTGS,28,True
5436,INV-06240,CUS-0216,2023-12-19,2293.03,RTGS,60,True
5437,INV-06241,CUS-0493,2023-03-26,2662.93,NEFT,29,True
5438,INV-06242,CUS-0364,2022-07-14,714.26,NEFT,57,True
5439,INV-06243,CUS-0306,2023-08-09,1336.72,NEFT,41,False
5440,INV-06244,CUS-0046,2023-11-28,1043.4,RTGS,28,True
5441,INV-06245,CUS-0284,2024-01-27,1430.95,CHEQUE,44,True
5442,INV-06247,CUS-0234,2022-08-11,4765.64,ONLINE,27,True
5443,INV-06248,CUS-0071,2022-08-04,8435.22,RTGS,49,False
5444,INV-06249,CUS-0431,2023-12-15,647.87,CHEQUE,68,False
5445,INV-06250,CUS-0462,2023-11-27,1186.0,NEFT,59,True
5446,INV-06251,CUS-0329,2023-07-07,21461.08,CHEQUE,66,False
5447,INV-06252,CUS-0253,2023-06-17,7051.91,CHEQUE,45,True
5448,INV-06253,CUS-0137,2024-02-15,9812.09,CHEQUE,57,True
5449,INV-06255,CUS-0171,2023-02-08,4854.83,NEFT,72,False
5450,INV-06256,CUS-0051,2024-01-20,4193.32,CHEQUE,45,True
5451,INV-06257,CUS-0414,2024-02-23,15521.81,CHEQUE,57,True
5452,INV-06258,CUS-0217,2023-03-07,1575.99,ONLINE,56,True
5453,INV-06259,CUS-0116,2022-04-30,1290.53,ONLINE,26,True
5454,INV-06260,CUS-0179,2022-11-28,49822.42,ONLINE,55,True
5455,INV-06261,CUS-0312,2023-07-06,78072.05,RTGS,43,True
5456,INV-06262,CUS-0324,2022-07-01,20406.93,NEFT,69,False
5457,INV-06263,CUS-0119,2023-06-16,582.86,RTGS,30,True
5458,INV-06264,CUS-0160,2023-06-02,6497.1,CHEQUE,42,True
5459,INV-06265,CUS-0310,2023-09-12,15711.37,RTGS,43,True
5460,INV-06266,CUS-0207,2022-12-14,4814.5,RTGS,89,False
5461,INV-06267,CUS-0224,2023-07-02,2006.33,RTGS,46,False
5462,INV-06268,CUS-0315,2023-03-23,2818.55,CHEQUE,59,True
5463,INV-06269,CUS-0405,2023-01-19,1592.57,NEFT,26,True
5464,INV-06270,CUS-0285,2023-04-24,2974.84,CHEQUE,42,True
5465,INV-06271,CUS-0366,2023-03-14,2129.97,ONLINE,26,True
5466,INV-06272,CUS-0032,2022-10-16,3142.71,ONLINE,57,True
5467,INV-06273,CUS-0464,2022-09-13,45653.73,ONLINE,44,True
5468,INV-06274,CUS-0499,2024-03-01,112.01,NEFT,59,True
5469,INV-06275,CUS-0464,2023-02-28,6226.77,NEFT,44,True
5470,INV-06276,CUS-0361,2022-09-06,24878.94,CHEQUE,25,True
5471,INV-06277,CUS-0182,2024-04-10,8300.12,CHEQUE,86,False
5472,INV-06278,CUS-0078,2023-04-09,1688.7,ONLINE,43,True
5473,INV-06279,CUS-0130,2022-09-28,2000.59,ONLINE,82,False
5474,INV-06281,CUS-0288,2023-10-20,2596.0,NEFT,58,True
5475,INV-06283,CUS-0215,2023-05-21,9717.33,ONLINE,25,True
5476,INV-06284,CUS-0019,2022-05-09,79631.5,RTGS,27,True
5477,INV-06285,CUS-0478,2022-12-11,2027.13,RTGS,29,True
5478,INV-06286,CUS-0438,2023-07-02,162322.6,NEFT,41,True
5479,INV-06287,CUS-0491,2023-10-12,8951.33,NEFT,40,True
5480,INV-06289,CUS-0414,2023-01-06,4082.11,NEFT,58,True
5481,INV-06290,CUS-0073,2023-05-11,10173.87,CHEQUE,28,True
5482,INV-06291,CUS-0206,2023-10-16,7863.99,CHEQUE,65,False
5483,INV-06292,CUS-0084,2023-11-19,5406.28,RTGS,56,True
5484,INV-06293,CUS-0242,2023-01-01,814.34,CHEQUE,29,True
5485,INV-06294,CUS-0170,2024-03-02,7444.04,CHEQUE,43,True
5486,INV-06295,CUS-0478,2022-11-26,9999.75,CHEQUE,29,True
5487,INV-06296,CUS-0133,2023-12-16,11953.86,NEFT,44,True
5488,INV-06297,CUS-0246,2023-12-16,6221.79,CHEQUE,34,False
5489,INV-06298,CUS-0453,2023-12-22,1100.63,ONLINE,25,True
5490,INV-06299,CUS-0295,2022-12-29,76513.39,ONLINE,43,True
5491,INV-06300,CUS-0309,2022-07-27,16309.41,NEFT,58,True
5492,INV-06301,CUS-0289,2022-05-31,2081.49,RTGS,46,False
5493,INV-06302,CUS-0495,2022-08-31,3051.32,ONLINE,58,True
5494,INV-06305,CUS-0121,2023-12-14,38882.34,NEFT,41,True
5495,INV-06306,CUS-0106,2022-11-29,3407.57,CHEQUE,56,True
5496,INV-06307,CUS-0441,2024-01-06,1595.27,NEFT,25,True
5497,INV-06308,CUS-0214,2024-02-16,653.12,ONLINE,29,True
5498,INV-06309,CUS-0100,2023-04-24,2034.58,NEFT,27,True
5499,INV-06310,CUS-0167,2022-10-02,5592.3,NEFT,29,True
5500,INV-06313,CUS-0336,2022-10-07,223.35,NEFT,64,False
5501,INV-06314,CUS-0135,2024-02-10,13659.29,RTGS,26,True
5502,INV-06315,CUS-0293,2023-07-16,1446.24,NEFT,43,True
5503,INV-06316,CUS-0441,2023-08-22,6248.71,CHEQUE,35,False
5504,INV-06317,CUS-0443,2023-12-04,434.55,ONLINE,43,True
5505,INV-06318,CUS-0452,2023-07-15,4913.25,NEFT,26,True
5506,INV-06319,CUS-0325,2024-04-07,32902.82,RTGS,26,True
5507,INV-06320,CUS-0078,2022-09-02,983.18,NEFT,45,True
5508,INV-06321,CUS-0372,2022-11-20,5226.38,RTGS,29,True
5509,INV-06324,CUS-0239,2023-07-09,8135.91,NEFT,43,True
5510,INV-06325,CUS-0128,2024-04-21,5902.66,NEFT,57,True
5511,INV-06327,CUS-0123,2023-04-23,2814.01,RTGS,43,True
5512,INV-06328,CUS-0361,2022-11-03,44042.88,RTGS,27,True
5513,INV-06329,CUS-0337,2024-04-27,4140.13,RTGS,72,False
5514,INV-06330,CUS-0190,2023-05-18,2160.37,ONLINE,42,True
5515,INV-06331,CUS-0462,2024-01-24,2228.05,ONLINE,57,True
5516,INV-06332,CUS-0388,2023-07-16,8291.72,ONLINE,28,True
5517,INV-06333,CUS-0260,2022-08-08,4403.11,NEFT,45,True
5518,INV-06334,CUS-0076,2023-11-03,33185.43,RTGS,56,True
5519,INV-06335,CUS-0141,2022-10-02,5606.37,NEFT,56,True
5520,INV-06336,CUS-0323,2023-12-06,1371.32,CHEQUE,30,True
5521,INV-06337,CUS-0376,2023-01-21,5164.26,RTGS,42,True
5522,INV-06338,CUS-0470,2023-01-26,6443.79,ONLINE,56,True
5523,INV-06339,CUS-0420,2024-03-18,1932.65,NEFT,40,True
5524,INV-06340,CUS-0054,2023-10-08,1395.38,RTGS,27,True
5525,INV-06341,CUS-0172,2024-04-12,12723.92,ONLINE,49,False
5526,INV-06342,CUS-0403,2023-06-06,30806.34,CHEQUE,45,True
5527,INV-06343,CUS-0381,2023-06-14,5101.8,NEFT,29,True
5528,INV-06344,CUS-0042,2024-02-19,43062.4,ONLINE,58,True
5529,INV-06345,CUS-0040,2023-03-03,95666.04,NEFT,43,True
5530,INV-06346,CUS-0254,2023-03-17,5297.37,CHEQUE,45,True
5531,INV-06347,CUS-0178,2022-06-14,5030.6,NEFT,41,True
5532,INV-06348,CUS-0273,2023-08-20,1332.57,CHEQUE,28,True
5533,INV-06349,CUS-0430,2022-06-22,2640.02,CHEQUE,55,True
5534,INV-06351,CUS-0391,2023-11-29,1515.83,ONLINE,75,False
5535,INV-06352,CUS-0464,2023-12-06,55220.14,NEFT,62,False
5536,INV-06353,CUS-0396,2023-07-01,34502.02,RTGS,47,False
5537,INV-06354,CUS-0220,2022-06-27,19155.7,CHEQUE,30,True
5538,INV-06355,CUS-0244,2023-04-11,14060.48,CHEQUE,45,True
5539,INV-06356,CUS-0166,2024-04-02,2512.79,ONLINE,40,True
5540,INV-06357,CUS-0070,2023-10-24,103594.17,NEFT,30,True
5541,INV-06359,CUS-0481,2024-04-29,76373.52,CHEQUE,45,True
5542,INV-06360,CUS-0276,2023-04-09,6762.9,CHEQUE,42,True
5543,INV-06361,CUS-0279,2023-03-02,3513.6,ONLINE,42,True
5544,INV-06362,CUS-0181,2024-02-05,5899.63,ONLINE,45,True
5545,INV-06363,CUS-0066,2023-08-14,18313.56,RTGS,45,True
5546,INV-06364,CUS-0398,2022-08-20,3082.16,RTGS,30,True
5547,INV-06365,CUS-0295,2023-04-26,2133.37,RTGS,45,True
5548,INV-06366,CUS-0126,2023-08-19,1286.13,CHEQUE,57,True
5549,INV-06367,CUS-0267,2022-10-11,6754.28,NEFT,71,False
5550,INV-06368,CUS-0140,2023-07-26,6873.78,ONLINE,29,True
5551,INV-06370,CUS-0105,2024-03-10,1226.45,ONLINE,41,True
5552,INV-06371,CUS-0166,2023-07-16,3785.02,RTGS,41,True
5553,INV-06372,CUS-0309,2023-07-13,22057.77,RTGS,56,True
5554,INV-06373,CUS-0154,2022-06-23,2411.24,ONLINE,60,True
5555,INV-06374,CUS-0414,2024-04-29,33943.84,ONLINE,60,True
5556,INV-06375,CUS-0227,2022-11-02,5264.25,NEFT,30,True
5557,INV-06376,CUS-0444,2022-07-20,1784.37,RTGS,59,True
5558,INV-06378,CUS-0258,2023-07-19,1950.05,ONLINE,25,True
5559,INV-06379,CUS-0438,2023-10-02,14183.52,NEFT,45,True
5560,INV-06380,CUS-0217,2022-11-05,856.7,NEFT,58,True
5561,INV-06381,CUS-0085,2023-02-10,12195.43,ONLINE,60,True
5562,INV-06382,CUS-0036,2023-10-26,1020.03,RTGS,30,True
5563,INV-06383,CUS-0037,2023-04-28,1096.86,RTGS,30,True
5564,INV-06384,CUS-0014,2024-04-28,3418.99,RTGS,55,True
5565,INV-06385,CUS-0368,2022-12-12,1950.52,CHEQUE,42,True
5566,INV-06386,CUS-0197,2023-04-25,16487.03,CHEQUE,26,True
5567,INV-06389,CUS-0124,2023-10-12,2254.07,CHEQUE,44,True
5568,INV-06390,CUS-0483,2023-08-10,3363.63,ONLINE,41,False
5569,INV-06392,CUS-0326,2024-04-02,1691.38,NEFT,59,True
5570,INV-06393,CUS-0089,2023-10-17,32539.93,RTGS,56,True
5571,INV-06394,CUS-0410,2022-08-26,7571.36,CHEQUE,44,True
5572,INV-06395,CUS-0226,2024-04-08,5485.91,CHEQUE,28,True
5573,INV-06397,CUS-0361,2024-02-25,1943.64,ONLINE,27,True
5574,INV-06398,CUS-0068,2023-09-19,6275.09,RTGS,41,True
5575,INV-06399,CUS-0064,2022-08-26,9820.99,RTGS,28,True
5576,INV-06400,CUS-0432,2023-07-11,469.58,ONLINE,68,False
5577,INV-06401,CUS-0030,2022-05-22,10721.37,CHEQUE,28,True
5578,INV-06402,CUS-0050,2024-04-06,12647.72,ONLINE,44,True
5579,INV-06403,CUS-0327,2024-03-04,5701.22,NEFT,30,True
5580,INV-06404,CUS-0139,2024-04-04,1067.69,CHEQUE,41,True
5581,INV-06405,CUS-0181,2023-11-15,1591.25,CHEQUE,44,True
5582,INV-06406,CUS-0227,2023-05-29,4917.84,CHEQUE,27,True
5583,INV-06408,CUS-0480,2024-01-23,3761.92,CHEQUE,29,True
5584,INV-06409,CUS-0365,2022-06-18,9468.63,CHEQUE,44,True
5585,INV-06410,CUS-0068,2022-07-19,1127.52,NEFT,41,True
5586,INV-06411,CUS-0148,2023-04-08,23198.49,CHEQUE,62,False
5587,INV-06412,CUS-0391,2022-12-21,2132.95,RTGS,42,True
5588,INV-06413,CUS-0062,2022-09-23,4429.27,RTGS,45,True
5589,INV-06414,CUS-0319,2024-01-06,4765.89,RTGS,57,True
5590,INV-06415,CUS-0477,2023-08-16,6236.28,RTGS,40,True
5591,INV-06416,CUS-0092,2023-09-15,2714.21,RTGS,26,True
5592,INV-06417,CUS-0356,2022-11-27,3070.61,RTGS,41,True
5593,INV-06418,CUS-0243,2023-07-18,7573.62,ONLINE,71,False
5594,INV-06419,CUS-0459,2022-12-26,2444.48,CHEQUE,28,True
5595,INV-06420,CUS-0187,2022-05-01,4119.55,ONLINE,25,True
5596,INV-06421,CUS-0437,2022-12-11,44758.7,CHEQUE,55,True
5597,INV-06422,CUS-0162,2023-06-22,1102.96,NEFT,25,True
5598,INV-06423,CUS-0130,2023-02-04,3790.61,NEFT,59,True
5599,INV-06424,CUS-0324,2022-10-17,21175.23,RTGS,41,True
5600,INV-06425,CUS-0368,2022-08-02,15746.0,CHEQUE,45,True
5601,INV-06426,CUS-0063,2023-11-07,9295.85,CHEQUE,40,True
5602,INV-06428,CUS-0409,2024-02-01,28284.45,NEFT,26,True
5603,INV-06430,CUS-0152,2023-02-18,4913.99,NEFT,44,True
5604,INV-06431,CUS-0422,2022-11-24,18510.01,CHEQUE,40,True
5605,INV-06432,CUS-0021,2022-10-09,437.05,ONLINE,26,True
5606,INV-06433,CUS-0429,2023-01-12,12577.32,RTGS,28,True
5607,INV-06434,CUS-0128,2023-08-26,526.04,ONLINE,58,True
5608,INV-06435,CUS-0211,2024-04-27,3540.79,ONLINE,59,True
5609,INV-06436,CUS-0104,2024-01-17,3912.81,CHEQUE,56,True
5610,INV-06437,CUS-0039,2023-04-19,2939.79,NEFT,45,True
5611,INV-06438,CUS-0019,2023-11-09,20898.7,RTGS,29,True
5612,INV-06439,CUS-0026,2024-04-21,2877.61,ONLINE,66,False
5613,INV-06442,CUS-0418,2023-12-03,61503.16,NEFT,30,True
5614,INV-06444,CUS-0370,2022-05-25,20480.07,ONLINE,40,True
5615,INV-06445,CUS-0014,2024-03-08,3507.14,RTGS,59,True
5616,INV-06446,CUS-0131,2022-11-07,446.64,CHEQUE,29,True
5617,INV-06447,CUS-0133,2022-12-11,66068.33,NEFT,69,False
5618,INV-06448,CUS-0015,2023-10-18,1398.64,CHEQUE,55,False
5619,INV-06449,CUS-0487,2023-02-09,2258.41,ONLINE,25,True
5620,INV-06450,CUS-0363,2022-12-08,1102.0,ONLINE,46,False
5621,INV-06451,CUS-0417,2022-12-10,3511.76,RTGS,30,True
5622,INV-06452,CUS-0492,2022-12-17,4721.96,RTGS,49,False
5623,INV-06453,CUS-0024,2022-07-27,1081.34,NEFT,40,True
5624,INV-06454,CUS-0450,2024-03-25,24340.95,ONLINE,59,True
5625,INV-06456,CUS-0408,2022-07-03,8430.05,RTGS,41,True
5626,INV-06457,CUS-0229,2023-05-19,2943.46,NEFT,26,True
5627,INV-06458,CUS-0440,2022-08-22,7485.63,CHEQUE,40,False
5628,INV-06459,CUS-0114,2023-11-06,4165.26,RTGS,40,True
5629,INV-06460,CUS-0328,2023-04-20,806.54,ONLINE,47,False
5630,INV-06461,CUS-0244,2024-05-19,14547.67,CHEQUE,62,False
5631,INV-06462,CUS-0162,2024-03-11,3245.22,NEFT,28,True
5632,INV-06463,CUS-0330,2022-09-11,6190.61,RTGS,60,True
5633,INV-06464,CUS-0100,2023-03-03,6161.71,ONLINE,43,False
5634,INV-06465,CUS-0049,2023-08-26,1618.89,NEFT,44,True
5635,INV-06466,CUS-0415,2023-10-02,44716.82,NEFT,30,True
5636,INV-06467,CUS-0444,2023-05-27,2725.24,NEFT,59,True
5637,INV-06468,CUS-0352,2022-12-20,803.8,RTGS,83,False
5638,INV-06469,CUS-0219,2023-09-20,930.81,CHEQUE,57,True
5639,INV-06470,CUS-0297,2024-03-13,4624.73,ONLINE,52,False
5640,INV-06472,CUS-0074,2023-02-27,3138.03,CHEQUE,30,True
5641,INV-06473,CUS-0105,2023-07-18,832.59,NEFT,42,True
5642,INV-06474,CUS-0489,2022-10-24,10070.86,RTGS,55,True
5643,INV-06476,CUS-0033,2023-08-26,6047.15,CHEQUE,26,True
5644,INV-06477,CUS-0122,2024-04-04,24930.26,RTGS,42,True
5645,INV-06478,CUS-0301,2022-07-31,58548.24,CHEQUE,44,True
5646,INV-06479,CUS-0405,2023-05-13,230.46,RTGS,25,True
5647,INV-06481,CUS-0470,2022-08-15,4818.88,ONLINE,60,True
5648,INV-06482,CUS-0217,2023-09-27,845.12,NEFT,59,True
5649,INV-06484,CUS-0130,2022-12-19,2111.76,RTGS,56,True
5650,INV-06485,CUS-0024,2024-04-16,4318.43,RTGS,44,True
5651,INV-06487,CUS-0002,2023-05-07,1058.36,RTGS,42,True
5652,INV-06489,CUS-0228,2023-12-20,35524.81,NEFT,58,True
5653,INV-06490,CUS-0104,2022-06-07,342.55,CHEQUE,59,True
5654,INV-06491,CUS-0317,2023-12-02,252.44,NEFT,43,False
5655,INV-06492,CUS-0460,2023-03-11,15195.42,ONLINE,56,False
5656,INV-06493,CUS-0389,2023-08-08,272.97,RTGS,30,True
5657,INV-06494,CUS-0169,2023-07-23,194.4,ONLINE,39,False
5658,INV-06495,CUS-0016,2022-06-12,1005.29,ONLINE,59,True
5659,INV-06496,CUS-0095,2023-09-07,1287.44,ONLINE,26,True
5660,INV-06498,CUS-0009,2024-03-22,164386.68,ONLINE,30,True
5661,INV-06499,CUS-0013,2023-04-13,14217.73,ONLINE,28,True
5662,INV-06500,CUS-0227,2023-09-10,1621.82,ONLINE,30,True
5663,INV-06502,CUS-0303,2024-02-04,3524.83,RTGS,45,False
5664,INV-06503,CUS-0455,2022-10-30,394.55,RTGS,53,False
5665,INV-06504,CUS-0004,2022-12-08,12157.44,ONLINE,75,False
5666,INV-06505,CUS-0044,2023-08-29,4547.35,CHEQUE,57,False
5667,INV-06507,CUS-0396,2023-02-10,7606.56,CHEQUE,44,True
5668,INV-06508,CUS-0326,2022-06-19,9131.15,RTGS,59,True
5669,INV-06509,CUS-0019,2023-12-24,855.02,RTGS,39,False
5670,INV-06510,CUS-0363,2022-11-02,997.65,NEFT,68,False
5671,INV-06511,CUS-0291,2022-09-04,13294.83,RTGS,65,False
5672,INV-06512,CUS-0386,2024-01-23,235.74,ONLINE,56,True
5673,INV-06513,CUS-0332,2023-03-04,2854.22,NEFT,60,True
5674,INV-06514,CUS-0263,2022-06-17,818.61,ONLINE,58,True
5675,INV-06515,CUS-0042,2022-12-01,21320.92,CHEQUE,57,True
5676,INV-06516,CUS-0495,2023-11-23,1235.32,NEFT,57,True
5677,INV-06517,CUS-0419,2023-09-18,21547.63,NEFT,57,True
5678,INV-06518,CUS-0278,2022-10-31,1197.03,ONLINE,72,False
5679,INV-06519,CUS-0192,2024-01-05,22369.97,CHEQUE,46,False
5680,INV-06520,CUS-0234,2023-05-27,1855.14,ONLINE,25,True
5681,INV-06522,CUS-0422,2023-07-02,2343.86,RTGS,44,True
5682,INV-06524,CUS-0448,2023-01-25,32407.67,ONLINE,58,True
5683,INV-06525,CUS-0448,2023-07-01,2460.66,ONLINE,56,True
5684,INV-06526,CUS-0081,2024-01-17,4769.73,RTGS,54,False
5685,INV-06527,CUS-0092,2023-09-15,5296.35,ONLINE,30,True
5686,INV-06528,CUS-0374,2024-01-30,23429.73,ONLINE,66,False
5687,INV-06529,CUS-0322,2022-12-23,10811.85,ONLINE,54,False
5688,INV-06530,CUS-0228,2022-10-26,13308.87,ONLINE,59,True
5689,INV-06531,CUS-0081,2022-10-28,857.91,NEFT,30,True
5690,INV-06532,CUS-0202,2023-10-23,1624.24,RTGS,45,True
5691,INV-06534,CUS-0450,2023-10-20,5040.06,CHEQUE,60,True
5692,INV-06535,CUS-0368,2022-12-10,1602.26,CHEQUE,42,True
5693,INV-06536,CUS-0179,2023-03-24,8406.51,RTGS,57,True
5694,INV-06537,CUS-0114,2022-07-15,2685.3,NEFT,57,False
5695,INV-06538,CUS-0094,2023-01-05,4893.79,ONLINE,58,True
5696,INV-06539,CUS-0159,2022-06-22,4083.55,CHEQUE,42,False
5697,INV-06540,CUS-0269,2022-11-28,424.23,NEFT,42,True
5698,INV-06541,CUS-0130,2022-09-09,954.52,ONLINE,71,False
5699,INV-06542,CUS-0427,2022-07-13,732.28,CHEQUE,74,False
5700,INV-06543,CUS-0338,2022-10-29,5280.38,NEFT,55,True
5701,INV-06544,CUS-0452,2022-05-19,3245.46,ONLINE,26,True
5702,INV-06546,CUS-0158,2023-10-04,3274.14,ONLINE,27,True
5703,INV-06549,CUS-0363,2023-02-23,16293.23,ONLINE,73,False
5704,INV-06551,CUS-0051,2023-12-16,1559.17,NEFT,41,True
5705,INV-06552,CUS-0438,2024-03-05,5478.87,CHEQUE,42,True
5706,INV-06553,CUS-0481,2022-06-16,382078.86,RTGS,69,False
5707,INV-06554,CUS-0421,2023-02-22,3139.69,NEFT,55,True
5708,INV-06556,CUS-0183,2022-06-08,5149.89,ONLINE,25,True
5709,INV-06557,CUS-0118,2024-05-02,8753.1,RTGS,43,True
5710,INV-06558,CUS-0027,2022-07-19,33180.43,ONLINE,30,True
5711,INV-06559,CUS-0498,2023-10-09,371.54,CHEQUE,55,True
5712,INV-06560,CUS-0069,2023-03-11,1610.15,RTGS,59,True
5713,INV-06561,CUS-0423,2022-07-17,653.8,CHEQUE,43,True
5714,INV-06562,CUS-0216,2023-04-25,1636.47,CHEQUE,60,True
5715,INV-06563,CUS-0064,2024-01-07,41301.64,CHEQUE,50,False
5716,INV-06564,CUS-0233,2023-02-28,12070.69,CHEQUE,32,False
5717,INV-06565,CUS-0465,2022-10-15,1829.71,CHEQUE,58,True
5718,INV-06566,CUS-0165,2023-04-03,853.9,RTGS,25,True
5719,INV-06567,CUS-0051,2024-01-02,610.99,RTGS,41,True
5720,INV-06568,CUS-0198,2023-12-07,3098.14,NEFT,60,True
5721,INV-06569,CUS-0342,2023-04-13,331.62,ONLINE,56,True
5722,INV-06570,CUS-0285,2023-07-14,1375.81,CHEQUE,41,True
5723,INV-06571,CUS-0267,2023-01-16,200.35,ONLINE,53,False
5724,INV-06573,CUS-0358,2022-12-12,4108.62,ONLINE,42,True
5725,INV-06574,CUS-0401,2022-09-20,6681.84,CHEQUE,43,True
5726,INV-06575,CUS-0029,2023-06-30,452.26,ONLINE,41,True
5727,INV-06577,CUS-0348,2023-06-25,946.24,RTGS,30,True
5728,INV-06578,CUS-0471,2023-04-05,6766.84,RTGS,41,True
5729,INV-06579,CUS-0023,2023-12-01,4726.8,CHEQUE,60,True
5730,INV-06580,CUS-0350,2024-01-06,6223.79,CHEQUE,55,True
5731,INV-06582,CUS-0480,2024-01-27,14128.26,CHEQUE,27,True
5732,INV-06584,CUS-0476,2024-04-10,63580.01,NEFT,56,True
5733,INV-06585,CUS-0269,2022-11-11,550.79,ONLINE,45,True
5734,INV-06586,CUS-0336,2022-05-22,468.54,ONLINE,44,True
5735,INV-06587,CUS-0021,2022-11-03,3499.05,NEFT,30,True
5736,INV-06588,CUS-0371,2023-12-04,9414.41,RTGS,33,False
5737,INV-06589,CUS-0199,2023-04-07,6985.53,NEFT,40,True
5738,INV-06590,CUS-0188,2023-05-15,933.33,RTGS,40,True
5739,INV-06591,CUS-0280,2023-02-05,5256.74,CHEQUE,59,True
5740,INV-06592,CUS-0467,2022-09-19,11197.28,CHEQUE,44,True
5741,INV-06593,CUS-0414,2023-11-07,24366.77,ONLINE,55,True
5742,INV-06594,CUS-0029,2024-04-26,10993.91,RTGS,44,True
5743,INV-06595,CUS-0401,2023-01-27,21414.34,CHEQUE,42,True
5744,INV-06596,CUS-0162,2023-09-27,940.24,RTGS,30,True
5745,INV-06597,CUS-0137,2022-07-28,2254.04,NEFT,58,True
5746,INV-06598,CUS-0375,2024-03-08,9487.5,RTGS,45,True
5747,INV-06599,CUS-0357,2022-08-21,8616.24,ONLINE,35,False
5748,INV-06600,CUS-0216,2023-11-09,3234.54,ONLINE,89,False
5749,INV-06601,CUS-0298,2022-10-06,1042.04,RTGS,27,True
5750,INV-06602,CUS-0080,2023-01-14,915.42,RTGS,43,True
5751,INV-06603,CUS-0063,2023-07-21,2149.79,RTGS,42,True
5752,INV-06604,CUS-0271,2022-08-09,909.12,CHEQUE,27,True
5753,INV-06605,CUS-0214,2023-12-25,1943.79,CHEQUE,55,False
5754,INV-06606,CUS-0304,2022-04-26,860.46,NEFT,25,True
5755,INV-06607,CUS-0189,2022-08-30,41075.47,NEFT,42,True
5756,INV-06608,CUS-0410,2022-07-31,2192.71,ONLINE,41,True
5757,INV-06609,CUS-0381,2023-04-25,3715.03,CHEQUE,25,True
5758,INV-06610,CUS-0428,2023-03-30,1655.86,NEFT,59,False
5759,INV-06611,CUS-0243,2023-06-01,1125.45,ONLINE,40,True
5760,INV-06612,CUS-0470,2022-11-07,424.5,CHEQUE,59,True
5761,INV-06613,CUS-0320,2024-02-05,6957.53,NEFT,55,True
5762,INV-06614,CUS-0209,2022-09-30,4767.4,NEFT,29,True
5763,INV-06615,CUS-0394,2022-07-04,5272.16,CHEQUE,43,True
5764,INV-06617,CUS-0314,2022-07-10,9172.16,NEFT,74,False
5765,INV-06618,CUS-0405,2023-04-18,708.03,NEFT,27,True
5766,INV-06619,CUS-0369,2022-11-02,17530.0,RTGS,42,True
5767,INV-06620,CUS-0039,2022-12-13,5776.03,NEFT,44,True
5768,INV-06621,CUS-0096,2023-01-05,106082.61,CHEQUE,29,True
5769,INV-06622,CUS-0381,2023-01-07,812.91,RTGS,52,False
5770,INV-06623,CUS-0114,2024-01-26,1631.35,CHEQUE,57,False
5771,INV-06624,CUS-0043,2022-07-06,4784.09,NEFT,59,False
5772,INV-06625,CUS-0041,2024-01-18,2496.09,NEFT,27,True
5773,INV-06626,CUS-0453,2023-11-13,6063.08,ONLINE,45,False
5774,INV-06627,CUS-0160,2023-09-15,2345.39,ONLINE,40,True
5775,INV-06628,CUS-0060,2023-11-24,6423.65,ONLINE,28,True
5776,INV-06630,CUS-0379,2023-09-09,4149.66,CHEQUE,44,True
5777,INV-06631,CUS-0357,2022-05-20,4668.06,NEFT,27,True
5778,INV-06632,CUS-0256,2024-02-19,2451.62,ONLINE,58,True
5779,INV-06633,CUS-0006,2023-06-04,3999.48,ONLINE,27,True
5780,INV-06634,CUS-0084,2024-02-03,3732.0,CHEQUE,59,True
5781,INV-06635,CUS-0422,2024-03-22,3062.86,CHEQUE,44,True
5782,INV-06636,CUS-0198,2023-05-22,2374.59,ONLINE,89,False
5783,INV-06638,CUS-0346,2022-07-30,8126.9,CHEQUE,55,True
5784,INV-06639,CUS-0234,2022-07-28,32569.08,NEFT,44,False
5785,INV-06640,CUS-0368,2023-06-23,6685.85,NEFT,45,True
5786,INV-06641,CUS-0433,2023-01-21,817.89,ONLINE,27,True
5787,INV-06642,CUS-0357,2023-01-06,1854.71,CHEQUE,54,False
5788,INV-06644,CUS-0028,2022-08-04,2003.99,ONLINE,67,False
5789,INV-06645,CUS-0248,2022-10-03,51309.2,RTGS,28,True
5790,INV-06646,CUS-0426,2023-04-16,2443.68,RTGS,54,False
5791,INV-06648,CUS-0475,2024-02-08,7137.51,ONLINE,41,True
5792,INV-06649,CUS-0042,2023-07-09,1961.85,ONLINE,60,True
5793,INV-06651,CUS-0106,2023-03-19,4036.97,NEFT,55,True
5794,INV-06652,CUS-0456,2022-12-27,2657.92,RTGS,59,True
5795,INV-06653,CUS-0154,2024-03-09,896.94,NEFT,55,True
5796,INV-06654,CUS-0121,2022-08-28,18389.49,RTGS,44,True
5797,INV-06656,CUS-0386,2024-03-07,4045.49,RTGS,60,True
5798,INV-06657,CUS-0096,2022-08-23,48832.69,ONLINE,29,True
5799,INV-06658,CUS-0373,2023-04-15,30429.81,CHEQUE,45,True
5800,INV-06659,CUS-0315,2023-11-27,6730.25,ONLINE,59,True
5801,INV-06660,CUS-0483,2022-09-09,347.54,NEFT,27,True
5802,INV-06661,CUS-0064,2022-12-24,18420.62,ONLINE,25,True
5803,INV-06662,CUS-0239,2023-10-05,4673.25,CHEQUE,72,False
5804,INV-06663,CUS-0467,2023-04-07,643.94,RTGS,41,True
5805,INV-06664,CUS-0338,2023-02-27,13407.69,CHEQUE,56,True
5806,INV-06665,CUS-0149,2023-01-04,4557.65,CHEQUE,56,False
5807,INV-06666,CUS-0104,2023-10-11,847.7,NEFT,60,True
5808,INV-06667,CUS-0124,2024-04-26,3393.6,RTGS,68,False
5809,INV-06668,CUS-0373,2023-07-29,83529.19,CHEQUE,41,True
5810,INV-06669,CUS-0411,2024-05-08,23316.72,RTGS,41,True
5811,INV-06670,CUS-0021,2023-05-17,3887.65,RTGS,25,True
5812,INV-06671,CUS-0192,2024-02-20,18778.01,CHEQUE,27,True
5813,INV-06672,CUS-0479,2023-09-09,6787.01,CHEQUE,73,False
5814,INV-06674,CUS-0448,2023-04-16,1429.62,CHEQUE,57,True
5815,INV-06675,CUS-0380,2024-01-23,423.53,RTGS,45,True
5816,INV-06676,CUS-0365,2022-10-07,4891.39,CHEQUE,42,True
5817,INV-06677,CUS-0302,2024-02-28,2198.32,ONLINE,25,True
5818,INV-06678,CUS-0147,2022-11-30,2587.16,ONLINE,60,True
5819,INV-06679,CUS-0171,2023-06-08,2898.23,ONLINE,45,True
5820,INV-06680,CUS-0382,2022-06-13,8213.35,NEFT,55,True
5821,INV-06681,CUS-0281,2022-06-21,25050.21,ONLINE,60,True
5822,INV-06682,CUS-0059,2024-02-01,3163.61,ONLINE,55,False
5823,INV-06683,CUS-0145,2024-03-13,2436.62,NEFT,60,True
5824,INV-06685,CUS-0199,2022-05-30,2031.02,CHEQUE,45,True
5825,INV-06686,CUS-0265,2022-10-04,76089.56,NEFT,45,True
5826,INV-06687,CUS-0393,2023-12-15,10013.73,CHEQUE,45,True
5827,INV-06688,CUS-0153,2022-06-15,5384.84,CHEQUE,58,True
5828,INV-06689,CUS-0066,2023-02-10,6461.95,RTGS,42,True
5829,INV-06690,CUS-0478,2024-01-14,8705.34,ONLINE,26,True
5830,INV-06691,CUS-0185,2023-11-21,2227.5,NEFT,62,False
5831,INV-06692,CUS-0239,2023-12-12,33303.76,NEFT,42,True
5832,INV-06693,CUS-0338,2023-04-21,8978.54,CHEQUE,56,True
5833,INV-06694,CUS-0223,2024-03-26,5127.85,RTGS,61,False
5834,INV-06695,CUS-0049,2023-03-10,1773.55,RTGS,60,False
5835,INV-06696,CUS-0031,2023-02-19,36403.2,RTGS,56,True
5836,INV-06697,CUS-0467,2022-11-06,1839.34,RTGS,43,True
5837,INV-06698,CUS-0309,2022-10-12,10155.67,ONLINE,59,True
5838,INV-06701,CUS-0449,2023-06-05,738.05,NEFT,30,True
5839,INV-06702,CUS-0309,2023-09-08,28734.97,NEFT,57,True
5840,INV-06703,CUS-0283,2023-09-02,2654.06,CHEQUE,27,True
5841,INV-06704,CUS-0208,2023-07-25,3326.8,ONLINE,86,False
5842,INV-06706,CUS-0250,2023-05-09,4157.92,ONLINE,56,False
5843,INV-06707,CUS-0360,2022-08-06,146.5,CHEQUE,41,True
5844,INV-06708,CUS-0217,2023-02-14,270.17,NEFT,60,True
5845,INV-06709,CUS-0139,2023-07-09,1094.3,ONLINE,49,False
5846,INV-06710,CUS-0405,2023-06-21,847.65,ONLINE,25,True
5847,INV-06711,CUS-0314,2023-08-24,1212.32,CHEQUE,63,False
5848,INV-06712,CUS-0491,2023-06-06,3735.94,ONLINE,40,True
5849,INV-06713,CUS-0159,2022-08-10,693.86,ONLINE,29,True
5850,INV-06714,CUS-0022,2022-09-29,23582.45,NEFT,60,True
5851,INV-06715,CUS-0403,2022-06-10,43692.01,CHEQUE,44,True
5852,INV-06716,CUS-0056,2023-02-20,1882.75,ONLINE,28,True
5853,INV-06717,CUS-0138,2022-09-16,12792.71,RTGS,44,True
5854,INV-06718,CUS-0166,2024-01-05,4491.65,CHEQUE,44,True
5855,INV-06719,CUS-0354,2023-02-23,8806.08,ONLINE,51,False
5856,INV-06720,CUS-0384,2022-09-01,1997.45,ONLINE,43,True
5857,INV-06722,CUS-0463,2024-03-12,20885.4,RTGS,71,False
5858,INV-06723,CUS-0416,2022-12-06,343.15,ONLINE,28,True
5859,INV-06724,CUS-0435,2023-10-21,4391.77,CHEQUE,59,True
5860,INV-06725,CUS-0062,2022-08-20,672.97,RTGS,43,True
5861,INV-06726,CUS-0483,2023-03-31,9288.64,CHEQUE,29,True
5862,INV-06727,CUS-0366,2023-01-09,5093.64,ONLINE,29,True
5863,INV-06728,CUS-0296,2023-04-03,227.45,CHEQUE,29,True
5864,INV-06730,CUS-0107,2023-05-15,7897.13,NEFT,58,False
5865,INV-06731,CUS-0170,2023-10-28,2861.08,NEFT,44,True
5866,INV-06732,CUS-0256,2022-08-25,875.01,CHEQUE,55,True
5867,INV-06733,CUS-0436,2023-12-25,1425.78,RTGS,29,True
5868,INV-06735,CUS-0332,2023-05-04,2307.03,RTGS,56,True
5869,INV-06736,CUS-0018,2023-08-01,1063.96,CHEQUE,27,True
5870,INV-06737,CUS-0238,2024-02-13,5001.26,RTGS,43,True
5871,INV-06738,CUS-0317,2023-04-21,1062.93,NEFT,28,True
5872,INV-06739,CUS-0038,2022-05-28,1028.28,CHEQUE,28,True
5873,INV-06741,CUS-0468,2023-07-28,48053.66,RTGS,29,True
5874,INV-06743,CUS-0163,2022-09-23,3276.07,RTGS,60,True
5875,INV-06744,CUS-0466,2024-05-27,931.16,ONLINE,60,True
5876,INV-06745,CUS-0251,2023-01-28,572.32,CHEQUE,59,True
5877,INV-06746,CUS-0131,2023-07-21,1346.06,CHEQUE,26,True
5878,INV-06747,CUS-0327,2022-10-04,10656.1,ONLINE,29,True
5879,INV-06748,CUS-0370,2022-08-07,13749.82,RTGS,40,True
5880,INV-06749,CUS-0483,2022-08-30,1026.44,NEFT,32,False
5881,INV-06750,CUS-0363,2024-03-13,3231.04,CHEQUE,66,False
5882,INV-06751,CUS-0403,2022-10-06,31876.47,NEFT,41,True
5883,INV-06752,CUS-0260,2022-07-29,6413.39,CHEQUE,42,True
5884,INV-06753,CUS-0113,2023-08-12,4491.23,RTGS,45,True
5885,INV-06754,CUS-0437,2024-04-23,4871.26,ONLINE,58,True
5886,INV-06756,CUS-0223,2022-06-27,11664.97,ONLINE,87,False
5887,INV-06757,CUS-0089,2023-03-26,16857.09,NEFT,57,True
5888,INV-06758,CUS-0362,2023-05-26,663.87,ONLINE,26,True
5889,INV-06759,CUS-0487,2024-04-25,3381.99,NEFT,50,False
5890,INV-06760,CUS-0011,2022-07-05,1796.01,CHEQUE,57,True
5891,INV-06761,CUS-0450,2024-02-24,37332.92,NEFT,60,True
5892,INV-06762,CUS-0087,2022-11-01,3548.67,RTGS,30,True
5893,INV-06763,CUS-0196,2022-08-25,4427.63,ONLINE,44,True
5894,INV-06764,CUS-0139,2024-04-29,6365.1,ONLINE,43,True
5895,INV-06765,CUS-0422,2022-05-29,701.78,RTGS,41,True
5896,INV-06766,CUS-0110,2023-01-15,1364.13,NEFT,29,True
5897,INV-06767,CUS-0397,2023-08-06,1738.01,CHEQUE,55,True
5898,INV-06768,CUS-0003,2022-12-30,7970.57,ONLINE,42,True
5899,INV-06769,CUS-0369,2023-03-21,7588.39,NEFT,43,True
5900,INV-06771,CUS-0332,2024-02-01,4140.1,RTGS,57,True
5901,INV-06773,CUS-0481,2022-09-27,23927.65,CHEQUE,43,True
5902,INV-06776,CUS-0462,2022-10-24,400.9,RTGS,89,False
5903,INV-06777,CUS-0140,2023-07-09,31380.98,ONLINE,28,True
5904,INV-06778,CUS-0253,2024-01-02,5014.37,ONLINE,41,True
5905,INV-06779,CUS-0283,2022-11-21,2998.07,NEFT,27,True
5906,INV-06780,CUS-0362,2022-12-01,1793.41,CHEQUE,29,True
5907,INV-06781,CUS-0265,2024-02-26,43249.92,RTGS,43,True
5908,INV-06782,CUS-0138,2022-06-17,14467.78,CHEQUE,42,True
5909,INV-06783,CUS-0098,2022-10-14,1476.28,ONLINE,25,True
5910,INV-06784,CUS-0408,2023-01-04,15585.63,CHEQUE,73,False
5911,INV-06785,CUS-0181,2022-09-23,3750.05,ONLINE,42,True
5912,INV-06786,CUS-0050,2024-02-02,15367.72,NEFT,45,True
5913,INV-06787,CUS-0031,2023-04-18,13329.3,RTGS,58,True
5914,INV-06788,CUS-0200,2023-03-20,887.35,NEFT,43,False
5915,INV-06789,CUS-0331,2022-11-18,3161.5,CHEQUE,59,True
5916,INV-06790,CUS-0489,2022-10-25,2738.39,ONLINE,58,True
5917,INV-06791,CUS-0219,2022-08-01,9884.12,RTGS,71,False
5918,INV-06792,CUS-0117,2023-10-14,2058.06,ONLINE,27,True
5919,INV-06794,CUS-0086,2023-10-27,1119.38,CHEQUE,59,True
5920,INV-06795,CUS-0213,2023-07-09,338.71,NEFT,55,True
5921,INV-06796,CUS-0273,2023-08-30,1036.95,ONLINE,28,True
5922,INV-06797,CUS-0162,2023-03-12,15138.75,ONLINE,25,True
5923,INV-06799,CUS-0233,2023-01-24,7648.75,ONLINE,49,False
5924,INV-06800,CUS-0149,2022-12-06,39710.17,ONLINE,44,True
5925,INV-06801,CUS-0146,2022-10-19,105424.74,NEFT,41,True
5926,INV-06802,CUS-0338,2022-09-10,18271.6,NEFT,55,True
5927,INV-06803,CUS-0317,2024-01-01,787.88,CHEQUE,30,True
5928,INV-06804,CUS-0416,2022-12-04,2798.46,RTGS,30,True
5929,INV-06805,CUS-0096,2024-04-02,10837.82,CHEQUE,25,True
5930,INV-06806,CUS-0007,2023-02-06,3290.96,RTGS,40,True
5931,INV-06807,CUS-0386,2023-06-06,1065.39,RTGS,56,True
5932,INV-06808,CUS-0259,2022-12-13,88.82,NEFT,41,True
5933,INV-06809,CUS-0072,2023-06-29,11747.58,NEFT,84,False
5934,INV-06810,CUS-0426,2023-10-30,5431.62,NEFT,41,True
5935,INV-06811,CUS-0009,2022-07-17,21282.29,ONLINE,29,True
5936,INV-06812,CUS-0074,2023-08-28,8800.33,RTGS,26,True
5937,INV-06813,CUS-0236,2023-08-20,80127.26,CHEQUE,56,True
5938,INV-06816,CUS-0460,2024-03-02,4308.01,RTGS,42,True
5939,INV-06818,CUS-0333,2023-06-06,3260.03,NEFT,58,True
5940,INV-06819,CUS-0297,2023-01-14,4679.1,ONLINE,43,True
5941,INV-06820,CUS-0099,2022-10-06,46297.86,NEFT,44,True
5942,INV-06821,CUS-0076,2024-04-25,7310.16,NEFT,56,True
5943,INV-06822,CUS-0308,2022-12-24,27053.27,ONLINE,44,True
5944,INV-06823,CUS-0071,2022-12-08,6264.55,RTGS,42,True
5945,INV-06824,CUS-0270,2023-12-10,2798.5,CHEQUE,71,False
5946,INV-06825,CUS-0072,2024-04-23,14233.65,RTGS,70,False
5947,INV-06826,CUS-0380,2024-02-16,1181.36,CHEQUE,41,True
5948,INV-06827,CUS-0056,2024-03-21,690.49,NEFT,25,True
5949,INV-06828,CUS-0208,2022-10-16,5591.98,CHEQUE,56,True
5950,INV-06829,CUS-0005,2022-09-09,766.26,RTGS,60,True
5951,INV-06830,CUS-0134,2024-03-16,386.79,NEFT,60,True
5952,INV-06831,CUS-0214,2023-04-21,189.67,NEFT,25,True
5953,INV-06832,CUS-0173,2023-02-24,2022.86,NEFT,59,True
5954,INV-06833,CUS-0090,2023-11-08,15144.35,ONLINE,42,True
5955,INV-06834,CUS-0248,2023-11-17,38204.54,CHEQUE,30,True
5956,INV-06835,CUS-0217,2022-08-31,32912.76,RTGS,56,True
5957,INV-06836,CUS-0031,2022-12-27,15527.94,CHEQUE,57,True
5958,INV-06837,CUS-0499,2023-05-23,649.86,NEFT,57,True
5959,INV-06838,CUS-0277,2023-02-22,4844.27,CHEQUE,58,True
5960,INV-06839,CUS-0087,2023-04-28,4240.39,NEFT,29,True
5961,INV-06840,CUS-0332,2023-08-02,682.33,ONLINE,55,True
5962,INV-06841,CUS-0379,2022-12-02,8534.95,RTGS,45,True
5963,INV-06842,CUS-0047,2024-03-27,21652.56,CHEQUE,56,True
5964,INV-06846,CUS-0021,2023-10-19,1004.07,NEFT,28,True
5965,INV-06847,CUS-0017,2024-04-27,1207.49,CHEQUE,60,True
5966,INV-06848,CUS-0285,2023-07-10,618.98,CHEQUE,74,False
5967,INV-06849,CUS-0458,2023-09-28,2249.77,ONLINE,27,True
5968,INV-06850,CUS-0348,2023-04-17,331.85,NEFT,26,True
5969,INV-06851,CUS-0358,2022-11-18,9654.07,NEFT,55,False
5970,INV-06852,CUS-0403,2023-02-18,7111.91,ONLINE,41,True
5971,INV-06853,CUS-0457,2023-08-18,751.13,RTGS,55,True
5972,INV-06855,CUS-0054,2023-05-12,3313.43,ONLINE,45,False
5973,INV-06856,CUS-0161,2023-02-07,109939.04,RTGS,55,True
5974,INV-06857,CUS-0025,2024-02-24,7330.63,NEFT,30,True
5975,INV-06858,CUS-0132,2023-10-28,1075.01,ONLINE,64,False
5976,INV-06859,CUS-0428,2023-10-04,1523.06,RTGS,57,False
5977,INV-06860,CUS-0431,2022-11-07,5581.84,RTGS,43,True
5978,INV-06861,CUS-0371,2023-05-23,58894.36,CHEQUE,55,False
5979,INV-06863,CUS-0498,2024-05-05,899.51,CHEQUE,57,True
5980,INV-06865,CUS-0190,2023-07-19,410.01,ONLINE,40,True
5981,INV-06866,CUS-0034,2024-01-10,906.21,RTGS,49,False
5982,INV-06867,CUS-0274,2024-02-19,122514.68,CHEQUE,55,True
5983,INV-06868,CUS-0315,2022-11-24,7477.68,CHEQUE,60,True
5984,INV-06869,CUS-0195,2023-05-09,13820.25,RTGS,42,True
5985,INV-06870,CUS-0168,2023-10-25,1926.48,RTGS,58,True
5986,INV-06871,CUS-0010,2022-06-21,131937.4,CHEQUE,28,True
5987,INV-06872,CUS-0382,2024-01-15,10351.62,NEFT,57,True
5988,INV-06875,CUS-0313,2024-04-29,4293.4,ONLINE,56,True
5989,INV-06876,CUS-0048,2023-04-26,16606.84,NEFT,60,True
5990,INV-06877,CUS-0062,2022-09-06,1567.0,RTGS,42,True
5991,INV-06878,CUS-0162,2024-02-22,1638.73,NEFT,29,True
5992,INV-06879,CUS-0040,2024-03-15,50654.36,NEFT,44,True
5993,INV-06880,CUS-0406,2024-04-15,8664.57,NEFT,58,True
5994,INV-06881,CUS-0116,2023-06-01,2220.16,ONLINE,29,True
5995,INV-06882,CUS-0365,2022-06-06,25381.58,CHEQUE,40,True
5996,INV-06883,CUS-0124,2022-08-07,1286.21,RTGS,42,True
5997,INV-06884,CUS-0216,2024-05-01,2042.32,CHEQUE,60,True
5998,INV-06885,CUS-0098,2022-08-09,682.34,ONLINE,29,True
5999,INV-06886,CUS-0251,2023-07-15,1274.09,CHEQUE,56,True
6000,INV-06887,CUS-0435,2022-10-29,1937.8,NEFT,60,True
6001,INV-06888,CUS-0474,2023-01-28,9006.33,RTGS,55,True
6002,INV-06889,CUS-0062,2024-02-11,422.46,ONLINE,44,True
6003,INV-06890,CUS-0053,2022-09-04,3421.6,CHEQUE,55,True
6004,INV-06891,CUS-0010,2022-04-28,32888.2,ONLINE,25,True
6005,INV-06892,CUS-0114,2022-05-17,3177.44,RTGS,41,True
6006,INV-06893,CUS-0372,2023-04-14,3553.2,CHEQUE,26,True
6007,INV-06894,CUS-0443,2022-12-06,701.93,CHEQUE,42,True
6008,INV-06895,CUS-0142,2023-02-18,3782.91,NEFT,25,True
6009,INV-06896,CUS-0237,2023-10-10,188.15,ONLINE,44,True
6010,INV-06898,CUS-0386,2024-04-02,730.8,CHEQUE,57,True
6011,INV-06899,CUS-0025,2022-12-01,46410.42,RTGS,26,True
6012,INV-06900,CUS-0051,2022-06-04,4122.89,NEFT,43,True
6013,INV-06901,CUS-0499,2024-04-01,945.1,RTGS,55,True
6014,INV-06902,CUS-0080,2022-06-23,1807.18,RTGS,41,True
6015,INV-06903,CUS-0175,2022-08-08,10892.16,NEFT,59,True
6016,INV-06904,CUS-0220,2024-03-11,3395.8,RTGS,29,True
6017,INV-06906,CUS-0145,2023-10-04,556.42,RTGS,60,True
6018,INV-06907,CUS-0175,2023-01-04,19973.34,ONLINE,57,True
6019,INV-06908,CUS-0158,2023-05-22,1142.53,RTGS,29,True
6020,INV-06909,CUS-0245,2024-02-27,33054.46,CHEQUE,88,False
6021,INV-06910,CUS-0097,2023-12-05,8504.17,NEFT,55,True
6022,INV-06912,CUS-0497,2022-12-22,1953.19,CHEQUE,45,False
6023,INV-06913,CUS-0117,2022-06-25,447.55,ONLINE,38,False
6024,INV-06915,CUS-0207,2023-09-06,1255.72,ONLINE,59,True
6025,INV-06916,CUS-0106,2023-12-22,481.55,NEFT,56,True
6026,INV-06917,CUS-0385,2023-06-16,1459.85,CHEQUE,35,False
6027,INV-06918,CUS-0461,2022-06-02,5534.85,ONLINE,55,True
6028,INV-06919,CUS-0485,2022-08-03,45319.29,RTGS,57,True
6029,INV-06921,CUS-0186,2023-07-04,22226.46,CHEQUE,45,True
6030,INV-06922,CUS-0053,2023-02-05,2502.15,RTGS,55,True
6031,INV-06923,CUS-0458,2023-03-11,2601.08,ONLINE,29,True
6032,INV-06924,CUS-0233,2024-02-29,5475.54,RTGS,30,True
6033,INV-06925,CUS-0309,2023-12-13,1584.12,NEFT,60,True
6034,INV-06926,CUS-0234,2023-06-09,1158.89,NEFT,28,True
6035,INV-06927,CUS-0025,2022-08-24,30436.67,RTGS,27,True
6036,INV-06928,CUS-0256,2024-01-20,949.21,RTGS,59,True
6037,INV-06929,CUS-0111,2023-02-28,1262.96,RTGS,63,False
6038,INV-06930,CUS-0035,2023-05-01,11485.69,ONLINE,41,True
6039,INV-06931,CUS-0263,2024-05-21,686.11,NEFT,59,True
6040,INV-06932,CUS-0273,2024-04-22,1952.24,CHEQUE,27,True
6041,INV-06933,CUS-0220,2023-04-12,7001.96,ONLINE,27,True
6042,INV-06934,CUS-0236,2022-06-25,1052.37,CHEQUE,55,True
6043,INV-06935,CUS-0454,2024-02-06,10278.25,CHEQUE,73,False
6044,INV-06937,CUS-0026,2023-02-21,664.65,ONLINE,43,True
6045,INV-06938,CUS-0136,2023-01-15,6277.11,CHEQUE,44,True
6046,INV-06939,CUS-0001,2024-01-11,6351.88,ONLINE,61,False
6047,INV-06941,CUS-0433,2023-04-13,5660.85,NEFT,32,False
6048,INV-06942,CUS-0058,2022-06-04,484.06,NEFT,59,True
6049,INV-06943,CUS-0383,2022-05-06,2397.99,ONLINE,26,True
6050,INV-06944,CUS-0201,2022-09-08,4844.71,NEFT,43,True
6051,INV-06945,CUS-0343,2022-08-31,16899.08,NEFT,41,True
6052,INV-06946,CUS-0194,2023-07-07,2583.61,CHEQUE,28,True
6053,INV-06947,CUS-0033,2023-06-24,2094.73,NEFT,27,True
6054,INV-06948,CUS-0418,2024-02-24,4107.91,ONLINE,26,True
6055,INV-06949,CUS-0405,2022-05-14,5583.97,ONLINE,26,True
6056,INV-06950,CUS-0050,2022-08-20,20481.39,ONLINE,40,True
6057,INV-06951,CUS-0009,2023-09-28,43062.24,CHEQUE,27,True
6058,INV-06952,CUS-0261,2023-11-26,3885.49,ONLINE,60,True
6059,INV-06953,CUS-0029,2022-12-25,8537.99,RTGS,44,True
6060,INV-06955,CUS-0360,2023-10-26,6381.17,NEFT,40,True
6061,INV-06956,CUS-0086,2023-09-07,5418.75,CHEQUE,56,True
6062,INV-06957,CUS-0077,2023-10-06,2991.53,RTGS,88,False
6063,INV-06958,CUS-0129,2023-05-22,5957.03,CHEQUE,28,True
6064,INV-06960,CUS-0316,2022-08-13,1086.68,ONLINE,50,False
6065,INV-06962,CUS-0116,2023-10-25,5518.78,CHEQUE,25,True
6066,INV-06964,CUS-0498,2022-09-19,918.71,ONLINE,59,True
6067,INV-06965,CUS-0206,2022-09-26,7711.76,NEFT,40,True
6068,INV-06966,CUS-0292,2022-06-19,3669.82,RTGS,42,True
6069,INV-06967,CUS-0317,2022-05-31,779.56,RTGS,58,False
6070,INV-06968,CUS-0146,2023-02-10,1920.78,NEFT,42,True
6071,INV-06969,CUS-0225,2023-04-15,577.48,CHEQUE,43,True
6072,INV-06970,CUS-0166,2023-10-05,3059.92,ONLINE,44,True
6073,INV-06971,CUS-0471,2022-06-22,13631.37,ONLINE,45,True
6074,INV-06972,CUS-0406,2023-06-23,540.67,RTGS,57,True
6075,INV-06975,CUS-0003,2024-01-07,8527.88,CHEQUE,42,True
6076,INV-06976,CUS-0042,2023-01-08,19310.85,RTGS,59,True
6077,INV-06977,CUS-0171,2022-08-30,2321.37,ONLINE,42,True
6078,INV-06978,CUS-0419,2023-06-13,3365.92,ONLINE,55,True
6079,INV-06979,CUS-0482,2024-05-09,2589.45,CHEQUE,59,True
6080,INV-06981,CUS-0299,2023-06-06,2091.61,CHEQUE,87,False
6081,INV-06982,CUS-0152,2024-01-21,4026.56,RTGS,45,True
6082,INV-06983,CUS-0265,2022-05-21,40189.61,CHEQUE,44,True
6083,INV-06985,CUS-0488,2024-01-06,1675.7,CHEQUE,57,True
6084,INV-06986,CUS-0439,2022-08-15,3621.55,CHEQUE,70,False
6085,INV-06987,CUS-0141,2024-04-16,6960.4,CHEQUE,57,True
6086,INV-06988,CUS-0321,2023-08-12,1537.6,ONLINE,27,True
6087,INV-06989,CUS-0088,2023-12-19,15074.78,ONLINE,30,True
6088,INV-06990,CUS-0413,2023-07-27,640.8,RTGS,41,True
6089,INV-06992,CUS-0053,2024-02-19,12631.63,ONLINE,55,True
6090,INV-06993,CUS-0070,2023-03-03,10515.65,CHEQUE,27,True
6091,INV-06994,CUS-0124,2023-07-06,2700.31,RTGS,43,True
6092,INV-06995,CUS-0076,2024-01-22,7327.23,CHEQUE,85,False
6093,INV-06996,CUS-0359,2022-09-01,8269.52,CHEQUE,28,True
6094,INV-06997,CUS-0124,2023-08-31,1291.14,CHEQUE,43,True
6095,INV-06998,CUS-0152,2022-12-10,1011.84,RTGS,41,True
6096,INV-06999,CUS-0266,2024-01-01,9307.22,CHEQUE,30,True
6097,INV-07001,CUS-0256,2022-09-18,632.13,ONLINE,60,True
6098,INV-07002,CUS-0018,2024-05-01,881.05,ONLINE,45,False
6099,INV-07003,CUS-0453,2022-08-08,907.22,NEFT,29,True
6100,INV-07004,CUS-0153,2022-08-27,3942.48,ONLINE,56,True
6101,INV-07005,CUS-0389,2023-12-11,1640.54,NEFT,27,True
6102,INV-07006,CUS-0130,2024-01-05,827.66,RTGS,88,False
6103,INV-07007,CUS-0225,2023-01-04,1384.53,RTGS,41,True
6104,INV-07009,CUS-0305,2023-03-10,4695.87,RTGS,40,True
6105,INV-07010,CUS-0304,2024-01-27,2609.49,CHEQUE,25,True
6106,INV-07011,CUS-0491,2024-03-03,4716.21,RTGS,43,True
6107,INV-07012,CUS-0427,2023-07-30,166.98,CHEQUE,56,True
6108,INV-07013,CUS-0470,2022-08-14,4706.83,ONLINE,60,True
6109,INV-07014,CUS-0058,2024-03-09,136.36,ONLINE,59,True
6110,INV-07015,CUS-0120,2022-06-21,3755.22,CHEQUE,43,True
6111,INV-07017,CUS-0206,2022-07-09,71760.91,NEFT,42,True
6112,INV-07018,CUS-0401,2023-11-19,8841.32,ONLINE,40,True
6113,INV-07019,CUS-0272,2022-06-19,473.05,ONLINE,41,True
6114,INV-07020,CUS-0081,2023-10-12,638.35,ONLINE,51,False
6115,INV-07021,CUS-0251,2022-09-25,7322.59,NEFT,55,True
6116,INV-07022,CUS-0123,2023-10-13,14294.72,CHEQUE,43,True
6117,INV-07023,CUS-0235,2023-05-29,780.32,RTGS,40,True
6118,INV-07024,CUS-0483,2022-11-19,3026.15,CHEQUE,29,True
6119,INV-07025,CUS-0402,2022-06-27,4787.85,ONLINE,34,False
6120,INV-07027,CUS-0453,2022-11-11,10427.44,NEFT,53,False
6121,INV-07028,CUS-0066,2023-03-10,29001.2,NEFT,43,True
6122,INV-07029,CUS-0296,2023-01-27,623.62,RTGS,27,True
6123,INV-07030,CUS-0226,2023-01-24,2241.1,NEFT,52,False
6124,INV-07031,CUS-0485,2023-09-25,13844.27,ONLINE,55,True
6125,INV-07032,CUS-0479,2023-05-02,12597.13,RTGS,42,True
6126,INV-07033,CUS-0442,2023-07-21,18552.45,NEFT,43,True
6127,INV-07034,CUS-0301,2023-03-29,3956.58,ONLINE,45,True
6128,INV-07035,CUS-0209,2023-05-17,2274.61,NEFT,26,True
6129,INV-07036,CUS-0423,2023-04-19,657.16,NEFT,41,True
6130,INV-07037,CUS-0051,2022-10-03,6559.32,NEFT,40,True
6131,INV-07038,CUS-0374,2022-07-02,2789.84,ONLINE,57,True
6132,INV-07039,CUS-0018,2023-06-27,5311.6,CHEQUE,51,False
6133,INV-07040,CUS-0039,2023-06-24,1147.18,ONLINE,43,True
6134,INV-07041,CUS-0309,2024-01-22,4044.08,NEFT,65,False
6135,INV-07043,CUS-0302,2022-06-15,673.74,NEFT,27,True
6136,INV-07044,CUS-0365,2024-04-26,9800.51,RTGS,47,False
6137,INV-07045,CUS-0133,2024-05-10,17005.49,CHEQUE,70,False
6138,INV-07046,CUS-0424,2022-11-05,1766.99,NEFT,58,False
6139,INV-07047,CUS-0325,2023-09-01,456.9,RTGS,25,True
6140,INV-07048,CUS-0050,2024-02-14,21164.65,RTGS,43,True
6141,INV-07049,CUS-0381,2022-08-03,14169.44,ONLINE,30,True
6142,INV-07050,CUS-0326,2023-05-03,6966.31,RTGS,60,True
6143,INV-07051,CUS-0133,2022-10-29,2728.19,ONLINE,67,False
6144,INV-07052,CUS-0133,2023-03-15,7118.9,CHEQUE,43,True
6145,INV-07053,CUS-0084,2024-04-06,1638.5,CHEQUE,60,True
6146,INV-07054,CUS-0173,2023-04-25,1415.16,NEFT,79,False
6147,INV-07055,CUS-0233,2023-12-21,7409.12,RTGS,29,True
6148,INV-07056,CUS-0204,2024-02-04,558.59,NEFT,41,True
6149,INV-07057,CUS-0366,2022-05-12,13784.05,RTGS,27,True
6150,INV-07058,CUS-0164,2023-04-29,4430.22,NEFT,27,True
6151,INV-07059,CUS-0085,2023-02-02,11121.66,RTGS,85,False
6152,INV-07062,CUS-0033,2023-12-30,8813.34,NEFT,29,True
6153,INV-07063,CUS-0113,2022-06-03,8132.53,ONLINE,44,True
6154,INV-07064,CUS-0313,2023-06-25,2393.23,CHEQUE,59,True
6155,INV-07065,CUS-0127,2023-04-21,3325.82,ONLINE,40,True
6156,INV-07066,CUS-0250,2022-07-31,25324.44,CHEQUE,29,True
6157,INV-07067,CUS-0200,2022-12-05,944.84,NEFT,31,False
6158,INV-07068,CUS-0106,2023-07-27,418.68,CHEQUE,55,True
6159,INV-07069,CUS-0295,2022-07-17,12482.07,NEFT,40,True
6160,INV-07070,CUS-0363,2024-03-08,1640.33,NEFT,71,False
6161,INV-07071,CUS-0082,2022-12-09,767.01,CHEQUE,43,True
6162,INV-07072,CUS-0341,2022-08-29,1175.53,RTGS,28,True
6163,INV-07073,CUS-0300,2024-02-14,5623.83,NEFT,29,True
6164,INV-07074,CUS-0325,2022-06-29,1262.45,RTGS,28,True
6165,INV-07075,CUS-0269,2022-08-30,431.78,NEFT,40,True
6166,INV-07076,CUS-0373,2024-01-25,50495.36,RTGS,43,True
6167,INV-07077,CUS-0498,2023-05-18,1633.31,ONLINE,58,True
6168,INV-07078,CUS-0237,2022-07-21,1700.34,CHEQUE,42,True
6169,INV-07079,CUS-0007,2022-12-15,3108.16,ONLINE,65,False
6170,INV-07081,CUS-0113,2022-12-22,18843.96,ONLINE,42,True
6171,INV-07082,CUS-0231,2023-10-28,1121.8,NEFT,29,True
6172,INV-07083,CUS-0388,2023-07-10,6652.86,CHEQUE,26,True
6173,INV-07084,CUS-0133,2024-01-30,79876.77,CHEQUE,44,True
6174,INV-07085,CUS-0430,2023-05-07,395.81,ONLINE,59,True
6175,INV-07086,CUS-0127,2022-07-13,3868.9,ONLINE,42,True
6176,INV-07087,CUS-0302,2023-03-22,84.37,CHEQUE,25,True
6177,INV-07088,CUS-0332,2023-08-20,749.32,NEFT,90,False
6178,INV-07089,CUS-0385,2024-02-19,6071.52,ONLINE,27,True
6179,INV-07090,CUS-0472,2024-01-27,7508.47,CHEQUE,28,True
6180,INV-07091,CUS-0179,2023-08-04,57651.35,RTGS,57,True
6181,INV-07092,CUS-0282,2023-03-26,3861.07,CHEQUE,68,False
6182,INV-07093,CUS-0311,2022-11-10,8654.8,NEFT,58,True
6183,INV-07094,CUS-0182,2023-04-17,14016.24,RTGS,56,True
6184,INV-07095,CUS-0388,2023-06-26,6258.39,CHEQUE,26,True
6185,INV-07096,CUS-0176,2024-04-11,2097.94,CHEQUE,45,True
6186,INV-07097,CUS-0001,2023-11-29,11515.43,ONLINE,80,False
6187,INV-07099,CUS-0352,2022-07-21,690.66,NEFT,81,False
6188,INV-07100,CUS-0244,2023-09-09,13536.62,ONLINE,41,True
6189,INV-07101,CUS-0011,2022-09-26,596.28,ONLINE,56,True
6190,INV-07103,CUS-0198,2023-05-06,11172.24,RTGS,57,True
6191,INV-07104,CUS-0206,2022-10-09,11767.1,ONLINE,54,False
6192,INV-07105,CUS-0023,2022-11-28,3467.04,NEFT,57,True
6193,INV-07106,CUS-0310,2023-01-29,18435.53,ONLINE,45,True
6194,INV-07107,CUS-0234,2022-12-06,89879.25,ONLINE,28,True
6195,INV-07108,CUS-0313,2023-07-02,1590.06,ONLINE,90,False
6196,INV-07109,CUS-0251,2022-07-04,15101.33,ONLINE,60,True
6197,INV-07110,CUS-0222,2023-05-15,2228.27,ONLINE,57,True
6198,INV-07111,CUS-0360,2022-10-14,2482.31,CHEQUE,45,True
6199,INV-07112,CUS-0237,2024-02-26,1693.17,ONLINE,43,True
6200,INV-07114,CUS-0088,2024-01-20,5582.67,RTGS,27,True
6201,INV-07115,CUS-0487,2023-01-12,2778.15,ONLINE,26,True
6202,INV-07116,CUS-0011,2023-04-07,5661.67,CHEQUE,56,True
6203,INV-07117,CUS-0010,2023-07-21,14268.97,NEFT,25,True
6204,INV-07118,CUS-0371,2023-04-27,4714.66,CHEQUE,40,False
6205,INV-07119,CUS-0088,2023-11-23,8490.18,NEFT,37,False
6206,INV-07120,CUS-0242,2024-03-19,2036.36,ONLINE,28,True
6207,INV-07121,CUS-0131,2024-04-07,573.95,ONLINE,26,True
6208,INV-07123,CUS-0145,2024-05-16,31672.22,NEFT,57,True
6209,INV-07124,CUS-0435,2022-11-25,1780.42,NEFT,58,True
6210,INV-07125,CUS-0148,2023-04-02,8692.52,CHEQUE,69,False
6211,INV-07126,CUS-0376,2024-04-24,413.95,NEFT,44,True
6212,INV-07127,CUS-0263,2022-11-18,3087.71,ONLINE,70,False
6213,INV-07128,CUS-0382,2023-11-21,1007.11,CHEQUE,57,True
6214,INV-07129,CUS-0092,2023-04-02,15166.97,RTGS,28,True
6215,INV-07130,CUS-0085,2022-09-15,1946.89,CHEQUE,58,True
6216,INV-07131,CUS-0434,2022-10-20,11741.18,ONLINE,25,True
6217,INV-07132,CUS-0321,2022-11-18,297.83,ONLINE,57,False
6218,INV-07133,CUS-0058,2022-08-28,1936.32,ONLINE,72,False
6219,INV-07134,CUS-0280,2023-11-04,1630.08,RTGS,90,False
6220,INV-07136,CUS-0093,2024-05-04,2069.01,ONLINE,64,False
6221,INV-07137,CUS-0260,2024-02-17,3513.17,ONLINE,41,True
6222,INV-07138,CUS-0075,2023-06-25,1289.04,CHEQUE,55,True
6223,INV-07139,CUS-0036,2023-01-02,1746.52,NEFT,53,False
6224,INV-07141,CUS-0200,2023-03-22,1111.6,ONLINE,30,True
6225,INV-07142,CUS-0262,2023-04-24,2299.42,RTGS,57,True
6226,INV-07143,CUS-0394,2022-11-17,1003.08,RTGS,45,True
6227,INV-07144,CUS-0262,2022-10-26,3595.53,ONLINE,79,False
6228,INV-07145,CUS-0189,2023-06-09,13755.57,ONLINE,40,True
6229,INV-07146,CUS-0367,2023-08-27,6322.39,ONLINE,55,False
6230,INV-07147,CUS-0062,2023-05-04,1001.49,RTGS,40,True
6231,INV-07148,CUS-0139,2022-10-07,2264.65,ONLINE,40,True
6232,INV-07149,CUS-0123,2024-02-12,2544.2,NEFT,44,True
6233,INV-07150,CUS-0200,2023-05-28,2212.66,NEFT,28,True
6234,INV-07151,CUS-0463,2024-04-14,15604.75,CHEQUE,59,True
6235,INV-07153,CUS-0349,2022-12-28,4802.92,ONLINE,27,True
6236,INV-07154,CUS-0285,2024-01-14,1128.28,RTGS,41,True
6237,INV-07155,CUS-0083,2022-08-31,14455.62,CHEQUE,30,True
6238,INV-07156,CUS-0476,2023-11-10,16208.69,RTGS,55,True
6239,INV-07157,CUS-0222,2023-04-15,4244.24,NEFT,60,True
6240,INV-07158,CUS-0426,2022-09-05,3802.35,NEFT,73,False
6241,INV-07159,CUS-0265,2023-11-03,7023.04,ONLINE,50,False
6242,INV-07160,CUS-0069,2023-07-14,4384.27,NEFT,57,True
6243,INV-07161,CUS-0454,2024-01-09,9562.32,RTGS,69,False
6244,INV-07162,CUS-0077,2022-11-19,963.93,CHEQUE,81,False
6245,INV-07163,CUS-0326,2024-01-22,3074.82,NEFT,59,True
6246,INV-07164,CUS-0319,2023-02-03,2868.54,NEFT,55,True
6247,INV-07165,CUS-0465,2023-03-17,3382.12,ONLINE,56,True
6248,INV-07166,CUS-0192,2024-01-03,23296.17,ONLINE,30,True
6249,INV-07168,CUS-0251,2022-07-17,1338.86,NEFT,58,True
6250,INV-07169,CUS-0366,2023-06-22,18831.16,CHEQUE,30,True
6251,INV-07170,CUS-0133,2023-03-03,14335.65,RTGS,42,True
6252,INV-07171,CUS-0260,2022-10-06,11936.0,ONLINE,57,False
6253,INV-07173,CUS-0444,2023-08-15,20926.53,RTGS,59,True
6254,INV-07174,CUS-0306,2022-10-28,8323.94,ONLINE,41,False
6255,INV-07175,CUS-0458,2022-10-18,546.85,ONLINE,27,True
6256,INV-07176,CUS-0112,2023-07-26,6171.98,CHEQUE,58,True
6257,INV-07177,CUS-0016,2024-02-08,6794.21,NEFT,56,True
6258,INV-07178,CUS-0401,2023-10-14,57778.22,CHEQUE,52,False
6259,INV-07179,CUS-0063,2023-09-26,5453.33,CHEQUE,44,True
6260,INV-07180,CUS-0463,2022-06-21,33292.86,NEFT,69,False
6261,INV-07182,CUS-0213,2023-03-18,1524.34,ONLINE,58,True
6262,INV-07183,CUS-0107,2023-08-25,6123.85,RTGS,42,True
6263,INV-07185,CUS-0023,2024-02-13,1852.51,ONLINE,59,True
6264,INV-07186,CUS-0014,2022-09-29,17069.75,NEFT,55,True
6265,INV-07187,CUS-0467,2023-03-08,251.83,ONLINE,40,True
6266,INV-07188,CUS-0192,2022-08-13,19289.82,CHEQUE,26,True
6267,INV-07189,CUS-0103,2023-12-27,798.01,ONLINE,43,True
6268,INV-07190,CUS-0400,2022-10-26,8042.64,NEFT,42,True
6269,INV-07191,CUS-0211,2023-10-02,3084.86,CHEQUE,60,True
6270,INV-07192,CUS-0214,2023-04-12,816.2,CHEQUE,60,False
6271,INV-07193,CUS-0319,2023-05-21,2984.34,CHEQUE,59,True
6272,INV-07195,CUS-0355,2023-03-21,776.21,ONLINE,25,True
6273,INV-07196,CUS-0318,2022-11-14,1694.26,NEFT,56,True
6274,INV-07197,CUS-0156,2022-07-03,1775.67,ONLINE,60,True
6275,INV-07198,CUS-0082,2023-11-10,2832.03,NEFT,42,True
6276,INV-07199,CUS-0139,2023-11-21,4352.13,ONLINE,43,True
6277,INV-07200,CUS-0330,2023-10-20,5718.99,CHEQUE,65,False
6278,INV-07201,CUS-0071,2024-03-05,106724.05,RTGS,73,False
6279,INV-07202,CUS-0250,2022-05-25,10668.44,NEFT,28,True
6280,INV-07203,CUS-0310,2022-10-19,14831.0,NEFT,42,True
6281,INV-07204,CUS-0026,2022-11-23,4116.02,CHEQUE,45,True
6282,INV-07205,CUS-0014,2023-12-07,10467.19,NEFT,55,True
6283,INV-07206,CUS-0266,2023-01-20,25917.08,NEFT,27,True
6284,INV-07207,CUS-0211,2022-12-17,3048.9,CHEQUE,58,True
6285,INV-07208,CUS-0111,2023-06-23,999.45,NEFT,41,True
6286,INV-07209,CUS-0119,2023-12-16,415.17,RTGS,28,True
6287,INV-07211,CUS-0463,2024-03-29,45147.82,NEFT,65,False
6288,INV-07212,CUS-0138,2023-02-28,4266.11,ONLINE,44,True
6289,INV-07213,CUS-0408,2022-09-09,23107.25,RTGS,44,True
6290,INV-07214,CUS-0176,2023-10-19,3329.74,ONLINE,41,True
6291,INV-07215,CUS-0266,2024-01-27,20689.76,NEFT,26,True
6292,INV-07216,CUS-0287,2022-09-23,2892.0,CHEQUE,56,True
6293,INV-07217,CUS-0113,2024-02-08,10485.75,CHEQUE,47,False
6294,INV-07218,CUS-0387,2022-12-26,53268.51,ONLINE,60,False
6295,INV-07219,CUS-0313,2022-10-19,1335.02,NEFT,58,True
6296,INV-07220,CUS-0349,2023-11-15,2473.56,RTGS,27,True
6297,INV-07221,CUS-0271,2024-01-04,6617.71,ONLINE,25,True
6298,INV-07222,CUS-0291,2023-04-30,7843.66,ONLINE,59,True
6299,INV-07223,CUS-0128,2024-01-05,433.7,CHEQUE,60,True
6300,INV-07224,CUS-0340,2023-05-24,1134.54,CHEQUE,58,True
6301,INV-07226,CUS-0111,2024-02-08,6226.47,ONLINE,44,True
6302,INV-07227,CUS-0312,2023-01-07,15469.37,RTGS,40,True
6303,INV-07228,CUS-0082,2024-04-30,1356.17,ONLINE,43,True
6304,INV-07229,CUS-0315,2023-08-08,2175.49,ONLINE,56,True
6305,INV-07230,CUS-0343,2024-04-11,16524.52,NEFT,43,True
6306,INV-07232,CUS-0372,2023-02-19,1950.84,RTGS,30,True
6307,INV-07233,CUS-0199,2024-03-15,23295.55,ONLINE,45,True
6308,INV-07234,CUS-0230,2024-03-10,3995.73,ONLINE,66,False
6309,INV-07235,CUS-0247,2023-09-20,1399.96,ONLINE,25,True
6310,INV-07236,CUS-0256,2022-10-02,909.92,NEFT,65,False
6311,INV-07237,CUS-0459,2024-01-11,4077.13,RTGS,30,True
6312,INV-07238,CUS-0319,2023-11-04,3694.43,ONLINE,59,True
6313,INV-07239,CUS-0327,2023-05-05,4118.25,ONLINE,30,True
6314,INV-07240,CUS-0057,2022-06-18,2546.12,CHEQUE,28,True
6315,INV-07241,CUS-0366,2022-10-04,3664.62,RTGS,28,True
6316,INV-07242,CUS-0376,2022-05-27,4922.4,ONLINE,44,True
6317,INV-07243,CUS-0048,2023-07-02,3665.89,CHEQUE,59,True
6318,INV-07244,CUS-0060,2023-10-22,32447.03,RTGS,25,True
6319,INV-07246,CUS-0431,2022-12-17,921.56,NEFT,43,True
6320,INV-07247,CUS-0157,2022-08-27,1179.3,ONLINE,27,True
6321,INV-07248,CUS-0270,2022-09-26,1022.59,RTGS,56,True
6322,INV-07250,CUS-0309,2023-02-02,7869.2,CHEQUE,55,True
6323,INV-07251,CUS-0329,2023-01-29,4908.93,RTGS,57,True
6324,INV-07252,CUS-0458,2022-12-21,2181.37,RTGS,29,True
6325,INV-07253,CUS-0298,2022-05-31,1968.52,CHEQUE,32,False
6326,INV-07254,CUS-0238,2023-02-07,754.53,ONLINE,42,True
6327,INV-07255,CUS-0250,2023-05-29,9218.15,ONLINE,27,True
6328,INV-07256,CUS-0306,2023-12-13,9112.62,CHEQUE,27,True
6329,INV-07257,CUS-0175,2023-07-04,23041.3,NEFT,58,True
6330,INV-07258,CUS-0153,2024-03-29,6219.98,RTGS,56,True
6331,INV-07259,CUS-0211,2022-08-26,13968.88,NEFT,55,True
6332,INV-07260,CUS-0374,2022-08-19,8274.71,ONLINE,57,True
6333,INV-07261,CUS-0295,2023-10-18,42589.56,ONLINE,44,True
6334,INV-07263,CUS-0118,2022-10-09,3614.12,RTGS,68,False
6335,INV-07264,CUS-0459,2022-06-18,744.92,NEFT,26,True
6336,INV-07265,CUS-0152,2024-03-14,1287.06,ONLINE,43,True
6337,INV-07266,CUS-0372,2022-09-20,1045.03,NEFT,27,True
6338,INV-07267,CUS-0126,2023-06-21,5669.02,CHEQUE,58,True
6339,INV-07268,CUS-0085,2022-10-13,1836.23,ONLINE,85,False
6340,INV-07269,CUS-0234,2024-01-21,8687.69,NEFT,25,True
6341,INV-07270,CUS-0204,2022-06-26,5626.99,RTGS,66,False
6342,INV-07271,CUS-0406,2024-02-24,7850.91,CHEQUE,55,True
6343,INV-07273,CUS-0216,2023-09-21,24823.22,RTGS,55,True
6344,INV-07274,CUS-0226,2024-01-15,1828.86,NEFT,42,False
6345,INV-07276,CUS-0011,2022-11-28,5220.46,RTGS,59,True
6346,INV-07277,CUS-0439,2023-04-03,3772.95,ONLINE,42,True
6347,INV-07278,CUS-0317,2022-07-08,4069.02,CHEQUE,46,False
6348,INV-07280,CUS-0381,2024-01-22,9583.9,NEFT,28,True
6349,INV-07281,CUS-0073,2023-10-14,4513.6,ONLINE,30,True
6350,INV-07282,CUS-0064,2024-03-21,20050.26,ONLINE,28,True
6351,INV-07283,CUS-0013,2024-02-04,71787.5,ONLINE,25,True
6352,INV-07284,CUS-0013,2022-11-13,4189.97,CHEQUE,25,True
6353,INV-07286,CUS-0131,2023-06-29,375.42,RTGS,27,True
6354,INV-07287,CUS-0135,2023-10-07,29912.26,NEFT,25,True
6355,INV-07288,CUS-0437,2024-03-01,47229.97,CHEQUE,59,True
6356,INV-07289,CUS-0107,2024-01-31,11329.65,RTGS,41,True
6357,INV-07290,CUS-0120,2022-08-11,2597.55,RTGS,44,True
6358,INV-07292,CUS-0450,2024-04-25,6358.88,NEFT,58,True
6359,INV-07293,CUS-0184,2023-01-21,22379.34,RTGS,67,False
6360,INV-07294,CUS-0200,2023-02-27,1363.0,CHEQUE,40,False
6361,INV-07296,CUS-0254,2023-07-21,1719.35,RTGS,42,True
6362,INV-07297,CUS-0493,2024-03-13,1421.42,ONLINE,25,True
6363,INV-07298,CUS-0176,2023-09-19,1075.83,CHEQUE,42,True
6364,INV-07299,CUS-0480,2024-01-07,7154.23,NEFT,26,True
6365,INV-07300,CUS-0212,2023-02-02,1719.76,RTGS,58,True
6366,INV-07302,CUS-0082,2023-05-07,750.1,CHEQUE,44,True
6367,INV-07303,CUS-0032,2022-09-05,18910.3,ONLINE,57,True
6368,INV-07304,CUS-0178,2022-10-09,36078.38,NEFT,40,True
6369,INV-07305,CUS-0366,2023-02-22,7597.45,ONLINE,25,True
6370,INV-07306,CUS-0437,2023-10-02,87879.18,CHEQUE,55,True
6371,INV-07308,CUS-0452,2023-01-15,3621.35,ONLINE,50,False
6372,INV-07309,CUS-0012,2022-05-15,6089.42,CHEQUE,40,True
6373,INV-07310,CUS-0029,2023-12-11,2661.03,NEFT,41,True
6374,INV-07312,CUS-0058,2023-05-05,5699.84,NEFT,55,True
6375,INV-07313,CUS-0473,2022-07-12,2014.03,NEFT,29,True
6376,INV-07314,CUS-0292,2022-09-10,4316.42,ONLINE,44,True
6377,INV-07316,CUS-0399,2022-10-31,9702.45,CHEQUE,56,True
6378,INV-07317,CUS-0186,2023-07-14,20444.33,CHEQUE,45,True
6379,INV-07318,CUS-0130,2022-08-24,277.89,CHEQUE,55,True
6380,INV-07319,CUS-0055,2022-06-27,312.87,CHEQUE,45,True
6381,INV-07320,CUS-0369,2023-04-23,19370.24,RTGS,41,True
6382,INV-07321,CUS-0419,2023-05-04,5270.11,ONLINE,72,False
6383,INV-07322,CUS-0058,2023-09-25,9823.39,NEFT,88,False
6384,INV-07323,CUS-0101,2023-04-20,126.53,RTGS,29,True
6385,INV-07324,CUS-0329,2023-06-15,5296.47,ONLINE,72,False
6386,INV-07325,CUS-0370,2023-03-10,24144.32,ONLINE,40,True
6387,INV-07326,CUS-0397,2023-08-06,1770.87,ONLINE,59,True
6388,INV-07327,CUS-0243,2022-09-17,4414.48,NEFT,54,False
6389,INV-07328,CUS-0274,2022-12-20,9745.54,NEFT,59,True
6390,INV-07330,CUS-0353,2023-12-29,6175.49,CHEQUE,30,True
6391,INV-07331,CUS-0333,2023-02-11,1864.16,CHEQUE,58,True
6392,INV-07332,CUS-0183,2022-11-21,2501.69,NEFT,25,True
6393,INV-07333,CUS-0369,2023-10-21,5868.29,ONLINE,41,True
6394,INV-07335,CUS-0318,2022-12-16,516.43,ONLINE,59,True
6395,INV-07336,CUS-0383,2022-12-02,1064.56,CHEQUE,27,True
6396,INV-07337,CUS-0393,2023-07-29,2818.54,ONLINE,44,True
6397,INV-07338,CUS-0425,2022-11-01,4167.1,RTGS,25,True
6398,INV-07340,CUS-0372,2023-01-22,1562.21,NEFT,25,True
6399,INV-07341,CUS-0250,2022-11-27,10576.53,RTGS,30,True
6400,INV-07342,CUS-0215,2023-07-30,5273.84,RTGS,28,True
6401,INV-07343,CUS-0157,2023-09-02,6037.53,RTGS,28,True
6402,INV-07344,CUS-0043,2023-03-19,20962.08,NEFT,28,True
6403,INV-07345,CUS-0329,2023-06-04,1550.84,ONLINE,59,True
6404,INV-07347,CUS-0018,2023-12-12,4566.81,ONLINE,39,False
6405,INV-07348,CUS-0403,2023-04-15,92815.22,CHEQUE,42,True
6406,INV-07349,CUS-0205,2022-12-28,1758.13,CHEQUE,65,False
6407,INV-07350,CUS-0017,2024-01-04,14716.47,ONLINE,84,False
6408,INV-07351,CUS-0359,2022-08-13,7139.76,ONLINE,26,True
6409,INV-07353,CUS-0350,2023-09-07,26729.62,CHEQUE,68,False
6410,INV-07354,CUS-0372,2023-09-08,706.47,ONLINE,25,True
6411,INV-07355,CUS-0315,2022-09-21,3499.95,CHEQUE,56,True
6412,INV-07356,CUS-0353,2023-04-07,26615.7,CHEQUE,27,True
6413,INV-07357,CUS-0262,2022-09-11,1387.5,RTGS,55,True
6414,INV-07358,CUS-0286,2023-09-10,1488.18,CHEQUE,43,True
6415,INV-07359,CUS-0285,2023-10-14,354.28,CHEQUE,45,True
6416,INV-07360,CUS-0286,2024-03-14,1517.02,RTGS,41,True
6417,INV-07362,CUS-0364,2022-12-02,1749.93,CHEQUE,60,True
6418,INV-07363,CUS-0135,2023-06-30,7570.63,CHEQUE,27,True
6419,INV-07364,CUS-0343,2022-11-24,8184.63,NEFT,43,True
6420,INV-07365,CUS-0447,2023-02-08,2935.96,CHEQUE,43,True
6421,INV-07366,CUS-0379,2023-06-11,4714.65,RTGS,40,True
6422,INV-07367,CUS-0308,2023-08-05,10559.53,ONLINE,44,True
6423,INV-07368,CUS-0354,2023-05-01,1477.13,CHEQUE,29,True
6424,INV-07369,CUS-0002,2022-06-27,2603.07,ONLINE,42,True
6425,INV-07372,CUS-0053,2023-06-28,3669.04,ONLINE,56,True
6426,INV-07373,CUS-0042,2022-12-09,5808.14,RTGS,56,True
6427,INV-07374,CUS-0027,2023-12-20,8039.18,ONLINE,27,True
6428,INV-07375,CUS-0461,2024-02-23,6750.28,ONLINE,56,True
6429,INV-07376,CUS-0338,2023-03-14,3393.75,CHEQUE,56,True
6430,INV-07378,CUS-0324,2023-08-18,16992.98,NEFT,55,False
6431,INV-07379,CUS-0076,2022-07-15,3745.36,NEFT,59,True
6432,INV-07380,CUS-0080,2023-12-21,1625.93,RTGS,45,True
6433,INV-07382,CUS-0496,2023-03-13,2440.33,ONLINE,29,True
6434,INV-07383,CUS-0057,2023-11-05,5976.72,CHEQUE,28,True
6435,INV-07384,CUS-0370,2024-01-04,4079.81,ONLINE,45,True
6436,INV-07385,CUS-0071,2022-12-25,25494.59,CHEQUE,41,True
6437,INV-07387,CUS-0482,2023-12-16,8387.33,CHEQUE,56,True
6438,INV-07388,CUS-0239,2022-09-10,25618.87,NEFT,43,True
6439,INV-07389,CUS-0362,2023-07-29,304.12,ONLINE,25,True
6440,INV-07390,CUS-0411,2024-03-31,2934.37,NEFT,41,True
6441,INV-07391,CUS-0283,2023-08-12,696.56,NEFT,25,True
6442,INV-07393,CUS-0244,2023-10-14,8187.5,CHEQUE,45,True
6443,INV-07394,CUS-0165,2024-03-21,3951.87,RTGS,29,True
6444,INV-07395,CUS-0258,2023-05-12,4619.18,ONLINE,26,True
6445,INV-07396,CUS-0327,2023-04-02,10128.85,CHEQUE,26,True
6446,INV-07398,CUS-0245,2022-12-01,35455.19,RTGS,57,True
6447,INV-07399,CUS-0155,2022-09-04,1857.04,CHEQUE,57,True
6448,INV-07400,CUS-0271,2023-07-15,3387.08,RTGS,30,True
6449,INV-07402,CUS-0213,2023-01-15,264.22,CHEQUE,59,True
6450,INV-07403,CUS-0221,2024-05-21,37712.28,ONLINE,60,True
6451,INV-07404,CUS-0347,2022-07-31,5759.54,RTGS,28,True
6452,INV-07405,CUS-0104,2024-04-03,3065.79,NEFT,58,True
6453,INV-07406,CUS-0204,2023-10-02,3653.54,RTGS,40,True
6454,INV-07407,CUS-0371,2023-03-26,21047.95,RTGS,30,True
6455,INV-07408,CUS-0221,2022-07-02,54882.71,CHEQUE,55,True
6456,INV-07409,CUS-0410,2023-01-22,40232.66,RTGS,41,True
6457,INV-07410,CUS-0053,2022-07-09,910.89,ONLINE,56,True
6458,INV-07411,CUS-0098,2022-11-18,1483.51,CHEQUE,30,True
6459,INV-07413,CUS-0080,2024-04-18,4695.4,RTGS,45,True
6460,INV-07414,CUS-0490,2023-02-07,814.25,ONLINE,42,True
6461,INV-07415,CUS-0090,2023-03-18,25226.94,CHEQUE,45,True
6462,INV-07416,CUS-0410,2023-02-02,12018.45,CHEQUE,42,True
6463,INV-07417,CUS-0233,2023-07-25,10219.25,NEFT,28,True
6464,INV-07418,CUS-0136,2023-01-27,5862.83,NEFT,43,True
6465,INV-07419,CUS-0272,2024-01-13,597.61,ONLINE,63,False
6466,INV-07420,CUS-0339,2022-09-11,14312.88,CHEQUE,41,True
6467,INV-07421,CUS-0159,2022-12-22,1054.16,ONLINE,28,True
6468,INV-07422,CUS-0084,2022-11-02,2108.29,ONLINE,55,True
6469,INV-07423,CUS-0017,2024-03-10,11251.95,ONLINE,59,True
6470,INV-07424,CUS-0320,2023-02-01,1027.7,CHEQUE,59,True
6471,INV-07425,CUS-0471,2022-08-05,9360.85,NEFT,40,True
6472,INV-07426,CUS-0085,2024-05-23,6819.26,NEFT,59,True
6473,INV-07427,CUS-0198,2023-12-28,4910.79,CHEQUE,85,False
6474,INV-07428,CUS-0221,2023-10-31,13525.91,RTGS,55,True
6475,INV-07429,CUS-0277,2023-02-05,525.14,CHEQUE,60,True
6476,INV-07430,CUS-0167,2023-11-22,1795.52,ONLINE,26,True
6477,INV-07431,CUS-0219,2023-12-06,3368.3,CHEQUE,66,False
6478,INV-07432,CUS-0238,2022-06-01,678.9,ONLINE,41,True
6479,INV-07433,CUS-0391,2023-12-22,1173.65,NEFT,41,True
6480,INV-07434,CUS-0255,2024-03-01,1778.43,ONLINE,46,False
6481,INV-07436,CUS-0488,2023-11-24,530.27,NEFT,68,False
6482,INV-07437,CUS-0136,2022-12-02,5348.58,NEFT,41,True
6483,INV-07438,CUS-0259,2023-01-17,384.29,ONLINE,43,True
6484,INV-07439,CUS-0079,2023-07-29,423.42,RTGS,29,True
6485,INV-07440,CUS-0388,2024-01-07,16058.19,NEFT,28,True
6486,INV-07441,CUS-0145,2023-08-15,1585.87,RTGS,57,True
6487,INV-07442,CUS-0295,2023-08-09,15442.55,CHEQUE,44,True
6488,INV-07443,CUS-0287,2022-10-01,3977.54,ONLINE,58,True
6489,INV-07444,CUS-0494,2023-04-18,1205.3,CHEQUE,59,True
6490,INV-07446,CUS-0293,2023-08-15,518.8,CHEQUE,51,False
6491,INV-07448,CUS-0416,2022-07-15,355.12,CHEQUE,27,True
6492,INV-07449,CUS-0445,2024-05-08,5983.98,ONLINE,45,True
6493,INV-07450,CUS-0368,2023-01-08,13494.92,CHEQUE,43,True
6494,INV-07451,CUS-0076,2024-03-29,6275.53,NEFT,58,True
6495,INV-07452,CUS-0113,2024-01-17,5333.61,CHEQUE,40,True
6496,INV-07453,CUS-0288,2024-03-09,1923.3,NEFT,57,True
6497,INV-07454,CUS-0186,2023-08-06,29513.91,RTGS,41,True
6498,INV-07455,CUS-0253,2023-04-27,2706.23,RTGS,43,True
6499,INV-07456,CUS-0045,2023-05-10,256.58,ONLINE,55,True
6500,INV-07457,CUS-0022,2023-02-03,23350.76,ONLINE,55,True
6501,INV-07458,CUS-0381,2022-07-24,1454.86,ONLINE,28,True
6502,INV-07459,CUS-0074,2022-11-29,13993.44,CHEQUE,29,True
6503,INV-07460,CUS-0307,2024-02-17,751.4,NEFT,58,True
6504,INV-07461,CUS-0002,2023-10-24,858.54,NEFT,44,True
6505,INV-07462,CUS-0223,2022-09-21,3770.74,CHEQUE,58,True
6506,INV-07463,CUS-0142,2022-12-18,8273.08,RTGS,30,True
6507,INV-07464,CUS-0385,2023-09-29,4140.47,ONLINE,51,False
6508,INV-07465,CUS-0371,2022-10-28,9184.87,CHEQUE,28,True
6509,INV-07466,CUS-0263,2024-03-14,2554.76,ONLINE,77,False
6510,INV-07467,CUS-0115,2024-04-25,16743.1,RTGS,60,True
6511,INV-07468,CUS-0402,2023-02-05,3153.85,ONLINE,30,True
6512,INV-07469,CUS-0152,2022-12-18,3333.2,ONLINE,45,True
6513,INV-07470,CUS-0477,2023-12-28,455.99,RTGS,42,True
6514,INV-07471,CUS-0046,2022-07-30,1568.78,ONLINE,35,False
6515,INV-07472,CUS-0189,2022-06-12,2904.07,CHEQUE,42,True
6516,INV-07474,CUS-0030,2024-02-12,18029.97,CHEQUE,49,False
6517,INV-07475,CUS-0411,2023-01-16,5618.38,ONLINE,52,False
6518,INV-07476,CUS-0122,2023-08-23,1640.82,ONLINE,40,True
6519,INV-07477,CUS-0125,2023-06-09,3161.65,RTGS,43,True
6520,INV-07478,CUS-0460,2023-09-07,26273.4,RTGS,42,True
6521,INV-07479,CUS-0139,2023-01-19,932.29,RTGS,45,True
6522,INV-07481,CUS-0102,2022-07-06,430.75,RTGS,60,True
6523,INV-07482,CUS-0357,2022-05-16,9070.28,NEFT,25,True
6524,INV-07483,CUS-0124,2023-03-02,1102.91,RTGS,42,True
6525,INV-07484,CUS-0366,2022-06-09,1741.2,RTGS,29,True
6526,INV-07485,CUS-0248,2022-08-08,9971.01,NEFT,25,True
6527,INV-07486,CUS-0090,2023-11-29,12571.56,NEFT,43,True
6528,INV-07487,CUS-0069,2023-03-26,1313.74,CHEQUE,59,True
6529,INV-07488,CUS-0172,2023-03-01,7496.91,ONLINE,45,True
6530,INV-07489,CUS-0067,2022-09-19,4604.46,ONLINE,57,True
6531,INV-07490,CUS-0155,2023-09-22,7299.52,RTGS,58,True
6532,INV-07491,CUS-0019,2023-02-17,17988.7,CHEQUE,25,True
6533,INV-07492,CUS-0333,2023-06-21,1008.4,CHEQUE,76,False
6534,INV-07493,CUS-0074,2023-07-14,22055.45,NEFT,26,True
6535,INV-07494,CUS-0283,2022-08-27,3775.76,NEFT,55,False
6536,INV-07496,CUS-0183,2023-08-31,598.41,CHEQUE,28,True
6537,INV-07497,CUS-0254,2022-10-02,6932.26,ONLINE,73,False
6538,INV-07498,CUS-0005,2023-03-26,1307.25,ONLINE,56,True
6539,INV-07499,CUS-0316,2022-12-22,601.67,ONLINE,51,False
6540,INV-07501,CUS-0217,2023-04-02,1257.96,NEFT,60,True
6541,INV-07502,CUS-0283,2022-10-05,3744.31,RTGS,27,True
6542,INV-07503,CUS-0446,2023-01-27,2800.83,CHEQUE,55,True
6543,INV-07504,CUS-0397,2022-08-20,2622.7,NEFT,56,True
6544,INV-07505,CUS-0241,2023-09-03,98.19,CHEQUE,59,True
6545,INV-07507,CUS-0175,2023-02-13,3939.42,RTGS,60,True
6546,INV-07509,CUS-0251,2024-05-03,1881.43,NEFT,58,True
6547,INV-07510,CUS-0037,2022-09-19,5520.39,CHEQUE,27,True
6548,INV-07511,CUS-0480,2023-12-27,12137.74,RTGS,35,False
6549,INV-07512,CUS-0312,2023-10-10,11621.47,CHEQUE,40,True
6550,INV-07513,CUS-0171,2023-12-29,1459.47,ONLINE,43,True
6551,INV-07514,CUS-0155,2022-12-07,1010.27,NEFT,72,False
6552,INV-07515,CUS-0014,2022-09-30,7574.88,CHEQUE,57,True
6553,INV-07516,CUS-0284,2023-11-11,479.86,RTGS,45,True
6554,INV-07517,CUS-0053,2023-02-03,903.18,ONLINE,58,True
6555,INV-07518,CUS-0238,2022-06-12,846.92,CHEQUE,41,True
6556,INV-07519,CUS-0214,2024-02-29,607.84,CHEQUE,25,True
6557,INV-07520,CUS-0381,2023-12-14,1256.69,CHEQUE,28,True
6558,INV-07521,CUS-0314,2022-07-22,573.99,NEFT,55,True
6559,INV-07522,CUS-0226,2023-12-18,1922.53,ONLINE,30,True
6560,INV-07523,CUS-0224,2023-12-07,16456.8,CHEQUE,30,True
6561,INV-07525,CUS-0337,2024-01-02,18653.35,ONLINE,59,True
6562,INV-07526,CUS-0293,2023-12-24,6043.85,NEFT,43,True
6563,INV-07527,CUS-0270,2023-11-19,1447.46,RTGS,57,True
6564,INV-07529,CUS-0301,2024-03-20,11551.67,ONLINE,42,True
6565,INV-07530,CUS-0164,2022-12-24,4497.27,ONLINE,26,True
6566,INV-07531,CUS-0076,2022-07-26,7252.72,RTGS,59,True
6567,INV-07532,CUS-0387,2023-11-22,6096.13,NEFT,27,True
6568,INV-07533,CUS-0220,2023-03-17,13872.9,NEFT,35,False
6569,INV-07534,CUS-0223,2022-09-19,41193.75,CHEQUE,60,True
6570,INV-07535,CUS-0254,2024-01-31,1127.22,CHEQUE,40,True
6571,INV-07536,CUS-0113,2022-11-17,24898.88,NEFT,41,True
6572,INV-07537,CUS-0244,2023-10-19,1868.09,CHEQUE,68,False
6573,INV-07538,CUS-0219,2022-11-15,4965.96,RTGS,75,False
6574,INV-07540,CUS-0187,2022-12-20,1415.43,RTGS,27,True
6575,INV-07541,CUS-0200,2024-04-17,720.98,RTGS,29,True
6576,INV-07542,CUS-0228,2023-12-22,1863.62,NEFT,56,True
6577,INV-07543,CUS-0302,2023-11-15,12215.46,NEFT,27,True
6578,INV-07544,CUS-0104,2022-05-28,3949.83,CHEQUE,56,True
6579,INV-07545,CUS-0101,2023-12-19,502.89,NEFT,45,False
6580,INV-07546,CUS-0171,2023-12-19,4643.88,ONLINE,41,True
6581,INV-07547,CUS-0403,2022-07-20,3352.1,RTGS,43,True
6582,INV-07548,CUS-0032,2023-06-20,3632.61,RTGS,55,True
6583,INV-07549,CUS-0432,2022-08-14,978.29,NEFT,49,False
6584,INV-07550,CUS-0403,2023-06-21,10310.53,ONLINE,40,True
6585,INV-07552,CUS-0164,2022-06-08,1151.21,RTGS,29,True
6586,INV-07553,CUS-0109,2022-12-19,1279.43,CHEQUE,86,False
6587,INV-07555,CUS-0196,2022-06-25,11925.14,NEFT,40,True
6588,INV-07556,CUS-0028,2024-02-01,740.37,ONLINE,75,False
6589,INV-07557,CUS-0030,2023-03-09,4365.71,CHEQUE,40,False
6590,INV-07558,CUS-0243,2022-12-23,1186.93,CHEQUE,72,False
6591,INV-07559,CUS-0110,2024-02-16,1909.19,ONLINE,30,True
6592,INV-07560,CUS-0153,2024-02-28,8560.27,ONLINE,63,False
6593,INV-07561,CUS-0106,2023-10-28,3109.48,NEFT,55,True
6594,INV-07562,CUS-0328,2022-10-30,7442.45,NEFT,42,True
6595,INV-07563,CUS-0210,2022-07-05,29875.75,RTGS,77,False
6596,INV-07564,CUS-0221,2024-04-15,44739.73,ONLINE,59,True
6597,INV-07565,CUS-0385,2023-09-09,1070.86,NEFT,27,True
6598,INV-07566,CUS-0337,2023-08-12,16461.71,RTGS,60,True
6599,INV-07567,CUS-0295,2022-10-19,91037.98,RTGS,40,True
6600,INV-07568,CUS-0016,2024-01-01,1211.24,CHEQUE,63,False
6601,INV-07569,CUS-0490,2023-02-25,3705.78,NEFT,40,True
6602,INV-07570,CUS-0467,2023-06-24,432.59,CHEQUE,43,True
6603,INV-07571,CUS-0167,2023-03-05,2680.83,RTGS,27,True
6604,INV-07572,CUS-0061,2023-02-14,560.74,RTGS,60,True
6605,INV-07573,CUS-0250,2023-07-24,2189.89,ONLINE,30,True
6606,INV-07574,CUS-0032,2023-05-14,3382.81,CHEQUE,56,True
6607,INV-07575,CUS-0158,2023-06-18,2308.09,ONLINE,29,True
6608,INV-07576,CUS-0188,2024-03-04,363.51,ONLINE,48,False
6609,INV-07577,CUS-0433,2023-02-07,108.36,ONLINE,29,True
6610,INV-07578,CUS-0347,2022-07-04,8983.24,ONLINE,39,False
6611,INV-07579,CUS-0456,2022-11-05,11087.19,NEFT,58,True
6612,INV-07580,CUS-0316,2022-06-20,5127.45,RTGS,52,False
6613,INV-07581,CUS-0448,2022-09-06,823.48,NEFT,70,False
6614,INV-07583,CUS-0339,2023-04-05,12395.29,ONLINE,41,True
6615,INV-07584,CUS-0412,2024-04-09,29035.65,NEFT,32,False
6616,INV-07585,CUS-0485,2022-06-01,16952.64,CHEQUE,55,True
6617,INV-07586,CUS-0048,2023-08-27,49148.51,CHEQUE,57,True
6618,INV-07587,CUS-0248,2023-04-20,36009.37,ONLINE,28,True
6619,INV-07588,CUS-0285,2024-04-27,683.18,ONLINE,42,True
6620,INV-07589,CUS-0315,2023-02-11,10397.17,RTGS,58,True
6621,INV-07590,CUS-0002,2022-07-30,2784.79,NEFT,40,True
6622,INV-07591,CUS-0458,2022-12-07,1524.93,NEFT,30,True
6623,INV-07592,CUS-0277,2022-07-13,168.32,ONLINE,55,True
6624,INV-07593,CUS-0096,2022-12-22,21526.42,NEFT,25,True
6625,INV-07594,CUS-0360,2022-07-08,5166.53,CHEQUE,43,True
6626,INV-07595,CUS-0060,2024-03-29,23743.13,CHEQUE,25,True
6627,INV-07596,CUS-0185,2023-02-10,18269.19,CHEQUE,56,True
6628,INV-07597,CUS-0097,2024-04-06,44785.67,NEFT,59,True
6629,INV-07598,CUS-0024,2022-11-11,32385.52,NEFT,44,True
6630,INV-07599,CUS-0245,2024-02-21,7039.73,CHEQUE,81,False
6631,INV-07601,CUS-0497,2022-07-04,3380.69,ONLINE,47,False
6632,INV-07602,CUS-0089,2022-12-14,8923.51,RTGS,59,True
6633,INV-07605,CUS-0409,2022-11-10,22079.38,ONLINE,30,True
6634,INV-07606,CUS-0002,2023-10-19,826.46,RTGS,44,True
6635,INV-07607,CUS-0456,2022-09-03,10146.53,ONLINE,58,True
6636,INV-07608,CUS-0391,2022-07-25,386.08,NEFT,42,True
6637,INV-07609,CUS-0219,2023-04-16,8410.04,RTGS,59,True
6638,INV-07610,CUS-0192,2023-01-05,14855.04,ONLINE,28,True
6639,INV-07611,CUS-0151,2023-04-11,3846.24,RTGS,36,False
6640,INV-07612,CUS-0362,2022-11-05,12192.63,ONLINE,28,True
6641,INV-07613,CUS-0436,2023-12-29,2526.76,NEFT,59,False
6642,INV-07614,CUS-0110,2023-11-10,334.63,CHEQUE,26,True
6643,INV-07615,CUS-0447,2022-05-22,5607.16,CHEQUE,45,True
6644,INV-07616,CUS-0174,2023-12-14,1228.69,CHEQUE,55,True
6645,INV-07617,CUS-0259,2023-07-28,1182.31,RTGS,40,True
6646,INV-07618,CUS-0098,2024-03-23,276.97,RTGS,25,True
6647,INV-07619,CUS-0348,2023-12-30,938.65,RTGS,28,True
6648,INV-07620,CUS-0154,2023-04-01,888.84,NEFT,55,True
6649,INV-07621,CUS-0187,2023-03-07,4905.69,CHEQUE,29,True
6650,INV-07622,CUS-0415,2022-07-27,9490.52,RTGS,25,True
6651,INV-07623,CUS-0271,2023-03-07,3462.47,RTGS,30,True
6652,INV-07624,CUS-0293,2023-12-21,2425.56,CHEQUE,40,True
6653,INV-07625,CUS-0198,2023-08-23,4038.17,NEFT,56,True
6654,INV-07626,CUS-0404,2022-12-22,1187.28,RTGS,59,True
6655,INV-07627,CUS-0213,2023-09-08,3218.2,RTGS,90,False
6656,INV-07628,CUS-0437,2022-10-05,9644.65,CHEQUE,58,True
6657,INV-07629,CUS-0080,2023-03-07,385.04,NEFT,45,True
6658,INV-07632,CUS-0043,2023-09-20,24910.49,RTGS,30,True
6659,INV-07633,CUS-0332,2022-08-23,3365.91,ONLINE,60,True
6660,INV-07634,CUS-0252,2023-05-25,272006.87,ONLINE,30,True
6661,INV-07635,CUS-0105,2023-03-20,6301.84,NEFT,43,True
6662,INV-07636,CUS-0035,2022-11-27,25468.31,RTGS,40,True
6663,INV-07637,CUS-0394,2023-09-29,2841.16,ONLINE,45,True
6664,INV-07638,CUS-0399,2023-06-25,27057.38,RTGS,58,True
6665,INV-07639,CUS-0141,2023-01-20,16711.22,NEFT,58,True
6666,INV-07640,CUS-0465,2023-11-04,6810.61,CHEQUE,57,True
6667,INV-07641,CUS-0195,2023-04-03,6737.15,RTGS,75,False
6668,INV-07642,CUS-0063,2023-02-13,2272.78,NEFT,75,False
6669,INV-07643,CUS-0420,2023-04-30,2953.98,CHEQUE,45,True
6670,INV-07644,CUS-0104,2022-11-29,7752.56,ONLINE,59,True
6671,INV-07645,CUS-0355,2023-11-23,1154.31,ONLINE,48,False
6672,INV-07646,CUS-0189,2023-09-11,28014.55,CHEQUE,53,False
6673,INV-07647,CUS-0111,2022-10-16,4114.63,RTGS,43,True
6674,INV-07648,CUS-0422,2023-09-24,1329.1,ONLINE,45,True
6675,INV-07649,CUS-0205,2023-02-18,229.72,ONLINE,40,True
6676,INV-07650,CUS-0444,2024-03-13,3207.87,NEFT,59,True
6677,INV-07651,CUS-0364,2022-11-30,3514.65,CHEQUE,55,True
6678,INV-07652,CUS-0444,2022-12-14,13746.69,ONLINE,59,True
6679,INV-07653,CUS-0328,2023-04-02,1797.68,NEFT,45,True
6680,INV-07654,CUS-0380,2022-12-19,202.21,NEFT,42,True
6681,INV-07655,CUS-0374,2023-03-22,29068.88,NEFT,59,True
6682,INV-07656,CUS-0180,2023-08-18,1358.47,NEFT,26,True
6683,INV-07657,CUS-0159,2024-02-23,4805.5,ONLINE,28,True
6684,INV-07658,CUS-0218,2022-12-02,27999.16,CHEQUE,60,True
6685,INV-07659,CUS-0173,2023-04-04,11156.75,CHEQUE,55,True
6686,INV-07660,CUS-0246,2023-11-19,38634.77,RTGS,39,False
6687,INV-07661,CUS-0189,2023-10-17,14229.56,CHEQUE,43,True
6688,INV-07664,CUS-0140,2023-07-12,11632.43,CHEQUE,27,True
6689,INV-07665,CUS-0252,2022-10-02,5142.89,CHEQUE,57,False
6690,INV-07666,CUS-0197,2023-07-11,4546.29,NEFT,25,True
6691,INV-07668,CUS-0399,2022-10-28,4362.03,NEFT,74,False
6692,INV-07669,CUS-0386,2024-02-21,599.45,RTGS,57,True
6693,INV-07670,CUS-0213,2022-07-29,377.61,CHEQUE,58,True
6694,INV-07671,CUS-0039,2024-02-29,3995.61,ONLINE,74,False
6695,INV-07672,CUS-0036,2023-11-09,2746.06,NEFT,28,True
6696,INV-07673,CUS-0402,2023-11-02,2367.27,RTGS,27,True
6697,INV-07674,CUS-0322,2024-02-20,24069.95,CHEQUE,45,True
6698,INV-07675,CUS-0125,2023-01-23,21234.5,CHEQUE,48,False
6699,INV-07676,CUS-0387,2022-10-20,1634.4,ONLINE,48,False
6700,INV-07677,CUS-0181,2023-11-11,13107.75,ONLINE,45,True
6701,INV-07678,CUS-0444,2024-01-07,4715.87,NEFT,56,True
6702,INV-07679,CUS-0172,2024-02-14,11187.9,CHEQUE,43,True
6703,INV-07680,CUS-0286,2022-08-13,5886.45,ONLINE,54,False
6704,INV-07681,CUS-0321,2022-09-24,2285.5,ONLINE,56,False
6705,INV-07682,CUS-0441,2023-12-24,6768.97,CHEQUE,28,True
6706,INV-07684,CUS-0301,2023-11-16,87442.48,ONLINE,44,True
6707,INV-07685,CUS-0053,2024-04-19,26096.37,CHEQUE,59,True
6708,INV-07686,CUS-0415,2022-08-31,12438.13,NEFT,30,True
6709,INV-07687,CUS-0014,2024-04-18,1070.93,CHEQUE,57,True
6710,INV-07688,CUS-0383,2023-07-11,1064.16,CHEQUE,25,True
6711,INV-07689,CUS-0218,2022-06-15,25127.13,CHEQUE,70,False
6712,INV-07690,CUS-0011,2024-05-08,3665.03,CHEQUE,75,False
6713,INV-07691,CUS-0380,2023-06-16,755.89,ONLINE,42,True
6714,INV-07692,CUS-0116,2023-04-19,2566.94,NEFT,54,False
6715,INV-07693,CUS-0165,2022-05-14,4588.1,RTGS,25,True
6716,INV-07694,CUS-0140,2022-06-21,9518.52,NEFT,27,True
6717,INV-07695,CUS-0402,2023-02-04,1443.28,ONLINE,28,True
6718,INV-07696,CUS-0145,2022-11-01,985.35,ONLINE,58,True
6719,INV-07697,CUS-0328,2022-12-10,3078.33,CHEQUE,40,True
6720,INV-07698,CUS-0449,2023-11-20,13679.72,NEFT,25,True
6721,INV-07699,CUS-0398,2024-04-09,950.33,RTGS,58,False
6722,INV-07700,CUS-0035,2024-05-28,3517.51,RTGS,69,False
6723,INV-07701,CUS-0444,2024-05-22,7613.75,CHEQUE,75,False
6724,INV-07702,CUS-0394,2022-12-30,10342.27,NEFT,55,False
6725,INV-07703,CUS-0392,2023-02-01,2173.38,CHEQUE,58,True
6726,INV-07704,CUS-0413,2023-12-12,1910.48,ONLINE,53,False
6727,INV-07706,CUS-0433,2024-02-22,657.18,CHEQUE,25,True
6728,INV-07707,CUS-0126,2023-06-16,384.08,NEFT,76,False
6729,INV-07708,CUS-0253,2022-09-08,3300.15,NEFT,43,True
6730,INV-07709,CUS-0295,2023-01-09,11734.8,ONLINE,41,True
6731,INV-07710,CUS-0492,2023-03-22,1488.86,ONLINE,41,True
6732,INV-07711,CUS-0411,2024-01-18,884.23,ONLINE,42,True
6733,INV-07712,CUS-0429,2022-12-20,3384.5,RTGS,25,True
6734,INV-07714,CUS-0080,2022-05-20,1761.11,ONLINE,40,True
6735,INV-07715,CUS-0335,2023-06-01,18195.57,CHEQUE,56,True
6736,INV-07716,CUS-0143,2024-03-30,415.34,NEFT,42,True
6737,INV-07717,CUS-0474,2022-07-09,7963.31,ONLINE,55,True
6738,INV-07718,CUS-0489,2022-12-06,2448.67,ONLINE,55,True
6739,INV-07719,CUS-0031,2022-12-30,17875.21,NEFT,57,True
6740,INV-07720,CUS-0075,2022-11-02,5010.36,RTGS,57,True
6741,INV-07722,CUS-0398,2023-04-19,4089.22,NEFT,28,True
6742,INV-07723,CUS-0078,2023-03-31,1507.45,CHEQUE,41,True
6743,INV-07724,CUS-0449,2024-04-26,1757.85,CHEQUE,27,True
6744,INV-07725,CUS-0443,2023-03-05,1557.0,CHEQUE,54,False
6745,INV-07726,CUS-0161,2023-04-06,102298.45,ONLINE,55,True
6746,INV-07727,CUS-0141,2022-08-05,61766.13,NEFT,58,True
6747,INV-07728,CUS-0114,2023-02-02,12322.39,RTGS,56,False
6748,INV-07729,CUS-0247,2022-09-20,1273.56,ONLINE,25,True
6749,INV-07730,CUS-0394,2024-03-20,2479.09,ONLINE,61,False
6750,INV-07731,CUS-0357,2022-05-21,2250.35,CHEQUE,28,True
6751,INV-07732,CUS-0237,2022-10-17,2650.84,NEFT,44,True
6752,INV-07733,CUS-0041,2023-04-21,12922.35,ONLINE,27,True
6753,INV-07734,CUS-0386,2023-03-21,550.65,CHEQUE,58,True
6754,INV-07735,CUS-0302,2023-05-31,6365.47,ONLINE,28,True
6755,INV-07736,CUS-0492,2023-04-12,11665.52,CHEQUE,42,True
6756,INV-07737,CUS-0268,2023-02-28,219.74,RTGS,27,True
6757,INV-07738,CUS-0394,2023-05-05,429.9,NEFT,45,True
6758,INV-07739,CUS-0082,2023-10-06,5024.9,CHEQUE,42,True
6759,INV-07740,CUS-0101,2023-06-06,2830.83,CHEQUE,25,True
6760,INV-07742,CUS-0224,2024-04-19,2509.63,NEFT,28,True
6761,INV-07743,CUS-0263,2024-02-19,580.16,NEFT,56,True
6762,INV-07744,CUS-0045,2022-11-12,894.24,RTGS,60,True
6763,INV-07745,CUS-0256,2023-09-23,11672.69,RTGS,55,True
6764,INV-07746,CUS-0111,2023-08-31,3174.94,RTGS,42,True
6765,INV-07747,CUS-0384,2023-10-31,30793.17,CHEQUE,42,True
6766,INV-07748,CUS-0060,2022-06-26,50283.92,CHEQUE,30,True
6767,INV-07749,CUS-0014,2022-09-22,4241.25,RTGS,80,False
6768,INV-07750,CUS-0378,2022-06-05,108071.2,NEFT,40,False
6769,INV-07751,CUS-0080,2023-01-28,886.39,NEFT,45,True
6770,INV-07752,CUS-0064,2022-11-28,26580.46,NEFT,28,True
6771,INV-07753,CUS-0068,2023-12-30,5451.84,NEFT,45,True
6772,INV-07755,CUS-0209,2022-12-16,1087.92,RTGS,25,True
6773,INV-07758,CUS-0487,2023-11-16,12027.29,ONLINE,28,True
6774,INV-07759,CUS-0411,2024-01-06,12356.93,NEFT,53,False
6775,INV-07760,CUS-0004,2024-01-23,701.43,ONLINE,45,True
6776,INV-07761,CUS-0433,2024-05-02,928.25,RTGS,52,False
6777,INV-07762,CUS-0163,2022-09-20,7021.62,NEFT,57,True
6778,INV-07764,CUS-0098,2022-04-30,259.36,CHEQUE,27,True
6779,INV-07766,CUS-0157,2022-11-19,3397.88,ONLINE,29,True
6780,INV-07767,CUS-0302,2022-09-06,1373.77,RTGS,29,True
6781,INV-07768,CUS-0323,2022-09-28,1745.58,ONLINE,44,False
6782,INV-07769,CUS-0048,2022-12-23,17667.4,NEFT,57,True
6783,INV-07770,CUS-0485,2023-12-15,9309.71,ONLINE,57,True
6784,INV-07771,CUS-0186,2024-04-07,5968.17,RTGS,71,False
6785,INV-07773,CUS-0165,2022-12-31,3161.57,NEFT,25,True
6786,INV-07774,CUS-0334,2023-11-05,20270.7,ONLINE,43,True
6787,INV-07775,CUS-0251,2023-02-04,3782.56,CHEQUE,56,True
6788,INV-07776,CUS-0232,2022-08-06,1964.57,NEFT,25,True
6789,INV-07778,CUS-0079,2022-08-21,670.17,ONLINE,26,True
6790,INV-07779,CUS-0197,2023-07-04,4935.3,NEFT,28,True
6791,INV-07780,CUS-0285,2022-12-21,743.77,NEFT,43,True
6792,INV-07781,CUS-0237,2023-02-11,759.74,CHEQUE,45,True
6793,INV-07782,CUS-0323,2023-10-18,6570.95,ONLINE,29,True
6794,INV-07783,CUS-0314,2023-10-23,968.58,CHEQUE,60,True
6795,INV-07784,CUS-0078,2023-09-28,6272.97,ONLINE,45,True
6796,INV-07786,CUS-0382,2023-01-10,1434.38,ONLINE,60,True
6797,INV-07787,CUS-0247,2022-12-17,4161.11,NEFT,26,True
6798,INV-07789,CUS-0394,2022-08-25,2103.58,RTGS,42,True
6799,INV-07790,CUS-0231,2023-09-10,10808.89,NEFT,36,False
6800,INV-07791,CUS-0377,2024-03-01,8571.91,CHEQUE,37,False
6801,INV-07792,CUS-0308,2023-12-16,10886.18,NEFT,41,True
6802,INV-07793,CUS-0463,2022-12-30,12074.66,CHEQUE,55,True
6803,INV-07794,CUS-0017,2023-07-03,13685.82,ONLINE,56,True
6804,INV-07795,CUS-0118,2023-02-15,335.48,CHEQUE,41,True
6805,INV-07796,CUS-0140,2023-10-28,4180.21,NEFT,30,True
6806,INV-07797,CUS-0079,2023-06-12,3681.38,NEFT,49,False
6807,INV-07799,CUS-0477,2022-09-23,13310.94,ONLINE,44,True
6808,INV-07800,CUS-0474,2024-04-20,62843.05,CHEQUE,57,True
6809,INV-07801,CUS-0449,2022-08-24,1075.79,RTGS,57,False
6810,INV-07802,CUS-0368,2023-06-03,4948.89,RTGS,43,True
6811,INV-07803,CUS-0283,2024-04-10,1654.36,ONLINE,27,True
6812,INV-07804,CUS-0286,2022-07-25,322.65,ONLINE,54,False
6813,INV-07805,CUS-0123,2023-04-06,4007.33,ONLINE,43,True
6814,INV-07806,CUS-0157,2022-05-11,1489.9,NEFT,30,True
6815,INV-07807,CUS-0403,2023-07-14,11567.77,ONLINE,43,True
6816,INV-07808,CUS-0484,2022-10-30,2061.6,NEFT,28,True
6817,INV-07809,CUS-0155,2023-10-02,4258.1,CHEQUE,73,False
6818,INV-07810,CUS-0390,2024-04-27,459.68,NEFT,39,False
6819,INV-07811,CUS-0247,2023-02-05,2859.44,CHEQUE,59,False
6820,INV-07812,CUS-0326,2023-11-15,1791.85,NEFT,84,False
6821,INV-07813,CUS-0155,2023-08-18,3515.0,NEFT,60,True
6822,INV-07814,CUS-0495,2024-04-13,2585.76,ONLINE,60,True
6823,INV-07816,CUS-0281,2024-02-15,11915.57,CHEQUE,89,False
6824,INV-07817,CUS-0300,2022-06-24,2434.55,CHEQUE,30,True
6825,INV-07818,CUS-0378,2023-06-04,62052.48,NEFT,30,True
6826,INV-07819,CUS-0458,2024-03-09,753.84,NEFT,30,True
6827,INV-07820,CUS-0233,2023-11-12,18971.7,ONLINE,38,False
6828,INV-07821,CUS-0317,2024-04-03,811.85,ONLINE,29,True
6829,INV-07822,CUS-0453,2022-09-17,754.92,CHEQUE,25,True
6830,INV-07823,CUS-0369,2023-06-06,33946.02,NEFT,42,True
6831,INV-07824,CUS-0374,2024-01-30,13839.1,NEFT,57,True
6832,INV-07825,CUS-0043,2023-06-26,4532.88,NEFT,58,False
6833,INV-07826,CUS-0282,2024-04-01,264.15,ONLINE,78,False
6834,INV-07827,CUS-0368,2023-11-21,2223.89,CHEQUE,63,False
6835,INV-07829,CUS-0333,2024-05-16,3302.89,NEFT,57,True
6836,INV-07830,CUS-0317,2022-07-10,3401.16,RTGS,27,True
6837,INV-07831,CUS-0447,2024-02-05,2547.72,NEFT,44,True
6838,INV-07832,CUS-0188,2023-06-20,3197.62,CHEQUE,46,False
6839,INV-07833,CUS-0377,2023-05-27,2552.53,RTGS,29,True
6840,INV-07834,CUS-0174,2023-01-17,8925.19,NEFT,57,True
6841,INV-07835,CUS-0468,2022-12-05,14074.27,CHEQUE,30,True
6842,INV-07836,CUS-0384,2023-08-06,33568.71,NEFT,40,True
6843,INV-07837,CUS-0440,2023-06-08,6779.85,RTGS,29,True
6844,INV-07838,CUS-0229,2022-10-25,1351.51,NEFT,29,True
6845,INV-07839,CUS-0483,2022-09-25,5972.45,CHEQUE,48,False
6846,INV-07840,CUS-0377,2024-02-08,612.38,ONLINE,52,False
6847,INV-07842,CUS-0238,2022-08-07,1690.15,CHEQUE,42,True
6848,INV-07843,CUS-0073,2022-06-25,30021.49,CHEQUE,50,False
6849,INV-07844,CUS-0356,2022-05-20,1057.89,ONLINE,42,True
6850,INV-07845,CUS-0372,2023-01-16,797.61,ONLINE,29,True
6851,INV-07846,CUS-0138,2023-12-19,7148.18,NEFT,69,False
6852,INV-07847,CUS-0404,2022-11-15,783.04,ONLINE,58,True
6853,INV-07848,CUS-0383,2024-04-28,772.46,RTGS,29,True
6854,INV-07849,CUS-0351,2024-04-11,699.18,NEFT,58,True
6855,INV-07850,CUS-0253,2023-12-16,3322.34,ONLINE,43,True
6856,INV-07852,CUS-0406,2022-08-29,3800.11,NEFT,56,True
6857,INV-07853,CUS-0163,2022-12-01,843.32,ONLINE,60,True
6858,INV-07854,CUS-0309,2023-03-14,5996.05,RTGS,58,True
6859,INV-07856,CUS-0351,2022-09-30,9169.84,NEFT,59,True
6860,INV-07857,CUS-0401,2023-05-28,19400.26,ONLINE,41,True
6861,INV-07858,CUS-0009,2023-12-12,30056.3,CHEQUE,25,True
6862,INV-07859,CUS-0259,2024-04-17,3293.18,ONLINE,45,True
6863,INV-07860,CUS-0063,2023-08-22,494.12,NEFT,47,False
6864,INV-07861,CUS-0069,2023-09-23,2018.88,NEFT,60,True
6865,INV-07862,CUS-0322,2023-03-09,3835.76,CHEQUE,42,True
6866,INV-07863,CUS-0330,2023-11-06,2809.42,CHEQUE,59,True
6867,INV-07865,CUS-0293,2023-05-01,1298.66,CHEQUE,63,False
6868,INV-07866,CUS-0238,2022-06-24,1576.81,RTGS,44,True
6869,INV-07867,CUS-0197,2023-11-18,19773.7,RTGS,30,True
6870,INV-07868,CUS-0427,2023-01-29,1640.22,CHEQUE,60,True
6871,INV-07869,CUS-0197,2023-03-04,6238.68,RTGS,29,True
6872,INV-07871,CUS-0053,2023-05-03,4841.43,RTGS,64,False
6873,INV-07872,CUS-0458,2024-04-23,26017.23,ONLINE,30,True
6874,INV-07873,CUS-0100,2022-05-11,458.29,NEFT,28,True
6875,INV-07874,CUS-0173,2024-02-13,1088.23,NEFT,56,True
6876,INV-07875,CUS-0041,2023-01-05,607.82,NEFT,28,True
6877,INV-07876,CUS-0299,2024-01-19,3488.68,CHEQUE,55,True
6878,INV-07878,CUS-0418,2024-03-30,3516.31,RTGS,27,True
6879,INV-07879,CUS-0051,2022-12-23,369.95,CHEQUE,40,True
6880,INV-07880,CUS-0082,2022-11-08,700.95,NEFT,41,True
6881,INV-07881,CUS-0293,2023-02-11,6090.87,RTGS,44,True
6882,INV-07882,CUS-0092,2022-06-01,2488.62,ONLINE,27,True
6883,INV-07883,CUS-0261,2022-07-10,1136.0,RTGS,60,True
6884,INV-07884,CUS-0331,2023-01-07,2947.77,RTGS,60,True
6885,INV-07885,CUS-0183,2023-08-29,1525.01,CHEQUE,28,True
6886,INV-07886,CUS-0073,2023-09-23,39425.33,ONLINE,30,True
6887,INV-07887,CUS-0186,2023-11-21,6846.93,RTGS,44,True
6888,INV-07889,CUS-0415,2022-09-26,15362.42,CHEQUE,25,True
6889,INV-07891,CUS-0380,2022-11-18,1077.77,CHEQUE,41,True
6890,INV-07892,CUS-0127,2024-03-16,7195.69,ONLINE,53,False
6891,INV-07894,CUS-0245,2023-10-12,51255.77,RTGS,60,True
6892,INV-07895,CUS-0333,2023-09-07,3733.28,ONLINE,59,True
6893,INV-07896,CUS-0398,2023-11-03,4204.72,RTGS,29,True
6894,INV-07897,CUS-0319,2023-09-26,4695.97,CHEQUE,58,True
6895,INV-07898,CUS-0445,2022-10-29,10913.53,ONLINE,41,True
6896,INV-07899,CUS-0007,2024-05-03,9059.02,RTGS,42,True
6897,INV-07900,CUS-0370,2022-10-27,13689.43,CHEQUE,40,True
6898,INV-07901,CUS-0343,2022-11-20,9868.35,RTGS,41,True
6899,INV-07902,CUS-0461,2024-04-13,5750.86,ONLINE,60,True
6900,INV-07903,CUS-0137,2023-02-06,1810.53,RTGS,60,True
6901,INV-07904,CUS-0386,2022-08-31,146.35,NEFT,62,False
6902,INV-07905,CUS-0064,2023-12-26,17968.35,ONLINE,26,True
6903,INV-07906,CUS-0475,2024-05-04,5458.7,NEFT,40,True
6904,INV-07907,CUS-0456,2022-11-05,5383.24,NEFT,57,True
6905,INV-07908,CUS-0470,2023-08-14,5788.11,ONLINE,55,True
6906,INV-07909,CUS-0456,2022-09-14,2225.42,ONLINE,55,True
6907,INV-07910,CUS-0361,2024-02-20,189443.14,NEFT,49,False
6908,INV-07911,CUS-0497,2022-11-14,2058.95,ONLINE,27,True
6909,INV-07912,CUS-0404,2024-01-02,9241.6,RTGS,58,True
6910,INV-07913,CUS-0362,2022-05-04,16118.63,NEFT,28,True
6911,INV-07914,CUS-0357,2024-04-09,3015.57,RTGS,30,True
6912,INV-07915,CUS-0070,2023-10-01,14973.37,NEFT,34,False
6913,INV-07916,CUS-0350,2024-05-08,13612.58,CHEQUE,60,True
6914,INV-07917,CUS-0476,2023-05-02,35404.73,CHEQUE,60,True
6915,INV-07918,CUS-0327,2023-04-23,15780.59,RTGS,45,False
6916,INV-07919,CUS-0073,2023-09-08,17301.2,ONLINE,27,True
6917,INV-07921,CUS-0395,2023-01-21,919.05,ONLINE,44,True
6918,INV-07922,CUS-0117,2023-08-31,1510.63,NEFT,54,False
6919,INV-07923,CUS-0119,2023-10-19,2126.84,RTGS,25,True
6920,INV-07924,CUS-0269,2023-07-22,1423.2,RTGS,41,True
6921,INV-07925,CUS-0206,2022-07-26,2288.3,ONLINE,44,True
6922,INV-07926,CUS-0467,2022-10-31,241.92,CHEQUE,42,True
6923,INV-07928,CUS-0066,2022-10-19,17524.83,RTGS,56,False
6924,INV-07929,CUS-0165,2023-10-02,1135.31,CHEQUE,27,True
6925,INV-07931,CUS-0187,2023-09-22,1872.57,ONLINE,27,True
6926,INV-07933,CUS-0250,2022-12-06,7156.29,ONLINE,30,True
6927,INV-07934,CUS-0464,2022-06-19,10302.61,ONLINE,45,True
6928,INV-07935,CUS-0351,2023-06-18,3291.8,ONLINE,60,True
6929,INV-07936,CUS-0222,2024-01-13,14677.65,NEFT,55,True
6930,INV-07937,CUS-0343,2022-06-15,21370.1,CHEQUE,43,True
6931,INV-07938,CUS-0100,2024-04-21,5212.67,ONLINE,27,True
6932,INV-07939,CUS-0120,2023-08-02,1214.99,RTGS,43,True
6933,INV-07940,CUS-0022,2024-05-04,2670.18,CHEQUE,58,True
6934,INV-07941,CUS-0487,2022-09-08,943.84,RTGS,27,True
6935,INV-07942,CUS-0022,2023-10-16,13490.02,RTGS,56,True
6936,INV-07943,CUS-0314,2023-06-18,432.39,CHEQUE,55,True
6937,INV-07944,CUS-0463,2024-01-06,21607.7,CHEQUE,55,True
6938,INV-07946,CUS-0336,2022-11-16,1016.09,ONLINE,44,True
6939,INV-07947,CUS-0248,2023-02-28,8573.64,RTGS,26,True
6940,INV-07948,CUS-0172,2023-05-01,7321.4,RTGS,41,True
6941,INV-07949,CUS-0028,2022-12-15,1764.08,RTGS,43,True
6942,INV-07950,CUS-0095,2023-06-18,325.78,RTGS,27,True
6943,INV-07951,CUS-0236,2023-01-12,7374.93,NEFT,58,True
6944,INV-07952,CUS-0149,2024-04-23,5460.35,NEFT,43,True
6945,INV-07953,CUS-0382,2023-03-09,3614.14,RTGS,56,True
6946,INV-07954,CUS-0348,2022-06-24,228.9,ONLINE,25,True
6947,INV-07955,CUS-0305,2023-02-11,740.95,ONLINE,40,True
6948,INV-07956,CUS-0048,2023-04-11,8764.99,ONLINE,58,True
6949,INV-07957,CUS-0486,2024-02-12,18246.0,NEFT,41,True
6950,INV-07958,CUS-0193,2023-07-26,1347.25,CHEQUE,45,True
6951,INV-07959,CUS-0362,2023-09-14,577.68,CHEQUE,26,True
6952,INV-07961,CUS-0259,2023-01-06,1681.47,RTGS,42,True
6953,INV-07962,CUS-0478,2023-01-31,778.55,NEFT,27,True
6954,INV-07963,CUS-0488,2023-03-13,7676.44,CHEQUE,71,False
6955,INV-07964,CUS-0134,2023-04-28,1324.31,NEFT,56,True
6956,INV-07965,CUS-0306,2023-07-30,24021.94,ONLINE,29,True
6957,INV-07967,CUS-0030,2022-06-17,5922.58,NEFT,34,False
6958,INV-07968,CUS-0348,2022-05-13,602.07,NEFT,25,True
6959,INV-07970,CUS-0214,2022-06-06,2809.83,ONLINE,28,True
6960,INV-07971,CUS-0024,2023-11-26,13520.59,CHEQUE,44,True
6961,INV-07972,CUS-0077,2023-02-16,4911.36,CHEQUE,56,True
6962,INV-07973,CUS-0104,2024-02-01,7715.77,CHEQUE,57,True
6963,INV-07975,CUS-0019,2024-03-31,2500.72,CHEQUE,27,True
6964,INV-07976,CUS-0425,2022-08-09,9028.93,CHEQUE,28,True
6965,INV-07977,CUS-0102,2024-04-21,2757.9,RTGS,55,True
6966,INV-07978,CUS-0049,2023-08-31,414.78,CHEQUE,40,True
6967,INV-07979,CUS-0019,2023-01-08,12303.76,NEFT,26,True
6968,INV-07981,CUS-0171,2023-05-01,2353.86,ONLINE,40,True
6969,INV-07982,CUS-0495,2022-09-17,4026.85,RTGS,58,True
6970,INV-07983,CUS-0432,2022-07-15,1295.67,CHEQUE,40,True
6971,INV-07984,CUS-0351,2023-05-06,3423.63,CHEQUE,56,True
6972,INV-07985,CUS-0345,2023-09-09,2777.02,ONLINE,62,False
6973,INV-07986,CUS-0388,2023-07-08,35961.64,ONLINE,25,True
6974,INV-07987,CUS-0295,2022-10-11,13723.03,NEFT,40,True
6975,INV-07988,CUS-0126,2023-01-14,5034.69,NEFT,60,True
6976,INV-07989,CUS-0490,2022-10-25,3114.34,CHEQUE,41,True
6977,INV-07991,CUS-0245,2022-08-05,23379.78,NEFT,55,True
6978,INV-07992,CUS-0195,2022-10-27,24255.66,CHEQUE,44,True
6979,INV-07994,CUS-0347,2023-06-10,23269.59,CHEQUE,26,True
6980,INV-07995,CUS-0263,2023-10-10,5324.36,CHEQUE,76,False
6981,INV-07996,CUS-0411,2023-09-19,2161.55,CHEQUE,40,True
6982,INV-07998,CUS-0336,2024-02-18,271.91,ONLINE,43,True
6983,INV-07999,CUS-0427,2023-11-18,2226.28,RTGS,56,True
6984,INV-08000,CUS-0407,2023-05-20,7326.56,CHEQUE,55,True
6985,INV-08001,CUS-0495,2023-03-11,11789.42,NEFT,57,True
6986,INV-08002,CUS-0162,2023-11-11,4883.69,RTGS,29,True
6987,INV-08003,CUS-0117,2022-08-24,5636.0,ONLINE,30,True
6988,INV-08004,CUS-0293,2022-07-03,8830.8,CHEQUE,44,True
6989,INV-08005,CUS-0333,2022-11-05,2660.6,ONLINE,57,True
6990,INV-08006,CUS-0037,2023-05-26,339.46,ONLINE,30,True
6991,INV-08007,CUS-0065,2024-02-29,3482.82,RTGS,28,True
6992,INV-08008,CUS-0286,2024-02-11,622.41,ONLINE,44,True
6993,INV-08009,CUS-0487,2023-08-24,5341.11,ONLINE,28,True
6994,INV-08010,CUS-0471,2023-05-10,17527.19,NEFT,44,True
6995,INV-08011,CUS-0447,2023-05-21,5159.06,RTGS,42,True
6996,INV-08012,CUS-0015,2023-02-17,1188.27,CHEQUE,26,True
6997,INV-08013,CUS-0329,2023-08-22,3957.33,RTGS,55,True
6998,INV-08014,CUS-0482,2023-07-14,6710.38,CHEQUE,60,True
6999,INV-08015,CUS-0212,2023-08-29,12417.41,ONLINE,55,True
7000,INV-08017,CUS-0419,2023-06-16,3313.28,ONLINE,59,True
7001,INV-08019,CUS-0255,2023-12-13,3736.42,NEFT,43,True
7002,INV-08020,CUS-0468,2024-01-27,13563.25,RTGS,28,True
7003,INV-08021,CUS-0040,2022-12-18,21494.01,NEFT,40,True
7004,INV-08022,CUS-0110,2023-08-31,3038.78,CHEQUE,29,True
7005,INV-08023,CUS-0277,2024-04-15,6736.17,NEFT,89,False
7006,INV-08025,CUS-0011,2022-07-18,5504.53,RTGS,60,True
7007,INV-08026,CUS-0343,2022-11-08,19474.77,ONLINE,42,True
7008,INV-08027,CUS-0037,2023-10-27,1616.19,RTGS,30,True
7009,INV-08028,CUS-0318,2023-11-04,4025.31,RTGS,68,False
7010,INV-08029,CUS-0042,2022-10-11,5772.92,RTGS,55,True
7011,INV-08030,CUS-0277,2022-07-30,2298.16,RTGS,87,False
7012,INV-08031,CUS-0080,2024-04-18,1056.62,CHEQUE,42,True
7013,INV-08032,CUS-0183,2023-09-12,156.9,ONLINE,27,True
7014,INV-08033,CUS-0126,2023-09-06,7462.36,RTGS,82,False
7015,INV-08034,CUS-0267,2022-12-01,1776.99,CHEQUE,40,True
7016,INV-08035,CUS-0291,2023-06-09,9915.74,NEFT,67,False
7017,INV-08036,CUS-0464,2022-06-02,5827.25,CHEQUE,42,True
7018,INV-08038,CUS-0062,2022-07-29,181.34,CHEQUE,41,True
7019,INV-08040,CUS-0158,2023-03-06,1920.07,NEFT,25,True
7020,INV-08042,CUS-0424,2023-03-27,1967.52,ONLINE,25,True
7021,INV-08044,CUS-0474,2023-01-29,4226.0,NEFT,57,True
7022,INV-08045,CUS-0273,2024-01-04,589.35,NEFT,35,False
7023,INV-08046,CUS-0248,2022-08-29,13019.32,ONLINE,29,True
7024,INV-08047,CUS-0144,2023-10-07,7755.51,NEFT,30,True
7025,INV-08048,CUS-0029,2023-04-12,261.3,ONLINE,40,True
7026,INV-08052,CUS-0287,2023-05-20,4241.44,RTGS,60,True
7027,INV-08053,CUS-0328,2023-07-25,4551.08,ONLINE,43,True
7028,INV-08054,CUS-0351,2022-11-08,3107.29,ONLINE,57,True
7029,INV-08055,CUS-0172,2022-11-11,13463.43,ONLINE,42,True
7030,INV-08056,CUS-0182,2022-10-05,12945.07,CHEQUE,58,True
7031,INV-08057,CUS-0307,2024-01-12,28377.17,RTGS,56,True
7032,INV-08058,CUS-0433,2023-06-09,969.3,RTGS,30,True
7033,INV-08059,CUS-0146,2023-07-30,25144.56,ONLINE,40,True
7034,INV-08060,CUS-0339,2023-10-07,8601.62,ONLINE,42,True
7035,INV-08061,CUS-0498,2023-09-15,1297.67,CHEQUE,60,True
7036,INV-08062,CUS-0193,2023-06-12,1089.47,NEFT,41,True
7037,INV-08063,CUS-0046,2022-12-24,1541.26,NEFT,27,True
7038,INV-08064,CUS-0120,2023-06-12,3057.74,CHEQUE,71,False
7039,INV-08065,CUS-0259,2023-11-03,714.61,ONLINE,61,False
7040,INV-08066,CUS-0412,2022-06-16,32142.65,ONLINE,27,True
7041,INV-08067,CUS-0457,2023-12-06,3519.02,NEFT,57,True
7042,INV-08068,CUS-0401,2023-04-05,7958.38,ONLINE,45,True
7043,INV-08069,CUS-0426,2023-03-10,4484.05,CHEQUE,67,False
7044,INV-08070,CUS-0413,2023-10-08,1198.45,ONLINE,45,True
7045,INV-08071,CUS-0318,2023-04-30,8176.66,RTGS,57,True
7046,INV-08073,CUS-0199,2022-11-28,12589.05,ONLINE,42,True
7047,INV-08075,CUS-0285,2024-03-09,2167.1,ONLINE,42,True
7048,INV-08076,CUS-0033,2024-03-29,20979.7,CHEQUE,27,True
7049,INV-08078,CUS-0251,2024-03-26,24143.16,CHEQUE,60,True
7050,INV-08079,CUS-0393,2024-02-17,1357.33,NEFT,43,True
7051,INV-08080,CUS-0333,2022-12-31,7707.73,ONLINE,59,True
7052,INV-08082,CUS-0123,2023-09-18,4388.46,CHEQUE,42,True
7053,INV-08083,CUS-0256,2024-01-08,1714.17,ONLINE,59,True
7054,INV-08084,CUS-0109,2024-01-15,6374.61,ONLINE,80,False
7055,INV-08085,CUS-0057,2022-08-27,1490.43,RTGS,28,True
7056,INV-08086,CUS-0183,2023-07-11,1124.64,ONLINE,29,True
7057,INV-08087,CUS-0019,2024-05-02,2779.0,NEFT,46,False
7058,INV-08089,CUS-0113,2024-01-18,10710.49,ONLINE,40,True
7059,INV-08090,CUS-0211,2023-09-15,12714.66,ONLINE,60,True
7060,INV-08091,CUS-0211,2022-09-04,6800.28,CHEQUE,58,True
7061,INV-08092,CUS-0021,2024-02-13,1047.37,CHEQUE,30,True
7062,INV-08093,CUS-0020,2023-02-04,12529.7,ONLINE,59,True
7063,INV-08094,CUS-0351,2024-02-28,2295.92,ONLINE,60,True
7064,INV-08095,CUS-0141,2022-06-14,6760.67,ONLINE,56,True
7065,INV-08098,CUS-0045,2023-10-30,9711.19,NEFT,74,False
7066,INV-08099,CUS-0268,2023-09-06,1847.84,RTGS,27,True
7067,INV-08101,CUS-0118,2022-12-03,3094.23,RTGS,46,False
7068,INV-08102,CUS-0204,2023-11-11,2277.42,ONLINE,40,True
7069,INV-08103,CUS-0309,2022-12-21,11680.03,RTGS,55,True
7070,INV-08104,CUS-0431,2024-02-12,28368.45,NEFT,45,True
7071,INV-08105,CUS-0039,2024-01-29,3503.2,NEFT,43,True
7072,INV-08106,CUS-0436,2023-11-15,2659.87,RTGS,26,True
7073,INV-08107,CUS-0154,2023-06-04,1105.86,ONLINE,56,True
7074,INV-08108,CUS-0281,2023-11-12,4738.81,RTGS,64,False
7075,INV-08109,CUS-0091,2023-08-16,2219.84,NEFT,28,True
7076,INV-08110,CUS-0010,2023-03-11,4069.06,CHEQUE,27,True
7077,INV-08111,CUS-0385,2023-02-07,6982.49,ONLINE,57,False
7078,INV-08113,CUS-0479,2022-11-10,32533.61,ONLINE,41,True
7079,INV-08114,CUS-0250,2023-10-29,7476.26,CHEQUE,29,True
7080,INV-08115,CUS-0076,2024-04-19,6656.74,NEFT,58,True
7081,INV-08116,CUS-0221,2022-07-08,33827.33,NEFT,55,True
7082,INV-08117,CUS-0408,2023-08-04,2818.21,CHEQUE,43,True
7083,INV-08118,CUS-0426,2023-12-07,829.62,RTGS,67,False
7084,INV-08119,CUS-0479,2023-05-23,4857.82,RTGS,43,True
7085,INV-08121,CUS-0324,2024-05-07,4074.43,NEFT,44,True
7086,INV-08122,CUS-0348,2024-03-14,392.86,RTGS,29,True
7087,INV-08123,CUS-0107,2022-05-22,1393.23,NEFT,44,True
7088,INV-08124,CUS-0129,2022-06-08,1601.91,ONLINE,26,True
7089,INV-08125,CUS-0248,2022-09-29,35904.78,ONLINE,27,True
7090,INV-08126,CUS-0464,2023-11-18,7330.38,NEFT,44,True
7091,INV-08127,CUS-0174,2022-06-29,2759.3,NEFT,58,True
7092,INV-08129,CUS-0125,2022-11-20,1420.56,RTGS,43,True
7093,INV-08130,CUS-0493,2023-02-02,115.78,ONLINE,29,True
7094,INV-08131,CUS-0021,2023-12-06,5389.89,NEFT,26,True
7095,INV-08132,CUS-0138,2024-02-09,44748.41,RTGS,44,True
7096,INV-08133,CUS-0296,2022-07-01,1854.97,CHEQUE,26,True
7097,INV-08134,CUS-0402,2024-05-04,3010.42,RTGS,57,False
7098,INV-08135,CUS-0359,2022-08-17,1013.62,ONLINE,25,True
7099,INV-08136,CUS-0473,2022-07-27,298.98,CHEQUE,30,True
7100,INV-08137,CUS-0463,2024-01-03,9006.75,RTGS,59,True
7101,INV-08138,CUS-0300,2023-09-29,11545.87,ONLINE,30,True
7102,INV-08140,CUS-0450,2022-12-14,29616.77,ONLINE,57,True
7103,INV-08142,CUS-0052,2022-07-24,5218.72,RTGS,55,True
7104,INV-08143,CUS-0137,2023-12-28,6455.35,RTGS,56,True
7105,INV-08144,CUS-0029,2024-04-10,1478.42,ONLINE,44,True
7106,INV-08145,CUS-0226,2023-07-12,4854.23,ONLINE,28,True
7107,INV-08146,CUS-0306,2023-06-24,6841.99,RTGS,28,True
7108,INV-08147,CUS-0117,2022-12-03,6549.22,RTGS,60,False
7109,INV-08148,CUS-0071,2022-07-26,13792.41,ONLINE,41,True
7110,INV-08150,CUS-0281,2023-07-11,120851.21,NEFT,56,True
7111,INV-08151,CUS-0340,2024-06-24,693.68,ONLINE,89,False
7112,INV-08152,CUS-0471,2024-04-12,70210.93,CHEQUE,40,True
7113,INV-08153,CUS-0450,2022-08-08,2776.16,RTGS,57,True
7114,INV-08154,CUS-0240,2023-01-21,2337.94,CHEQUE,59,True
7115,INV-08155,CUS-0373,2023-02-28,17003.31,NEFT,61,False
7116,INV-08156,CUS-0306,2023-02-23,5272.1,NEFT,29,True
7117,INV-08157,CUS-0040,2023-03-23,34116.13,RTGS,41,True
7118,INV-08158,CUS-0330,2023-07-20,9123.38,NEFT,60,True
7119,INV-08159,CUS-0405,2022-11-08,706.29,ONLINE,28,True
7120,INV-08161,CUS-0303,2022-07-20,23195.62,ONLINE,40,False
7121,INV-08162,CUS-0118,2023-12-10,6697.98,CHEQUE,42,True
7122,INV-08163,CUS-0003,2024-04-14,50600.52,RTGS,43,True
7123,INV-08164,CUS-0349,2024-04-01,6736.96,ONLINE,29,True
7124,INV-08167,CUS-0448,2024-03-11,4357.1,RTGS,63,False
7125,INV-08168,CUS-0339,2022-07-17,78756.71,ONLINE,43,True
7126,INV-08169,CUS-0070,2022-07-09,10300.66,CHEQUE,46,False
7127,INV-08170,CUS-0194,2024-03-04,15212.01,NEFT,26,True
7128,INV-08172,CUS-0358,2023-11-02,23475.15,NEFT,41,True
7129,INV-08173,CUS-0341,2024-01-20,2425.56,CHEQUE,27,True
7130,INV-08174,CUS-0218,2022-12-25,9639.76,RTGS,59,True
7131,INV-08175,CUS-0215,2023-02-02,2352.49,ONLINE,30,True
7132,INV-08176,CUS-0323,2023-08-15,5247.31,RTGS,30,True
7133,INV-08177,CUS-0472,2022-07-24,1503.94,NEFT,46,False
7134,INV-08178,CUS-0073,2023-08-15,13627.62,ONLINE,26,True
7135,INV-08179,CUS-0356,2023-04-01,2169.27,CHEQUE,43,True
7136,INV-08180,CUS-0033,2023-11-15,22968.16,NEFT,27,True
7137,INV-08181,CUS-0426,2023-09-11,2577.32,CHEQUE,64,False
7138,INV-08182,CUS-0267,2023-11-29,2825.01,ONLINE,45,True
7139,INV-08183,CUS-0272,2022-06-05,4299.12,RTGS,44,True
7140,INV-08184,CUS-0271,2023-07-05,1277.2,RTGS,25,True
7141,INV-08185,CUS-0430,2022-08-28,1383.9,ONLINE,60,True
7142,INV-08187,CUS-0182,2023-12-04,16247.58,NEFT,58,True
7143,INV-08188,CUS-0466,2022-09-05,2928.56,ONLINE,68,False
7144,INV-08189,CUS-0330,2024-01-14,19213.91,CHEQUE,57,True
7145,INV-08190,CUS-0277,2023-03-05,1283.07,RTGS,55,True
7146,INV-08192,CUS-0338,2022-08-30,18232.45,NEFT,59,True
7147,INV-08194,CUS-0090,2022-12-03,37128.13,CHEQUE,45,True
7148,INV-08195,CUS-0443,2023-06-17,7025.27,NEFT,45,True
7149,INV-08196,CUS-0004,2022-08-10,55903.29,NEFT,57,False
7150,INV-08197,CUS-0182,2023-05-13,28121.62,ONLINE,55,True
7151,INV-08198,CUS-0254,2022-08-21,884.74,NEFT,45,True
7152,INV-08199,CUS-0461,2023-07-31,3210.47,ONLINE,60,True
7153,INV-08200,CUS-0484,2023-11-06,802.78,RTGS,29,True
7154,INV-08201,CUS-0473,2022-10-07,3143.02,CHEQUE,38,False
7155,INV-08202,CUS-0151,2023-11-18,1105.18,NEFT,26,True
7156,INV-08203,CUS-0254,2023-07-13,3105.87,ONLINE,45,True
7157,INV-08204,CUS-0120,2023-06-10,4168.95,NEFT,42,True
7158,INV-08205,CUS-0103,2023-04-04,2392.35,NEFT,43,True
7159,INV-08206,CUS-0112,2022-08-01,4168.86,RTGS,58,True
7160,INV-08207,CUS-0178,2022-12-21,22858.11,CHEQUE,70,False
7161,INV-08208,CUS-0212,2022-10-23,3492.5,NEFT,55,True
7162,INV-08209,CUS-0488,2023-10-29,4056.99,RTGS,60,True
7163,INV-08210,CUS-0305,2024-03-26,13337.71,NEFT,45,True
7164,INV-08211,CUS-0143,2024-05-29,2174.38,NEFT,63,False
7165,INV-08213,CUS-0200,2023-11-03,120.59,ONLINE,28,True
7166,INV-08214,CUS-0327,2023-10-12,13885.8,NEFT,27,True
7167,INV-08215,CUS-0373,2022-08-16,11912.0,RTGS,45,True
7168,INV-08216,CUS-0096,2023-01-19,4225.87,ONLINE,26,True
7169,INV-08217,CUS-0285,2023-04-27,1038.3,NEFT,41,True
7170,INV-08218,CUS-0500,2023-06-28,2788.06,NEFT,30,True
7171,INV-08219,CUS-0190,2022-08-02,2011.09,CHEQUE,72,False
7172,INV-08220,CUS-0263,2023-03-01,511.15,NEFT,57,True
7173,INV-08221,CUS-0209,2024-04-16,2336.1,ONLINE,29,True
7174,INV-08222,CUS-0144,2023-12-29,348.5,CHEQUE,41,False
7175,INV-08223,CUS-0271,2022-10-22,190.69,NEFT,28,True
7176,INV-08224,CUS-0066,2022-07-07,14237.23,CHEQUE,40,True
7177,INV-08225,CUS-0206,2023-07-12,17403.07,CHEQUE,44,True
7178,INV-08226,CUS-0233,2023-01-21,584.0,RTGS,27,True
7179,INV-08227,CUS-0212,2023-04-19,4082.92,RTGS,60,True
7180,INV-08228,CUS-0008,2024-01-16,11713.71,ONLINE,60,True
7181,INV-08229,CUS-0293,2022-05-26,6075.12,RTGS,42,True
7182,INV-08230,CUS-0135,2023-09-01,16651.53,ONLINE,27,True
7183,INV-08231,CUS-0016,2024-02-12,2286.02,RTGS,57,True
7184,INV-08232,CUS-0252,2024-02-22,3096.3,NEFT,41,False
7185,INV-08233,CUS-0254,2023-04-17,5378.98,ONLINE,40,True
7186,INV-08234,CUS-0269,2023-10-09,3293.98,CHEQUE,44,True
7187,INV-08235,CUS-0121,2022-07-05,8327.34,NEFT,61,False
7188,INV-08236,CUS-0103,2022-09-20,3708.39,CHEQUE,44,True
7189,INV-08237,CUS-0467,2024-03-18,1147.02,ONLINE,43,True
7190,INV-08238,CUS-0405,2023-11-04,392.41,NEFT,29,True
7191,INV-08239,CUS-0230,2023-10-15,12062.32,CHEQUE,41,True
7192,INV-08240,CUS-0467,2023-07-06,436.86,ONLINE,45,True
7193,INV-08241,CUS-0485,2023-09-22,7813.63,ONLINE,58,True
7194,INV-08242,CUS-0122,2023-05-23,7801.88,RTGS,41,True
7195,INV-08243,CUS-0163,2022-08-29,10381.62,NEFT,60,True
7196,INV-08245,CUS-0014,2024-03-31,2702.76,ONLINE,56,True
7197,INV-08246,CUS-0154,2024-04-27,2816.41,NEFT,89,False
7198,INV-08247,CUS-0303,2022-12-24,2402.74,NEFT,26,True
7199,INV-08248,CUS-0003,2023-05-27,45022.53,CHEQUE,41,True
7200,INV-08249,CUS-0149,2022-12-16,48400.11,CHEQUE,44,True
7201,INV-08252,CUS-0026,2022-07-25,1080.44,ONLINE,56,False
7202,INV-08253,CUS-0373,2022-12-08,5005.21,RTGS,45,True
7203,INV-08254,CUS-0440,2023-01-02,6870.19,NEFT,26,True
7204,INV-08255,CUS-0288,2023-06-13,3785.87,ONLINE,55,True
7205,INV-08256,CUS-0027,2023-04-02,2098.67,NEFT,53,False
7206,INV-08257,CUS-0262,2023-02-22,3532.58,NEFT,57,True
7207,INV-08258,CUS-0136,2022-08-05,2832.9,CHEQUE,42,True
7208,INV-08259,CUS-0231,2023-02-10,2683.3,NEFT,39,False
7209,INV-08260,CUS-0106,2023-02-28,708.9,ONLINE,68,False
7210,INV-08261,CUS-0295,2022-08-30,26981.02,NEFT,40,True
7211,INV-08262,CUS-0074,2023-04-29,1445.01,ONLINE,25,True
7212,INV-08263,CUS-0111,2024-04-13,11574.87,RTGS,41,True
7213,INV-08265,CUS-0386,2022-06-12,160.2,CHEQUE,57,True
7214,INV-08266,CUS-0401,2022-12-06,10691.75,NEFT,61,False
7215,INV-08268,CUS-0357,2023-11-10,3584.81,NEFT,28,True
7216,INV-08269,CUS-0286,2022-07-19,2674.59,ONLINE,55,False
7217,INV-08270,CUS-0010,2023-06-16,21301.14,ONLINE,25,True
7218,INV-08271,CUS-0146,2022-10-15,5503.92,NEFT,40,True
7219,INV-08272,CUS-0381,2024-03-26,1112.76,ONLINE,56,False
7220,INV-08273,CUS-0064,2024-04-10,5532.06,RTGS,29,True
7221,INV-08274,CUS-0139,2024-05-02,1291.23,RTGS,44,True
7222,INV-08275,CUS-0410,2023-05-06,12795.64,RTGS,41,True
7223,INV-08277,CUS-0034,2023-11-29,7961.2,NEFT,37,False
7224,INV-08279,CUS-0408,2022-06-28,7113.96,ONLINE,45,True
7225,INV-08280,CUS-0258,2024-04-15,5332.19,RTGS,36,False
7226,INV-08281,CUS-0094,2024-01-08,2703.52,CHEQUE,56,True
7227,INV-08282,CUS-0470,2024-03-17,8999.54,ONLINE,58,True
7228,INV-08283,CUS-0349,2023-10-21,8771.35,NEFT,45,False
7229,INV-08284,CUS-0390,2022-10-23,1156.02,ONLINE,26,True
7230,INV-08285,CUS-0220,2022-11-01,54431.92,CHEQUE,27,True
7231,INV-08286,CUS-0353,2023-06-29,31905.28,CHEQUE,29,True
7232,INV-08287,CUS-0178,2023-04-03,28752.05,ONLINE,43,True
7233,INV-08288,CUS-0285,2024-03-17,922.42,CHEQUE,42,True
7234,INV-08289,CUS-0343,2023-01-03,10889.32,CHEQUE,62,False
7235,INV-08290,CUS-0491,2023-04-17,3161.23,ONLINE,42,True
7236,INV-08291,CUS-0413,2023-05-31,1698.5,NEFT,44,True
7237,INV-08292,CUS-0441,2023-04-25,16248.46,ONLINE,56,False
7238,INV-08293,CUS-0404,2023-01-27,672.86,NEFT,60,True
7239,INV-08294,CUS-0229,2022-12-03,1591.55,RTGS,29,True
7240,INV-08295,CUS-0327,2023-11-09,35851.64,CHEQUE,29,True
7241,INV-08296,CUS-0328,2022-11-24,4185.7,CHEQUE,44,True
7242,INV-08297,CUS-0033,2023-11-26,12357.52,CHEQUE,25,True
7243,INV-08298,CUS-0405,2022-10-10,3271.38,RTGS,28,True
7244,INV-08301,CUS-0015,2022-10-30,2800.06,NEFT,36,False
7245,INV-08302,CUS-0047,2023-02-17,2971.05,RTGS,59,True
7246,INV-08303,CUS-0450,2023-06-24,5542.15,ONLINE,59,True
7247,INV-08304,CUS-0401,2023-09-08,100704.36,RTGS,42,True
7248,INV-08305,CUS-0317,2023-03-20,599.84,ONLINE,30,True
7249,INV-08306,CUS-0030,2022-08-07,37556.84,NEFT,26,True
7250,INV-08307,CUS-0378,2022-05-22,25385.86,NEFT,27,True
7251,INV-08308,CUS-0458,2023-02-17,4685.89,ONLINE,30,True
7252,INV-08309,CUS-0456,2023-06-30,11974.05,ONLINE,60,True
7253,INV-08310,CUS-0033,2023-11-07,7051.48,NEFT,29,True
7254,INV-08311,CUS-0412,2022-08-31,13785.44,ONLINE,59,False
7255,INV-08312,CUS-0066,2022-08-28,3068.34,ONLINE,62,False
7256,INV-08313,CUS-0123,2023-05-18,14072.46,ONLINE,44,True
7257,INV-08314,CUS-0367,2023-06-24,61660.37,RTGS,25,True
7258,INV-08315,CUS-0067,2022-06-23,50814.42,NEFT,59,True
7259,INV-08316,CUS-0095,2022-10-06,1069.42,RTGS,33,False
7260,INV-08317,CUS-0400,2022-09-04,3638.44,NEFT,45,True
7261,INV-08318,CUS-0254,2022-10-08,740.77,ONLINE,41,True
7262,INV-08319,CUS-0496,2023-04-29,1771.19,RTGS,30,True
7263,INV-08320,CUS-0405,2023-03-13,2293.97,ONLINE,31,False
7264,INV-08321,CUS-0346,2023-12-23,4548.07,ONLINE,59,True
7265,INV-08322,CUS-0021,2023-04-04,12364.37,CHEQUE,26,True
7266,INV-08323,CUS-0032,2023-10-06,3736.58,NEFT,59,True
7267,INV-08324,CUS-0131,2024-02-10,695.36,ONLINE,29,True
7268,INV-08326,CUS-0070,2022-05-22,15504.41,RTGS,51,False
7269,INV-08327,CUS-0391,2023-12-10,528.55,CHEQUE,41,True
7270,INV-08328,CUS-0323,2023-10-15,3670.65,CHEQUE,28,True
7271,INV-08329,CUS-0218,2023-01-02,6899.56,RTGS,89,False
7272,INV-08330,CUS-0276,2024-02-26,11273.7,NEFT,61,False
7273,INV-08331,CUS-0139,2023-10-03,882.41,RTGS,62,False
7274,INV-08332,CUS-0202,2022-09-04,6657.26,CHEQUE,42,True
7275,INV-08333,CUS-0005,2022-07-14,556.29,RTGS,55,True
7276,INV-08334,CUS-0293,2024-01-14,1704.17,CHEQUE,41,True
7277,INV-08335,CUS-0091,2023-02-19,2467.48,ONLINE,59,False
7278,INV-08336,CUS-0081,2024-02-23,246.56,CHEQUE,29,True
7279,INV-08337,CUS-0308,2023-09-06,9366.07,NEFT,43,True
7280,INV-08338,CUS-0397,2023-07-31,7975.91,NEFT,57,True
7281,INV-08339,CUS-0450,2023-06-25,9513.04,RTGS,85,False
7282,INV-08340,CUS-0134,2023-08-17,345.34,CHEQUE,57,True
7283,INV-08341,CUS-0384,2022-10-01,1434.52,RTGS,41,True
7284,INV-08342,CUS-0317,2023-09-22,2140.99,NEFT,30,True
7285,INV-08343,CUS-0333,2023-08-16,2990.17,NEFT,57,True
7286,INV-08344,CUS-0236,2022-06-30,6921.9,NEFT,57,True
7287,INV-08345,CUS-0162,2023-01-08,1922.44,NEFT,58,False
7288,INV-08346,CUS-0129,2022-11-01,5017.01,RTGS,26,True
7289,INV-08347,CUS-0125,2024-04-17,286.19,CHEQUE,43,True
7290,INV-08348,CUS-0166,2022-11-27,1274.75,ONLINE,48,False
7291,INV-08349,CUS-0451,2024-04-18,10463.81,ONLINE,43,True
7292,INV-08350,CUS-0378,2023-05-16,52358.16,ONLINE,29,True
7293,INV-08351,CUS-0235,2023-01-13,2263.25,ONLINE,70,False
7294,INV-08352,CUS-0273,2022-12-15,7034.8,RTGS,28,True
7295,INV-08353,CUS-0102,2023-05-29,1238.66,NEFT,55,True
7296,INV-08354,CUS-0129,2022-11-02,21249.48,ONLINE,30,True
7297,INV-08355,CUS-0468,2023-10-08,6422.71,RTGS,27,True
7298,INV-08357,CUS-0127,2024-04-25,10472.97,CHEQUE,71,False
7299,INV-08358,CUS-0148,2022-08-10,18750.98,NEFT,73,False
7300,INV-08359,CUS-0249,2023-10-27,2102.14,CHEQUE,29,True
7301,INV-08360,CUS-0187,2023-12-01,6528.69,NEFT,28,True
7302,INV-08361,CUS-0288,2023-06-15,3397.04,ONLINE,59,True
7303,INV-08362,CUS-0485,2024-05-18,42371.3,CHEQUE,59,True
7304,INV-08363,CUS-0042,2022-10-22,30193.4,ONLINE,56,True
7305,INV-08364,CUS-0444,2023-06-19,3798.35,CHEQUE,78,False
7306,INV-08365,CUS-0418,2022-12-01,3852.53,CHEQUE,30,True
7307,INV-08366,CUS-0276,2023-03-10,6431.78,CHEQUE,52,False
7308,INV-08367,CUS-0494,2022-10-26,10573.57,RTGS,69,False
7309,INV-08369,CUS-0472,2024-03-26,669.85,NEFT,29,True
7310,INV-08370,CUS-0260,2022-09-13,1689.4,RTGS,68,False
7311,INV-08371,CUS-0312,2023-11-25,102318.42,RTGS,48,False
7312,INV-08372,CUS-0151,2022-11-13,3652.6,ONLINE,25,True
7313,INV-08373,CUS-0217,2023-12-08,6887.97,ONLINE,56,True
7314,INV-08374,CUS-0120,2022-07-09,426.69,RTGS,42,True
7315,INV-08375,CUS-0345,2023-09-07,4655.64,ONLINE,62,False
7316,INV-08376,CUS-0258,2022-11-03,3317.64,NEFT,26,True
7317,INV-08377,CUS-0185,2024-03-17,615.22,CHEQUE,72,False
7318,INV-08378,CUS-0025,2023-07-11,10637.67,ONLINE,27,True
7319,INV-08380,CUS-0111,2022-12-04,4752.99,ONLINE,69,False
7320,INV-08381,CUS-0402,2023-08-21,530.45,ONLINE,45,False
7321,INV-08382,CUS-0331,2023-01-26,6142.21,NEFT,57,True
7322,INV-08383,CUS-0135,2023-10-24,63234.78,NEFT,28,True
7323,INV-08384,CUS-0231,2024-03-24,2619.58,RTGS,48,False
7324,INV-08385,CUS-0087,2022-09-10,249.38,ONLINE,25,True
7325,INV-08386,CUS-0079,2022-07-01,293.5,ONLINE,28,True
7326,INV-08387,CUS-0387,2022-09-14,8497.86,NEFT,28,True
7327,INV-08388,CUS-0120,2022-10-09,10212.71,NEFT,42,True
7328,INV-08390,CUS-0124,2022-12-29,1384.92,CHEQUE,44,True
7329,INV-08391,CUS-0421,2024-01-07,21851.13,CHEQUE,82,False
7330,INV-08392,CUS-0498,2023-12-17,647.32,ONLINE,59,True
7331,INV-08393,CUS-0217,2022-10-24,3896.54,RTGS,58,True
7332,INV-08394,CUS-0254,2023-08-17,2230.98,CHEQUE,42,True
7333,INV-08395,CUS-0315,2023-08-04,2324.91,CHEQUE,55,True
7334,INV-08399,CUS-0413,2023-01-04,2332.31,RTGS,41,True
7335,INV-08400,CUS-0234,2022-10-27,1952.16,CHEQUE,26,True
7336,INV-08401,CUS-0022,2022-09-08,6152.76,ONLINE,57,True
7337,INV-08402,CUS-0129,2023-08-02,9775.36,RTGS,30,True
7338,INV-08404,CUS-0401,2023-02-23,7945.65,RTGS,42,True
7339,INV-08405,CUS-0148,2022-08-04,22973.86,ONLINE,57,True
7340,INV-08406,CUS-0320,2023-01-30,5317.08,NEFT,57,True
7341,INV-08407,CUS-0219,2023-02-22,3663.55,RTGS,68,False
7342,INV-08409,CUS-0170,2022-07-19,1890.49,ONLINE,42,True
7343,INV-08410,CUS-0391,2023-01-03,998.22,ONLINE,41,True
7344,INV-08411,CUS-0179,2023-08-27,22178.6,NEFT,58,True
7345,INV-08412,CUS-0331,2022-06-28,2943.52,CHEQUE,59,True
7346,INV-08414,CUS-0153,2022-12-12,3864.63,ONLINE,59,True
7347,INV-08415,CUS-0163,2022-07-15,1425.17,RTGS,56,True
7348,INV-08416,CUS-0237,2023-10-13,3811.53,RTGS,65,False
7349,INV-08417,CUS-0456,2022-12-19,2421.28,CHEQUE,60,True
7350,INV-08418,CUS-0202,2023-02-01,2797.43,CHEQUE,42,True
7351,INV-08419,CUS-0269,2023-04-03,2063.29,NEFT,42,True
7352,INV-08420,CUS-0444,2023-05-19,3650.84,RTGS,60,True
7353,INV-08421,CUS-0178,2023-06-24,42993.73,NEFT,43,True
7354,INV-08422,CUS-0439,2022-07-06,4274.74,ONLINE,74,False
7355,INV-08423,CUS-0256,2022-09-14,571.53,ONLINE,55,True
7356,INV-08424,CUS-0202,2024-04-05,1267.66,ONLINE,42,True
7357,INV-08425,CUS-0237,2022-06-27,2299.91,RTGS,40,True
7358,INV-08426,CUS-0227,2023-11-17,5388.56,RTGS,28,True
7359,INV-08427,CUS-0364,2023-08-08,17768.88,CHEQUE,56,True
7360,INV-08428,CUS-0098,2023-02-24,444.63,RTGS,27,True
7361,INV-08430,CUS-0027,2023-01-06,34978.87,RTGS,40,False
7362,INV-08431,CUS-0434,2023-01-04,3070.96,RTGS,28,True
7363,INV-08432,CUS-0426,2023-07-29,383.93,RTGS,66,False
7364,INV-08433,CUS-0232,2024-01-22,1537.67,CHEQUE,25,True
7365,INV-08434,CUS-0105,2022-07-20,771.37,NEFT,40,True
7366,INV-08435,CUS-0121,2024-03-13,9373.88,ONLINE,41,True
7367,INV-08436,CUS-0058,2022-12-13,2635.56,NEFT,74,False
7368,INV-08437,CUS-0405,2023-03-24,1003.35,CHEQUE,26,True
7369,INV-08438,CUS-0280,2022-09-26,1067.18,CHEQUE,58,True
7370,INV-08439,CUS-0241,2023-11-11,453.49,ONLINE,58,True
7371,INV-08442,CUS-0088,2023-01-07,10036.27,NEFT,30,True
7372,INV-08443,CUS-0052,2024-01-01,14201.02,NEFT,58,True
7373,INV-08444,CUS-0475,2022-06-11,1050.9,NEFT,41,True
7374,INV-08445,CUS-0387,2023-03-02,15701.98,ONLINE,52,False
7375,INV-08446,CUS-0074,2022-09-17,43870.75,ONLINE,30,True
7376,INV-08448,CUS-0270,2024-03-09,1354.41,RTGS,55,True
7377,INV-08449,CUS-0437,2022-12-19,25522.33,NEFT,59,True
7378,INV-08450,CUS-0149,2024-04-16,10058.68,CHEQUE,43,True
7379,INV-08451,CUS-0117,2023-10-09,3157.24,RTGS,26,True
7380,INV-08452,CUS-0025,2023-11-09,4288.4,NEFT,25,True
7381,INV-08453,CUS-0099,2022-07-31,29982.98,CHEQUE,44,True
7382,INV-08454,CUS-0498,2023-05-12,300.74,RTGS,62,False
7383,INV-08455,CUS-0028,2022-05-29,7407.12,NEFT,43,True
7384,INV-08456,CUS-0161,2022-08-17,47432.19,RTGS,58,True
7385,INV-08458,CUS-0427,2024-03-06,1424.27,CHEQUE,82,False
7386,INV-08459,CUS-0229,2022-06-18,12136.79,CHEQUE,54,False
7387,INV-08460,CUS-0107,2024-01-16,2783.88,ONLINE,43,True
7388,INV-08461,CUS-0162,2024-02-01,852.66,CHEQUE,29,True
7389,INV-08462,CUS-0076,2022-12-12,4164.58,CHEQUE,60,True
7390,INV-08463,CUS-0442,2023-07-23,6717.46,NEFT,63,False
7391,INV-08464,CUS-0347,2024-01-15,4608.86,RTGS,49,False
7392,INV-08465,CUS-0428,2022-12-29,9096.46,RTGS,41,True
7393,INV-08466,CUS-0229,2023-01-18,6547.26,CHEQUE,30,True
7394,INV-08467,CUS-0428,2023-02-15,3718.45,CHEQUE,40,True
7395,INV-08468,CUS-0167,2022-12-11,2928.27,ONLINE,27,True
7396,INV-08469,CUS-0204,2023-02-20,4324.39,ONLINE,46,False
7397,INV-08470,CUS-0220,2022-07-29,27478.7,ONLINE,26,True
7398,INV-08472,CUS-0285,2023-01-29,3414.08,CHEQUE,43,True
7399,INV-08473,CUS-0313,2022-06-07,4727.8,CHEQUE,56,True
7400,INV-08474,CUS-0147,2023-11-30,224.62,CHEQUE,60,True
7401,INV-08475,CUS-0254,2022-08-17,9374.35,NEFT,42,True
7402,INV-08476,CUS-0350,2022-11-01,32188.33,NEFT,55,True
7403,INV-08477,CUS-0469,2023-03-08,2443.69,NEFT,53,False
7404,INV-08479,CUS-0271,2023-09-19,415.23,ONLINE,30,True
7405,INV-08481,CUS-0248,2024-03-03,35679.26,ONLINE,25,True
7406,INV-08482,CUS-0182,2023-03-01,12585.9,ONLINE,55,True
7407,INV-08483,CUS-0067,2023-09-26,12782.75,RTGS,63,False
7408,INV-08484,CUS-0261,2022-12-21,5115.19,CHEQUE,57,True
7409,INV-08485,CUS-0176,2023-03-09,5774.97,NEFT,40,True
7410,INV-08487,CUS-0168,2023-08-13,758.36,RTGS,60,True
7411,INV-08488,CUS-0395,2022-09-09,3708.55,NEFT,43,True
7412,INV-08489,CUS-0310,2022-08-01,13658.98,ONLINE,42,True
7413,INV-08491,CUS-0112,2024-02-10,6821.37,CHEQUE,78,False
7414,INV-08492,CUS-0326,2022-10-30,9398.65,ONLINE,55,True
7415,INV-08493,CUS-0156,2022-12-08,21122.79,ONLINE,59,True
7416,INV-08494,CUS-0283,2023-07-24,21679.51,NEFT,28,True
7417,INV-08495,CUS-0230,2022-12-19,5521.73,ONLINE,45,True
7418,INV-08496,CUS-0341,2022-10-28,19627.88,ONLINE,25,True
7419,INV-08497,CUS-0209,2023-04-16,2163.96,CHEQUE,26,True
7420,INV-08498,CUS-0178,2024-01-26,43617.08,ONLINE,45,True
7421,INV-08499,CUS-0315,2022-07-05,4107.25,ONLINE,56,True
7422,INV-08500,CUS-0187,2023-11-26,2426.08,NEFT,26,True
7423,INV-08501,CUS-0216,2023-03-13,38212.89,CHEQUE,55,True
7424,INV-08502,CUS-0396,2022-05-23,51133.74,CHEQUE,40,True
7425,INV-08503,CUS-0243,2023-01-04,1199.41,RTGS,57,False
7426,INV-08504,CUS-0234,2023-02-13,30679.79,CHEQUE,29,True
7427,INV-08506,CUS-0285,2023-04-22,1501.12,ONLINE,48,False
7428,INV-08507,CUS-0251,2024-02-14,6361.81,RTGS,56,True
7429,INV-08508,CUS-0428,2023-11-16,1123.97,CHEQUE,45,True
7430,INV-08510,CUS-0263,2024-01-23,1379.31,ONLINE,56,True
7431,INV-08511,CUS-0096,2023-05-19,103080.16,ONLINE,30,True
7432,INV-08513,CUS-0050,2022-07-05,2276.51,ONLINE,42,True
7433,INV-08515,CUS-0384,2022-11-06,7614.35,NEFT,44,True
7434,INV-08516,CUS-0194,2023-08-01,2609.65,RTGS,29,True
7435,INV-08517,CUS-0323,2022-11-26,1495.48,ONLINE,28,True
7436,INV-08518,CUS-0133,2022-06-20,10636.59,RTGS,44,True
7437,INV-08520,CUS-0192,2023-07-17,16039.9,NEFT,57,False
7438,INV-08521,CUS-0472,2022-08-20,1361.73,CHEQUE,28,True
7439,INV-08522,CUS-0259,2023-01-15,852.8,CHEQUE,44,True
7440,INV-08523,CUS-0497,2023-06-22,21138.8,RTGS,55,False
7441,INV-08524,CUS-0365,2022-05-18,5078.15,ONLINE,44,True
7442,INV-08525,CUS-0499,2022-10-12,2470.18,ONLINE,60,True
7443,INV-08526,CUS-0107,2023-11-08,1906.1,NEFT,53,False
7444,INV-08527,CUS-0493,2022-07-08,2756.05,ONLINE,27,True
7445,INV-08528,CUS-0060,2023-12-02,36500.72,ONLINE,30,True
7446,INV-08529,CUS-0128,2024-04-21,756.59,ONLINE,56,True
7447,INV-08531,CUS-0284,2023-03-21,2773.64,ONLINE,44,True
7448,INV-08532,CUS-0250,2022-11-10,7524.63,CHEQUE,28,True
7449,INV-08534,CUS-0447,2023-10-14,2599.5,RTGS,42,True
7450,INV-08535,CUS-0433,2024-05-05,564.13,ONLINE,49,False
7451,INV-08536,CUS-0242,2022-12-07,2344.37,RTGS,27,True
7452,INV-08538,CUS-0383,2022-09-24,1773.68,NEFT,25,True
7453,INV-08539,CUS-0422,2022-07-14,1516.43,NEFT,40,True
7454,INV-08540,CUS-0316,2023-09-29,1990.75,RTGS,58,False
7455,INV-08541,CUS-0107,2024-03-14,1362.41,RTGS,43,True
7456,INV-08542,CUS-0088,2023-04-26,47694.17,NEFT,26,True
7457,INV-08543,CUS-0300,2023-01-04,1160.57,RTGS,25,True
7458,INV-08544,CUS-0138,2023-08-04,8496.27,ONLINE,41,True
7459,INV-08545,CUS-0321,2023-03-20,508.58,RTGS,25,True
7460,INV-08546,CUS-0332,2023-02-14,1888.39,ONLINE,56,True
7461,INV-08547,CUS-0281,2024-05-24,17054.8,NEFT,82,False
7462,INV-08548,CUS-0013,2022-11-08,1153.41,RTGS,30,True
7463,INV-08549,CUS-0193,2023-11-13,1194.86,RTGS,64,False
7464,INV-08550,CUS-0150,2023-05-01,2109.68,ONLINE,41,True
7465,INV-08551,CUS-0123,2022-10-09,243.41,RTGS,44,True
7466,INV-08552,CUS-0095,2023-03-19,3256.1,ONLINE,25,True
7467,INV-08553,CUS-0105,2023-09-01,564.35,CHEQUE,44,True
7468,INV-08554,CUS-0264,2024-02-07,2075.3,ONLINE,26,True
7469,INV-08555,CUS-0064,2022-12-26,12521.3,ONLINE,26,True
7470,INV-08556,CUS-0030,2023-07-04,3508.51,NEFT,25,True
7471,INV-08557,CUS-0201,2022-12-17,1156.14,NEFT,66,False
7472,INV-08558,CUS-0291,2023-05-09,115361.31,CHEQUE,59,True
7473,INV-08559,CUS-0107,2023-06-27,4581.84,ONLINE,44,True
7474,INV-08560,CUS-0061,2023-03-28,8307.57,RTGS,67,False
7475,INV-08561,CUS-0309,2023-05-16,9819.74,ONLINE,60,True
7476,INV-08563,CUS-0206,2023-08-26,89197.5,CHEQUE,45,True
7477,INV-08564,CUS-0382,2023-05-29,294.91,RTGS,75,False
7478,INV-08565,CUS-0345,2023-05-16,22597.23,ONLINE,59,True
7479,INV-08566,CUS-0462,2023-11-12,517.99,RTGS,58,True
7480,INV-08567,CUS-0105,2023-03-21,1947.4,NEFT,43,True
7481,INV-08568,CUS-0226,2023-11-23,19789.83,CHEQUE,25,True
7482,INV-08569,CUS-0209,2023-07-03,526.12,NEFT,27,True
7483,INV-08570,CUS-0129,2023-09-25,1716.09,CHEQUE,28,True
7484,INV-08571,CUS-0273,2024-01-24,873.35,ONLINE,30,True
7485,INV-08572,CUS-0394,2022-09-13,676.55,RTGS,42,True
7486,INV-08573,CUS-0322,2024-04-29,29364.48,ONLINE,44,True
7487,INV-08574,CUS-0239,2023-07-04,23396.52,CHEQUE,42,True
7488,INV-08575,CUS-0010,2024-04-06,4678.34,CHEQUE,26,True
7489,INV-08576,CUS-0388,2023-03-13,6647.15,NEFT,28,True
7490,INV-08577,CUS-0262,2022-11-27,2524.46,NEFT,58,True
7491,INV-08578,CUS-0308,2022-11-15,2539.14,ONLINE,40,True
7492,INV-08579,CUS-0089,2024-02-13,75901.82,NEFT,58,True
7493,INV-08580,CUS-0273,2022-05-07,3345.86,RTGS,30,True
7494,INV-08581,CUS-0290,2023-06-18,630.28,RTGS,55,True
7495,INV-08583,CUS-0114,2023-03-15,3131.78,RTGS,40,True
7496,INV-08584,CUS-0341,2022-10-12,19594.77,ONLINE,30,True
7497,INV-08585,CUS-0309,2023-12-09,11754.58,RTGS,58,True
7498,INV-08587,CUS-0212,2024-02-18,523.27,NEFT,57,True
7499,INV-08588,CUS-0212,2022-07-27,1905.82,NEFT,60,True
7500,INV-08589,CUS-0248,2023-08-12,16288.38,CHEQUE,39,False
7501,INV-08590,CUS-0040,2022-12-21,19311.46,RTGS,55,False
7502,INV-08591,CUS-0091,2022-07-17,2449.3,ONLINE,39,False
7503,INV-08592,CUS-0329,2022-09-28,31671.78,NEFT,78,False
7504,INV-08593,CUS-0082,2023-06-04,7205.4,ONLINE,53,False
7505,INV-08594,CUS-0224,2022-07-11,1179.98,NEFT,27,True
7506,INV-08595,CUS-0159,2022-05-14,11128.1,NEFT,26,True
7507,INV-08596,CUS-0311,2023-06-05,10470.59,CHEQUE,59,True
7508,INV-08598,CUS-0226,2024-03-09,21349.46,RTGS,27,True
7509,INV-08599,CUS-0295,2022-05-28,6176.66,NEFT,44,True
7510,INV-08600,CUS-0148,2022-06-18,40026.04,RTGS,56,True
7511,INV-08601,CUS-0104,2023-10-01,2538.3,ONLINE,67,False
7512,INV-08602,CUS-0046,2024-01-18,3348.26,CHEQUE,28,True
7513,INV-08603,CUS-0183,2022-08-31,1700.89,ONLINE,53,False
7514,INV-08604,CUS-0138,2024-03-01,12140.47,RTGS,40,True
7515,INV-08605,CUS-0113,2023-10-16,8946.13,ONLINE,44,True
7516,INV-08606,CUS-0328,2023-03-16,2658.22,RTGS,41,True
7517,INV-08608,CUS-0346,2023-05-29,3949.0,RTGS,58,True
7518,INV-08609,CUS-0006,2023-04-10,1844.2,CHEQUE,25,True
7519,INV-08610,CUS-0382,2023-11-25,11319.6,RTGS,56,True
7520,INV-08611,CUS-0126,2022-12-01,4243.31,ONLINE,81,False
7521,INV-08612,CUS-0135,2023-01-19,4363.68,NEFT,25,True
7522,INV-08613,CUS-0021,2022-06-25,2086.22,ONLINE,30,True
7523,INV-08614,CUS-0183,2023-06-30,1487.94,NEFT,30,True
7524,INV-08615,CUS-0236,2024-05-16,5536.64,NEFT,56,True
7525,INV-08616,CUS-0298,2024-02-23,7487.25,NEFT,26,True
7526,INV-08617,CUS-0300,2023-07-23,4334.21,CHEQUE,26,True
7527,INV-08618,CUS-0036,2024-03-08,1731.02,NEFT,60,False
7528,INV-08619,CUS-0396,2022-07-30,8967.98,CHEQUE,44,True
7529,INV-08620,CUS-0329,2022-08-24,24055.53,NEFT,57,True
7530,INV-08621,CUS-0062,2023-10-24,1266.25,RTGS,41,True
7531,INV-08622,CUS-0200,2024-04-27,1344.39,NEFT,55,False
7532,INV-08625,CUS-0181,2024-04-04,7174.14,CHEQUE,45,True
7533,INV-08627,CUS-0347,2024-04-27,6787.55,CHEQUE,29,True
7534,INV-08629,CUS-0078,2023-09-08,33928.19,NEFT,40,True
7535,INV-08630,CUS-0194,2022-06-23,17913.2,RTGS,28,True
7536,INV-08631,CUS-0396,2024-05-09,4548.12,CHEQUE,44,True
7537,INV-08632,CUS-0442,2024-02-10,4712.04,NEFT,67,False
7538,INV-08633,CUS-0178,2023-09-04,17124.51,ONLINE,43,True
7539,INV-08635,CUS-0021,2023-08-13,3022.52,ONLINE,27,True
7540,INV-08636,CUS-0348,2024-02-26,601.5,ONLINE,29,True
7541,INV-08637,CUS-0127,2024-03-01,4790.59,RTGS,58,False
7542,INV-08638,CUS-0301,2022-09-06,4633.02,NEFT,44,True
7543,INV-08639,CUS-0006,2023-02-07,1378.03,CHEQUE,25,True
7544,INV-08640,CUS-0417,2022-12-04,16140.44,CHEQUE,28,True
7545,INV-08642,CUS-0096,2023-11-08,91078.44,ONLINE,28,True
7546,INV-08643,CUS-0388,2023-05-23,3282.17,ONLINE,27,True
7547,INV-08644,CUS-0429,2023-05-02,2719.34,CHEQUE,27,True
7548,INV-08645,CUS-0199,2023-05-03,2153.82,ONLINE,41,True
7549,INV-08646,CUS-0453,2022-05-17,1881.14,ONLINE,42,False
7550,INV-08647,CUS-0477,2022-10-30,8211.04,ONLINE,41,True
7551,INV-08648,CUS-0460,2023-09-10,12986.91,RTGS,41,True
7552,INV-08649,CUS-0378,2022-12-16,16468.71,CHEQUE,30,True
7553,INV-08650,CUS-0233,2024-01-31,7539.6,RTGS,25,True
7554,INV-08651,CUS-0140,2022-11-04,4292.01,CHEQUE,27,True
7555,INV-08652,CUS-0484,2023-11-20,2550.5,ONLINE,26,True
7556,INV-08653,CUS-0452,2023-10-03,936.74,NEFT,30,True
7557,INV-08654,CUS-0222,2024-04-21,7523.3,RTGS,55,True
7558,INV-08655,CUS-0031,2022-09-02,4780.1,NEFT,57,True
7559,INV-08656,CUS-0086,2024-02-02,2932.51,RTGS,56,True
7560,INV-08657,CUS-0356,2022-10-28,2670.07,CHEQUE,42,True
7561,INV-08658,CUS-0201,2023-01-03,1153.35,RTGS,51,False
7562,INV-08659,CUS-0299,2023-11-07,507.27,NEFT,55,True
7563,INV-08660,CUS-0444,2022-07-12,776.4,NEFT,80,False
7564,INV-08661,CUS-0262,2023-07-26,2037.5,ONLINE,60,True
7565,INV-08662,CUS-0362,2023-08-09,925.94,ONLINE,27,True
7566,INV-08663,CUS-0078,2022-08-12,1540.67,RTGS,43,True
7567,INV-08664,CUS-0363,2022-09-01,402.67,CHEQUE,54,False
7568,INV-08665,CUS-0096,2022-11-03,50962.3,ONLINE,26,True
7569,INV-08666,CUS-0227,2023-01-07,7716.82,NEFT,26,True
7570,INV-08667,CUS-0067,2022-09-11,44376.39,ONLINE,84,False
7571,INV-08668,CUS-0013,2023-06-05,13906.16,CHEQUE,25,True
7572,INV-08669,CUS-0360,2022-12-16,9769.88,RTGS,41,True
7573,INV-08670,CUS-0019,2022-12-17,56090.46,NEFT,59,False
7574,INV-08671,CUS-0362,2023-06-30,786.8,ONLINE,37,False
7575,INV-08672,CUS-0214,2023-12-21,2177.75,NEFT,28,True
7576,INV-08673,CUS-0030,2024-03-21,18501.75,CHEQUE,25,True
7577,INV-08674,CUS-0358,2022-11-30,23423.93,CHEQUE,42,True
7578,INV-08675,CUS-0409,2022-06-10,3010.06,ONLINE,57,False
7579,INV-08676,CUS-0029,2023-05-08,2506.59,RTGS,44,True
7580,INV-08677,CUS-0426,2022-09-19,793.09,CHEQUE,44,True
7581,INV-08678,CUS-0471,2024-03-10,21799.48,RTGS,43,True
7582,INV-08679,CUS-0332,2024-03-17,1227.29,RTGS,58,True
7583,INV-08680,CUS-0182,2023-07-28,4286.06,CHEQUE,58,True
7584,INV-08681,CUS-0251,2023-07-20,1668.27,ONLINE,57,True
7585,INV-08683,CUS-0205,2022-06-19,1014.72,RTGS,56,False
7586,INV-08684,CUS-0088,2023-03-23,13680.91,ONLINE,27,True
7587,INV-08685,CUS-0043,2022-10-04,4749.43,ONLINE,35,False
7588,INV-08686,CUS-0362,2024-02-09,13049.06,NEFT,30,True
7589,INV-08688,CUS-0439,2023-10-19,9597.14,RTGS,43,True
7590,INV-08689,CUS-0330,2023-10-09,32326.12,ONLINE,57,True
7591,INV-08691,CUS-0224,2024-03-14,1743.11,ONLINE,27,True
7592,INV-08692,CUS-0003,2023-08-07,7125.88,RTGS,64,False
7593,INV-08693,CUS-0354,2023-03-08,7518.12,CHEQUE,30,True
7594,INV-08694,CUS-0230,2022-11-19,2089.97,NEFT,40,True
7595,INV-08695,CUS-0227,2023-10-10,3453.92,CHEQUE,25,True
7596,INV-08696,CUS-0432,2024-01-01,93.41,RTGS,40,True
7597,INV-08697,CUS-0262,2023-08-14,53058.95,CHEQUE,55,True
7598,INV-08698,CUS-0094,2022-07-13,1918.73,CHEQUE,57,True
7599,INV-08699,CUS-0379,2022-11-17,21849.2,NEFT,43,True
7600,INV-08700,CUS-0390,2023-12-10,2099.5,NEFT,30,True
7601,INV-08701,CUS-0375,2023-08-08,1767.01,CHEQUE,43,True
7602,INV-08703,CUS-0235,2023-10-27,11613.61,RTGS,45,True
7603,INV-08704,CUS-0432,2023-09-24,622.22,RTGS,43,True
7604,INV-08705,CUS-0300,2022-07-02,11599.1,CHEQUE,26,True
7605,INV-08706,CUS-0447,2022-07-07,5110.84,ONLINE,65,False
7606,INV-08707,CUS-0177,2023-03-20,4938.02,CHEQUE,45,True
7607,INV-08708,CUS-0182,2023-09-21,34917.09,ONLINE,59,True
7608,INV-08709,CUS-0390,2023-07-08,661.93,ONLINE,25,True
7609,INV-08710,CUS-0300,2022-10-05,567.26,CHEQUE,25,True
7610,INV-08711,CUS-0342,2022-10-19,805.77,ONLINE,58,True
7611,INV-08712,CUS-0312,2022-12-25,14075.61,ONLINE,45,True
7612,INV-08713,CUS-0451,2022-06-07,8471.74,CHEQUE,43,True
7613,INV-08714,CUS-0044,2022-12-17,6298.87,RTGS,27,True
7614,INV-08715,CUS-0084,2022-09-10,14539.33,CHEQUE,58,True
7615,INV-08716,CUS-0419,2024-01-20,3987.02,NEFT,60,True
7616,INV-08719,CUS-0186,2023-04-21,24732.77,CHEQUE,43,True
7617,INV-08722,CUS-0102,2023-05-20,937.14,ONLINE,59,True
7618,INV-08723,CUS-0145,2023-11-10,1775.21,RTGS,60,True
7619,INV-08724,CUS-0491,2022-12-21,1651.98,RTGS,43,True
7620,INV-08725,CUS-0052,2022-11-09,9045.35,CHEQUE,56,True
7621,INV-08726,CUS-0230,2022-07-04,18258.88,NEFT,44,True
7622,INV-08727,CUS-0082,2024-04-04,450.71,ONLINE,45,True
7623,INV-08728,CUS-0161,2024-05-23,37421.32,CHEQUE,56,True
7624,INV-08729,CUS-0387,2023-03-12,27782.46,NEFT,41,False
7625,INV-08730,CUS-0448,2024-03-17,1186.3,RTGS,68,False
7626,INV-08731,CUS-0177,2023-04-01,3344.39,ONLINE,42,True
7627,INV-08732,CUS-0458,2023-05-21,3984.95,ONLINE,28,True
7628,INV-08734,CUS-0241,2023-04-19,904.71,NEFT,58,True
7629,INV-08735,CUS-0048,2022-12-13,3998.48,ONLINE,61,False
7630,INV-08736,CUS-0276,2023-07-24,23165.98,RTGS,45,True
7631,INV-08737,CUS-0102,2022-10-02,4494.02,NEFT,59,True
7632,INV-08738,CUS-0220,2023-07-31,1814.26,RTGS,28,True
7633,INV-08739,CUS-0273,2022-05-06,1405.07,RTGS,27,True
7634,INV-08740,CUS-0387,2023-09-08,15949.44,ONLINE,40,False
7635,INV-08741,CUS-0381,2023-01-23,1504.16,RTGS,37,False
7636,INV-08742,CUS-0259,2024-02-17,492.38,ONLINE,50,False
7637,INV-08743,CUS-0321,2024-03-13,744.83,RTGS,29,True
7638,INV-08744,CUS-0147,2022-10-26,767.41,NEFT,88,False
7639,INV-08745,CUS-0477,2023-12-21,21540.01,RTGS,43,True
7640,INV-08746,CUS-0212,2024-02-25,6848.22,ONLINE,60,True
7641,INV-08747,CUS-0274,2022-11-19,5684.79,NEFT,85,False
7642,INV-08749,CUS-0238,2023-08-09,792.29,RTGS,43,True
7643,INV-08750,CUS-0192,2022-05-19,4325.41,NEFT,28,True
7644,INV-08751,CUS-0209,2022-07-11,7567.94,CHEQUE,25,True
7645,INV-08752,CUS-0030,2024-03-03,2382.51,RTGS,27,True
7646,INV-08753,CUS-0071,2023-01-01,4274.94,CHEQUE,60,False
7647,INV-08755,CUS-0185,2022-12-31,7557.77,NEFT,56,True
7648,INV-08756,CUS-0013,2024-01-13,34373.65,RTGS,56,False
7649,INV-08757,CUS-0347,2023-04-17,13206.01,ONLINE,49,False
7650,INV-08758,CUS-0164,2023-09-23,4609.83,CHEQUE,28,True
7651,INV-08760,CUS-0003,2023-03-24,30516.93,NEFT,40,True
7652,INV-08761,CUS-0172,2022-12-21,89951.01,ONLINE,41,True
7653,INV-08762,CUS-0027,2022-06-26,3384.69,ONLINE,40,False
7654,INV-08763,CUS-0180,2024-02-11,6513.71,NEFT,25,True
7655,INV-08764,CUS-0186,2023-01-18,4385.4,CHEQUE,44,True
7656,INV-08765,CUS-0248,2024-04-19,21832.46,RTGS,25,True
7657,INV-08766,CUS-0246,2024-04-09,10457.36,CHEQUE,58,False
7658,INV-08767,CUS-0466,2023-01-24,2093.01,NEFT,55,True
7659,INV-08768,CUS-0185,2023-10-06,2122.0,CHEQUE,84,False
7660,INV-08769,CUS-0060,2023-08-14,8219.7,RTGS,29,True
7661,INV-08770,CUS-0238,2022-07-13,515.97,NEFT,42,True
7662,INV-08771,CUS-0481,2023-10-04,23035.75,CHEQUE,41,True
7663,INV-08772,CUS-0260,2023-09-06,3252.41,RTGS,55,False
7664,INV-08773,CUS-0381,2023-09-29,2057.93,CHEQUE,28,True
7665,INV-08774,CUS-0367,2023-10-10,10482.9,ONLINE,25,True
7666,INV-08775,CUS-0233,2023-05-16,1968.92,ONLINE,25,True
7667,INV-08776,CUS-0384,2024-04-20,38332.75,NEFT,43,True
7668,INV-08777,CUS-0392,2022-12-26,58113.09,CHEQUE,59,True
7669,INV-08778,CUS-0416,2024-03-29,1951.13,NEFT,25,True
7670,INV-08779,CUS-0463,2023-08-24,8629.96,RTGS,60,True
7671,INV-08780,CUS-0313,2024-02-18,3227.29,NEFT,60,True
7672,INV-08781,CUS-0140,2023-12-13,33749.87,RTGS,29,True
7673,INV-08782,CUS-0490,2022-10-14,2408.23,CHEQUE,42,True
7674,INV-08783,CUS-0221,2023-01-24,4845.99,ONLINE,57,True
7675,INV-08784,CUS-0160,2023-10-30,1692.8,CHEQUE,40,True
7676,INV-08785,CUS-0061,2022-08-16,3077.64,ONLINE,57,True
7677,INV-08787,CUS-0097,2023-03-03,1785.11,NEFT,55,True
7678,INV-08788,CUS-0183,2024-03-02,615.35,CHEQUE,28,True
7679,INV-08789,CUS-0237,2023-11-29,259.37,NEFT,40,True
7680,INV-08790,CUS-0316,2022-11-15,991.2,NEFT,41,True
7681,INV-08791,CUS-0215,2023-08-22,5422.44,NEFT,28,True
7682,INV-08792,CUS-0263,2024-04-07,1461.23,CHEQUE,55,True
7683,INV-08793,CUS-0064,2024-05-03,4570.8,RTGS,36,False
7684,INV-08794,CUS-0378,2022-11-26,6380.52,CHEQUE,27,True
7685,INV-08795,CUS-0196,2023-10-01,20228.19,NEFT,45,True
7686,INV-08796,CUS-0482,2023-11-26,8843.54,NEFT,58,True
7687,INV-08797,CUS-0166,2022-09-01,7571.98,NEFT,43,True
7688,INV-08798,CUS-0343,2023-06-27,4502.14,NEFT,41,True
7689,INV-08799,CUS-0337,2023-01-08,5118.95,CHEQUE,60,True
7690,INV-08800,CUS-0332,2022-12-17,19989.76,RTGS,58,True
7691,INV-08801,CUS-0058,2022-06-17,1306.28,NEFT,60,True
7692,INV-08802,CUS-0248,2022-06-11,95304.2,ONLINE,30,True
7693,INV-08803,CUS-0021,2023-10-19,8658.72,CHEQUE,25,True
7694,INV-08804,CUS-0244,2023-09-05,1661.07,NEFT,63,False
7695,INV-08806,CUS-0271,2022-11-23,1538.76,CHEQUE,25,True
7696,INV-08807,CUS-0106,2023-06-29,319.19,NEFT,58,True
7697,INV-08808,CUS-0292,2022-06-06,60547.35,NEFT,45,True
7698,INV-08809,CUS-0476,2022-06-13,22640.5,CHEQUE,55,True
7699,INV-08810,CUS-0090,2023-11-17,11956.3,RTGS,45,True
7700,INV-08811,CUS-0456,2022-12-21,1159.02,NEFT,60,True
7701,INV-08812,CUS-0025,2023-03-01,6191.09,CHEQUE,28,True
7702,INV-08813,CUS-0362,2023-07-05,6038.29,NEFT,25,True
7703,INV-08814,CUS-0236,2024-03-24,41635.02,RTGS,57,True
7704,INV-08815,CUS-0078,2024-01-27,4123.3,NEFT,44,True
7705,INV-08816,CUS-0355,2023-04-28,802.61,NEFT,30,True
7706,INV-08817,CUS-0379,2024-05-29,6164.33,NEFT,68,False
7707,INV-08818,CUS-0095,2022-08-15,475.9,ONLINE,26,True
7708,INV-08819,CUS-0069,2022-07-19,10454.51,ONLINE,64,False
7709,INV-08820,CUS-0342,2023-02-11,72.07,CHEQUE,70,False
7710,INV-08821,CUS-0304,2022-11-12,1120.52,CHEQUE,28,True
7711,INV-08823,CUS-0238,2023-04-05,588.65,RTGS,40,True
7712,INV-08824,CUS-0283,2023-09-22,2286.55,ONLINE,25,True
7713,INV-08825,CUS-0349,2022-12-24,787.23,NEFT,48,False
7714,INV-08826,CUS-0124,2022-07-06,3786.67,RTGS,44,True
7715,INV-08827,CUS-0195,2024-01-13,17225.24,ONLINE,44,True
7716,INV-08828,CUS-0239,2023-09-15,4744.16,ONLINE,41,True
7717,INV-08829,CUS-0255,2023-02-22,3099.92,NEFT,48,False
7718,INV-08830,CUS-0212,2024-02-28,4249.08,RTGS,59,True
7719,INV-08831,CUS-0394,2022-07-30,9724.66,NEFT,45,True
7720,INV-08833,CUS-0473,2022-07-25,272.43,ONLINE,29,True
7721,INV-08834,CUS-0476,2023-12-19,3785.03,NEFT,55,True
7722,INV-08835,CUS-0182,2023-05-25,19212.6,RTGS,59,True
7723,INV-08836,CUS-0085,2023-08-22,14855.0,ONLINE,57,True
7724,INV-08837,CUS-0073,2024-03-26,43302.72,NEFT,30,True
7725,INV-08838,CUS-0463,2023-11-28,9473.85,ONLINE,80,False
7726,INV-08839,CUS-0350,2023-06-26,9683.01,NEFT,76,False
7727,INV-08840,CUS-0139,2023-06-29,2740.29,RTGS,42,True
7728,INV-08841,CUS-0191,2024-02-21,7857.1,ONLINE,26,True
7729,INV-08842,CUS-0029,2023-01-08,3613.38,NEFT,42,True
7730,INV-08843,CUS-0378,2023-04-16,20552.64,NEFT,41,False
7731,INV-08844,CUS-0315,2022-07-20,1018.48,RTGS,58,True
7732,INV-08845,CUS-0170,2024-01-17,2538.65,NEFT,40,True
7733,INV-08846,CUS-0404,2023-09-13,8653.75,CHEQUE,56,True
7734,INV-08848,CUS-0379,2023-11-03,573.73,RTGS,41,True
7735,INV-08849,CUS-0423,2023-08-22,2087.66,NEFT,42,True
7736,INV-08850,CUS-0017,2023-11-29,2512.19,ONLINE,83,False
7737,INV-08851,CUS-0389,2022-06-09,562.24,CHEQUE,26,True
7738,INV-08852,CUS-0359,2022-08-23,6841.27,ONLINE,26,True
7739,INV-08853,CUS-0489,2023-01-03,8503.52,RTGS,56,True
7740,INV-08855,CUS-0121,2022-07-12,171595.25,ONLINE,41,True
7741,INV-08856,CUS-0187,2024-01-20,13560.48,NEFT,28,True
7742,INV-08857,CUS-0079,2023-01-05,1552.37,NEFT,27,True
7743,INV-08858,CUS-0044,2023-11-05,342.3,RTGS,27,True
7744,INV-08859,CUS-0448,2023-04-09,3373.14,NEFT,62,False
7745,INV-08860,CUS-0420,2022-08-13,1864.96,ONLINE,64,False
7746,INV-08861,CUS-0290,2023-04-25,4572.19,CHEQUE,56,True
7747,INV-08862,CUS-0010,2022-09-22,36305.9,CHEQUE,46,False
7748,INV-08864,CUS-0495,2023-07-30,8087.25,RTGS,55,True
7749,INV-08865,CUS-0148,2022-12-29,7104.91,NEFT,65,False
7750,INV-08866,CUS-0327,2022-09-19,18115.06,RTGS,27,True
7751,INV-08867,CUS-0123,2023-07-28,4520.98,NEFT,45,True
7752,INV-08868,CUS-0178,2023-12-10,46076.49,RTGS,44,True
7753,INV-08869,CUS-0465,2023-10-19,3849.8,NEFT,60,True
7754,INV-08870,CUS-0010,2023-08-05,69221.99,NEFT,28,True
7755,INV-08872,CUS-0374,2024-05-25,9332.65,CHEQUE,57,True
7756,INV-08873,CUS-0196,2023-08-28,64519.46,RTGS,41,True
7757,INV-08874,CUS-0341,2023-10-23,12817.51,ONLINE,28,True
7758,INV-08876,CUS-0074,2023-08-11,3738.71,NEFT,27,True
7759,INV-08877,CUS-0312,2024-05-11,25392.94,ONLINE,43,True
7760,INV-08878,CUS-0380,2023-07-27,2115.2,CHEQUE,44,True
7761,INV-08879,CUS-0264,2023-11-28,1517.96,CHEQUE,49,False
7762,INV-08880,CUS-0298,2022-09-13,11474.79,RTGS,26,True
7763,INV-08882,CUS-0122,2022-07-21,64125.73,RTGS,41,True
7764,INV-08883,CUS-0274,2023-05-26,98967.7,NEFT,58,True
7765,INV-08884,CUS-0234,2023-01-01,22937.62,RTGS,28,True
7766,INV-08885,CUS-0198,2023-08-26,1286.67,RTGS,88,False
7767,INV-08886,CUS-0214,2024-03-25,927.34,CHEQUE,25,True
7768,INV-08887,CUS-0442,2023-03-13,632.63,ONLINE,44,True
7769,INV-08888,CUS-0171,2024-04-26,1815.13,CHEQUE,44,True
7770,INV-08889,CUS-0251,2024-03-01,1725.95,RTGS,56,True
7771,INV-08890,CUS-0438,2022-09-07,14533.33,CHEQUE,64,False
7772,INV-08891,CUS-0106,2024-05-01,7130.36,NEFT,59,True
7773,INV-08892,CUS-0087,2023-04-25,1079.11,ONLINE,29,True
7774,INV-08893,CUS-0124,2023-09-29,14289.3,NEFT,45,True
7775,INV-08894,CUS-0254,2023-12-21,12197.37,RTGS,42,True
7776,INV-08895,CUS-0495,2022-08-19,1762.43,CHEQUE,59,True
7777,INV-08896,CUS-0161,2024-05-13,23263.96,CHEQUE,56,True
7778,INV-08898,CUS-0467,2024-04-04,1661.85,RTGS,45,True
7779,INV-08899,CUS-0170,2023-10-26,991.6,ONLINE,44,True
7780,INV-08900,CUS-0330,2022-08-13,50530.82,CHEQUE,61,False
7781,INV-08901,CUS-0419,2023-01-28,600.77,ONLINE,73,False
7782,INV-08902,CUS-0139,2024-03-27,1646.88,NEFT,44,True
7783,INV-08903,CUS-0493,2022-11-29,1431.77,NEFT,29,True
7784,INV-08904,CUS-0190,2022-12-06,472.68,CHEQUE,41,True
7785,INV-08905,CUS-0429,2023-04-08,15088.66,NEFT,25,True
7786,INV-08906,CUS-0439,2022-06-21,4694.59,CHEQUE,45,True
7787,INV-08908,CUS-0266,2023-05-18,4604.45,ONLINE,30,True
7788,INV-08909,CUS-0435,2024-02-20,1679.06,CHEQUE,60,True
7789,INV-08910,CUS-0463,2023-12-22,26035.16,CHEQUE,58,True
7790,INV-08911,CUS-0410,2024-04-27,1839.27,CHEQUE,44,True
7791,INV-08912,CUS-0090,2023-04-29,47185.41,ONLINE,45,True
7792,INV-08913,CUS-0012,2022-11-12,24192.62,NEFT,43,True
7793,INV-08914,CUS-0316,2022-10-06,3391.59,ONLINE,52,False
7794,INV-08915,CUS-0098,2023-10-26,3617.65,ONLINE,25,True
7795,INV-08916,CUS-0377,2024-02-22,568.23,RTGS,27,True
7796,INV-08918,CUS-0194,2022-05-25,7395.48,RTGS,30,True
7797,INV-08919,CUS-0115,2023-07-27,8377.88,CHEQUE,74,False
7798,INV-08920,CUS-0356,2022-12-05,2537.47,RTGS,40,True
7799,INV-08921,CUS-0294,2022-11-30,6561.43,ONLINE,78,False
7800,INV-08922,CUS-0081,2023-12-21,402.39,ONLINE,53,False
7801,INV-08923,CUS-0071,2023-06-06,31169.7,CHEQUE,45,True
7802,INV-08925,CUS-0143,2023-08-31,1153.21,CHEQUE,70,False
7803,INV-08926,CUS-0238,2023-08-15,848.7,RTGS,40,True
7804,INV-08927,CUS-0443,2024-04-30,309.15,ONLINE,40,True
7805,INV-08928,CUS-0370,2022-05-13,13362.5,ONLINE,42,True
7806,INV-08929,CUS-0317,2022-05-14,2517.42,RTGS,28,True
7807,INV-08930,CUS-0068,2023-10-06,3847.89,CHEQUE,42,True
7808,INV-08931,CUS-0407,2023-02-21,4001.5,NEFT,59,True
7809,INV-08932,CUS-0393,2023-09-25,9686.06,CHEQUE,41,True
7810,INV-08934,CUS-0294,2022-11-16,42521.9,CHEQUE,59,True
7811,INV-08935,CUS-0209,2023-10-14,934.53,CHEQUE,27,True
7812,INV-08936,CUS-0047,2023-08-19,10972.77,CHEQUE,69,False
7813,INV-08937,CUS-0339,2022-11-10,10390.73,CHEQUE,41,True
7814,INV-08938,CUS-0182,2023-11-26,42844.03,CHEQUE,71,False
7815,INV-08939,CUS-0101,2022-07-25,401.36,CHEQUE,29,True
7816,INV-08940,CUS-0473,2023-05-12,937.25,ONLINE,28,True
7817,INV-08941,CUS-0457,2022-10-06,4113.11,NEFT,72,False
7818,INV-08942,CUS-0137,2024-02-24,1176.2,RTGS,84,False
7819,INV-08944,CUS-0472,2023-02-24,2351.72,ONLINE,47,False
7820,INV-08945,CUS-0034,2023-02-04,1764.79,CHEQUE,28,True
7821,INV-08946,CUS-0497,2022-08-25,10380.0,CHEQUE,29,True
7822,INV-08947,CUS-0062,2023-04-29,6617.69,RTGS,44,True
7823,INV-08948,CUS-0329,2022-09-30,53232.85,CHEQUE,85,False
7824,INV-08949,CUS-0405,2022-05-20,629.95,ONLINE,47,False
7825,INV-08950,CUS-0256,2022-11-26,255.87,RTGS,58,True
7826,INV-08951,CUS-0060,2024-02-18,5666.93,CHEQUE,27,True
7827,INV-08952,CUS-0163,2023-06-14,2443.55,NEFT,57,True
7828,INV-08953,CUS-0154,2023-05-09,2868.28,RTGS,57,True
7829,INV-08954,CUS-0151,2023-08-02,894.76,ONLINE,27,True
7830,INV-08955,CUS-0315,2024-03-23,5632.88,NEFT,59,True
7831,INV-08956,CUS-0117,2023-06-26,3455.65,NEFT,25,True
7832,INV-08957,CUS-0342,2022-07-31,945.36,RTGS,57,True
7833,INV-08958,CUS-0435,2023-03-27,1504.77,ONLINE,55,True
7834,INV-08959,CUS-0166,2023-06-07,3692.61,RTGS,58,False
7835,INV-08960,CUS-0388,2023-10-19,11191.79,CHEQUE,27,True
7836,INV-08961,CUS-0188,2024-01-11,1227.7,NEFT,66,False
7837,INV-08963,CUS-0412,2023-07-22,19029.24,CHEQUE,27,True
7838,INV-08964,CUS-0500,2022-10-12,13941.76,CHEQUE,35,False
7839,INV-08965,CUS-0171,2023-10-27,10074.81,NEFT,44,True
7840,INV-08967,CUS-0089,2023-12-14,15148.23,RTGS,60,True
7841,INV-08968,CUS-0100,2024-03-05,44539.32,ONLINE,28,True
7842,INV-08969,CUS-0359,2023-11-21,14769.1,CHEQUE,30,True
7843,INV-08970,CUS-0468,2022-08-05,7753.34,NEFT,29,True
7844,INV-08972,CUS-0408,2023-03-14,12103.45,ONLINE,46,False
7845,INV-08973,CUS-0288,2023-12-15,9435.36,NEFT,55,True
7846,INV-08974,CUS-0464,2024-01-22,1763.68,RTGS,42,True
7847,INV-08975,CUS-0279,2022-11-14,2113.51,RTGS,44,True
7848,INV-08976,CUS-0335,2023-09-29,6152.8,RTGS,60,True
7849,INV-08977,CUS-0185,2023-06-11,4502.4,NEFT,55,True
7850,INV-08978,CUS-0452,2023-08-30,3529.87,ONLINE,28,True
7851,INV-08979,CUS-0379,2023-05-19,10188.53,CHEQUE,41,True
7852,INV-08981,CUS-0372,2022-10-03,4684.96,CHEQUE,30,True
7853,INV-08982,CUS-0047,2024-03-13,20102.13,RTGS,55,True
7854,INV-08983,CUS-0410,2023-08-08,4619.28,CHEQUE,45,True
7855,INV-08984,CUS-0089,2023-08-13,9431.49,ONLINE,57,True
7856,INV-08985,CUS-0435,2023-12-27,398.02,ONLINE,56,True
7857,INV-08986,CUS-0495,2023-11-23,2606.05,CHEQUE,55,True
7858,INV-08988,CUS-0467,2024-04-21,425.66,ONLINE,44,True
7859,INV-08989,CUS-0053,2024-02-10,9281.96,ONLINE,56,True
7860,INV-08990,CUS-0042,2022-11-24,5727.19,CHEQUE,60,True
7861,INV-08991,CUS-0031,2023-07-21,9871.71,NEFT,56,True
7862,INV-08992,CUS-0112,2024-02-29,3202.81,CHEQUE,59,True
7863,INV-08994,CUS-0271,2023-04-25,447.17,NEFT,25,True
7864,INV-08995,CUS-0310,2023-10-12,12084.45,RTGS,40,True
7865,INV-08996,CUS-0472,2022-06-23,724.19,RTGS,34,False
7866,INV-08997,CUS-0210,2023-03-02,2070.02,NEFT,55,True
7867,INV-08998,CUS-0361,2023-11-30,65019.3,CHEQUE,31,False
7868,INV-08999,CUS-0439,2022-10-23,2525.99,NEFT,42,True
7869,INV-09000,CUS-0333,2023-04-11,2205.2,NEFT,57,True
7870,INV-09001,CUS-0462,2023-09-25,1547.64,CHEQUE,60,True
7871,INV-09002,CUS-0445,2023-10-02,1323.16,RTGS,62,False
7872,INV-09003,CUS-0062,2022-10-10,108.84,ONLINE,43,True
7873,INV-09004,CUS-0167,2023-07-02,2403.96,RTGS,28,True
7874,INV-09005,CUS-0190,2023-06-08,1386.2,CHEQUE,40,True
7875,INV-09006,CUS-0227,2023-05-18,2949.02,ONLINE,28,True
7876,INV-09007,CUS-0250,2024-01-14,43925.43,NEFT,30,True
7877,INV-09008,CUS-0016,2023-06-26,716.38,ONLINE,58,True
7878,INV-09009,CUS-0335,2023-09-03,3398.49,CHEQUE,55,True
7879,INV-09011,CUS-0094,2023-02-02,1237.56,ONLINE,60,True
7880,INV-09013,CUS-0030,2023-10-15,21986.18,NEFT,41,False
7881,INV-09014,CUS-0050,2024-03-26,19257.24,CHEQUE,43,True
7882,INV-09015,CUS-0360,2023-04-11,34776.17,RTGS,44,True
7883,INV-09016,CUS-0028,2022-05-25,1479.36,NEFT,45,True
7884,INV-09017,CUS-0278,2024-02-25,8482.84,CHEQUE,56,False
7885,INV-09018,CUS-0162,2023-01-13,2092.6,CHEQUE,28,True
7886,INV-09019,CUS-0169,2023-03-17,1079.27,ONLINE,26,True
7887,INV-09020,CUS-0169,2022-11-22,865.33,CHEQUE,27,True
7888,INV-09021,CUS-0222,2022-11-03,3393.84,RTGS,60,True
7889,INV-09022,CUS-0135,2023-07-05,12495.87,CHEQUE,30,True
7890,INV-09023,CUS-0470,2022-07-11,1534.34,RTGS,55,True
7891,INV-09024,CUS-0227,2022-07-06,293.88,NEFT,25,True
7892,INV-09025,CUS-0369,2023-03-30,27852.45,ONLINE,72,False
7893,INV-09026,CUS-0155,2024-06-04,3879.62,NEFT,80,False
7894,INV-09028,CUS-0201,2024-02-20,1299.63,RTGS,40,True
7895,INV-09029,CUS-0315,2023-11-02,560.95,RTGS,59,True
7896,INV-09030,CUS-0222,2023-04-19,2580.02,RTGS,56,True
7897,INV-09031,CUS-0241,2024-04-01,2247.45,ONLINE,56,True
7898,INV-09032,CUS-0181,2023-07-10,4500.71,NEFT,42,True
7899,INV-09033,CUS-0290,2022-10-17,13971.82,CHEQUE,58,True
7900,INV-09034,CUS-0068,2022-09-10,6637.45,ONLINE,45,True
7901,INV-09036,CUS-0128,2023-07-03,422.34,CHEQUE,60,True
7902,INV-09037,CUS-0108,2022-10-04,2801.36,RTGS,45,True
7903,INV-09038,CUS-0453,2022-08-16,4114.73,ONLINE,25,True
7904,INV-09039,CUS-0413,2023-02-16,1932.3,CHEQUE,46,False
7905,INV-09040,CUS-0126,2023-10-26,1146.16,RTGS,55,True
7906,INV-09041,CUS-0059,2022-11-21,4554.55,CHEQUE,26,True
7907,INV-09043,CUS-0138,2022-07-09,28478.41,CHEQUE,42,True
7908,INV-09044,CUS-0424,2022-10-10,2518.85,RTGS,28,True
7909,INV-09045,CUS-0327,2022-10-07,14081.82,NEFT,25,True
7910,INV-09047,CUS-0355,2024-01-18,909.17,ONLINE,29,True
7911,INV-09049,CUS-0283,2023-05-19,2404.54,NEFT,29,True
7912,INV-09051,CUS-0150,2024-02-15,730.65,ONLINE,44,True
7913,INV-09053,CUS-0032,2023-11-15,1478.42,NEFT,88,False
7914,INV-09054,CUS-0184,2023-08-23,16831.34,NEFT,40,True
7915,INV-09055,CUS-0164,2022-10-04,1381.4,CHEQUE,27,True
7916,INV-09057,CUS-0271,2023-12-13,6481.72,CHEQUE,26,True
7917,INV-09058,CUS-0150,2022-12-28,6024.85,ONLINE,44,True
7918,INV-09059,CUS-0367,2023-11-09,31351.29,CHEQUE,36,False
7919,INV-09060,CUS-0181,2024-01-24,3434.13,RTGS,40,True
7920,INV-09061,CUS-0345,2023-03-18,25705.02,CHEQUE,55,True
7921,INV-09062,CUS-0265,2022-08-14,21830.79,NEFT,40,True
7922,INV-09063,CUS-0063,2022-12-02,1050.67,CHEQUE,44,True
7923,INV-09065,CUS-0065,2023-06-24,2014.18,CHEQUE,27,True
7924,INV-09068,CUS-0165,2023-11-24,4851.23,NEFT,60,False
7925,INV-09069,CUS-0488,2023-08-01,3988.34,CHEQUE,58,True
7926,INV-09070,CUS-0253,2023-11-18,1283.02,CHEQUE,43,True
7927,INV-09071,CUS-0430,2022-07-08,9551.43,NEFT,58,True
7928,INV-09072,CUS-0263,2023-11-10,2108.18,CHEQUE,59,True
7929,INV-09073,CUS-0352,2023-01-13,1670.93,RTGS,76,False
7930,INV-09074,CUS-0062,2024-01-24,1480.72,RTGS,44,True
7931,INV-09075,CUS-0266,2023-07-23,39717.9,RTGS,30,True
7932,INV-09076,CUS-0375,2024-04-18,3983.36,NEFT,40,True
7933,INV-09078,CUS-0208,2023-12-24,2367.12,CHEQUE,85,False
7934,INV-09079,CUS-0381,2022-07-11,413.88,CHEQUE,29,True
7935,INV-09080,CUS-0339,2022-12-23,21484.01,NEFT,44,True
7936,INV-09081,CUS-0072,2022-06-25,39398.95,CHEQUE,60,True
7937,INV-09082,CUS-0323,2022-05-29,1748.56,RTGS,29,True
7938,INV-09083,CUS-0257,2023-07-21,2361.08,CHEQUE,27,True
7939,INV-09084,CUS-0384,2023-09-15,4925.86,ONLINE,41,True
7940,INV-09086,CUS-0243,2022-09-26,17970.94,ONLINE,43,True
7941,INV-09087,CUS-0434,2023-06-03,13712.24,CHEQUE,54,False
7942,INV-09088,CUS-0496,2023-09-12,7266.45,NEFT,26,True
7943,INV-09089,CUS-0111,2024-01-23,882.7,ONLINE,43,True
7944,INV-09090,CUS-0312,2023-01-27,14962.26,RTGS,41,True
7945,INV-09091,CUS-0164,2022-10-25,16098.98,RTGS,25,True
7946,INV-09092,CUS-0015,2024-03-22,1777.91,ONLINE,26,True
7947,INV-09093,CUS-0194,2023-03-21,7485.46,CHEQUE,30,True
7948,INV-09094,CUS-0141,2024-05-22,2489.64,NEFT,58,True
7949,INV-09095,CUS-0096,2023-04-02,27939.31,CHEQUE,29,True
7950,INV-09096,CUS-0268,2023-06-27,292.81,RTGS,25,True
7951,INV-09097,CUS-0274,2024-05-23,5154.42,NEFT,90,False
7952,INV-09098,CUS-0098,2023-02-25,5225.38,ONLINE,29,True
7953,INV-09101,CUS-0441,2023-04-02,3056.3,ONLINE,27,True
7954,INV-09102,CUS-0427,2022-07-12,1028.34,NEFT,56,True
7955,INV-09103,CUS-0465,2024-02-26,5309.44,RTGS,57,True
7956,INV-09104,CUS-0485,2023-06-20,4776.91,NEFT,90,False
7957,INV-09105,CUS-0159,2023-10-06,1441.84,RTGS,28,True
7958,INV-09106,CUS-0337,2024-04-01,26021.44,RTGS,59,True
7959,INV-09107,CUS-0339,2022-10-06,14506.2,ONLINE,43,True
7960,INV-09108,CUS-0232,2023-10-04,2430.68,CHEQUE,29,True
7961,INV-09109,CUS-0166,2023-03-02,4935.44,NEFT,41,True
7962,INV-09110,CUS-0461,2023-05-13,497.15,NEFT,60,True
7963,INV-09111,CUS-0184,2022-06-27,12069.87,CHEQUE,42,True
7964,INV-09112,CUS-0287,2023-08-11,2104.92,CHEQUE,59,True
7965,INV-09113,CUS-0029,2022-08-31,6418.97,RTGS,43,True
7966,INV-09114,CUS-0332,2022-09-24,252.64,CHEQUE,57,True
7967,INV-09115,CUS-0353,2023-08-27,4173.43,NEFT,27,True
7968,INV-09116,CUS-0011,2022-08-19,5342.96,RTGS,60,True
7969,INV-09117,CUS-0394,2023-11-28,4774.62,CHEQUE,40,True
7970,INV-09118,CUS-0195,2022-09-20,3696.14,ONLINE,42,True
7971,INV-09120,CUS-0418,2024-03-20,39984.37,NEFT,27,True
7972,INV-09121,CUS-0143,2023-10-06,482.13,ONLINE,72,False
7973,INV-09122,CUS-0052,2023-12-22,29800.64,CHEQUE,58,True
7974,INV-09123,CUS-0484,2022-08-22,1419.4,ONLINE,25,True
7975,INV-09124,CUS-0462,2024-02-05,497.45,NEFT,55,True
7976,INV-09125,CUS-0047,2023-12-22,5708.93,CHEQUE,57,True
7977,INV-09126,CUS-0117,2023-05-17,2077.27,NEFT,29,True
7978,INV-09127,CUS-0145,2023-06-22,1178.13,RTGS,60,True
7979,INV-09128,CUS-0136,2024-01-05,7694.01,RTGS,43,True
7980,INV-09129,CUS-0307,2023-09-05,1906.29,ONLINE,56,True
7981,INV-09130,CUS-0196,2024-01-20,1616.01,CHEQUE,54,False
7982,INV-09131,CUS-0082,2022-12-25,2464.91,NEFT,40,True
7983,INV-09132,CUS-0263,2022-10-22,1684.12,CHEQUE,58,True
7984,INV-09133,CUS-0455,2022-09-13,536.59,RTGS,25,True
7985,INV-09134,CUS-0075,2023-02-16,7055.54,ONLINE,55,True
7986,INV-09135,CUS-0388,2023-06-08,3569.89,NEFT,26,True
7987,INV-09136,CUS-0229,2023-04-01,2740.49,NEFT,30,True
7988,INV-09137,CUS-0425,2023-06-05,3473.28,ONLINE,26,True
7989,INV-09138,CUS-0192,2023-04-22,21588.69,NEFT,28,True
7990,INV-09139,CUS-0411,2023-02-07,4160.26,NEFT,62,False
7991,INV-09141,CUS-0477,2023-11-18,7171.49,RTGS,45,True
7992,INV-09143,CUS-0042,2022-06-09,1209.31,NEFT,56,True
7993,INV-09144,CUS-0207,2022-11-01,7664.6,NEFT,60,True
7994,INV-09145,CUS-0094,2022-08-09,1620.83,CHEQUE,56,True
7995,INV-09146,CUS-0304,2023-10-16,1321.01,CHEQUE,47,False
7996,INV-09147,CUS-0493,2022-12-23,366.44,NEFT,27,True
7997,INV-09148,CUS-0254,2023-06-09,2625.0,RTGS,40,True
7998,INV-09149,CUS-0069,2022-11-12,5165.63,ONLINE,56,True
7999,INV-09150,CUS-0097,2022-07-22,10245.49,RTGS,58,True
8000,INV-09151,CUS-0174,2023-08-18,7421.86,NEFT,59,True
8001,INV-09152,CUS-0424,2024-04-04,494.37,NEFT,57,False
8002,INV-09154,CUS-0180,2023-12-01,8415.62,RTGS,26,True
8003,INV-09155,CUS-0422,2024-02-02,2275.44,RTGS,43,True
8004,INV-09156,CUS-0128,2023-12-21,31030.71,RTGS,57,True
8005,INV-09157,CUS-0034,2023-05-14,878.65,ONLINE,25,True
8006,INV-09158,CUS-0199,2024-03-15,2803.05,CHEQUE,44,True
8007,INV-09159,CUS-0425,2023-05-06,572.24,ONLINE,49,False
8008,INV-09160,CUS-0033,2022-07-30,6210.35,NEFT,36,False
8009,INV-09161,CUS-0070,2023-02-01,23642.36,RTGS,27,True
8010,INV-09163,CUS-0105,2022-05-17,616.23,RTGS,44,True
8011,INV-09164,CUS-0054,2022-07-31,1687.26,RTGS,49,False
8012,INV-09165,CUS-0186,2023-02-08,45759.23,ONLINE,44,True
8013,INV-09166,CUS-0344,2024-02-17,1403.03,NEFT,45,True
8014,INV-09167,CUS-0476,2022-07-17,8186.26,CHEQUE,59,True
8015,INV-09168,CUS-0327,2022-05-16,5646.59,ONLINE,26,True
8016,INV-09169,CUS-0229,2022-05-25,2056.71,NEFT,30,True
8017,INV-09170,CUS-0265,2023-06-20,27495.32,CHEQUE,40,True
8018,INV-09171,CUS-0289,2022-11-01,5776.99,ONLINE,26,True
8019,INV-09172,CUS-0249,2022-10-03,608.82,NEFT,30,True
8020,INV-09174,CUS-0184,2023-01-15,13719.54,RTGS,42,True
8021,INV-09176,CUS-0471,2023-07-10,18465.62,RTGS,41,True
8022,INV-09177,CUS-0243,2023-04-01,4039.03,ONLINE,73,False
8023,INV-09178,CUS-0146,2023-03-16,13853.53,RTGS,45,True
8024,INV-09179,CUS-0301,2023-06-27,21202.16,RTGS,44,True
8025,INV-09181,CUS-0315,2023-03-02,9643.46,CHEQUE,58,True
8026,INV-09182,CUS-0374,2023-06-24,2744.89,NEFT,58,True
8027,INV-09183,CUS-0045,2023-01-19,949.0,RTGS,71,False
8028,INV-09184,CUS-0078,2023-03-13,884.46,NEFT,67,False
8029,INV-09185,CUS-0495,2023-02-27,7920.71,NEFT,60,True
8030,INV-09186,CUS-0188,2023-02-26,2860.96,RTGS,41,True
8031,INV-09187,CUS-0186,2024-01-09,12414.47,CHEQUE,41,True
8032,INV-09188,CUS-0062,2023-04-03,1722.74,RTGS,70,False
8033,INV-09190,CUS-0050,2024-03-13,65698.94,ONLINE,42,True
8034,INV-09191,CUS-0087,2022-10-04,1676.14,RTGS,27,True
8035,INV-09192,CUS-0434,2023-12-31,31007.31,ONLINE,28,True
8036,INV-09193,CUS-0444,2023-07-18,837.87,CHEQUE,57,True
8037,INV-09194,CUS-0111,2023-04-24,5154.98,RTGS,44,True
8038,INV-09195,CUS-0216,2023-03-27,22359.61,RTGS,55,True
8039,INV-09197,CUS-0253,2023-02-13,2378.29,CHEQUE,45,True
8040,INV-09198,CUS-0186,2024-03-02,13788.65,NEFT,44,True
8041,INV-09199,CUS-0471,2023-11-05,47195.57,NEFT,44,True
8042,INV-09200,CUS-0083,2022-06-10,22652.57,CHEQUE,53,False
8043,INV-09201,CUS-0253,2024-01-13,1233.47,RTGS,45,True
8044,INV-09202,CUS-0254,2024-02-18,6588.59,RTGS,60,False
8045,INV-09203,CUS-0211,2022-06-26,1160.95,ONLINE,59,True
8046,INV-09204,CUS-0479,2022-07-08,34880.49,RTGS,42,True
8047,INV-09205,CUS-0230,2023-12-26,3509.8,CHEQUE,40,True
8048,INV-09206,CUS-0322,2023-09-16,36356.59,RTGS,42,True
8049,INV-09208,CUS-0344,2022-11-22,1197.72,NEFT,46,False
8050,INV-09209,CUS-0421,2023-12-03,12012.68,ONLINE,80,False
8051,INV-09210,CUS-0041,2023-11-06,2996.73,NEFT,52,False
8052,INV-09211,CUS-0278,2022-09-21,5202.82,ONLINE,65,False
8053,INV-09212,CUS-0249,2022-10-24,869.14,CHEQUE,27,True
8054,INV-09213,CUS-0332,2024-01-30,1981.32,CHEQUE,59,True
8055,INV-09214,CUS-0376,2022-06-17,2000.91,RTGS,44,True
8056,INV-09215,CUS-0385,2022-06-08,6177.34,RTGS,25,True
8057,INV-09217,CUS-0397,2023-04-02,1778.06,ONLINE,58,True
8058,INV-09218,CUS-0106,2022-07-21,1452.91,ONLINE,56,True
8059,INV-09219,CUS-0048,2023-12-19,15217.65,CHEQUE,60,True
8060,INV-09220,CUS-0312,2023-06-08,6735.54,ONLINE,45,True
8061,INV-09221,CUS-0471,2024-04-26,17757.6,RTGS,43,True
8062,INV-09222,CUS-0305,2023-12-11,2078.71,CHEQUE,42,True
8063,INV-09224,CUS-0189,2022-08-27,9091.57,ONLINE,58,False
8064,INV-09225,CUS-0230,2022-07-12,8140.31,RTGS,40,True
8065,INV-09227,CUS-0351,2022-09-11,3789.74,CHEQUE,55,True
8066,INV-09229,CUS-0139,2022-12-03,2154.47,NEFT,44,True
8067,INV-09231,CUS-0330,2023-04-09,14456.39,ONLINE,72,False
8068,INV-09233,CUS-0286,2022-06-12,13556.92,RTGS,40,True
8069,INV-09234,CUS-0002,2024-01-04,4648.02,CHEQUE,43,True
8070,INV-09235,CUS-0370,2022-06-14,22740.47,RTGS,40,True
8071,INV-09237,CUS-0408,2022-10-05,12066.54,ONLINE,73,False
8072,INV-09238,CUS-0302,2023-12-21,871.83,CHEQUE,27,True
8073,INV-09239,CUS-0405,2022-08-25,217.03,RTGS,39,False
8074,INV-09240,CUS-0268,2022-11-25,869.06,NEFT,29,True
8075,INV-09241,CUS-0427,2023-09-16,11370.39,NEFT,56,True
8076,INV-09243,CUS-0314,2024-05-05,2564.9,CHEQUE,67,False
8077,INV-09244,CUS-0369,2023-04-30,3703.63,RTGS,40,True
8078,INV-09245,CUS-0194,2022-07-28,105634.58,RTGS,28,True
8079,INV-09246,CUS-0301,2024-02-05,9618.57,CHEQUE,45,True
8080,INV-09247,CUS-0052,2022-06-12,5103.22,CHEQUE,58,True
8081,INV-09249,CUS-0282,2022-10-07,11506.05,ONLINE,57,True
8082,INV-09250,CUS-0434,2024-02-21,945.63,ONLINE,29,True
8083,INV-09251,CUS-0384,2023-09-14,12344.26,RTGS,40,True
8084,INV-09252,CUS-0061,2022-09-03,212.78,CHEQUE,55,True
8085,INV-09253,CUS-0123,2023-12-04,4158.31,NEFT,42,True
8086,INV-09254,CUS-0033,2023-02-23,13414.95,CHEQUE,26,True
8087,INV-09255,CUS-0298,2022-11-11,9578.09,CHEQUE,53,False
8088,INV-09256,CUS-0144,2023-08-05,7976.01,NEFT,30,True
8089,INV-09257,CUS-0455,2023-04-09,753.64,RTGS,36,False
8090,INV-09258,CUS-0002,2023-04-11,7278.13,ONLINE,43,True
8091,INV-09259,CUS-0395,2024-02-14,3496.94,NEFT,52,False
8092,INV-09260,CUS-0040,2023-02-20,2862.55,ONLINE,59,False
8093,INV-09261,CUS-0327,2022-10-11,19059.77,CHEQUE,30,True
8094,INV-09262,CUS-0407,2023-01-23,1663.26,ONLINE,59,True
8095,INV-09263,CUS-0499,2023-03-03,336.12,ONLINE,55,True
8096,INV-09264,CUS-0422,2023-10-27,132.7,NEFT,42,True
8097,INV-09265,CUS-0028,2023-04-28,4906.04,RTGS,43,True
8098,INV-09266,CUS-0169,2022-08-26,1187.15,ONLINE,26,True
8099,INV-09267,CUS-0312,2024-02-07,28102.89,ONLINE,42,True
8100,INV-09269,CUS-0223,2022-06-25,18278.74,NEFT,57,True
8101,INV-09271,CUS-0330,2023-09-24,4924.25,ONLINE,89,False
8102,INV-09272,CUS-0353,2022-11-27,9502.97,NEFT,27,True
8103,INV-09273,CUS-0384,2023-02-01,24912.21,RTGS,44,True
8104,INV-09275,CUS-0146,2022-11-18,9935.13,ONLINE,43,True
8105,INV-09276,CUS-0124,2022-11-17,2522.87,NEFT,40,True
8106,INV-09277,CUS-0276,2023-12-05,15065.08,ONLINE,42,True
8107,INV-09278,CUS-0089,2024-02-22,21433.77,NEFT,58,True
8108,INV-09279,CUS-0115,2022-09-25,33844.6,CHEQUE,63,False
8109,INV-09280,CUS-0450,2023-06-06,10823.64,ONLINE,85,False
8110,INV-09281,CUS-0193,2023-03-24,1989.94,CHEQUE,40,True
8111,INV-09282,CUS-0199,2022-12-31,5375.48,NEFT,44,True
8112,INV-09283,CUS-0055,2023-03-30,3261.93,RTGS,50,False
8113,INV-09284,CUS-0147,2023-04-23,1278.68,CHEQUE,88,False
8114,INV-09285,CUS-0429,2023-12-17,24043.25,ONLINE,25,True
8115,INV-09286,CUS-0080,2022-08-03,2124.54,CHEQUE,60,False
8116,INV-09287,CUS-0030,2022-09-07,23107.17,CHEQUE,27,True
8117,INV-09288,CUS-0095,2024-02-16,701.5,ONLINE,25,True
8118,INV-09289,CUS-0490,2022-12-15,9308.67,RTGS,44,True
8119,INV-09290,CUS-0089,2023-03-01,31443.05,NEFT,60,True
8120,INV-09292,CUS-0158,2023-07-06,6002.21,CHEQUE,28,True
8121,INV-09294,CUS-0206,2024-04-06,6814.0,CHEQUE,62,False
8122,INV-09295,CUS-0425,2024-04-09,588.44,RTGS,29,True
8123,INV-09296,CUS-0082,2023-03-20,368.41,ONLINE,43,True
8124,INV-09297,CUS-0459,2024-01-13,10072.07,NEFT,25,True
8125,INV-09298,CUS-0152,2023-04-03,868.97,RTGS,41,True
8126,INV-09299,CUS-0272,2023-10-14,886.44,NEFT,57,False
8127,INV-09300,CUS-0225,2022-05-19,1341.66,CHEQUE,42,True
8128,INV-09301,CUS-0165,2024-02-11,3646.09,CHEQUE,48,False
8129,INV-09302,CUS-0305,2022-05-19,3002.66,ONLINE,45,True
8130,INV-09303,CUS-0004,2024-01-31,26059.99,CHEQUE,42,True
8131,INV-09304,CUS-0359,2023-07-17,2104.03,RTGS,27,True
8132,INV-09305,CUS-0439,2024-01-21,173.87,CHEQUE,42,True
8133,INV-09306,CUS-0399,2023-01-17,21969.62,ONLINE,55,True
8134,INV-09307,CUS-0156,2022-06-12,5742.08,NEFT,58,True
8135,INV-09308,CUS-0154,2023-10-17,917.18,NEFT,59,True
8136,INV-09309,CUS-0176,2024-04-28,3825.67,NEFT,45,True
8137,INV-09310,CUS-0472,2022-09-08,2182.42,RTGS,26,True
8138,INV-09311,CUS-0384,2023-03-30,20237.96,RTGS,44,True
8139,INV-09312,CUS-0431,2023-09-20,2088.64,NEFT,46,False
8140,INV-09313,CUS-0233,2022-10-11,3399.83,ONLINE,25,True
8141,INV-09314,CUS-0396,2023-03-12,40834.06,NEFT,40,True
8142,INV-09315,CUS-0472,2024-02-12,216.4,RTGS,28,True
8143,INV-09316,CUS-0387,2024-03-16,4199.54,ONLINE,29,True
8144,INV-09317,CUS-0475,2023-06-20,1261.53,ONLINE,40,True
8145,INV-09318,CUS-0059,2023-04-07,3343.22,ONLINE,40,False
8146,INV-09319,CUS-0455,2023-01-04,919.89,ONLINE,29,True
8147,INV-09320,CUS-0447,2022-06-11,2835.53,CHEQUE,41,True
8148,INV-09321,CUS-0332,2023-09-09,587.36,NEFT,60,True
8149,INV-09322,CUS-0206,2023-02-17,4638.22,ONLINE,45,True
8150,INV-09323,CUS-0464,2022-11-01,25894.6,NEFT,71,False
8151,INV-09324,CUS-0451,2023-01-04,1269.31,NEFT,40,True
8152,INV-09326,CUS-0341,2022-08-30,3530.32,ONLINE,25,True
8153,INV-09327,CUS-0480,2024-01-21,1370.12,RTGS,25,True
8154,INV-09328,CUS-0141,2022-08-28,4036.8,RTGS,57,True
8155,INV-09329,CUS-0476,2023-05-27,33017.03,ONLINE,59,True
8156,INV-09331,CUS-0098,2024-01-15,1179.33,RTGS,30,True
8157,INV-09334,CUS-0146,2024-01-14,44429.89,ONLINE,43,True
8158,INV-09335,CUS-0394,2023-07-17,1570.18,RTGS,40,True
8159,INV-09336,CUS-0122,2024-02-10,18000.4,RTGS,42,True
8160,INV-09337,CUS-0368,2024-01-16,2278.07,CHEQUE,41,True
8161,INV-09340,CUS-0491,2024-01-03,2776.72,CHEQUE,43,True
8162,INV-09341,CUS-0458,2022-05-08,6380.53,CHEQUE,30,True
8163,INV-09342,CUS-0413,2023-06-21,1482.49,CHEQUE,44,True
8164,INV-09343,CUS-0442,2022-10-29,2587.28,ONLINE,40,True
8165,INV-09344,CUS-0491,2022-10-12,1448.67,RTGS,61,False
8166,INV-09346,CUS-0104,2023-06-13,1298.55,CHEQUE,58,True
8167,INV-09347,CUS-0112,2024-04-08,2683.44,CHEQUE,57,True
8168,INV-09348,CUS-0225,2023-09-17,3540.91,NEFT,40,True
8169,INV-09349,CUS-0067,2024-05-06,4059.42,CHEQUE,55,True
8170,INV-09350,CUS-0263,2022-09-17,6559.1,RTGS,58,True
8171,INV-09351,CUS-0194,2024-04-18,5371.52,NEFT,28,True
8172,INV-09352,CUS-0279,2022-06-16,3222.18,RTGS,40,True
8173,INV-09353,CUS-0413,2023-11-14,5604.61,ONLINE,44,True
8174,INV-09354,CUS-0138,2024-03-24,18515.66,CHEQUE,41,True
8175,INV-09355,CUS-0198,2022-09-29,264.15,NEFT,84,False
8176,INV-09357,CUS-0398,2024-02-06,794.9,RTGS,30,True
8177,INV-09358,CUS-0349,2023-07-25,3945.01,ONLINE,30,True
8178,INV-09359,CUS-0436,2023-11-04,1836.67,CHEQUE,28,True
8179,INV-09360,CUS-0048,2022-08-25,4327.16,RTGS,64,False
8180,INV-09361,CUS-0433,2023-11-11,1996.37,ONLINE,25,True
8181,INV-09362,CUS-0425,2022-07-09,1430.77,NEFT,25,True
8182,INV-09364,CUS-0013,2024-04-13,41008.12,RTGS,27,True
8183,INV-09365,CUS-0135,2023-08-04,9775.69,RTGS,27,True
8184,INV-09366,CUS-0133,2024-03-25,10784.87,CHEQUE,43,True
8185,INV-09368,CUS-0433,2023-06-08,337.03,CHEQUE,29,True
8186,INV-09370,CUS-0078,2023-02-15,9205.86,RTGS,44,True
8187,INV-09374,CUS-0131,2023-11-16,478.93,ONLINE,25,True
8188,INV-09377,CUS-0313,2022-09-25,549.55,CHEQUE,55,True
8189,INV-09378,CUS-0436,2023-10-10,279.79,RTGS,28,True
8190,INV-09379,CUS-0435,2024-01-26,759.15,ONLINE,87,False
8191,INV-09380,CUS-0359,2022-09-27,4058.86,ONLINE,29,True
8192,INV-09382,CUS-0075,2023-01-17,3360.17,ONLINE,56,True
8193,INV-09383,CUS-0199,2022-09-21,5574.22,RTGS,45,True
8194,INV-09384,CUS-0185,2023-11-12,2850.17,ONLINE,60,True
8195,INV-09385,CUS-0391,2023-04-04,2207.82,RTGS,42,True
8196,INV-09386,CUS-0310,2022-08-18,25113.38,CHEQUE,41,True
8197,INV-09387,CUS-0415,2023-10-22,30581.47,RTGS,29,True
8198,INV-09388,CUS-0441,2022-06-10,8481.8,ONLINE,25,True
8199,INV-09390,CUS-0161,2022-12-05,4712.42,ONLINE,58,True
8200,INV-09391,CUS-0215,2024-01-21,587.34,NEFT,27,True
8201,INV-09392,CUS-0040,2023-05-15,10396.82,CHEQUE,41,True
8202,INV-09393,CUS-0344,2023-12-10,5656.54,RTGS,63,False
8203,INV-09394,CUS-0050,2023-06-07,14648.53,CHEQUE,73,False
8204,INV-09395,CUS-0394,2023-01-23,3835.41,CHEQUE,40,True
8205,INV-09396,CUS-0458,2022-09-14,1375.96,RTGS,28,True
8206,INV-09397,CUS-0106,2022-11-30,382.58,RTGS,57,True
8207,INV-09399,CUS-0124,2023-11-08,4454.51,RTGS,42,True
8208,INV-09400,CUS-0155,2023-03-16,5641.96,ONLINE,64,False
8209,INV-09401,CUS-0179,2023-05-10,1984.84,NEFT,57,True
8210,INV-09402,CUS-0479,2023-10-15,12181.29,ONLINE,45,True
8211,INV-09403,CUS-0282,2023-08-13,10130.78,NEFT,64,False
8212,INV-09404,CUS-0427,2024-03-27,399.52,CHEQUE,55,True
8213,INV-09405,CUS-0018,2023-08-04,1550.78,CHEQUE,37,False
8214,INV-09406,CUS-0249,2023-04-01,2528.39,NEFT,28,True
8215,INV-09407,CUS-0087,2023-02-12,1464.27,NEFT,29,True
8216,INV-09408,CUS-0272,2022-08-06,1945.49,CHEQUE,51,False
8217,INV-09410,CUS-0171,2024-04-14,1139.36,NEFT,45,True
8218,INV-09411,CUS-0034,2023-06-15,741.64,RTGS,59,False
8219,INV-09412,CUS-0018,2024-03-12,374.38,ONLINE,27,True
8220,INV-09413,CUS-0234,2023-07-30,4369.56,ONLINE,26,True
8221,INV-09414,CUS-0141,2023-01-13,20187.74,NEFT,55,True
8222,INV-09415,CUS-0026,2023-06-27,1818.41,CHEQUE,43,True
8223,INV-09416,CUS-0307,2023-09-08,421.86,CHEQUE,56,True
8224,INV-09418,CUS-0288,2024-05-05,1026.82,RTGS,55,True
8225,INV-09419,CUS-0242,2023-02-09,4746.87,ONLINE,44,False
8226,INV-09420,CUS-0130,2024-01-27,779.91,ONLINE,82,False
8227,INV-09422,CUS-0405,2023-03-29,1013.85,RTGS,30,True
8228,INV-09423,CUS-0107,2022-07-17,1619.39,CHEQUE,45,True
8229,INV-09424,CUS-0381,2023-07-20,1480.94,CHEQUE,26,True
8230,INV-09426,CUS-0483,2023-12-30,1898.45,RTGS,48,False
8231,INV-09427,CUS-0303,2022-09-14,4496.01,RTGS,28,True
8232,INV-09428,CUS-0080,2022-06-29,428.67,NEFT,40,True
8233,INV-09429,CUS-0165,2023-01-01,5398.92,NEFT,26,True
8234,INV-09430,CUS-0240,2023-06-05,4310.25,RTGS,59,True
8235,INV-09431,CUS-0020,2023-06-08,6655.0,RTGS,60,True
8236,INV-09432,CUS-0110,2023-01-26,5744.27,ONLINE,25,True
8237,INV-09433,CUS-0144,2022-09-09,10837.89,ONLINE,55,False
8238,INV-09434,CUS-0428,2024-04-22,6708.48,RTGS,41,True
8239,INV-09435,CUS-0097,2024-01-07,43112.14,RTGS,57,True
8240,INV-09436,CUS-0274,2023-09-17,23290.55,RTGS,66,False
8241,INV-09437,CUS-0356,2024-02-27,16256.37,CHEQUE,45,True
8242,INV-09438,CUS-0118,2023-04-19,324.86,NEFT,68,False
8243,INV-09439,CUS-0326,2024-03-13,1261.22,CHEQUE,77,False
8244,INV-09440,CUS-0468,2023-11-13,18097.9,CHEQUE,27,True
8245,INV-09442,CUS-0471,2023-09-02,4146.36,RTGS,40,True
8246,INV-09443,CUS-0300,2022-11-11,4416.57,NEFT,30,True
8247,INV-09444,CUS-0312,2023-01-06,4473.01,RTGS,40,True
8248,INV-09445,CUS-0077,2022-07-28,6064.06,CHEQUE,55,True
8249,INV-09446,CUS-0448,2022-07-06,11947.58,RTGS,60,True
8250,INV-09447,CUS-0076,2023-10-30,12316.88,RTGS,55,True
8251,INV-09448,CUS-0206,2023-01-18,98428.71,ONLINE,43,True
8252,INV-09449,CUS-0489,2023-04-14,25615.08,CHEQUE,59,True
8253,INV-09451,CUS-0370,2023-03-31,8947.11,NEFT,43,True
8254,INV-09452,CUS-0208,2023-06-08,14166.06,ONLINE,57,True
8255,INV-09453,CUS-0407,2023-04-10,1558.91,RTGS,56,True
8256,INV-09454,CUS-0303,2023-05-07,6427.01,CHEQUE,45,False
8257,INV-09455,CUS-0352,2024-04-08,2631.5,ONLINE,81,False
8258,INV-09456,CUS-0206,2024-02-16,4440.42,RTGS,41,True
8259,INV-09458,CUS-0174,2022-07-29,1936.72,NEFT,58,True
8260,INV-09459,CUS-0279,2023-03-19,2302.21,CHEQUE,41,True
8261,INV-09460,CUS-0055,2023-11-17,627.86,RTGS,40,True
8262,INV-09461,CUS-0266,2022-05-12,5483.9,CHEQUE,27,True
8263,INV-09462,CUS-0356,2022-06-16,977.42,ONLINE,43,True
8264,INV-09464,CUS-0302,2023-08-07,2539.88,NEFT,57,False
8265,INV-09465,CUS-0376,2024-02-13,3102.96,ONLINE,55,False
8266,INV-09466,CUS-0023,2023-12-01,9573.29,NEFT,58,True
8267,INV-09467,CUS-0085,2023-03-05,1398.78,CHEQUE,55,True
8268,INV-09468,CUS-0494,2022-12-18,3294.93,ONLINE,56,True
8269,INV-09469,CUS-0231,2023-12-11,7793.09,CHEQUE,30,True
8270,INV-09470,CUS-0001,2024-04-20,66430.9,RTGS,60,True
8271,INV-09471,CUS-0023,2023-03-26,445.04,ONLINE,56,True
8272,INV-09472,CUS-0011,2024-03-09,2145.28,CHEQUE,56,True
8273,INV-09473,CUS-0163,2024-04-22,10118.15,ONLINE,56,True
8274,INV-09474,CUS-0155,2023-08-02,885.99,CHEQUE,59,True
8275,INV-09475,CUS-0263,2023-05-20,1366.03,NEFT,59,True
8276,INV-09476,CUS-0203,2023-07-02,528.76,RTGS,58,True
8277,INV-09477,CUS-0004,2022-05-19,5883.96,ONLINE,45,True
8278,INV-09478,CUS-0120,2023-03-12,4289.94,NEFT,44,True
8279,INV-09479,CUS-0192,2024-04-27,13719.66,RTGS,30,True
8280,INV-09481,CUS-0088,2023-05-29,21899.32,RTGS,29,True
8281,INV-09482,CUS-0222,2023-06-27,6062.38,NEFT,58,True
8282,INV-09483,CUS-0495,2023-05-26,3995.92,CHEQUE,56,True
8283,INV-09484,CUS-0150,2022-11-24,4505.88,RTGS,41,True
8284,INV-09485,CUS-0305,2023-03-23,4248.4,NEFT,45,True
8285,INV-09486,CUS-0277,2023-12-12,8911.55,NEFT,56,True
8286,INV-09488,CUS-0249,2022-06-01,1911.07,RTGS,27,True
8287,INV-09489,CUS-0417,2022-09-13,54783.83,RTGS,30,True
8288,INV-09490,CUS-0187,2023-02-10,4665.04,RTGS,26,True
8289,INV-09492,CUS-0209,2023-03-13,1272.16,NEFT,26,True
8290,INV-09493,CUS-0426,2023-08-14,1556.5,CHEQUE,41,True
8291,INV-09494,CUS-0137,2022-07-06,1127.09,NEFT,59,True
8292,INV-09495,CUS-0284,2023-08-02,6115.49,ONLINE,42,True
8293,INV-09496,CUS-0157,2024-03-07,3969.16,NEFT,29,True
8294,INV-09498,CUS-0252,2023-04-29,45892.8,ONLINE,46,False
8295,INV-09499,CUS-0013,2024-02-19,11061.91,CHEQUE,29,True
8296,INV-09500,CUS-0227,2024-01-08,1822.11,NEFT,26,True
8297,INV-09501,CUS-0280,2023-08-06,189.0,RTGS,60,True
8298,INV-09503,CUS-0014,2022-07-19,2637.07,NEFT,60,True
8299,INV-09504,CUS-0401,2022-07-14,18445.56,NEFT,41,True
8300,INV-09505,CUS-0339,2023-01-30,7353.01,CHEQUE,64,False
8301,INV-09506,CUS-0427,2023-01-31,6245.42,NEFT,57,True
8302,INV-09507,CUS-0045,2024-02-05,333.61,CHEQUE,62,False
8303,INV-09508,CUS-0109,2023-04-30,13021.54,ONLINE,61,False
8304,INV-09509,CUS-0138,2023-09-28,8032.67,NEFT,45,True
8305,INV-09510,CUS-0345,2022-10-20,24212.71,NEFT,58,True
8306,INV-09511,CUS-0260,2022-07-25,5934.48,ONLINE,45,True
8307,INV-09512,CUS-0131,2022-09-30,4578.01,CHEQUE,55,False
8308,INV-09513,CUS-0382,2023-02-11,14798.12,ONLINE,57,True
8309,INV-09515,CUS-0041,2022-08-21,6122.68,RTGS,28,True
8310,INV-09516,CUS-0011,2022-12-05,5890.52,RTGS,90,False
8311,INV-09517,CUS-0233,2023-02-01,1942.24,ONLINE,30,True
8312,INV-09518,CUS-0356,2022-12-24,1262.67,NEFT,42,True
8313,INV-09519,CUS-0220,2022-12-15,25909.79,NEFT,26,True
8314,INV-09520,CUS-0068,2024-02-17,1781.91,ONLINE,42,True
8315,INV-09521,CUS-0200,2024-04-23,2485.95,CHEQUE,30,True
8316,INV-09522,CUS-0241,2022-05-30,1428.8,RTGS,59,True
8317,INV-09523,CUS-0197,2022-07-10,14695.77,CHEQUE,28,True
8318,INV-09525,CUS-0290,2024-03-18,4936.26,CHEQUE,60,True
8319,INV-09526,CUS-0247,2023-08-04,13066.4,ONLINE,26,True
8320,INV-09527,CUS-0435,2024-04-30,480.93,RTGS,58,True
8321,INV-09528,CUS-0227,2022-11-16,3587.25,ONLINE,28,True
8322,INV-09529,CUS-0481,2023-01-01,20104.76,ONLINE,69,False
8323,INV-09530,CUS-0475,2022-09-30,1577.18,ONLINE,61,False
8324,INV-09531,CUS-0297,2023-04-05,3068.81,CHEQUE,42,True
8325,INV-09533,CUS-0367,2023-09-22,6393.77,CHEQUE,28,True
8326,INV-09534,CUS-0486,2023-07-13,2515.19,CHEQUE,59,False
8327,INV-09535,CUS-0077,2024-01-06,7499.93,CHEQUE,57,True
8328,INV-09536,CUS-0241,2022-11-19,8375.27,RTGS,60,True
8329,INV-09537,CUS-0476,2024-05-17,29386.36,NEFT,56,True
8330,INV-09538,CUS-0255,2023-03-14,3391.51,ONLINE,45,True
8331,INV-09539,CUS-0382,2023-03-07,1989.47,NEFT,59,True
8332,INV-09540,CUS-0434,2023-11-10,2670.88,RTGS,25,True
8333,INV-09541,CUS-0234,2022-07-11,14004.68,CHEQUE,30,True
8334,INV-09542,CUS-0133,2024-03-15,6317.14,ONLINE,40,True
8335,INV-09544,CUS-0436,2024-04-17,3656.36,RTGS,25,True
8336,INV-09545,CUS-0286,2022-07-24,3499.55,CHEQUE,43,True
8337,INV-09546,CUS-0136,2023-06-30,19041.29,RTGS,42,True
8338,INV-09547,CUS-0397,2023-02-22,2349.59,CHEQUE,58,True
8339,INV-09548,CUS-0101,2023-03-16,1281.94,CHEQUE,26,True
8340,INV-09549,CUS-0212,2023-03-27,1498.96,NEFT,58,True
8341,INV-09550,CUS-0016,2022-07-01,828.47,RTGS,57,True
8342,INV-09551,CUS-0317,2024-02-03,239.94,CHEQUE,38,False
8343,INV-09552,CUS-0331,2023-01-06,5263.75,CHEQUE,56,True
8344,INV-09553,CUS-0284,2022-09-05,570.8,CHEQUE,45,True
8345,INV-09554,CUS-0308,2024-02-13,6130.27,CHEQUE,45,True
8346,INV-09555,CUS-0451,2024-05-08,6041.73,NEFT,42,True
8347,INV-09556,CUS-0369,2024-01-27,4145.63,RTGS,69,False
8348,INV-09557,CUS-0242,2022-10-28,823.97,ONLINE,26,True
8349,INV-09558,CUS-0078,2023-09-15,1011.29,RTGS,44,True
8350,INV-09559,CUS-0341,2023-07-25,2737.97,CHEQUE,29,True
8351,INV-09560,CUS-0289,2023-01-13,16221.01,ONLINE,44,False
8352,INV-09561,CUS-0340,2023-05-24,24712.24,NEFT,56,True
8353,INV-09562,CUS-0268,2023-11-10,4920.79,ONLINE,27,True
8354,INV-09563,CUS-0453,2022-06-28,5017.23,CHEQUE,25,True
8355,INV-09564,CUS-0141,2023-01-13,20445.83,RTGS,60,True
8356,INV-09566,CUS-0194,2022-06-26,39132.39,ONLINE,30,True
8357,INV-09567,CUS-0292,2023-07-10,7876.05,RTGS,41,True
8358,INV-09568,CUS-0070,2022-05-25,18583.32,RTGS,25,True
8359,INV-09569,CUS-0144,2022-05-26,2511.38,CHEQUE,26,True
8360,INV-09570,CUS-0072,2022-12-19,11015.51,NEFT,62,False
8361,INV-09572,CUS-0222,2023-06-08,3833.3,NEFT,60,True
8362,INV-09573,CUS-0100,2024-04-17,3341.58,ONLINE,29,True
8363,INV-09574,CUS-0366,2023-06-14,6366.88,NEFT,30,True
8364,INV-09575,CUS-0494,2022-12-26,8808.85,NEFT,58,True
8365,INV-09576,CUS-0388,2023-03-26,26846.04,NEFT,30,True
8366,INV-09578,CUS-0442,2022-09-10,4719.16,CHEQUE,42,True
8367,INV-09579,CUS-0051,2023-03-06,740.77,NEFT,40,True
8368,INV-09580,CUS-0144,2023-09-26,1273.56,RTGS,26,True
8369,INV-09581,CUS-0087,2023-03-28,1521.19,ONLINE,25,True
8370,INV-09583,CUS-0319,2022-08-12,5200.68,NEFT,60,True
8371,INV-09584,CUS-0282,2024-04-04,3222.51,RTGS,57,True
8372,INV-09586,CUS-0379,2022-07-13,4200.43,NEFT,41,True
8373,INV-09587,CUS-0166,2023-02-22,618.16,ONLINE,44,True
8374,INV-09588,CUS-0466,2024-05-12,4233.59,CHEQUE,59,True
8375,INV-09589,CUS-0149,2023-05-31,34358.46,CHEQUE,41,True
8376,INV-09590,CUS-0494,2023-09-08,3389.18,NEFT,59,True
8377,INV-09592,CUS-0170,2023-05-22,6077.24,ONLINE,43,True
8378,INV-09595,CUS-0073,2023-02-06,4100.79,RTGS,28,True
8379,INV-09596,CUS-0402,2023-01-05,444.86,NEFT,28,True
8380,INV-09597,CUS-0323,2023-08-29,6128.44,ONLINE,25,True
8381,INV-09598,CUS-0315,2023-03-23,9221.76,NEFT,60,True
8382,INV-09599,CUS-0373,2022-08-28,33714.59,RTGS,42,True
8383,INV-09600,CUS-0098,2023-07-22,1743.61,ONLINE,30,True
8384,INV-09601,CUS-0450,2023-07-24,54117.08,RTGS,57,True
8385,INV-09602,CUS-0275,2023-03-25,12371.83,ONLINE,40,True
8386,INV-09603,CUS-0478,2022-09-09,10803.62,CHEQUE,50,False
8387,INV-09604,CUS-0400,2023-10-19,1506.32,ONLINE,53,False
8388,INV-09605,CUS-0201,2022-09-28,3560.53,ONLINE,42,True
8389,INV-09606,CUS-0330,2023-07-22,14947.69,NEFT,59,True
8390,INV-09608,CUS-0226,2023-07-27,163.34,CHEQUE,27,True
8391,INV-09610,CUS-0206,2023-09-29,2581.48,ONLINE,75,False
8392,INV-09611,CUS-0357,2022-07-03,9288.91,NEFT,30,True
8393,INV-09612,CUS-0303,2024-02-14,1001.71,RTGS,39,False
8394,INV-09613,CUS-0006,2023-11-27,22733.49,RTGS,29,True
8395,INV-09614,CUS-0026,2023-06-19,5103.0,ONLINE,70,False
8396,INV-09615,CUS-0460,2024-04-23,13220.96,RTGS,43,True
8397,INV-09616,CUS-0343,2023-06-07,22354.28,CHEQUE,43,True
8398,INV-09617,CUS-0027,2022-11-16,23470.39,NEFT,28,True
8399,INV-09618,CUS-0171,2022-12-21,1511.5,RTGS,44,True
8400,INV-09619,CUS-0210,2024-05-21,191.14,RTGS,58,True
8401,INV-09620,CUS-0064,2022-05-15,6133.47,RTGS,26,True
8402,INV-09622,CUS-0237,2022-09-07,538.69,ONLINE,44,True
8403,INV-09623,CUS-0091,2022-12-20,1000.15,CHEQUE,36,False
8404,INV-09624,CUS-0168,2022-09-09,5360.06,RTGS,55,True
8405,INV-09625,CUS-0354,2023-03-28,2893.13,NEFT,56,False
8406,INV-09626,CUS-0337,2023-11-18,34630.07,NEFT,55,True
8407,INV-09627,CUS-0238,2022-09-25,175.64,ONLINE,45,True
8408,INV-09629,CUS-0021,2023-12-15,1697.62,ONLINE,30,True
8409,INV-09631,CUS-0348,2023-10-27,2062.34,CHEQUE,29,True
8410,INV-09632,CUS-0129,2023-02-08,45153.43,NEFT,25,True
8411,INV-09633,CUS-0351,2023-04-13,6400.52,ONLINE,60,True
8412,INV-09634,CUS-0059,2023-09-27,3121.84,ONLINE,42,False
8413,INV-09635,CUS-0041,2023-12-22,6273.44,CHEQUE,26,True
8414,INV-09636,CUS-0059,2022-11-27,712.39,NEFT,25,True
8415,INV-09637,CUS-0449,2022-05-29,3009.98,NEFT,28,True
8416,INV-09638,CUS-0124,2022-12-25,3549.72,RTGS,42,True
8417,INV-09639,CUS-0468,2023-10-02,9341.95,ONLINE,25,True
8418,INV-09640,CUS-0277,2023-09-05,4102.54,RTGS,59,True
8419,INV-09641,CUS-0468,2022-08-09,39304.46,RTGS,25,True
8420,INV-09642,CUS-0386,2022-08-01,265.22,ONLINE,88,False
8421,INV-09643,CUS-0074,2022-08-08,25510.84,CHEQUE,25,True
8422,INV-09644,CUS-0246,2022-05-30,12570.04,CHEQUE,25,True
8423,INV-09645,CUS-0182,2024-04-29,3325.95,CHEQUE,56,True
8424,INV-09646,CUS-0224,2022-09-15,5228.56,RTGS,29,True
8425,INV-09647,CUS-0416,2022-08-31,443.12,ONLINE,30,True
8426,INV-09648,CUS-0131,2024-01-10,329.66,NEFT,40,False
8427,INV-09649,CUS-0148,2023-03-07,7294.61,CHEQUE,58,True
8428,INV-09650,CUS-0404,2024-05-11,3431.1,CHEQUE,72,False
8429,INV-09651,CUS-0010,2023-07-24,12657.53,CHEQUE,26,True
8430,INV-09652,CUS-0106,2023-10-24,263.6,CHEQUE,56,True
8431,INV-09653,CUS-0009,2024-01-01,3903.9,RTGS,26,True
8432,INV-09655,CUS-0218,2024-04-10,717.53,RTGS,58,True
8433,INV-09656,CUS-0022,2022-10-11,3479.97,ONLINE,60,True
8434,INV-09657,CUS-0001,2024-01-19,3457.97,CHEQUE,57,True
8435,INV-09658,CUS-0338,2023-03-20,9411.15,ONLINE,56,True
8436,INV-09659,CUS-0200,2023-07-18,1425.97,RTGS,48,False
8437,INV-09662,CUS-0029,2023-07-10,5134.5,RTGS,69,False
8438,INV-09663,CUS-0374,2023-07-19,1093.25,CHEQUE,55,True
8439,INV-09665,CUS-0428,2023-03-05,16767.84,NEFT,42,True
8440,INV-09666,CUS-0331,2024-01-14,2675.16,CHEQUE,58,True
8441,INV-09667,CUS-0085,2024-01-05,6397.16,RTGS,57,True
8442,INV-09669,CUS-0188,2023-10-09,4743.63,RTGS,49,False
8443,INV-09670,CUS-0141,2023-12-22,9614.34,CHEQUE,59,True
8444,INV-09671,CUS-0372,2023-07-15,8823.18,CHEQUE,25,True
8445,INV-09672,CUS-0269,2022-11-05,692.11,RTGS,42,True
8446,INV-09673,CUS-0447,2022-07-26,27223.54,ONLINE,41,True
8447,INV-09676,CUS-0353,2022-06-30,19356.46,CHEQUE,52,False
8448,INV-09677,CUS-0279,2022-10-02,2214.57,ONLINE,43,True
8449,INV-09678,CUS-0188,2022-07-08,377.06,CHEQUE,42,True
8450,INV-09679,CUS-0062,2023-10-05,1643.03,NEFT,44,True
8451,INV-09680,CUS-0218,2023-01-15,20514.8,ONLINE,61,False
8452,INV-09681,CUS-0333,2022-12-23,4961.82,CHEQUE,59,True
8453,INV-09682,CUS-0440,2022-10-28,5964.6,RTGS,29,True
8454,INV-09683,CUS-0227,2024-02-17,1134.33,NEFT,26,True
8455,INV-09684,CUS-0121,2022-06-16,26301.35,CHEQUE,42,True
8456,INV-09686,CUS-0265,2022-09-06,12759.28,RTGS,42,True
8457,INV-09687,CUS-0231,2023-01-12,9743.2,ONLINE,30,True
8458,INV-09688,CUS-0057,2022-10-26,6593.56,NEFT,25,True
8459,INV-09689,CUS-0423,2024-03-12,1360.44,NEFT,40,True
8460,INV-09690,CUS-0069,2022-12-01,2752.19,ONLINE,55,True
8461,INV-09691,CUS-0362,2024-04-27,2469.98,CHEQUE,29,True
8462,INV-09692,CUS-0062,2023-09-08,162.85,CHEQUE,50,False
8463,INV-09693,CUS-0172,2023-11-04,5193.87,RTGS,44,True
8464,INV-09694,CUS-0341,2022-07-12,2150.71,CHEQUE,26,True
8465,INV-09695,CUS-0134,2022-07-28,539.05,CHEQUE,55,True
8466,INV-09696,CUS-0039,2024-01-27,5445.92,ONLINE,52,False
8467,INV-09697,CUS-0220,2024-01-28,70521.55,ONLINE,28,True
8468,INV-09698,CUS-0094,2024-05-25,2888.61,CHEQUE,64,False
8469,INV-09700,CUS-0095,2022-12-11,2886.19,RTGS,29,True
8470,INV-09701,CUS-0160,2023-03-10,5234.01,ONLINE,44,True
8471,INV-09702,CUS-0030,2023-09-04,35136.08,NEFT,45,False
8472,INV-09703,CUS-0396,2023-10-09,9180.95,NEFT,45,True
8473,INV-09704,CUS-0443,2024-03-15,248.79,NEFT,42,True
8474,INV-09706,CUS-0493,2024-01-08,2482.01,NEFT,28,True
8475,INV-09708,CUS-0197,2024-04-05,32317.06,ONLINE,25,True
8476,INV-09709,CUS-0459,2022-12-11,992.23,NEFT,28,True
8477,INV-09710,CUS-0213,2022-06-01,186.66,CHEQUE,58,True
8478,INV-09711,CUS-0363,2022-12-31,2213.12,CHEQUE,43,True
8479,INV-09712,CUS-0401,2023-03-26,14750.52,NEFT,44,True
8480,INV-09713,CUS-0279,2022-10-03,11589.39,ONLINE,45,True
8481,INV-09714,CUS-0176,2024-01-23,1493.68,RTGS,40,True
8482,INV-09715,CUS-0005,2022-07-09,887.26,NEFT,56,True
8483,INV-09716,CUS-0457,2024-04-16,1870.19,ONLINE,56,True
8484,INV-09717,CUS-0050,2023-05-20,3708.69,CHEQUE,50,False
8485,INV-09718,CUS-0185,2023-06-25,964.13,CHEQUE,56,True
8486,INV-09719,CUS-0206,2023-03-04,3917.65,NEFT,40,True
8487,INV-09721,CUS-0449,2023-06-25,4454.37,CHEQUE,29,True
8488,INV-09722,CUS-0184,2022-08-31,16178.13,RTGS,48,False
8489,INV-09723,CUS-0433,2024-04-17,551.38,CHEQUE,30,True
8490,INV-09724,CUS-0108,2023-12-14,8142.19,RTGS,48,False
8491,INV-09725,CUS-0043,2023-01-24,27677.49,RTGS,30,True
8492,INV-09726,CUS-0280,2024-01-10,2330.66,ONLINE,58,True
8493,INV-09727,CUS-0217,2023-02-01,2019.76,ONLINE,58,True
8494,INV-09728,CUS-0107,2024-04-07,1789.11,RTGS,43,True
8495,INV-09729,CUS-0453,2022-08-01,2865.47,ONLINE,27,True
8496,INV-09730,CUS-0090,2023-01-07,9889.87,ONLINE,45,True
8497,INV-09731,CUS-0482,2023-08-07,3204.82,ONLINE,58,True
8498,INV-09732,CUS-0239,2024-02-03,52665.46,NEFT,45,True
8499,INV-09733,CUS-0127,2022-09-22,5101.33,RTGS,43,True
8500,INV-09734,CUS-0429,2023-12-29,6757.25,ONLINE,30,True
8501,INV-09735,CUS-0084,2023-09-14,878.69,ONLINE,56,True
8502,INV-09736,CUS-0212,2024-03-16,4754.91,CHEQUE,55,True
8503,INV-09737,CUS-0303,2022-07-27,3200.36,ONLINE,39,False
8504,INV-09738,CUS-0445,2023-10-26,6388.97,RTGS,41,True
8505,INV-09741,CUS-0285,2023-04-27,1000.82,RTGS,45,True
8506,INV-09742,CUS-0036,2023-10-13,3969.14,NEFT,25,True
8507,INV-09743,CUS-0324,2022-09-29,3831.22,ONLINE,40,True
8508,INV-09744,CUS-0107,2022-06-12,1539.37,CHEQUE,42,True
8509,INV-09745,CUS-0086,2023-08-25,1448.1,CHEQUE,57,True
8510,INV-09746,CUS-0453,2022-09-29,862.47,CHEQUE,28,True
8511,INV-09748,CUS-0411,2023-07-08,869.46,ONLINE,72,False
8512,INV-09749,CUS-0462,2024-01-15,1262.31,NEFT,58,True
8513,INV-09752,CUS-0358,2024-02-25,11244.55,CHEQUE,61,False
8514,INV-09754,CUS-0107,2024-01-11,572.76,RTGS,42,True
8515,INV-09756,CUS-0102,2023-07-21,3302.83,CHEQUE,58,True
8516,INV-09757,CUS-0062,2024-04-24,484.58,NEFT,41,True
8517,INV-09759,CUS-0108,2023-06-06,2565.07,ONLINE,40,True
8518,INV-09760,CUS-0203,2023-08-17,296.22,CHEQUE,57,True
8519,INV-09761,CUS-0029,2023-04-20,1103.99,CHEQUE,41,True
8520,INV-09762,CUS-0342,2023-06-07,758.57,ONLINE,56,True
8521,INV-09763,CUS-0312,2022-07-08,10564.81,CHEQUE,42,True
8522,INV-09764,CUS-0445,2023-08-08,64870.42,ONLINE,48,False
8523,INV-09765,CUS-0020,2024-01-18,1539.52,RTGS,56,True
8524,INV-09766,CUS-0083,2023-05-31,32603.62,NEFT,51,False
8525,INV-09767,CUS-0407,2023-03-28,1365.27,ONLINE,55,True
8526,INV-09768,CUS-0060,2023-02-24,8263.53,CHEQUE,27,True
8527,INV-09769,CUS-0400,2023-03-11,9575.9,ONLINE,45,True
8528,INV-09771,CUS-0327,2023-05-11,18962.9,CHEQUE,30,True
8529,INV-09772,CUS-0149,2023-10-16,16145.82,ONLINE,43,True
8530,INV-09775,CUS-0134,2023-09-06,678.79,ONLINE,56,True
8531,INV-09776,CUS-0175,2023-07-29,50975.95,NEFT,59,True
8532,INV-09777,CUS-0177,2023-10-16,5801.82,NEFT,40,True
8533,INV-09778,CUS-0212,2024-02-07,4170.46,ONLINE,58,True
8534,INV-09779,CUS-0336,2023-03-08,1011.25,ONLINE,44,True
8535,INV-09780,CUS-0224,2023-12-04,2091.97,CHEQUE,30,True
8536,INV-09781,CUS-0175,2023-12-12,34950.96,RTGS,57,True
8537,INV-09783,CUS-0460,2023-11-11,12589.3,CHEQUE,40,True
8538,INV-09784,CUS-0284,2022-05-31,1542.03,NEFT,45,True
8539,INV-09785,CUS-0390,2023-04-15,511.7,NEFT,28,True
8540,INV-09787,CUS-0147,2024-03-22,184.47,RTGS,55,True
8541,INV-09788,CUS-0370,2023-04-24,10854.36,ONLINE,43,True
8542,INV-09789,CUS-0071,2023-06-05,40177.68,CHEQUE,52,False
8543,INV-09790,CUS-0039,2024-02-01,2541.14,CHEQUE,44,True
8544,INV-09791,CUS-0057,2023-03-23,705.59,ONLINE,45,False
8545,INV-09792,CUS-0050,2024-05-05,6937.54,CHEQUE,45,True
8546,INV-09793,CUS-0481,2023-03-14,3619.98,NEFT,40,True
8547,INV-09795,CUS-0410,2023-03-28,18788.19,NEFT,44,True
8548,INV-09796,CUS-0418,2022-09-18,1460.5,ONLINE,55,False
8549,INV-09797,CUS-0470,2024-01-20,4700.94,RTGS,57,True
8550,INV-09798,CUS-0360,2023-11-29,6910.84,ONLINE,40,True
8551,INV-09800,CUS-0174,2023-12-13,16747.14,ONLINE,57,True
8552,INV-09801,CUS-0251,2022-11-03,769.15,ONLINE,58,True
8553,INV-09802,CUS-0493,2023-08-26,285.28,RTGS,25,True
8554,INV-09803,CUS-0181,2022-05-17,3353.34,ONLINE,44,True
8555,INV-09804,CUS-0042,2023-11-07,17181.01,RTGS,55,True
8556,INV-09805,CUS-0029,2023-02-27,3902.31,ONLINE,41,True
8557,INV-09806,CUS-0184,2023-04-30,20405.01,ONLINE,40,True
8558,INV-09808,CUS-0122,2022-10-16,3982.16,CHEQUE,42,True
8559,INV-09809,CUS-0220,2022-12-29,8414.27,NEFT,27,True
8560,INV-09810,CUS-0452,2023-07-03,6094.15,NEFT,31,False
8561,INV-09811,CUS-0274,2023-09-17,41211.02,CHEQUE,58,True
8562,INV-09812,CUS-0129,2023-03-21,106378.67,ONLINE,30,True
8563,INV-09813,CUS-0177,2022-07-06,5663.34,NEFT,41,True
8564,INV-09814,CUS-0211,2023-08-29,5185.23,ONLINE,56,True
8565,INV-09815,CUS-0251,2022-06-09,756.13,RTGS,57,True
8566,INV-09816,CUS-0348,2023-07-13,1214.51,CHEQUE,28,True
8567,INV-09817,CUS-0327,2023-07-27,35778.42,RTGS,25,True
8568,INV-09818,CUS-0372,2023-08-26,8756.18,CHEQUE,29,True
8569,INV-09819,CUS-0287,2023-01-20,21806.16,RTGS,56,True
8570,INV-09820,CUS-0437,2022-10-19,52202.8,NEFT,58,True
8571,INV-09821,CUS-0014,2023-01-16,32595.24,ONLINE,59,True
8572,INV-09822,CUS-0355,2023-03-22,5582.93,CHEQUE,29,True
8573,INV-09823,CUS-0211,2024-01-05,23724.81,RTGS,58,True
8574,INV-09824,CUS-0454,2022-08-08,12784.73,ONLINE,41,True
8575,INV-09825,CUS-0040,2023-04-15,18240.27,ONLINE,40,True
8576,INV-09826,CUS-0050,2023-08-15,11556.38,ONLINE,44,True
8577,INV-09828,CUS-0039,2024-01-12,6383.09,NEFT,40,True
8578,INV-09829,CUS-0480,2022-08-25,2838.55,ONLINE,25,True
8579,INV-09830,CUS-0420,2024-03-12,1171.46,RTGS,40,True
8580,INV-09831,CUS-0128,2023-12-26,2178.81,ONLINE,55,True
8581,INV-09832,CUS-0233,2023-04-10,6497.4,CHEQUE,29,True
8582,INV-09833,CUS-0109,2022-12-17,3444.33,NEFT,75,False
8583,INV-09834,CUS-0482,2023-06-14,5178.08,RTGS,73,False
8584,INV-09835,CUS-0142,2022-09-22,38020.26,ONLINE,30,True
8585,INV-09836,CUS-0252,2022-07-11,2500.14,RTGS,46,False
8586,INV-09837,CUS-0157,2022-06-15,6200.12,CHEQUE,26,True
8587,INV-09838,CUS-0349,2023-04-18,2339.02,RTGS,50,False
8588,INV-09840,CUS-0336,2024-01-06,5109.02,ONLINE,72,False
8589,INV-09841,CUS-0086,2023-06-18,1021.59,ONLINE,55,True
8590,INV-09842,CUS-0374,2022-09-18,63824.81,ONLINE,60,True
8591,INV-09843,CUS-0016,2023-06-07,2595.57,ONLINE,55,True
8592,INV-09844,CUS-0485,2023-11-14,23657.51,NEFT,68,False
8593,INV-09846,CUS-0387,2023-04-30,7714.71,RTGS,45,False
8594,INV-09847,CUS-0430,2023-12-14,2321.88,CHEQUE,58,True
8595,INV-09848,CUS-0131,2023-11-12,6113.26,RTGS,27,True
8596,INV-09849,CUS-0251,2022-06-12,3375.13,RTGS,60,True
8597,INV-09850,CUS-0029,2023-07-15,2062.96,RTGS,41,True
8598,INV-09851,CUS-0059,2023-10-04,15389.74,ONLINE,30,True
8599,INV-09852,CUS-0473,2022-05-17,1622.96,CHEQUE,33,False
8600,INV-09853,CUS-0454,2024-05-13,34354.26,RTGS,44,True
8601,INV-09854,CUS-0393,2024-03-27,785.75,ONLINE,42,True
8602,INV-09855,CUS-0351,2023-11-05,931.03,NEFT,57,True
8603,INV-09856,CUS-0130,2023-12-21,784.89,CHEQUE,56,True
8604,INV-09857,CUS-0049,2022-12-31,1129.04,ONLINE,73,False
8605,INV-09858,CUS-0418,2023-05-20,4087.44,CHEQUE,25,True
8606,INV-09859,CUS-0442,2024-02-18,717.85,CHEQUE,75,False
8607,INV-09860,CUS-0079,2023-08-03,7376.43,CHEQUE,40,False
8608,INV-09861,CUS-0001,2023-09-29,6945.67,RTGS,76,False
8609,INV-09862,CUS-0215,2024-01-31,11015.18,CHEQUE,28,True
8610,INV-09863,CUS-0318,2024-01-10,31192.32,ONLINE,57,True
8611,INV-09864,CUS-0272,2022-07-12,282.29,RTGS,41,True
8612,INV-09865,CUS-0498,2023-01-15,1460.63,ONLINE,59,True
8613,INV-09867,CUS-0466,2023-05-26,17723.64,ONLINE,60,True
8614,INV-09868,CUS-0356,2023-09-08,1319.17,ONLINE,42,True
8615,INV-09869,CUS-0022,2023-03-09,15241.76,RTGS,56,True
8616,INV-09871,CUS-0138,2022-09-16,10108.33,NEFT,44,True
8617,INV-09872,CUS-0480,2023-04-05,5356.65,NEFT,47,False
8618,INV-09873,CUS-0381,2022-09-02,5431.99,ONLINE,30,True
8619,INV-09874,CUS-0444,2022-08-12,431.45,CHEQUE,85,False
8620,INV-09875,CUS-0044,2023-06-15,836.25,RTGS,28,True
8621,INV-09876,CUS-0024,2024-03-28,456.72,ONLINE,54,False
8622,INV-09877,CUS-0105,2023-04-03,4140.54,NEFT,44,True
8623,INV-09878,CUS-0303,2022-07-17,9806.42,NEFT,48,False
8624,INV-09879,CUS-0132,2023-07-12,999.97,ONLINE,41,True
8625,INV-09880,CUS-0377,2023-07-28,4987.78,NEFT,50,False
8626,INV-09881,CUS-0213,2022-06-23,6200.39,CHEQUE,60,True
8627,INV-09882,CUS-0451,2024-03-31,18917.31,CHEQUE,47,False
8628,INV-09883,CUS-0353,2023-12-18,40775.84,NEFT,25,True
8629,INV-09884,CUS-0404,2024-05-24,985.61,NEFT,57,True
8630,INV-09886,CUS-0278,2023-08-21,1872.02,ONLINE,68,False
8631,INV-09888,CUS-0285,2023-10-27,631.38,CHEQUE,44,True
8632,INV-09889,CUS-0314,2023-07-27,1880.15,RTGS,57,True
8633,INV-09890,CUS-0089,2023-10-17,42526.38,NEFT,55,True
8634,INV-09891,CUS-0042,2024-04-23,26185.36,CHEQUE,60,True
8635,INV-09892,CUS-0265,2023-12-15,14895.38,NEFT,45,True
8636,INV-09893,CUS-0465,2022-06-13,681.71,CHEQUE,57,True
8637,INV-09894,CUS-0403,2023-03-27,3207.97,CHEQUE,41,True
8638,INV-09895,CUS-0352,2023-04-28,3727.01,CHEQUE,78,False
8639,INV-09897,CUS-0237,2023-09-26,485.47,RTGS,43,True
8640,INV-09898,CUS-0104,2024-03-21,2674.36,CHEQUE,81,False
8641,INV-09899,CUS-0372,2023-01-26,1215.02,CHEQUE,28,True
8642,INV-09900,CUS-0447,2023-09-02,2888.32,NEFT,44,True
8643,INV-09901,CUS-0349,2023-10-15,878.99,CHEQUE,27,True
8644,INV-09902,CUS-0115,2022-08-04,11487.04,NEFT,88,False
8645,INV-09904,CUS-0439,2023-03-17,1219.86,ONLINE,42,True
8646,INV-09905,CUS-0247,2023-06-26,17776.05,NEFT,28,True
8647,INV-09907,CUS-0449,2024-02-03,1353.35,RTGS,27,True
8648,INV-09909,CUS-0368,2022-05-28,1125.12,RTGS,55,False
8649,INV-09910,CUS-0452,2023-04-07,2600.96,CHEQUE,26,True
8650,INV-09912,CUS-0486,2022-12-21,1884.07,ONLINE,46,False
8651,INV-09913,CUS-0239,2024-03-22,30675.38,CHEQUE,54,False
8652,INV-09914,CUS-0275,2023-04-05,56674.81,NEFT,40,True
8653,INV-09915,CUS-0332,2024-01-10,920.23,ONLINE,55,True
8654,INV-09916,CUS-0357,2022-08-26,12713.05,ONLINE,55,False
8655,INV-09917,CUS-0480,2023-12-07,8188.4,RTGS,25,True
8656,INV-09918,CUS-0055,2024-05-09,4810.84,CHEQUE,41,True
8657,INV-09919,CUS-0221,2022-06-20,3178.55,NEFT,59,True
8658,INV-09920,CUS-0311,2022-11-07,20246.22,RTGS,57,True
8659,INV-09921,CUS-0141,2023-02-24,7328.56,ONLINE,58,True
8660,INV-09922,CUS-0386,2022-11-25,2007.38,NEFT,56,True
8661,INV-09923,CUS-0450,2023-02-21,61598.04,NEFT,58,True
8662,INV-09924,CUS-0039,2022-10-30,245.97,NEFT,41,True
8663,INV-09925,CUS-0198,2024-05-03,5328.12,CHEQUE,58,True
8664,INV-09926,CUS-0154,2023-08-08,487.32,NEFT,55,True
8665,INV-09927,CUS-0315,2023-12-21,763.57,CHEQUE,60,True
8666,INV-09928,CUS-0428,2023-03-23,1049.22,NEFT,40,True
8667,INV-09929,CUS-0240,2023-01-22,12065.19,CHEQUE,55,True
8668,INV-09930,CUS-0157,2022-11-03,899.81,NEFT,30,True
8669,INV-09931,CUS-0160,2022-10-31,1441.97,CHEQUE,45,True
8670,INV-09932,CUS-0430,2023-11-30,2202.94,ONLINE,59,True
8671,INV-09933,CUS-0083,2023-10-05,3081.05,CHEQUE,28,True
8672,INV-09934,CUS-0002,2022-07-19,2484.64,ONLINE,40,True
8673,INV-09935,CUS-0443,2022-12-25,2543.78,CHEQUE,61,False
8674,INV-09936,CUS-0136,2022-12-15,32404.35,RTGS,43,True
8675,INV-09937,CUS-0450,2023-06-28,16377.89,ONLINE,59,True
8676,INV-09938,CUS-0148,2024-05-08,10542.18,CHEQUE,57,True
8677,INV-09940,CUS-0331,2022-08-31,6791.0,RTGS,59,True
8678,INV-09941,CUS-0348,2022-12-14,622.3,RTGS,26,True
8679,INV-09942,CUS-0142,2022-06-19,6720.47,RTGS,25,True
8680,INV-09943,CUS-0450,2023-03-29,3803.48,NEFT,59,True
8681,INV-09944,CUS-0368,2023-01-20,2618.12,ONLINE,42,True
8682,INV-09945,CUS-0234,2023-07-17,5530.36,CHEQUE,27,True
8683,INV-09946,CUS-0214,2022-06-22,300.93,RTGS,26,True
8684,INV-09947,CUS-0411,2024-01-07,1543.91,ONLINE,53,False
8685,INV-09948,CUS-0461,2023-05-30,5777.09,RTGS,55,True
8686,INV-09949,CUS-0116,2022-05-04,1043.41,RTGS,26,True
8687,INV-09950,CUS-0137,2022-11-18,5447.36,CHEQUE,55,True
8688,INV-09951,CUS-0236,2022-09-11,14181.42,CHEQUE,57,True
8689,INV-09952,CUS-0096,2022-04-28,30573.66,RTGS,27,True
8690,INV-09953,CUS-0488,2023-05-23,3112.53,CHEQUE,57,True
8691,INV-09954,CUS-0430,2024-04-14,12367.71,ONLINE,57,True
8692,INV-09955,CUS-0161,2022-08-14,26506.84,RTGS,59,True
8693,INV-09956,CUS-0194,2023-09-12,15215.19,CHEQUE,30,True
8694,INV-09957,CUS-0231,2023-09-08,406.26,NEFT,30,True
8695,INV-09958,CUS-0335,2023-02-09,31832.38,CHEQUE,59,True
8696,INV-09959,CUS-0147,2023-11-10,7089.03,NEFT,60,True
8697,INV-09960,CUS-0341,2024-04-22,7568.65,NEFT,30,True
8698,INV-09961,CUS-0459,2022-06-14,5797.77,ONLINE,28,True
8699,INV-09962,CUS-0129,2024-01-27,13719.6,NEFT,28,True
8700,INV-09963,CUS-0101,2023-02-03,546.55,ONLINE,27,True
8701,INV-09965,CUS-0353,2023-02-15,6264.24,ONLINE,28,True
8702,INV-09966,CUS-0062,2024-05-09,145.1,NEFT,42,True
8703,INV-09967,CUS-0413,2023-06-15,4541.5,NEFT,45,True
8704,INV-09968,CUS-0098,2023-03-23,626.49,NEFT,26,True
8705,INV-09969,CUS-0308,2024-02-10,17866.89,NEFT,41,True
8706,INV-09970,CUS-0146,2023-07-10,5391.12,CHEQUE,43,True
8707,INV-09971,CUS-0330,2024-03-31,36246.03,CHEQUE,64,False
8708,INV-09972,CUS-0301,2023-05-03,50989.73,ONLINE,44,True
8709,INV-09973,CUS-0146,2022-12-28,21183.62,ONLINE,42,True
8710,INV-09974,CUS-0147,2023-05-22,1118.98,RTGS,56,True
8711,INV-09975,CUS-0380,2023-03-02,2225.59,CHEQUE,62,False
8712,INV-09976,CUS-0500,2022-07-16,5845.61,RTGS,58,False
8713,INV-09977,CUS-0295,2022-06-09,50306.01,NEFT,45,True
8714,INV-09978,CUS-0235,2024-03-29,1653.35,CHEQUE,69,False
8715,INV-09979,CUS-0482,2024-04-26,5294.88,ONLINE,59,True
8716,INV-09980,CUS-0450,2024-02-03,16036.31,NEFT,58,True
8717,INV-09981,CUS-0486,2023-01-22,982.13,RTGS,41,True
8718,INV-09982,CUS-0408,2023-05-18,14786.29,RTGS,44,True
8719,INV-09984,CUS-0089,2023-04-08,13877.56,CHEQUE,57,True
8720,INV-09985,CUS-0395,2023-01-12,1873.89,NEFT,44,True
8721,INV-09986,CUS-0201,2023-08-05,4578.77,RTGS,45,True
8722,INV-09987,CUS-0168,2024-04-20,9054.95,ONLINE,58,True
8723,INV-09988,CUS-0450,2024-04-30,15162.67,RTGS,55,True
8724,INV-09989,CUS-0339,2022-06-08,38887.65,RTGS,43,True
8725,INV-09990,CUS-0288,2023-07-11,1005.95,CHEQUE,58,True
8726,INV-09992,CUS-0109,2023-10-03,7033.74,NEFT,81,False
8727,INV-09993,CUS-0394,2023-06-28,6486.07,ONLINE,41,True
8728,INV-09994,CUS-0253,2022-12-01,26587.9,CHEQUE,45,True
8729,INV-09995,CUS-0283,2023-01-19,562.97,CHEQUE,29,True
8730,INV-09996,CUS-0306,2023-09-18,5878.7,ONLINE,30,True
8731,INV-09997,CUS-0033,2023-11-18,10325.72,CHEQUE,28,True
8732,INV-09999,CUS-0384,2024-04-25,21603.55,RTGS,42,True
8733,INV-10000,CUS-0037,2022-08-05,886.15,ONLINE,28,True
